<author><surname>ASCHER</surname> <given-names>F</given-names></author>. (<year>2001</year>): <title>Les nouveaux principes de l'urbanisme</title>. <other>La Tour-D'Aigues</other>: <publisher>Editions de l'Aube</publisher>.
<author><surname>BOUTINET</surname> <given-names>J.-P.</given-names></author> (<year>1996</year>): <title>Anthropologie du projet</title>. <other>Paris</other>: <publisher>PUF</publisher> (<other>4e édition</other>).
<editor>DECOUTERE S.</editor>, <editor>RUEGG J.</editor> (éds., <year>1996</year>): <title>Le management territorial, pour une prise encompte des territoires dans la nouvelle gestion publique</title>. <publisher>Presses polytechniques et universitaires romandes</publisher>, <other>Lausanne</other>.
<author><surname>KELLER</surname> <given-names>D</given-names></author>., <author><surname>KOCH</surname> <given-names>M</given-names></author>., <author><surname>SELLE</surname> <given-names>K</given-names></author>. (<year>1996</year>): <title>Planung und Projekte, Ausschnitte eines Werkstattgespräches über den Wandel im Planungsverständnis</title>. Dans: <source>DISP</source> <volume>126</volume>, pp. <fpage>137</fpage>-<lpage>146</lpage>.
<author><surname>KELLER</surname> <given-names>D</given-names></author>., <author><surname>KOCH</surname> <given-names>M</given-names></author>., <author><surname>SELLE</surname> <given-names>K</given-names></author>. (<year>1998</year>): <title>Planung und Projekte, Verständigungsversuche zum Wandel der Planung</title>. <publisher>Dortmunder Vertrieb für Bau- und Planungsliteratur</publisher>, <other>Dortmund</other>.
<editor>OCDE</editor> (<year>2001</year>): <title>Perspectives territoriales de l'OCDE</title>. <publisher>OCDE</publisher>, <other>Paris</other>.
<author><surname>REY</surname> <given-names>M</given-names></author>. (<year>1997</year>): <title>Gestion du processus de changement en matière de développement régional</title>. Dans: <source>DISP</source> <volume>131</volume>, pp. <fpage>14</fpage>-<lpage>21</lpage>.
<author><surname>REY</surname> <given-names> M</given-names></author>. (<year>1998</year>): <title>Innover en aménagement du territoire: propositions et questions à l'intention des aménagistes</title>. <source>DISP</source> <volume>134</volume>, pp. <fpage>24</fpage>-<lpage>30</lpage>.
<author><surname>RUEGG</surname> <given-names>J</given-names></author>., <author><surname>MONTEVENTI WEBER</surname> <given-names>L</given-names></author>, <author><surname>RSFAR</surname> <given-names>D</given-names></author>. (<year>1999</year>): <title>Influences du jeu institutionnel, des savoir-faire professionnels et des représentations démocratiques sur la forme urbaine</title>. <other>Rapport de synthèse, COST C2-OFES, C.E.A.T.</other>, <other>Lausanne</other>.
<author><surname>SÖDERSTRÖM</surname> <given-names>O</given-names></author>., <author><surname>MANZONI</surname> <given-names>B</given-names></author>., <author><surname>OGUEY</surname> <given-names>S</given-names></author>. (<year>2000</year>): <title>Lendemains d'échecs: conduite de projets et  aménagement d'espaces publics à Genève</title>. <editor>Fondation Braillard Architectes</editor>, <other>Genève</other>. 