<author><surname>ALTWEGG</surname>, <given-names>M</given-names></author>., <year>2001</year>: <title>Warum investiert die Wirtschaft auch heute noch in der Schweiz</title>? In: <editor>FLÜCKIGER, H.</editor>; <editor>FREY, R.L.</editor> <year>2001</year>, <source>Eine neue Raumordnungspolitik für neue Räume. Beiträge aus dem Forum für Raumordnung 1999/2001</source>. <publisher>ORL-ETHZ, Zürich; WWZ</publisher>, <other>Basel</other>.
<author><surname>BOESCH</surname>, <given-names>M</given-names></author>., <year>1989</year>: <title>Engagierte Geographie</title>. <publisher>Franz Steiner</publisher>, <other>Stuttgart</other>.
<author><surname>BRUNN</surname>, <given-names>G</given-names></author>., <year>1996</year>: <title>Region und Regionsbildung in Europa: Konzeptionen der Forschung und empirische Befunde</title>. <source>Schriftenreihe des Instituts für Europäische Regionalforschungen</source>. <publisher>Nomos</publisher>, <other>Baden-Baden</other>.
<author><surname>CAMAGNI</surname>, <given-names>R</given-names></author>.; <author><surname>CAPELLO</surname>, <given-names>R</given-names></author>.; <author><surname>NIJKAMP</surname>, <given-names>P</given-names></author> <year>1998</year>: <title>Towards Sustainable City Policy: An Economy-Environment Technology</title>. In: <source>Ecological Economics</source>. Nr. <volume>24</volume>. S. <fpage>103</fpage>-<lpage>118</lpage>.
<author><surname>CREVOISIER</surname>, <given-names>O</given-names></author>.; <author><surname>CORPATAUX</surname>, <given-names>J</given-names></author>.; <author><surname>THIERSTEIN</surname>, <given-names>A</given-names></author>., <year>2001</year>: <title> Intégration monétaire et régions: des gagnants et des perdants</title>. <publisher>L'Harmattan</publisher>, <other>Paris</other>.
<author><surname>DREWE</surname>, <given-names>P</given-names></author>.; <author><surname>JANSSEN</surname>, <given-names>B</given-names></author>., <year>2000</year>: <title>Seaports and Airports in Europe. What port for the future</title>. <editor>Delft University of Technology</editor>, <other>Delft</other>. 
<author><surname>EISENSTADT</surname>, <given-names>S. N.</given-names></author>, <year>2000</year>: <title>Die Vielfalt der Moderne</title>. <other>Erste Auflage</other>. <publisher>Velbrück</publisher>, <other>Weilerswist</other>. 
<editor>EUROPÄISCHE UNION</editor>, <year>1999</year>: <title>EUREK - Europäisches Raumentwicklungskonzept: Auf dem Wege zu einer ausgewogenen und nachhaltigen Entwicklung der Europäischen Union</title>. <publisher>Amt für amtliche Veröffentlichungen der Europäischen Gemeinschaft</publisher>, <other>Luxemburg</other>.
<author><surname>FISCHER</surname>, <given-names>G</given-names></author>.; <author><surname>WILHELM</surname>, <given-names>B</given-names></author>., <year>2001</year>: <title>Die Universität St. Gallen als Wirtschafts- und Standortfaktor. Ergebnisse einer regionalen Inzidenzanalyse</title>. <source>Schriftenreihe des Instituts für öffentliche Dienstleistungen und Tourismus. Beiträge zur Regionalwirtschaft</source>. <publisher>Haupt</publisher>, <other>Bern/Stuttgart/Wien</other>.
<author><surname>FREY</surname>, <given-names>R. L.</given-names></author>, <year>2000</year>: <title>Privatisierung der Infrastruktur und Raumordnungspolitik</title>. In: <source>Geographica Helvetica</source>. Jg. <volume>55</volume>. Nr. <issue>3</issue>. S. <fpage>184</fpage>-<lpage>191</lpage>.
<author><surname>GILLY</surname>, <given-names>J.-P.</given-names></author>; <author><surname>TORRE</surname>, <given-names>A</given-names></author>., <year>2000</year>: <title>Dynamiques de proximité</title>. <publisher>L'Harmattan</publisher>, <other>Paris</other>.
<author><surname>GLANZMANN</surname>, <given-names>J.</given-names></author>; <author><surname>THIERSTEIN</surname>, <given-names>A.</given-names></author>, <year>2002</year>: <title>Zürich West. Nachhaltige Entwicklung auf Quartierebene</title>. <source>Discussion Paper</source> Nr. <volume>02- 2002</volume>. <publisher>ORL-ETHZ</publisher>, <other>Zürich</other>.
<author><surname>GNEST</surname>, <given-names>H</given-names></author>.; <author><surname>ROGGENDORF</surname>, <given-names>W</given-names></author>.; <author><surname>FÜRST</surname>, <given-names>D</given-names></author>., <year>2000</year>: <title>Tendenzen in der raumbezogenen Forschung</title>. In: <source>Raumforschung und Raumordnung</source>. <volume>1/2000</volume>. S. <fpage>63</fpage>-<lpage>69</lpage>.
<author><surname>HORAN</surname>, <given-names>T</given-names></author>., <year>2001</year>: <title>Digital Places: Design Considerations for Integrating Electronic Space with Physical Space</title>. In: <source>DISP</source>. Jg. <volume>37</volume>. Nr. <issue>144</issue>. S. <fpage>12</fpage>-<lpage>19</lpage>.
<author><surname>LENDI</surname>, <given-names>M.</given-names></author>, <year>1998</year>: <title>Politisch, sachlich und ethisch indizierte Raumplanung - am Beispiel der Schweiz</title>. <editor>TU Wien</editor>, <other>Wien</other>.
<author><surname>MAILLAT</surname>, <given-names>D</given-names></author>. <year>1998</year>: <title>Vom «Industrial District» zum innovativen Milieu: Ein Beitrag zur Theorie der lokalisierten Produktionssysteme</title>. In: <source>Geographische Zeitschrift</source>. Jg. <volume>86</volume>. Nr. <issue>1</issue>. S. <fpage>1</fpage>-<lpage>15</lpage>.
<author><surname>NEWMAN</surname>, <given-names>P</given-names></author>.; <author><surname>KENWORTHY</surname>, <given-names>J</given-names></author>., <year>1999</year>: <title>Sustainability and Cities: overcoming automobile dependence</title>. <publisher>Island Press</publisher>, <other>Washington D.C./Covelo</other>. 
<editor>OECD</editor> <year>2001</year>: <title>OECD Territorial Outlook</title>. <publisher>OECD Publications</publisher>, <other>Paris</other>.
<author><surname>OINAS</surname>, <given-names>P</given-names></author>., <year>2000</year>: <title>Distance and Learning: Does Proximity Matter</title>? In: <editor>BOEKEMA, F.</editor>; <editor>MORGAN, K.</editor>; <editor>BARKERS, S.</editor>; <editor>RUTTEN, R.</editor>: <source>Knowledge, Innovation and Economic Growth</source>. <publisher>Edward Elgar</publisher>, <other>Cheltenham</other>. S. <fpage>57</fpage>-<lpage>72</lpage>.
<author><surname>RATTI</surname>, <given-names>R</given-names></author>.; <author><surname>BRAMANTI</surname>, <given-names>A</given-names></author>.; <author><surname>GORDON</surname>, <given-names>R</given-names></author>., <year>1997</year>: <title>The Dynamics of Innovative Regions. The GREMI Approach</title>. <publisher>Ashgate</publisher>, <other>Aldershot</other>.
<author><surname>REUTER</surname>, <given-names>W</given-names></author>. <year>2001</year>: <title>Öffentlich-privates Partnerschaftsprojekt «Stuttgart 21». Konflikte, Krisen, Machtkalküle</title>. In: <source>Disp</source>. Jg. <volume>37</volume>. Nr. <issue>145</issue> (<other>2/2001</other>). S. <fpage>29</fpage>-<lpage>40</lpage>.
<author><surname>SCHEDLER</surname>, <given-names>K</given-names></author>.; <author><surname>PROELLER</surname>, <given-names>I</given-names></author>., <year>2000</year>: <title> New Public Management</title>. <publisher>Haupt</publisher>, <other>Bern/Stuttgart/Wien</other>.
<author><surname>STORPER</surname>, <given-names>M</given-names></author>., <year>1997</year>: <title>The Regional World. Territorial Development in a Global Economy</title>. Nr. <volume>1</volume>. <publisher>Guilford Press</publisher>, <other>New York/London</other>.
<author><surname>TAYLOR</surname>, <given-names>P. J.</given-names></author>, <year>2001</year>: <title>Being Economical with the Geography</title>. In: <source>Research Bulletin</source>. Nr. <volume>39</volume>, <year>2001</year>.
<author><surname>THIERSTEIN</surname>, <given-names>A</given-names></author>., <year>1999</year>: <title>Standortmanagement - Alter Wein in neuen Schläuchen oder wie macht man aus einem Gürtel einen Hosenträger</title>? Nr. <volume>1</volume>, <source>Discussion Paper</source>, <editor>IDT-HSG</editor>, <other>St. Gallen</other>.
<author><surname>THIERSTEIN</surname>, <given-names>A</given-names></author>.; <author><surname>WILHELM</surname>, <given-names>B</given-names></author>.; <author><surname>BEHRENDT</surname>, <given-names>H</given-names></author>. (<year>2002</year>): <title>Gründerzeit. Gründungen von Unternehmen durch Absolventen der Ostschweizer Hochschulen</title>. <source>Schriftenreihe des Institutes für öffentliche Dienstleistungen und Tourismus IDT-HSG</source>. <publisher>Haupt</publisher>, <other>Bern/Stuttgart/Wien</other>.
<author><surname>THIERSTEIN</surname>, <given-names>A</given-names></author>.; <author><surname>ABEGG</surname>, <given-names>C</given-names></author>., <year>2001</year>: <title>Service Public zwischen internationaler Wettbewerbsfähigkeit und regionaler Entwicklung</title>. In: <source>Die Volkswirtschaft</source>. Nr. <volume>2</volume>. S. <fpage>46</fpage>-<lpage>49</lpage>.
<author><surname>THIERSTEIN</surname>, <given-names>A</given-names></author>.; <author><surname>SCHERER</surname>, <given-names>R</given-names></author>., <year>2000</year>: <title>Zwischen Effizienz und Ausgleich. Eine volkswirtschaftliche Sicht auf Stadt und Land am Beispiel der Schweiz</title>. In: <source>Raumforschung und Raumordnung</source>. Nr. <volume>1</volume>. S. <fpage>13</fpage>-<lpage>23</lpage>.
<author><surname>THIERSTEIN</surname>, <given-names>A</given-names></author>.; <author><surname>SCHULER</surname>, <given-names>M</given-names></author>.;<author><surname> WACHTER</surname>, <given-names>D</given-names></author>., <year>2000</year>: <title>Grossregionen. Wunschvorstellung oder Lösungsansatz</title>? <publisher>Haupt</publisher>, <other>Bern/Stuttgart/Wien</other>.
<author><surname>THIERSTEIN</surname>, <given-names>A</given-names></author>.; <author><surname>WALSER</surname>, <given-names>M</given-names></author>., <year>2000</year>: <title>Die nachhaltige Region. Ein Handlungsmodell</title>. <source>Schriftenreihe des Instituts für öffentliche Dienstleistungen und Tourismus. Beiträge zur Regionalwirtschaft</source>. <publisher>Haupt</publisher>, <other>Bern/Stuttgart/ Wien</other>.