<author><surname>ANTILLE GAILLARD</surname>, <given-names>G</given-names></author>., <author><surname>RÜTTER</surname>, <given-names>H</given-names></author>., <author><surname>BERWERT</surname>, <given-names>A</given-names></author>., <author><surname>JANDEAU</surname>, <given-names>S</given-names></author>. (<year>2001</year>): <title>Satellitenkonto Tourismus - Detailkonzept. Studie im Auftrag des BFS und seco</title>. <other>Bern</other>: <publisher>Bundesamt für Statistik und Staatssekretariat für Wirtschaft</publisher>. 
<editor>BFS</editor> (<year>1995</year>): <title>Allgemeine Systematik der Wirtschaftszweige - Teil 2: Erläuterungen</title>. <other>Bern</other>: <publisher>Bundesamt für Statistik</publisher>.
<author><surname>KÄMPF</surname>, <given-names>R</given-names></author>., <author><surname>KÜBLER</surname>, <given-names>T</given-names></author>. (<year>2001</year>): <title>International Benchmark Report für den urbanen Tourismus</title>, <editor>seco Publikation</editor>, <source>Standortförderung</source> Nr. <volume>5</volume>. <other>Basel/Bern</other>: <publisher>Staatssekretariat für Wirtschaft (seco)</publisher>.
<author><surname>KÜPFER</surname>, <given-names>I</given-names></author>., <author><surname>ELSASSER</surname>, <given-names>H</given-names></author>. (<year>2001</year>): <title>Regionale touristische Wertschöpfungsstudien: Fallbeispiel Nationalparktourismus in der Schweiz</title>, in: <editor>Elsasser, H.</editor> <other>et al.</other> (Hrsg.), <source>Tourismus Journal, Zeitschrift für tourismuswirtschaftliche Forschung und Praxis</source>, Band <volume>4/2000</volume>, <publisher>Lucius & Lucius</publisher>, <other>Stuttgart</other>.
<author><surname>MüLLER</surname>, <given-names>H.R.</given-names></author> (<year>2002</year>): <title>Vor-Sicht Tourismus - Reflexionen und Denkanstösse zum Phänomen Tourismus</title>. <source>Berner Studien zu Freizeit und Tourismus</source> Nr. <volume>40</volume>. <other>Bern</other>: <publisher>Forschungsinstitut für Freizeit und Tourismus</publisher>.
<author><surname>MÜLLER</surname>, <given-names>H.R</given-names></author>, <author><surname>FLÜGEL</surname>, <given-names>M.</given-names></author> (<year>1999</year>); <title>Tourismus und Ökologie: Wechselwirkungen und Handlungsfelder</title>. <source>Berner Studien zu Freizeit und Tourismus</source> Nr. <volume>37</volume>. <other>Bern</other>: <publisher>Forschungsinstitut für Freizeit und Tourismus</publisher>.
<author><surname>RÜTTER</surname>, <given-names>H</given-names></author>., <author><surname>BERWERT</surname>, <given-names>A</given-names></author>., <author><surname>RÜTTER-FISCHBACHER</surname>, <given-names>U</given-names></author>., <author><surname>LANDOLT</surname>, <given-names>M</given-names></author>. (<year>2001</year>).: <title>Der Tourismus im Wallis - Wertschöpfungsstudie. Studie im Auftrag des Departements für Volkswirtschaft, Institutionen und Sicherheit</title>. <other>Sion</other>: <publisher>Dienststelle für Tourismus- und Wirtschaftsförderung</publisher>.
<author><surname>RÜTTER</surname>, <given-names>H</given-names></author>, <author><surname>BERWERT</surname> <given-names>A</given-names></author>. (<year>1999</year>): <title> A Regional Approach for Tourism Satellite Accounts and Links to the National Account</title>. <source>Tourism Economics</source> <volume>5</volume> (<issue>4</issue>), <fpage>353</fpage>-<lpage>381</lpage>.
<author><surname>RÜTTER</surname>, <given-names>H</given-names></author>., <author><surname>GUHL</surname>, <given-names>D</given-names></author>., <author><surname>MÜLLER</surname>, <given-names>H</given-names></author>. (<year>1996</year>): <title>Wertschöpfer Tourismus. Ein Leitfaden zur Berechnung der touristischen Gesamtnachfrage, Wertschöpfung und Beschäftigung in 13 pragmatischen Schritten</title>.
<author><surname>RÜTTER</surname>, <given-names>H</given-names></author>., <author><surname>MÜLLER</surname>, <given-names>H</given-names></author>. <other>et al.</other> (<year>1995</year>): <title> Tourismus im Kanton Bern - Wertschöpfungsstudie</title>. <source>Berner Studien zu Freizeit und Tourismus</source> Nr. <volume>34</volume>. <other>Bern</other>: <publisher>Forschungsinstitut für Freizeit und Tourismus</publisher>.
<author><surname>RÜTTER</surname>, <given-names>H</given-names></author>. (<year>1991</year>): <title>Wertschöpfung des Tourismus in der Schweiz</title>. <other>Bern</other>: <editor>Schriftenreihe des BIGA</editor>, <source>Beiträge zur Tourismuspolitik</source>, Nr. <volume>2</volume>.
<author><surname>TSCHURTSCHENTHALER</surname>, <given-names>P</given-names></author>. (<year>1993</year>): <title>Methoden zur Berechnung der Wertschöpfung im Tourismus</title>, in: <editor>Haedrich, G.</editor> <other>et al.</other> (Hrsg.), <source>Tourismus-Management. Tourismus-Marketing und Fremdenverkehrsplanung</source>, <other>Berlin/New York</other> <year>1993</year>, S. <fpage>213</fpage>-<lpage>241</lpage>.
<editor>UN</editor>, <editor>EUROSTAT</editor>, <editor>OECD</editor>, <editor>WTO</editor> (<year>2000</year>): <title>Tourismus Satellite Account (TSA): Methodological References</title>. <other>New York (etc.)</other>: <other>United Nations Statistics Division, World Tourism Organization, Organisation for Economic Cooperation and Development, Statistical Office of the European Communities.</other>
<author><surname>ZEGG</surname>, <given-names>R</given-names></author>., <author><surname>DIETZ</surname>, <given-names>K</given-names></author>. <other>et al.</other> (<year>1998</year>): <title>Wirtschaftsfaktor Ferien- und Zweitwohnungen - Bedeutung von Ferien- und Zweitwohnungen am Beispiel Oberengadins</title>. <other>Chur</other>: <publisher>Grischconsulta</publisher>.
<author><surname>ZEGG</surname>, <given-names>R</given-names></author>., <author><surname>MATTER</surname>, <given-names>H-J.</given-names></author> (<year>1997</year>): <title>Wertschöpfungsstudie Seilbahn- und Skiliftunternehmungen Graubünden</title>. <other>Chur</other>: <publisher>Grischconsulta</publisher>.
<author><surname>ZEGG</surname>, <given-names>R</given-names></author>., <author><surname>RÜTTER</surname> <given-names>H</given-names></author>., <author><surname>RINER</surname>, <given-names>A</given-names></author>. (<year>1993</year>): <title>Die wirtschaftliche Bedeutung des Tourismus in der Region Mittelbünden</title>. <other>Chur</other>: <publisher>Grischconsulta</publisher>. 