<author><surname>ASHEIM</surname>, <given-names>B.T.</given-names></author> (<year>1996</year>): <title>Industrial Districts as «Learning Regions»: a Condition for Prosperty</title>. In: <source>European Planning Studies</source>, Volume <volume>5</volume>, No. <issue>4</issue>, S. <fpage>379</fpage>-<lpage>400</lpage>.
<author><surname>BRATL</surname>, <given-names>H</given-names></author>. (<year>2001</year>): <title>Systemische Entwicklung regionaler Wirtschaften; Überprüfung der Leistungsfähigkeit der neueren Systemtheorie am Beispiel der Industrieregion Obersteiermark. Bericht im Auftrag des Bundeskanzleramtes der Republik Österreich Abt IV/4</title>. <other>Wien</other>: <publisher>invent-GmbH</publisher>.
<author><surname>BUTZIN</surname>, <given-names>B</given-names></author>. (<year>2000</year>): <title>Netzwerke, Kreative Milieus und Lernende Region</title>. In: <source>Zeitschrift für Wirtschaftsgeographie</source>, <volume>44</volume> Jg., Heft <issue>3/4</issue>, S. <fpage>149</fpage>-<lpage>166</lpage>. <other>Bad Soden</other>: <publisher>Buchenverlag</publisher>.
<author><surname>DELAPINA</surname>, <given-names>F</given-names></author>. und <author><surname>SCHAUSBERGER</surname>, <given-names>B</given-names></author>. (<year>2000</year>): <title>Evaluierung des Europäischen Universitätslehrganges für Regionalentwicklung (EUR) des IFF in Gross Siegharts</title>. Auftraggeber: <editor>Bundeskanzleramt - Abteilung IV/4</editor>. <other>Wien</other>: <publisher>Österreichisches Institut für Raumplanung (ÖIR)</publisher>.
<author><surname>FROMHOLD-EISEBITH</surname>, <given-names>M</given-names></author>. (<year>1999</year>): <title>Das «Kreative Milieu» - nur theoretisches Konzept oder Instrument der Regionalentwicklung?</title> In: <source>Raumforschung und Raumordnung</source>, Heft <issue>2/3</issue>, S. <fpage>168</fpage>-<lpage>175</lpage>. <other>Köln</other>: <publisher>Carl Heymanns Verlag</publisher>.
<author><surname>FÜRST</surname>, <given-names>D</given-names></author>. und <author><surname>SCHUBERT</surname>, <given-names>H</given-names></author>. (<year>1998</year>): <title>Regionale Akteursnetzwerke</title>. In: <source>Raumforschung und Raumordnung</source>, Heft <issue>5/6</issue>, S. <fpage>352</fpage>-<lpage>361</lpage>. <other>Köln</other>: <publisher>Carl Heymanns Verlag</publisher>.
<author><surname>HASSINK</surname>, <given-names>R</given-names></author>. (<year>1997</year>): <title>Die Bedeutung der Lernenden Region für die regionale Innovationsförderung</title>. In: <source>Geographische Zeitschrift</source>, Heft <issue>2/3</issue>, S. <fpage>159</fpage>-<lpage>173</lpage>. <other>Stuttgart</other>: <publisher>Franz Steiner Verlag</publisher>.
<author><surname>HEINTEL</surname>, <given-names>M</given-names></author>. (<year>2001</year>): <title>Mainstream-Regionalentwicklung</title>. In: <source>Landnutzung und Landentwicklung</source>, Heft <issue>42</issue>, Volume <volume>5</volume>, S. <fpage>193</fpage>-<lpage>200</lpage>. <other>Berlin</other>: <publisher>Blackwell Wissenschafts-Verlag</publisher>.
<author><surname>HEINTEL</surname>, <given-names>M</given-names></author>. und <author><surname>STROHMEIER</surname>, <given-names>G</given-names></author>. (<year>1998</year>): <title>Europäischer Universitätslehrgang für Regionalentwicklung</title>. In: <source>Raum, Österreichische Zeitschrift für Raumplanung und Regionalpolitik</source>, Hrsg.: <editor>Österreichisches Institut für Raumplanung (ÖIR)</editor>, Nr. <volume>30</volume>, S. <fpage>42</fpage>-<lpage>43</lpage>.
<author><surname>HOLZINGER</surname>, <given-names>E</given-names></author>. und <author><surname>GRÜNBICHLER</surname>, <given-names>C</given-names></author>. (<year>1999</year>): <title>Qualifizierungsmodell Raum und Gesellschaft</title>. <other>Wien</other>: <publisher>ÖIR</publisher>.
<author><surname>KOCH</surname>, <given-names>M</given-names></author>. (<year>1997</year>): <title>Regional Management between Planning and Development, Procedures and Process</title>. In: <source>DISP</source> <volume>131</volume>; Online Version (<url>http://www.orl.arch.ethz.ch/disp/index.html</url>)
<author><surname>KRUKER</surname> <given-names>R</given-names></author>. (<year>1985</year>): <title>Der Regionalsekretär - Gedanken zur Rolle eines Akteurs</title>. In: <source>Raumordnungspolitik im Vollzug: Anspruch und Wirklichkeit</source>. S. <fpage>467</fpage>-<lpage>472</lpage>. <other>Grüsch</other>: <publisher>Rüegger</publisher>.
<author><surname>MAIER</surname>, <given-names>J</given-names></author>. und <author><surname>OBERMAIER</surname>, <given-names>F</given-names></author>. (<year>2000</year>): <title>Regionalmanagement in der Praxis; Erfahrungen aus Deutschland und Europa. Chancen für Bayern</title>. <other>Bayreuth/München</other>: <publisher>Bayerisches Staatsministerium für Landesentwicklung und Umweltfragen</publisher>.
<editor>ÖSTERREICHISCHE RAUMORDNUNGSKONFERENZ</editor> (Hrsg.) (<year>1999</year>): <title>Neunter Raumordnungsbericht</title>. <other>Wien</other>: <publisher>ÖRK</publisher>.
<author><surname>RUFFINI</surname>, <given-names>P</given-names></author>. (<year>1999</year>): <title>Regionalentwicklung als Beruf; Die europäische Sommerschule an der Universität Kassel</title>. In: <source>Arbeitsergebnisse</source>, Heft <issue>45</issue>; S. <fpage>27</fpage>-<lpage>30</lpage>.
<author><surname>SCHEER</surname>, <given-names>G</given-names></author>. (<year>1998</year>): <title>Regionale Akteure vernetzen - Österreichische Erfahrungen. Referat im Rahmen der Jahrestagung der Eco Plus «Networking - Modewort oder erfolgsversprechende Strategie</title>. <other>Krems</other>: <publisher>Manuskript</publisher>.
<author><surname>SCHEER</surname>, <given-names>G</given-names></author>. (<year>1999</year>): <title>Niederösterreich Regionalmanagement 2000plus; Ergebnisse und Empfehlungen. Bericht im Auftrag der Gruppe Raumordnung und Umwelt der Niederösterreichischen Landesregierung</title>. <other>Wien</other>: <publisher>ÖAR</publisher>.
<author><surname>SCHEFF</surname>, <given-names>J</given-names></author>. (<year>1999</year>): <title>Lernende Regionen, Regionale Netzwerke als Antwort auf globale Herausforderungen</title>. <other>Wien</other>: <publisher>Linde</publisher>.
<author><surname>STROHMEIER</surname>, <given-names>G</given-names></author>. (<year>1990</year>): <title>Universitätslehrgang «Regionalentwicklung»; Konzept für eine Vorstudie</title>. <other>St. Pölten</other>: <publisher>IFF</publisher>.
<author><surname>STROHMEIER</surname>, <given-names>G</given-names></author>. und <author><surname>HEINTEL</surname>, <given-names>M</given-names></author>. (<year>1999</year>): <title>Europäischer Universitätslehrgang für Regionalentwicklung (EUR): Rahmenbedingungen, Struktur und Zielsetzungen</title>. In: <source>Raumforschung und Raumordnung</source>. <volume>57</volume>. Jg., Heft <issue>4</issue>, Hrsg.: <editor>Akademie für Raumforschung und Landesplanung und Bundesamt für Bauwesen und Raumordnung</editor>.<other> Hannover/Bonn</other>. <other>Köln</other>: <publisher>Carl Heymanns Verlag</publisher>, S. <fpage>294</fpage>-<lpage>299</lpage>.