<author><surname>COOPER</surname>, <given-names>J</given-names></author>., <author><surname>BROWNE</surname>, <given-names>M</given-names></author>. and <author><surname>PETERS</surname>, <given-names>M</given-names></author>., <year>1994</year>. <title>European Logistics. Markets, Management and Strategy</title>. <other>Second Edition</other>, <other>Oxford</other>: <publisher>Blackwell</publisher>.
<author><surname>COOPER</surname>, <given-names>J</given-names></author>., <author><surname>BLACK</surname>, <given-names>I</given-names></author>. and <author><surname>PETERS</surname>, <given-names>M</given-names></author>., <year>1996</year>. <title>Linking the environmental impact of freight transport to the restructuring of supply chains</title>. <publisher>Cranfield University</publisher>.
<author><surname>DREHER</surname>, <given-names>C</given-names></author>. <other>et al.</other>, <year>1995</year>. <title>Neue Produktionskonzepte in der deutschen Industrie. Bestandesaufnahme, Analyse und wirtschaftspolitische Implikationen</title>. <other>Heidelberg</other>: <publisher>Physica</publisher> (<source>Wirtschaft, Technik, Politik - Schriftenreihe des ISI-FHG</source> <volume>18</volume>).
<author><surname>DREHER</surname> , <given-names>C</given-names></author>. and <author><surname>KÖNIG</surname>, <given-names>R</given-names></author>., <year>1996</year>. <title>Szenarien technisch-organisatorischer Innovationen und ihrer Auswirkungen auf den Güterverkehr. Strukturierung wesentlicher Einflussfaktoren und Projektion alternativer Szenarien</title>. <other>Karlsruhe</other>: <publisher>Fraunhofer Institut für Systemtechnik und Innovationsforschung ISI</publisher>.
<editor>European Conference of Ministers of Transport ECMT</editor> (Eds.), <year>1997</year>. <title>New trends in logistics in Europe</title>. <other>Paris</other>: <publisher>OECD</publisher>, <year>1997</year> (<other>Report of the 104th Round Table on transport economics</other>).
<author><surname>FRIGO-MOSCA</surname>, <given-names>F</given-names></author>., <author><surname>BRÜTSCH</surname>, <given-names>D</given-names></author>., <author><surname>HAFEN</surname>, <given-names>U</given-names></author>. and <author><surname>TETTAMANTI</surname>, <given-names>S</given-names></author>., <year>1996</year>. <title>Logistic Partnership: Supply Chain Management in der Schweizer Industrie</title>. <other>Zürich</other>: <publisher>vdf</publisher>.
<author><surname>HARMSEN</surname>, <given-names>D.M.</given-names></author> <year>1998</year>. <title>Auswirkungen technisch-organisatorischer Innovationen auf den Güterverkehr - Ergebnisse einer empirischen Untersuchung bei der verladenden Industrie</title>. <source>Vortrag an der Traffic98, Internationale Konferenz in Berlin, 5.-6.2.1998</source>.
<author><surname>HAUBOLD</surname>, <given-names>V</given-names></author>., <year>1995</year>. <title>Umstrukturierungsprozesse in der zwischenbetrieblichen Arbeitsteilung der Industrie: Eine theoretische und empirische Analyse unter besonderer Berücksichtigung logistischer Aspekte</title>. <other>Göttingen</other>: <publisher>Vandenhoek und Rupprecht</publisher>.
<author><surname>JÄCKER</surname>, <given-names>A</given-names></author>., <year>1997</year>. <title>Verkehrliche Wirkungen neuer Produktionskonzepte. Eine theoretische und empirische Analyse am Beispiel der deutschen Elektroindustrie</title>. <other>Göttingen</other>: <publisher>Vandenhoek und Rupprecht</publisher>.
<author><surname>KOBLER</surname>, <given-names>R.A.</given-names></author>, <year>1997</year>. <title>Strategie European Distribution Logistics Design</title>. <other>Bamberg</other>, <other>Diss</other>. <year>1997</year> (<other>Dissertation Nr. 2059 der Universität St. Gallen</other>).
<author><surname>NIJKAMP</surname> , <given-names>P</given-names></author>., <year>1990</year>. <title>Spatial Developments in the United States of Europe: Glorious Victories or Great Defeats</title>. <publisher>Free University of Amsterdam: Department of Economics</publisher>.
<author><surname>NIJKAMP</surname>, <given-names>P</given-names></author>., <author><surname>BAGGEN</surname>, <given-names>J</given-names></author>. and <author><surname>VAN DER KNAAP</surname>, <given-names>B</given-names></author>., <year>1996</year>. <title>Spatial Sustainability and the Tyranny of Transport: A causal path scenario analysis</title>. <source>Papers in regional science</source>, <volume>75</volume>: <fpage>501</fpage>-<lpage>524</lpage>.
<author><surname>THIERSTEIN</surname>, <given-names>A</given-names></author>., <author><surname>SCHNELL</surname>, <given-names>K.D.</given-names></author> and <author><surname>SCHWEGLER</surname>, <given-names>U</given-names></author>., <year>1999</year>. <title>Unternehmensstrategien und Güterverkehr. Wirkungen und Zusammenhänge - gezeigt am Beispiel der Region Zug</title>. <source>Nationales Forschungsprogramm 41 Verkehr und Umwelt</source>. Bericht <volume>B3</volume>. <other>Bern</other>: <publisher>EDMZ</publisher>.
<editor>VICKERMAN, R.W.</editor>, (Ed.), <year>1991</year>. <title>Infrastructure and Regional Development</title>. <other>London</other>: <publisher>Pion</publisher> (<source>European Research in Regional Science</source>, Nr. <volume>1</volume>).
<author><surname>WOMACK</surname>, <given-names>James P.</given-names></author>, <author><surname>JONES</surname>, <given-names>Daniel T.</given-names></author> and <author><surname>ROOS</surname>, <given-names>Daniel</given-names></author> (<year>1991</year>): <title>Die zweite Revolution in der Automobilindustrie: Konsequenzen aus der weltweiten Studie aus dem Massachusetts Institute of Technology</title>. <other>Frankfurt/M.</other>: <publisher>Campus</publisher>.
