<author><surname>Boesch</surname> <given-names>H</given-names></author>., <title>Die sinnliche Stadt: Essays zur modernen Urbanistik</title>, <other>Zürich</other> <year>2001</year>
<author><surname>Botta</surname> <given-names>H</given-names></author>., <author><surname>Berdier</surname> <given-names>Ch</given-names></author>., <author><surname>Deleuil</surname> <given-names>J.-M.</given-names></author>, <title>Enjeux de la propreté urbaine</title>, <other>Lausanne</other> <year>2002</year>
<author><surname>Da Cunha</surname> <given-names>A</given-names></author>., <author><surname>Both</surname> <given-names>J.-F.</given-names></author>, <author><surname>Mager</surname> <given-names>Ch</given-names></author>., <title>Evaluation du territoire, développement durable et prospective - les lignes directrices du canton de Vaud</title>, <other>Lausanne</other> <year>2002</year>
<editor>Eidg. Departement für Umwelt, Verkehr, Energie und Kommunikation, Bundesamt für Strassen</editor> (Hrsg.), <title>Parkplatzbewirtschaftung Bei «Publikumsintensiven Einrichtungen»: Auswirkungsanalyse</title>, <other>Bern</other> <year>2002</year>
<author><surname>Fritzsche</surname> <given-names>B</given-names></author>. <other>et al.</other>, <title>Historischer Strukturatlas der Schweiz</title>, <other>Baden</other> <year>2001</year>
<author><surname>Güller</surname> <given-names>P</given-names></author>., <author><surname>Maibach</surname> <given-names>M</given-names></author>., <author><surname>Neuenschwander</surname> <given-names>R</given-names></author>., <title>Sauber... und rasch ans Ziel - Lernpfad zu umweltgerechtem städtischem Verkehr</title>, <other>Bern</other> <year>2002</year>
<author><surname>Güller</surname> <given-names>P</given-names></author>., <author><surname>Maibach</surname> <given-names>M</given-names></author>., <author><surname>Neuenschwander</surname> <given-names>R</given-names></author>., <title>Mieux respirer... et gagner du temps - Guide pour une politique environnementale des transports urbains</title>, <other>Berne</other> <year>2002</year>
<author><surname>Häberli</surname> <given-names>R</given-names></author>. <other>et al.</other>, <title>Vision Lebensqualität: Nachhaltige Entwicklung - ökologisch notwendig, wirtschaftlich klug, gesellschaftlich möglich. Schlussbericht Schwerpunktprogramm Umwelt Schweiz</title>, <other>Zürich</other> <year>2002</year>
<author><surname>Kircher</surname> <given-names>A</given-names></author>., <title>Untersuchungen zum Tier-Fressplatz-Verhältnis bei der Fütterung von Aufzuchtferkeln und Mastschweinen an Rohrbreiautomaten unter dem Aspekt der Tiergerechtheit</title>, <other>Tänikon</other> <year>2001</year>
<author><surname>Koechlin</surname> <given-names>R</given-names></author>., <title>Stadtmarketing in der Schweiz: eine Zwischenbilanz</title>, <other>Zürich</other> <year>2002</year>
<editor>Professur für Landschaftsarchitektur ETH Zürich</editor> (Hrsg.), <title>Dieter Kienast - Die Poetik des Gartens: Über Chaos und Ordnung in der Landschaftsarchitektur</title>, <other>Basel</other> <year>2002</year>
<author><surname>Thalmann</surname> <given-names>Ph</given-names></author>., <author><surname>Favarger</surname> <given-names>Ph</given-names></author>., <title>Locataire ou propriétaire? Enjeux et mythes de l'accession á la Propriété en Suisse</title>, <other>Lausanne</other> <year>2002</year>
<author><surname>Weilacher</surname> <given-names>U</given-names></author>., <title>Visionäre Gärten: Die modernen Landschaften von Ernst Cramer</title>, <other>Basel</other> <year>2001</year>
<author><surname>Abers</surname> <given-names>R. N.</given-names></author>, <title>Inventing Local Democracy: Grassroots Politics in Brazil</title>, <other>Boulder</other> <year>2000</year>
<editor>Akademie für Raumforschung und Landesplanung ARL</editor> (Hrsg.), <title>Deutsch-Österreichisches Handbuch der Planungsbegriffe</title>, <other>Hannover</other> <year>2001</year>
<editor>Akademie für Raumforschung und Landesplanung ARL</editor> (Hrsg.), <title>Zukunftsforum RaumPlanung - gemeinsamer Kongress 2001 von ARL und BBR</title>, <other>Hannover</other> <year>2002</year>
<author><surname>Alisch</surname> <given-names>M</given-names></author>., <title>Soziale Stadtentwicklung - Widersprüche, Kausalitäten und Lösungen</title>, <other>Opladen</other> <year>2002</year>
<editor>Bayerisches Staatsministerium für Landwirtschaft und Forsten</editor> (Hrsg.), <title>Dorferneuerung in Bayern 1981-2001</title>, <other>München</other> <year>2001</year>
<author><surname>Beck-Bornholdt</surname> <given-names>H.-P.</given-names></author>, <author><surname>Dubben</surname> <given-names>H.-H.</given-names></author>, <title>Der Schein der Weisen - Irrtümer und Fehlurteile im täglichen Denken</title>, <other>Hamburg</other> <year>2001</year>
<editor>Borden I.</editor>, <editor>McCreery S.</editor> (Eds.), <title>New Babylonians</title>, <other>London</other> <year>2001</year>
<editor>Bundesamt für Bauwesen und Raumordnung</editor> (Hrsg.), <title>Ausgewählte Aspekte zum Arbeitsmarkt</title>, <other>Bonn</other> <year>2001</year>
<editor>Bundesamt für Bauwesen und Raumordnung</editor> (Hrsg.), <title>Deutsche Einheit - die erste Dekade im Rückblick</title>, <other>Bonn</other> <year>2001</year>
<editor>Bundesministerium für Verkehr, Bau- und Wohnungswesen</editor> (Hrsg.), <title>Baulandbereitstellung: Rechtstatsachenforschung zur Entwicklung, Erschliessung und Finanzierung von Bauland</title>, <other>Berlin</other> <year>2000</year>
<editor>Bundesministerium für Verkehr, Bau- und Wohnungswesen</editor> (Hrsg.), <title>Läuft die Platte leer? Möglichkeiten und Grenzen von Strategien zur Leerstandbekämpfung in Grosssiedlungen</title>, <other>Berlin</other> <year>2001</year>
<author><surname>Bunschoten</surname> <given-names>R</given-names></author>., <author><surname>Hoshino</surname> <given-names>T</given-names></author>., <author><surname>Binet</surname> <given-names>H</given-names></author>., <title>Urban Flotsam: Stirring the City</title>, <other>Rotterdam</other> <year>2001</year>
<editor>Domanski B.</editor> (Ed.), <title>Studies in Local and Regional Development</title>, <other>Cracow</other> <year>2000</year>
<author><surname>Fischer</surname> <given-names>M</given-names></author>., <author><surname>Revilla Diez</surname> <given-names>J</given-names></author>., <author><surname>Snickars</surname> <given-names>F</given-names></author>., <title>Metropolitan Innovation Systems: Theory and Evidence from Three Metropolitan Regions in Europe</title>, <other>Heidelberg</other> <year>2001</year>
<author><surname>Fuchs</surname> <given-names>S</given-names></author>., <author><surname>Keiler</surname> <given-names>M</given-names></author>., <author><surname>Zischg</surname> <given-names>A</given-names></author>., <title>Risikoanalyse Oberes Suldental Vinschgau - Konzepte und Methoden zur Erstellung eines Naturgefahrenhinweis-Informationssystems</title>, <other>Innsbruck</other> <year>2001</year>
<author><surname>Gorsler</surname> <given-names>D</given-names></author>., <title>Informelle räumliche Planung - Stand der aktuellen Forschung und Forschungsbedarf</title>, <other>Hannover</other> <year>2002</year>
<author><surname>Grosse</surname> <given-names>E</given-names></author>., <title>Zur Bedeutung der Neuen Technologiemessen der Neuen Messe München für ausgewählte Hightech-Betriebe in der Region München</title>, <other>Augsburg/Kaiserslautern</other> <year>2002</year>
<editor>Hauger G.</editor> (Hrsg.), <title>Perspektiven der Verkehrssystemplanung - Festschrift für Peter Cerwenka</title>, <other>Wien</other> <year>2002</year> 
<editor>Hazemi R.</editor>, <editor>Hailes S.</editor> (Eds.), <title>The Digital University - Building a Learning Community</title>, <other>London</other> <year>2002</year>
<author><surname>Hechtel</surname> <given-names>D</given-names></author>., <title>Defizite und Verbesserungsmöglichkeiten beim Ensatz städtebaulicher Verträge - Zur Anwendbarkeit «weicher» Methoden</title>, <other>Augsburg</other> <year>1999</year>
<author><surname>Höhl</surname> <given-names>W</given-names></author>., <title>MedienStädte: Stadtplanung und Kommunikationstheorie</title>, <other>Wien</other> <year>2000</year>
<editor>Ibelings H.</editor> (Hrsg.), <title>Die Gebaute Landschaft: Zeitgenössische Architektur, Landschaftsarchitektur und Städtebau in den Niederlanden</title>, <other>München</other> <year>2000</year>
<editor>Innsbrucker Geographische Gesellschaft</editor>(Hrsg.), <title>Innsbrucker Jahresbericht 1999 2000</title> <other>Innsbruck</other> <year>2001</year> 
<editor>Institut für Geographie der Universität Innsbruck</editor> (Hrsg.), <title>Lateinamerika im Umbruch: Geistige Strömungen im Globalisierungsstress</title>, <other>Innsbruck</other> <year>2001</year>
<editor>Institut für Mobilitätsforschung ifmo</editor> (Hrsg.),<title>Freizeitverkehr: Aktuelle und künftige Herausforderungen und Chancen</title>, <other>Berlin</other> <year>2000</year>
<editor>Institute of Geography of the Jagiellonian University Cracow</editor> (Ed.), <title>Geography at the Jagiellonian University 1849-1999</title>, <other>Cracow</other> <year>2000</year>
<author><surname>Kaydon</surname> <given-names>J. S.</given-names></author>, <title>Privately Owned Public Space: The New York City Experience</title>, <other>New York</other> <year>2000</year> 
<author><surname>Keim</surname> <given-names>K.-D.</given-names></author>, <title>Umbau der Städte zwischen Modernisierung und Denkmalschutz - Konfliktlinien der ostdeutschen Städtebaupolitik</title>, <other>Cottbus</other> <year>1997</year>
<editor>Kistenmacher H.</editor> (Hrsg.), <title>Einsatzfelder der Informationstechnologie (IT) in der Regionalplanung - dargestellt am Beispiel der Fortschreibung des regionalen Raumordnungsplans (RROP) Westpfalz</title> <other>Kaiserslautern</other> <year>2001</year>
<author><surname>Kopfmüller</surname> <given-names>M</given-names></author>., <title>Das regionale Landschaftsentwicklungskonzept - ein neuer Ansatz im Bereich der Fachplanung Natur und Landschaft und seine Einsatzmöglichkeiten in der Raumordnung</title>, <other>Augsburg/Kaiserslautern</other> <year>2001</year>
<author><surname>Krätke</surname> <given-names>S</given-names></author>., <author><surname>Borst</surname> <given-names>R</given-names></author>., <title>Berlin: Metropole zwischen Boom und Krise</title>, <other>Opladen</other> <year>2000</year>
<author><surname>Krebs</surname> <given-names>Ph</given-names></author>., <author><surname>Seiss</surname> <given-names>R</given-names></author>., <title>Frei-Räume: Modelle für einen qualitätvollen Wohnbau (Video)</title>, <other>Wien</other> <year>2000</year>
<author><surname>Leipprand</surname> <given-names>E</given-names></author>., <title>Lebensmodell Stadt: Über den verlorenen Zusammenhang von Stadtleben, Stadtgesellschaft und Städtebau</title>, <other>Tübingen/Berlin</other> <year> 2000</year>
<author><surname>Leitz</surname> <given-names>A</given-names></author>., <title>Zur Ausweisung gemeinsamer Zentraler Orte - Chancen, Probleme und denkbare Lösungsansätze anhand ausgewählter Beispiele in Bayern</title>, <other>Augsburg/Kaiserslautern</other> <year>2001</year>
<editor>Mair F.</editor> (Hrsg.), <title>Salzburger Raumordnungsbericht 2001</title>, <other>Salzburg</other> <year>2001</year>
<author><surname>Mertins</surname> <given-names>G</given-names></author>., <author><surname>Nuhn</surname> <given-names>H</given-names></author>., <title>Kubas Weg aus der Krise: Neuorganisation der Produktion von Gütern und Dienstleistungen für den Export</title>, <other>Marburg/Lahn</other> <year>2001</year> 
<editor>Ministerium für Arbeit, Soziales und Stadtentwicklung, Kultur und Sport des Landes Nordrhein-Westfalen</editor> (Hrsg.), <title>Mulitiplex-Kinos in der Stadtentwicklung - Beurteilungskriterien und Handlungsmöglichkeiten: Eine Arbeitshilfe</title>, <other>Düsseldorf</other> <year>1999</year> 
<editor>Ministerium für Arbeit, Soziales und Stadtentwicklung, Kultur und Sport des Landes Nordrhein-Westfalen</editor> (Hrsg.), <title>Stadtplanung als Deal? Urban Entertainment Center und private Stadtplanung: Beispiele aus den USA und Nordrhein-Westfalen</title>, <other>Düsseldorf</other> <year>1999</year> 
<editor>Ministerium für Arbeit, Soziales und Stadtentwicklung, Kultur und Sport des Landes Nordrhein-Westfalen</editor> (Hrsg.), <title>Nachhaltige Stadtentwicklungsprojekte umsetzen: Landesweiter Wettbewerb 1999 in Nordrhein-Westfalen</title>, <other>Düsseldorf</other> <year>1999</year>
<editor>Niedersächsisches Innenministerium</editor> (Hrsg.), <title>Wo wohnt es sich «frauen- und familiengerecht»? Befunde aus der Wohnanlage Hermann-Tempel-Strasse in Oldenburg</title>, <other>Hannover</other> <year>2001</year> 
<editor>Obrebska-Starkel B.</editor> (Ed.), <title>Studies in Physical Geography</title>, <other>Cracow</other> <year>2000</year> 
<author><surname>Raith</surname> <given-names>E</given-names></author>., <title>Stadtmorphologie: Annäherungen, Umsetzungen, Aussichten</title>, <other>Wien</other> <year>2000</year> 
<author><surname>Rennwald</surname> <given-names>E</given-names></author>., <title>Verzeichnis und Rote Liste der Pflanzengesellschaften Deutschlands</title>, <other>Bonn/Bad Godesberg</other> <year>2000</year> 
<author><surname>Rudolph</surname> <given-names>R</given-names></author>., <title>Grosszentren russischer Grossstädte in der Transformation - St. Petersburg und Jekaterinburg</title>, <other>Leipzig</other> <year> 2001</year> 
<author><surname>Säfken</surname> <given-names>A</given-names></author>., <title>Der Event in Regionen und Städtekooperationen - ein neuer Ansatz des Regionalmarketings?</title>, <other>Augsburg</other> <year>1999</year>
<author><surname>Sieverts</surname> <given-names>T.</given-names></author>, <title>Fünfzig Jahre Städtebau - Reflexionen und Praxis</title>, <other>Stuttgart, Leipzig</other> <year>2001</year> 
<author><surname>Spannowsky</surname> <given-names>W</given-names></author>., <author><surname>Mitschang</surname> <given-names>S</given-names></author>., <title>Fach- und Rechtsprobleme der Nachverdichtung und Baulandmobilisierung</title>, <other>Köln</other> <year>2002</year>
<author><surname>Turowski</surname> <given-names>G</given-names></author>., <title>Spatial Planning in Germany: Structures and Concepts</title>, <other>Hannover</other> <year>2002</year> 
<author><surname>Vogt</surname> <given-names>S</given-names></author>., <title>Neue Wege der Stadtplanung in Japan</title>, <other>München</other> <year>2001</year>
<editor>von Urff W.</editor>, <editor>Ahrens H.</editor>, <editor>Neander E.</editor> (Hrsg.), <title>Landbewirtschaftung und nachhaltige Entwicklung ländlicher Räume</title>, <other>Hannover</other> <year>2002</year> 
<author><surname>Ward</surname> <given-names>St.</given-names></author>, <title>Planning the Twentieth-Century City - The Advanced Capitalist World</title>, <other>Chichester</other> <year>2002</year> 
<editor>Wüstenrot Stiftung</editor> (Hrsg.), <title>Umnutzungen im Bestand: Neue Zwecke für alte Gebäude</title>, <other>Stuttgart, Zürich</other> <year>2000</year>
<author><surname>Zhang</surname> <given-names>L</given-names></author>., <title>Strangers in the City: Reconfigurations of Space, Power, and Social Networks within China´s Floating Population</title>, <other>Stanford</other> <year>2001</year>
