<author><surname>Klenner</surname>, <given-names>H</given-names></author>. (<year>2002</year>): <title>Realitäten und Idealitäten des Rechts</title>. In: <editor>Jäggi, V.</editor>; <editor>Mäder, U.</editor>; <editor>Windisch, K.</editor> (<year>2002</year>):<source> Entwicklung, Recht, Sozialer Wandel - Festschrift für Paul Trappe. Social Strategies</source> Vol. <volume>35</volume>. <publisher>Verlag Peter Lang AG</publisher>, <other>Bern</other>, p. <fpage>233</fpage>
<author><surname>De Robilant</surname>, <given-names>E</given-names></author>. (<year>2002</year>): <title>Gestaltung des Rechts in der komplexen Gesellschaft</title>. In: <editor>Jäggi, V.</editor>; <editor>Mäder, U.</editor>; <editor>Windisch, K.</editor> (<year>2002</year>) <other>a.a.O.,</other> p. <fpage>354</fpage> <lpage>f.</lpage> 
<author><surname>Seidler</surname>, <given-names>G.L.</given-names></author> (<year>2002</year>): <title>On the concept of liberty</title>. In: <editor>Jäggi, V</editor>; <editor>Mäder, U.</editor>; <editor>Windisch, K.</editor> (<year>2002</year>) <other>a.a.O.</other>, p. <fpage>304</fpage>
<author><surname>Lendi</surname>, <given-names>M</given-names></author>. (<year>2002</year>): <title>Nachhaltigkeit in der Bürgergesellschaft. Verantwortungsvolles Planen und Entscheiden, Nachhaltigkeit in der Kommunalpolitik</title>. In: <editor>Jäggi, V</editor>; <editor>Mäder, U.</editor>; <editor>Windisch, K.</editor> (<year>2002</year>), <other>a.a.O.</other>, p. <fpage>132</fpage>