<author><surname>ABERS</surname>, <given-names>R</given-names></author>. (<year>2000</year>). <title>Inventing Local Democracy. Grassroots Politics in Brazil</title>, <other>Boulder</other>, <publisher>Lynne Riener Publishers</publisher>.
<author><surname>BAUM</surname>, <given-names>H</given-names></author>. (<year>1998</year>): <title>The Organization of Hope</title>. <other>Albany</other>, <publisher>SUNY Press</publisher>.
<author><surname>CALVINO</surname>, <given-names>I</given-names></author>. (<year>1974</year>): <title>Invisible Cities</title>. <other>New York</other>, <publisher>Harcourt, Brace, Jovanovich</publisher>.
<author><surname>FORESTER</surname>, <given-names>J</given-names></author>. (<year>1999</year>): <title>The Deliberative Practitioner</title>. <other>Cambridge</other>, <publisher>MIT Press</publisher>.
<author><surname>HOLSTON</surname>, <given-names>J.</given-names></author> (<year>1998</year>): "<title>Spaces of Insurgent Citizenship</title>" in <editor>SANDERCOCK, L.</editor> (ed):<source> Making the Invisible Visible</source>. <other>Berkeley</other>, <publisher>University of California Press</publisher>.
<author><surname>IVESON</surname>, <given-names>K</given-names></author>. (<year>2000</year>): "<title>Beyond Designer Diversity</title>," <source>Urban Policy and Research</source>, <volume>18</volume>, <issue>2</issue>: <fpage>219</fpage>-<lpage>238</lpage>.
<author><surname>NEWMAN</surname>, <given-names>P</given-names></author>. and <author><given-names>J</given-names>. <surname>KENWORTHY</surname></author>. (<year>1999</year>): <title>Sustainability and Cities</title>. <other>Washington</other>, <publisher>Island Press</publisher>.
<author><surname>REARDON</surname>, <given-names>K</given-names></author>. (<year>2002</year>): "<title>Ceola"s Vision, Our Blessing: The Story of an Evolving Community/University Partnership in East St. Louis, Illinois</title>" in <editor>ECKSTEIN, B.</editor> and <editor>THROGMORTON, J.</editor> (eds): <source>Making Space for Stories that Sustain: Planning, Storytelling, and the Sustainability of American Cities</source>. <other>Cambridge</other>, <publisher>MIT Press</publisher>.
<author><surname>SANDERCOCK</surname>, <given-names>L</given-names></author>. (<year>1998):</year> <title>Towards Cosmopolis. Planning for Multicultural Cities</title>. <other>London</other>, <publisher>John Wiley and Sons</publisher>.
<author><surname>SANDERCOCK</surname>, <given-names>L</given-names></author>. (<year>2000</year>): "<title>When Strangers Become Neighbours: Managing Cities of Difference</title>," <source>Planning Theory and Practice</source>, <volume>1</volume>, <issue>1</issue>: <fpage>13</fpage>-<lpage>30</lpage>.
<author><surname>SANDERCOCK</surname>, <given-names>L</given-names></author>. (<year>2001</year>): "<title>Difference, Fear and Habitus</title>" in <editor>HILLIER, J.</editor> (ed.),<source> Habitus: A Sense of Place</source>. <other>Aldershot</other>, <publisher>Ashgate</publisher>.
<author><surname>SCOTT</surname>, <given-names>J</given-names></author>. (<year>1998</year>): <title>Seeing Like a State</title>. <other>New Haven</other>, <publisher>Yale University Press</publisher>.
<author><surname>TROWELL</surname>, <given-names>J</given-names></author>. (<year>2000</year>): "<title>The Snowflake in Hell and The Baked Alaska: Improbability, Intimacy and Change in the Public Realm</title>" in <editor>BENNETT, S.</editor> and <editor>BUTLER, J.</editor> (eds): <source>Advances in Art and Urban Futures</source>, vol.<volume>l</volume>, <source>Locality, Regeneration and Divers[c]ities</source>. <other>Bristol</other>, <publisher>Intellect Books</publisher>.
<author><surname>ZUKIN</surname>, <given-names>S</given-names></author>. (<year>1996</year>): <title>The Cultures of Cities</title>. <other>New York</other>, <publisher>Blackwell</publisher>.