<author><surname>Schulze</surname>, <given-names>G</given-names></author>. (<year>1992</year>): <title>Die Erlebnisgesellschaft</title>. <other>Frankfurt/M.</other>; 
<author><surname>Schulze</surname>, <given-names>G</given-names></author>. (<year>1999</year>): <title>Die Kulisse des Glücks</title>. <other>Frankfurt/M.</other>
<author><surname>Schulze</surname>, <given-names>G</given-names></author>. (<year>2000</year>): <title>Gesellschaft 2000:Was wird aus der Erlebnisgesellschaft?</title> <url>http://www.soziologie.uni-bamberg.de/er2000.html</url>
<editor>Deutsches Institut für Urbanistik</editor>: <title>Beiträge zur Stadtforschung</title> Nr. <volume>25</volume>, <other>Berlin</other> <year>1998</year>
<editor>Stadt Zürich, Fachstelle für Stadtentwicklung</editor> (Hg.): <title>Wegzüger und Zuzügerbefragung Zürich</title>, <year>1998/99</year> 
<author><surname>Meier-Dallach</surname> <given-names>Hans-Peter</given-names></author>, <author><surname>Hohermuth</surname> <given-names>Susanne</given-names></author>: <title>Stadtkultur im Grossdorf Schweiz</title>, <source>NFP Stadt und Verkehr</source>, Bericht Nr. <volume>47</volume>, <other>Zürich</other> <year>1994</year> 
<url>www.erlebniscenter.de</url>
<title>Hochparterre</title>, <other>Zürich</other>: <volume>1 1</volume>/<year>1999</year> 
<title>TA Magazin</title> <volume>6</volume>, <year>1998</year>
<editor>Stadt Zürich</editor> (Hrsg.): <title>Stadtforum Zürich, Schlussbericht</title>, <other>Zürich</other> <year>1997</year> 
<author><surname>Morgenthaler</surname>, <given-names>Jan</given-names></author>: <title>Transit 99 - Ein flüchtiger Sommer in Zürich</title>, <other>Zürich</other>, <year>1999</year> 
<editor> Stadt Zürich, Amt für Städtebau</editor>: <title>Kooperative Entwicklungsplanung Zürich West, Synthesebericht</title>, <other>Zürich</other> <year>1999</year> 