<editor>Bundesamt für Umwelt, Wald und Landschaft BUWAL, Schweizerische Vogelwarte Sempach</editor> (Hrsg.), <title>Rote Liste der gefährdeten Brutvogelarten in der Schweiz</title>, <other>Bern</other> <year>2001</year>
<author><surname>Gerheuser</surname> <given-names>F. W.</given-names></author>, <title>Mietbelastungen und Wohnverhältnisse</title>, <other>Grenchen</other> <year>2001</year>
<author><surname>Gerheuser</surname> <given-names>F. W.</given-names></author>, <title>Charges locatives et conditions de logement</title>, <other>Grenchen</other> <year>2001</year>
<author><surname>Hauser</surname> <given-names>A</given-names></author>., <source>Das öffentliche Bauwesen in Zürich</source> - <title>Erster Teil: Das kantonale Bauamt 1798-1895</title>, <other>Zürich/Egg</other> <year>2001</year>
<author><surname>Hauser</surname> <given-names>A</given-names></author>., <source>Das öffentliche Bauwesen in Zürich</source> - <title>Dritter Teil: Das städtische Bauamt 1798-1907</title>, <other>Zürich/Egg</other> <year>2000</year>
<author><surname>Kurz</surname> <given-names>D</given-names></author>., <author><surname>Morra-Barrelet</surname> <given-names>Ch</given-names></author>., <author><surname>Weidmann</surname> <given-names>R</given-names></author>., <source>Das öffentliche Bauwesen in Zürich</source> - <title>Vierter Teil: Das städtische Bauamt 1907-1957</title>, <other>Zürich/Egg</other> <year>2000</year>
<editor>Helbling & Lichtenhahn Verlag</editor> (Hrsg.), <title>Wirtschaftsstudie Nordwestschweiz 2000/2001</title>, <other>Basel</other> <year>2001</year>
<editor>Jäggi V.</editor>, <editor>Müder U.</editor>, <editor>Windisch K.</editor> (Hrsg.), <title>Entwicklung, Recht, sozialer Wandel - Festschrift für Paul Trappe</title>, <other>Bern</other> <year>2002</year>
<author><surname>Marengo</surname> <given-names>M</given-names></author>., <title>Les trajectoires migratoires: entre flux, filières et mythes - le cas des Italiens du canton de Vaud</title>, <other>Lausanne</other> <year>2001</year>
<author><surname>Mühlinghaus</surname> <given-names>S</given-names></author>., <title>Eigenständige Regionalentwicklung im Schweizer Berggebiet - Umsetzungsprozesse, Erfolgsaussichten und Förderansätze</title>, <other>St. Gallen</other> <year>2002</year>
<author><surname>Müller</surname> <given-names>T</given-names></author>., <source>Das öffentliche Bauwesen in Zürich</source> - <title>Zweiter Teil: Das kantonale Bauamt 1896-1958</title>, <other>Zürich/Egg</other> <year>2001</year>
<editor>Statistisches Amt des Kantons Zürich</editor> (Hrsg.), <title>Statistisches Jahrbuch des Kantons Zürich 2002</title>, <other>Zürich</other> <year>2001</year>
<author><surname>Strohschneider</surname> <given-names>S</given-names></author>., <author><surname>von der Weth</surname> <given-names>R</given-names></author>., <title>Ja, mach nur einen Plan. Pannen und Fehlschläge - Ursachen, Beispiele, Lösungen</title>, <other>Bern</other> <year>2002</year>
<author><surname>Zumstein</surname> <given-names>B</given-names></author> ., <title>Die Anwendung der ästhetischen Generalklauseln des kantonalen Baurechts</title>, <other>St. Gallen</other> <year>2001</year>
<editor>Akademie für Raumforschung und Landesplanung</editor> (Hrsg.), <title>Deutsch-Polnisches Handbuch der Planungsbegriffe</title>, <other>Hannover</other> <year>2001</year>
<editor>Akademie für Raumforschung und Landesplanung</editor> (Hrsg.), <title>Deutsch-Schwedisches Handbuch der Planungsbegriffe</title>, <other>Hannover</other> <year>2001</year>
<editor>Akademie für Raumforschung und Landesplanung ARL</editor> (Hrsg.), <title>Wohin steuert die Raumplanung?</title>, <other>Hannover</other> <year>2001</year>
<editor>Akademie für Raumforschung und Landesplanung ARL</editor> (Hrsg.), <title>Fernerkundung durch Satelliten- und Flugzeugaufnahmen für die Raumordnung: Kolloquium 2000 der LAG Bayern in Bayreuth</title>, <other>Hannover</other> <year>2001</year> 
<editor>Akademie für Raumforschung und Landesplanung ARL</editor> (Hrsg.), <title>Stadt-Umland-Probleme und Entwicklung des grossflächigen Einzelhandels in den Ländern Mittel- und Südosteuropas</title>, <other>Hannover</other> <year>2001</year>
<editor>Akademie für Raumforschung und Landesplanung ARL</editor> (Hrsg.), <title>GIS in der Regionalplanung</title>, <other>Hannover</other> <year>2001</year>
<author><surname>Banse</surname> <given-names>J</given-names></author>. <other>et al.</other>, <title>Nutzbarkeit des älteren Geschosswohnungsbestandes</title>, <other>Dresden</other> <year>2001</year>
<author><surname>Bischoff</surname> <given-names>C. A.</given-names></author>, <title>Kreuzfahrt- und Ökotourismus in Dominica: Auswirkungen auf die Nutzungsstruktur der Hauptstadt eines karibischen Mikrostaates</title>, <other>Münster</other> <year>2000</year> 
<editor>Bundesamt für Bauwesen und Raumordnung</editor> (Hrsg.), <title>Hemmnisse der Wohneigentumsbildung</title>, <other>Bonn</other> <year>2001</year>
<editor>Bundesamt für Bauwesen und Raumordnung</editor> (Hrsg.), <title>Perspektiven der Wohnungsbauinvestition in den neuen Ländern</title>, <other>Bonn</other> <year>2001</year>
<author><surname>Hise</surname> <given-names>G</given-names></author>., <title>Magnetic Los Angeles: Planning the Twentieth-Century Metropolis</title>, <other>Baltimore</other> <year>1997</year>
<editor>Informationsforum von Städten mit Entwicklungsmassnahmen in Nordrhein-Westfalen</editor> (Hrsg.), <title>Stand der Entwicklungsmassnahmen in Nordrhein-Westfalen</title>, <other>Dortmund</other> <year>2001</year>
<editor>Institut für Landes- und Stadtentwicklungsforschung des Landes Nordrhein-Westfalen ILS</editor> (Hrsg.), <title>Fussverkehr: Eine Planungshilfe für die Praxis</title>, <other>Dortmund</other> <year>2001</year>
<editor>Institut für Landes- und Stadtentwicklungsforschung des Landes Nordrhein-Westfalen ILS</editor> (Hrsg.), <title>Nachhaltigkeitsindikatoren: Wegweiser für die räumliche Entwicklung in Nordrhein-Westfalen</title>, <other>Dortmund</other> <year>2001</year> 
<editor>Institut für Landes- und Stadtentwicklungsforschung des Landes Nordrhein-Westfalen ILS</editor> (Hrsg.), <title>Nachhaltige Erneuerung von Grosswohnsiedlungen: Das Beispiel der Umweltinitiative Dortmund-Scharnhorst-Ost</title>, <other>Dortmund</other> <year>2001</year>
<editor>Institut für Landes- und Stadtentwicklungsforschung des Landes Nordrhein-Westfalen ILS</editor> (Hrsg.), <title>Qualitätsgeprüft: Standards für Mobilitätszentralen</title>, <other>Dortmund</other> <year>2001</year>
<editor>Institut für Landes- und Stadtentwicklungsforschung des Landes Nordrhein-Westfalen ILS</editor> (Hrsg.), <title>Bewegung in der Stadt: Bewegung, Spiel und Sport im Wohnungsnahbereich</title>, <other>Dortmund</other> <year>2001</year>
<editor>Institut für Landes- und Stadtentwicklungsforschung des Landes Nordrhein-Westfalen ILS</editor> (Hrsg.), <title>Integration von Migrantinnen und Migranten im Wohnbereich</title>, <other>Dortmund</other> <year>2001</year> 
<author><surname>Janetschek</surname> <given-names>H</given-names></author>., <title>Bewertungsergebnisse der einzelbetrieblichen Investitionsförderung</title>, <other>Wien</other> <year>2001</year>
<editor>Judd D.</editor>, <editor>Fainstein S.</editor> (Eds.), <title>The Tourist City</title>, <other>New Haven, London</other> <year>1999</year> 
<editor>Kögel E.</editor>, <editor>Meyer U.</editor> (Hrsg.), <title>Die chinesische Stadt - The Chinese City</title>, <other>Berlin</other> <year>2000</year>
<editor>Moulaert F.</editor>, <editor>Scott A.</editor> (Eds.), <title> Cities, Enterprises and Society on the Eve of the 2Ist Century</title>, <other>London/Washington</other> <year>1997</year>
<editor>Österreichische Raumordnungskonferenz ÖROK</editor> (Hrsg.), <title>Soziale Infraststruktur, Aufgabenfeld der Gemeinden</title>, <other>Wien</other> <year>2001</year>
<editor>Österreichische Raumordnungskonferenz ÖROK</editor> (Hrsg.), <title>Freiflächenschutz in Stadtregionen</title>, <other>Wien</other> <year>2001</year>
<editor>Schader-Stiftung</editor> (Hrsg.), <title>Die Zukunft der Daseinsvorsorge: Öffentliche Unternehmen im Wettbewerb</title>, <other>Darmstadt</other> <year>2001</year>
<author><surname>Scholl</surname> <given-names>B</given-names></author>., <title>Flughafen- und Raumentwicklung</title>, <other>Karlsruhe</other> <year>2001</year>
<author><surname>Schwarz</surname> <given-names>W</given-names></author>., <title>Industrieräumliche Prozesse, Standortbonität und Regionalpolitik</title>, <other>Klagenfurt</other> <year>2001</year>
<editor>Umweltbundesamt</editor> (Hrsg.), <source>Strategien der Popularisierung des Leitbildes «Nachhaltige Entwicklung» aus sozialwissenschaftlicher Perspektive</source>. <title>Band 1: Systematische Auswertung</title>, <other>Berlin</other> <year>2000</year>
<editor>Umweltbundesamt</editor> (Hrsg.), <source>Strategien der Popularisierung des Leitbildes «Nachhaltige Entwicklung» aus sozialwissenschaftlicher Perspektive</source>. <title>Band 2: Tagungsbeiträge</title>, <other>Berlin</other> <year>2000</year>
<editor>Umweltbundesamt</editor> (Hrsg.), <title>Formulierung regionaler Umweltqualitätsziele - Ein Leitfaden</title>, <other>Berlin</other> <year>2001</year>
<editor>Umweltbundesamt</editor> (Hrsg.), <title>Zum Stellenwert der Regionalplanung in der nachhaltigen Entwicklung</title>, <other>Berlin</other> <year>1997</year>
<editor>Umweltbundesamt</editor> (Hrsg.), <title>Ansätze für ökonomische Anreize zum sparsamen und schonenden Umgang mit Bodenflächen</title>, <other>Berlin</other> <year>2000</year>
<editor>Umweltbundesamt</editor> (Hrsg.), <title>Stand und Weiterentwicklung von Umweltqualitätszielen, Umwelthandlungszielen und Umweltindikatoren der Raum- und Siedlungsentwicklung</title>, <other>Berlin</other> <year>2000</year>
<editor>Umweltbundesamt</editor> (Hrsg.), <title>Weiterentwicklung und Präzisierung des Leitbildes der nachhaltigen Entwicklung in der Regionalplanung und regionalen Entwicklungskonzepten</title>, <other>Berlin</other> <year>2000</year>
<author><surname>Wagner</surname> <given-names>K</given-names></author>., <title>Landwirtschaft und ÖPUL in den Porengrundwassergebieten - aktuelle Daten</title>, <other>Wien</other> <year>2001</year>
