<author><surname>BERTSCHI</surname> <given-names>M</given-names></author>. (<year>2001</year>), <title>Die Umsetzung von Art. 15 lit. b RPG über die Dimensionierung der Bauzonen: Bundesrecht, föderalistische Realität und ihre Wechselwirkungen</title>.
<author><surname>BIAGGINI</surname> <given-names>G</given-names></author>. (<year>1996</year>), <title>Theorie und Praxis des Verwaltungsrechts im Bundesstaat</title>.
<author><surname>BIANCHI</surname> <given-names>M</given-names></author>. (<year>1989</year>), <title>Pour une gestion mesurée de la zone à bâtir dans les communes rurales... ou l'art de jouer aux «D», Rapport 24 du Programme national «Sol»</title>.
<author><surname>DOBLER ALTORFER</surname> <given-names>K</given-names></author>., <author><surname>VETTORI</surname> <given-names>U</given-names></author>. (<year>1990</year>), <title>Die Erweiterung der Bauzone</title>, Bericht <volume>60</volume> des <source>Nationalen Forschungsprogrammes «Boden»</source>.
<author><surname>FLÜCKIGER</surname> <given-names>A</given-names></author>. (<year>1999</year>), <title>Art. 15</title>. In: <editor>AEMISEGGER H.</editor>, <editor> KUTTLER A.</editor>, <editor>MOOR P.</editor>, <editor>RUCH A.</editor> (Hrsg.), <source>Kommentar zum Bundesgesetz über die Raumplanung</source>.
<author><surname>HUBER</surname> <given-names>M</given-names></author>. (<year>1999</year>), <title>Reichen klassisch ordnungsrechtliche Planungsinstrumente zur Siedlungsbegrenzung aus? Erfahrungen im Kanton Basel-Landschaft</title>. In: <editor>BERGMANN A.</editor>, <editor>EINIG K.</editor>, <editor>HUTTER G.</editor>, <editor>MÜLLER B.</editor>, <editor>SIEDENTOP S.</editor> (Hrsg.), <source>Siedlungspolitik auf neuen Wegen</source>, S. <fpage>311</fpage>-<lpage>328</lpage>.
<author><surname>JOST</surname> <given-names>F</given-names></author>. (<year>2000</year>), <title>Grösse und Lage von Bauzonen nach Art. 15 RPG und dem weiteren raumrelevanten Recht</title>.
<author><surname>KELLER</surname> <given-names>B</given-names></author>. (<year>1990</year>), <title>Bauzone und Siedlungsgebiet</title>, Bericht <volume>59</volume> des <source>Nationalen Forschungsprogramms «Boden»</source>.
<author><surname>KETTIGER</surname> <given-names>D</given-names></author>. (<year>2000</year>), <title>Gesetzescontrolling</title>.
<author><surname>LENDI</surname> <given-names>M</given-names></author>. (<year>1985</year>), <title>Redimensionierung der Bauzonen - Rechtsgrundlagen und Vollzug</title>. In: <source>ZBI (Schweizerisches Zentralblatt für Staats- und Gemeindeverwaltung)</source> <year>1985</year>, S. <fpage>377</fpage>-<lpage>391</lpage>.
<author><surname>MOOR</surname> <given-names>P</given-names></author>. (<year>1996</year>), <title>Du modèle de la séparation des pouvoirs à l'évaluation des politiques publiques</title>. In: <source>De la constitution, Etudes en l´honneur de Jean-François Aubert</source>, S. <fpage>627</fpage>-<lpage>646</lpage>.
<author><surname>MORAND</surname> <given-names>C.-A.</given-names></author> (<year>2001</year>), <title> L'évaluation des effets des mesures étatiques</title>. In: <editor>THÜRER D.</editor>, <editor>AUBERT J.-F.</editor>, <editor>MÜLLER J. P.</editor> (Hrsg.), <source>Verfassungsrecht der Schweiz</source>, S. <fpage>1119</fpage>-<lpage>1129</lpage>. 
<title>Perspektiven des Raumplanungs- und des Bodenrechts</title> (<year>1990</year>). <source>Beihefte zur ZSR (Zeitschrift für Schweizerisches Recht)</source>, Heft <issue>11</issue>.
<author><surname>RUCH</surname> <given-names>A</given-names></author>. (<year>1998</year>), <title>Kooperation und Konsens in der Raumplanung</title>. In: <source>Das Recht in Raum und Zeit, Festschrift Martin Lendi</source>, S. <fpage>425</fpage>-<lpage>444</lpage>.
<author><surname>SCHRADE</surname> <given-names>A</given-names></author>. (<year>1995</year>), <title>Wieso will niemand auszonen? Vollzugsprobleme bei der Begrenzung der Bauzonen nach Artikel 15 RPG an Fallbeispielen aus dem Kanton Bern</title>. 