<author><surname>ASCHER</surname>, <given-names>François</given-names></author>: <title>Ces événements nous dépassent, feignons d'en être les organisateurs</title>. <other>L'Aube</other>, <year>2000</year>.
<author><surname>BALMESSONS</surname>, <given-names>Hacène</given-names></author>: <title>Portrait de groupe</title>. In: <source>Urbanisme</source>, janvier-février <year>1999</year>, n° <volume>304</volume>, p. <fpage>44</fpage>-<lpage>49</lpage>.
<editor>CONSEIL FÉDÉRAL</editor>: <title>Grandes lignes de l'organisation du territoire suisse</title>. <other>Berne</other>, <year>1996</year>.<
<editor>CONSEIL FÉDÉRAL</editor>: <title>Politique des agglomérations de la Confédération</title>. <other>Berne</other>, <year>2001</year>.
<author><surname>DE COURSON</surname>, <given-names>Jacques</given-names></author>: <title>La prospective des territoires. Concepts, méthodes, résultats</title>. <other>Coll. Certu</other>, <year>1999</year>.
<editor>EUROPEAN UNION</editor>: <title>The EU compendium of spatial planning systems and policies</title>. <publisher>European Communities</publisher>, <year>1997</year>.
<author><surname>FAUCHEUR</surname>, <given-names>Véronique</given-names></author>: <title>Quand les mots et les concepts voyagent</title>. In: <source>Urbanisme</source>, <other>janvier-février </other> <year>1999</year>, n <volume>304</volume>, p. <fpage>76</fpage>-<lpage>80</lpage>.
<author><surname>GABILLIET</surname>, <given-names>Philippe</given-names></author>: <title>Savoir anticiper</title>. <editor>ESF</editor>, <other>Paris</other> <year>1999</year>. 
<author><surname>HENCKEL</surname>, <given-names>Dietrich</given-names></author> <other>et al</other>.: <title>Zeitstrukturen und Stadtentwicklung</title>. <publisher>Kohlhammer</publisher>, <other>Berlin</other>, <year>1998</year>. 
<editor>INFRAS</editor>/<editor>ORL</editor>/<editor>CEAT</editor>: <title>Planification directrice cantonale et développement durable. Un outil de travail</title>. <other>ODT, Berne</other>, <year>2001</year>.
<author><surname>KUNZMANN</surname>, <given-names>Klaus R.</given-names></author>: <title>The Future of Planning Education in Europe</title>. In: <source>Was ist Raumplanung</source>, <editor>Klaus M. Schmais</editor> (Hg), <source>Dortmunder Beiträge zur Raumplanung</source> <volume>89</volume>, <other>Dortmund</other>, <year>1999</year>. 
<editor>OFFICE FÉDÉRAL DE LA STATISTIQUE</editor>, <editor>Office fédéral du développement territorial</editor>: <title>Mobilité en Suisse. Résultats du micro-recensement 2000</title>. <other>Berne</other>, <year>2002</year>.
<author><surname>STROMME CHRISTENSEN</surname>, <given-names>Karen</given-names></author>: <title>Cities and Complexity</title>. <publisher>SAGE Publications</publisher>, <other>London</other>, <year>1998</year>.