<author><surname>BIBUS</surname>, <given-names>E</given-names></author>. (<year>1974</year>): <title>Abtragungs- und Bodenbildungsphasen im Rißlöß</title>. — <source>Eiszeitalter u. Gegenwart</source>, <volume>25</volume>: <fpage>166</fpage>—<lpage>182</lpage>; <other>Öhringen/Württ</other>. 
<author><surname>BOENIGK</surname>, <given-names>W</given-names></author>., <author><surname>HEYE</surname>, <given-names>D</given-names></author>., <author><surname>SCHIRMER</surname>, <given-names>W</given-names></author>. & <author><surname>BRUNNACKER</surname>, <given-names>K</given-names></author>. (<year>1974</year>): <title>Paläomagnetische Messungen an vielgliedrigen Quartärprofilen</title>. — <source>Mz. naturwiss. Arch.</source>, <volume>12</volume>: <fpage>159</fpage>—<lpage>168</lpage>; <other>Mainz</other>. 
<author><surname>FRENZEL</surname>, <given-names>B</given-names></author>. (<year>1973</year>): <title>3. On the Pleistocene Vegetation History</title>. — In: <editor>SCHÖNHALS, E.</editor> & <editor>HUCKRIEDE, R.</editor> (eds.): <source>State of Research on the Quaternary of the Federal Republic of Germany: C. Area between the Scandinavian and the Alpine Glaciation. — Eiszeitalter u. Gegenwart</source>, <volume>23/24</volume>: <fpage>321</fpage>—<lpage>332</lpage>; <other>Öhringen /Württ</other>. 
<author><surname>KOČI</surname>, <given-names>A</given-names></author>., <author><surname>SCHIRMER</surname>, <given-names>W</given-names></author>. & <author><surname>BRUNNACKER</surname>, <given-names>K</given-names></author>. (<year>1973</year>): <title>Paläomagnetische Daten aus dem mittleren Pleistozän des Rhein-Main-Raumes</title>. — <source>N . Jb . Geol. Paläont., Mh.</source>, <volume>9</volume>: <fpage>545</fpage>—<lpage>554</lpage>; <other>Stuttgart</other>. 
<author><surname>KUKLA</surname>, <given-names>J</given-names></author>. (<year>1969</year>): <title>Die Zyklische Entwicklung und absolute Datierung der Lößserien</title>. — In: <editor>DEMEK, J .</editor> & <editor>KUKLA, J .</editor> (eds.): <source>Periglazialzone, Löß und Paläolithikum der Tschechoslowakei</source>: <fpage>75</fpage> — <lpage>95</lpage>; <other>Brno</other>. 
<author><surname>LOŽEK</surname>, <given-names>V</given-names></author>. (<year>1966</year>): <title>Die quartäre Klimaentwicklung in der Tschechoslowakei</title>. <source>Quartär</source>, <volume>17</volume>: <fpage>1</fpage>—<lpage>19</lpage>; <other>Bonn</other>. 
<author><surname>MENKE</surname>, <given-names>B</given-names></author>. & <author><surname>BEHRE</surname>, <given-names>K.-E.</given-names></author> (<year>1973</year>): <title>History of Vegetation and Biostratigraphy</title>. — In: <editor>SCHÖNHALS, E.</editor> & <editor>HUCKRIEDE, R.</editor> (eds.): <source>State of Research on the Quaternary of the Federal Republic of Germany: A. Area of the Scandinavian Glaciation. — Eiszeitalter u. Gegenwart</source>, <volume>23/24</volume>: <fpage>251</fpage>—<lpage>267</lpage>; <other>Öhringen/Württ</other>. 
<author><surname>ROHDENBURG</surname>, <given-names>H</given-names></author>. (<year>1968</year>): <title>Jungpleistozäne Hangformung in Mitteleuropa. Beiträge zur Kenntnis, Deutung und Bedeutung ihrer räumlichen und zeitlichen Differenzierung</title>. — <source>Göttinger Boden-kdl. Ber.</source>, <volume>6</volume>: <fpage>3</fpage>—<lpage>107</lpage>; <other>Göttingen</other>. 
<author><surname>ROHDENBURG</surname>, <given-names>H</given-names></author>. (<year>1971</year>): <title>Einführung in die klimagenetische Geomorphologie</title>. — 350 S., 39 Abb., 2 Bilder, 2 Tab.; <other>Gießen</other>. 
<author><surname>ROHDENBURG</surname>, <given-names>H</given-names></author>. & <author><surname>SABELBERG</surname>, <given-names>U</given-names></author>. (<year>1973</year>): <title>Quartäre Klimazyklen im Westlichen Mediterrangebiet und ihre Auswirkungen auf die Relief- und Bodenentwicklung</title>. — <source>Catena</source>, <volume>1</volume>: <fpage>71</fpage>—<lpage>180</lpage>; <other>Gießen</other>. 
<author><surname>SABELBERG</surname>, <given-names>U</given-names></author>., <author><surname>ROHDENBURG</surname>, <given-names>H</given-names></author>. & <author><surname>HAVELBERG</surname>, <given-names>G</given-names></author>. (<year>1974</year>): <title>Bodenstratigraphische und geomorphologische Untersuchungen an den Lößprofilen Ostheim (Kreis Hanau) und Dreihausen (Kreis Marburg) und ihre Bedeutung für die Gliederung des Quartärs in Mitteleuropa</title>. — <source>Rhein-Main-Forsch.</source>, <volume>18</volume>: <fpage>101</fpage>—<lpage>120</lpage>; <other>Frankfurt a. M. </other>
<author><surname>SABELBERG</surname>, <given-names>U</given-names></author>. & <author><surname>ROHDENBURG</surname>, <given-names>H</given-names></author>. (<year>1975</year>): <title>Stratigraphische Stellung und klimatisch-geologischer Aussagewert der Kalkkrusten in Spanien und Marokko</title>. — In: <editor>VOGT, T.</editor> (Hrsg.): <source>Comptes-rendus du Colloque „Types de croütes calcaires et leur repartition regionale"</source>: <fpage>120</fpage>—<lpage>127</lpage>, <other>Strasbourg</other>. 
<author><surname>SEMMEL</surname>, <given-names>A</given-names></author>. (<year>1967</year> a ): <title>Über Prä-Würm-Lösse in Hessen</title>. — <source>Notizbl. hess. L.-Amt Bodenforsch.</source>, <volume>95</volume>: <fpage>239</fpage>—<lpage>241</lpage>; <other>Wiesbaden</other> 
<author><surname>SEMMEL</surname>, <given-names>A</given-names></author>. (<year>1967</year> b ): <title>Das Lößprofil der Ziegelei Grün in Reinheim</title>: <source>Nachr. naturwiss. Ver. Aschaffenburg</source>, <volume>74</volume>: <fpage>108</fpage>—<lpage>112</lpage>; <other>Aschaffenburg</other>. 
<author><surname>SEMMEL</surname>, <given-names>A</given-names></author>. (<year>1972</year>): <title>Fragen der Quartärstratigraphie im Mittel- und Oberrheingebiet</title>. — <source>Jber. u. Mitt. oberrhein. geol. Ver.</source>, <volume>54</volume>: <fpage>61</fpage>—<lpage>71</lpage> ; <other>Stuttgart</other>. 
<author><surname>SEMMEL</surname>, <given-names>A</given-names></author>. (<year>1973</year>): <title>Periglacial Sediments and their Stratigraphy</title>. — In: <editor>SCHÖNHALS, E.</editor> & <editor>HUCKRIEDE, R.</editor> (eds.): <source>State of Research on the Quaternary of the Federal Republic of Germany: C. Area between the Scandinavian an the Alpine Glaciation. — Eiszeitalter u. Gegenwart</source>, <volume>23/24</volume>: <fpage>293</fpage>—<lpage>305</lpage>; <other>Öhringen/Württ</other>. 
<author><surname>SEMMEL</surname>, <given-names>A</given-names></author>. (<year>1974</year>): <title>Der Stand der Eiszeitforschung im Rhein-Main-Gebiet</title>. — <source>Rhein-Main. Forsch.</source>, <volume>78</volume>: <fpage>9</fpage>—<lpage>56</lpage>; <other>Frankfurt a. M.</other> 