<author><surname>ANGENHEISTER</surname>, <given-names>G</given-names></author>. & <author><surname>SOFFEL</surname>, <given-names>H</given-names></author>. (<year>1972</year>): <title>Gesteinsmagnetismus und Paläomagnetismus</title>. — <source>Studienh. z. Physik Erdkörpers</source>, <volume>1</volume>: 110 S.; <other>Berlin/Stuttgart</other>. 
<author><surname>BOENIGK</surname>, <given-names>W</given-names></author>. (<year>1970</year>): <title>Zur Kenntnis des Altquartärs bei Brüggen (westlicher Niederrhein)</title>. — <source>Sonderveröff. Geol. Inst. Univ. Köln</source>, Nr. <volume>17</volume>: 138 S.; <other>Köln</other>. 
<author><surname>BOENIGK</surname>, <given-names>W</given-names></author>. (<year>1974</year>): <title>Zur Altersstellung des Tonlagers von Weilerswist (Südliche Niederrheinische Bucht)</title>.— <source>Decheniana</source>, <volume>126</volume>: <fpage>183</fpage> — <lpage>189</lpage>; <other>Bonn</other>. 
<author><surname>BOENIGK</surname>, <given-names>W</given-names></author>. (<year>1976</year>): <title>Die petrographische Gliederung der Mosbacher Sande im Dyckerhoff-Steinbruch</title>, <other>Wiesbaden</other>. — <source>Mainzer naturwiss. Arch</source>, [ i m Druck]. 
<author><surname>BOENIGK</surname>, <given-names>W</given-names></author>. (<year>1977</year>): <title>Die Gliederung der altquartären Ablagerungen in der linksrheinischen Niederrheinischen Bucht</title>. — <source>Fortschr. Geol. Rheinld. u. Westf.</source>, <volume>28</volume> [im Druck]. 
<author><surname>BOENIGK</surname>, <given-names>W</given-names></author>., <author><surname>v. D. BRELIE</surname>, <given-names>G</given-names></author>., <author><surname>BRUNNACKER</surname>, <given-names>K</given-names></author>., <author><surname>KEMPF</surname>, <given-names>E</given-names></author>., <author><surname>Koči</surname>, <given-names>A</given-names></author>., <author><surname>SCHIRMER</surname>, <given-names>W</given-names></author>., <author><surname>STADLER</surname>, <given-names>G</given-names></author>., <author><surname>SREIT</surname>, <given-names>R</given-names></author>. & <author><surname>TOBIEN</surname>, <given-names>H</given-names></author>. (<year>1976</year>): <title>Jungtertiär und Quartär im Horloff-Graben/Wetterau</title>. — <source>Abh. hess. Notizbl. Bodenforsch.</source> <other>Wiesbaden</other>. — [im Druck]. 
<author><surname>BOENIGK</surname>, <given-names>W</given-names></author>., <author><surname>v. D. BRELIE</surname>, <given-names>G</given-names></author>., <author><surname>BRUNNACKER</surname>, <given-names>K</given-names></author>., <author><surname>Koči</surname>, <given-names>W</given-names></author>. <author><surname>SCHLICKUM</surname>, <given-names>W</given-names></author>. & <author><surname>STRAUCH</surname>, <given-names>Fr</given-names></author>. (<year>1974</year>): <title>Zur Pliozän-Pleistozän-Grenze im Bereich der Ville (Niederrheinische Bucht)</title>. — <source>Newsl. Stratigr.</source>, <volume>3</volume>: <fpage>219</fpage> — <lpage>241</lpage> ; <other>Leiden</other>. 
<author><surname>BOENIGK</surname>, <given-names>W</given-names></author>., <author><surname>HEYE</surname>, <given-names>D</given-names></author>. & <author><surname>BRUNNACKER</surname>, <given-names>K</given-names></author>. (<year>1976</year>): <title>Grenzen bei der Interpretation paläomagnetischer Daten von Quartär-Sedimenten</title>. — [ M s . ] . 
<author><surname>BOENIGK</surname>, <given-names>W</given-names></author>., <author><surname>HEYE</surname>, <given-names>D</given-names></author>., <author><surname>SCHIRMER</surname>, <given-names>W</given-names></author>. & <author><given-names>K</given-names>. <surname>BRUNNACKER</surname></author>, <author><given-names>K</given-names></author>. (<year>1974</year>): <title>Paläomagnetische Messungen an vielgliedrigen Quartär-Profilen (Kärlich/Mittelrhein und Bad Soden i. Taunus)</title>. — <source>Mainzer Naturwiss. Arch.</source>, <volume>12</volume>: <fpage>159</fpage> — <lpage>168</lpage> ; <other>Mainz</other>. 
<author><surname>BOENIGK</surname>, <given-names>W</given-names></author>., <author><surname>Koči</surname>, <given-names>A</given-names></author>. & <author><surname>BRUNNACKER</surname>, <given-names>K</given-names></author>. (<year>1976</year>): <title>Paläomagnetische Untersuchungen im Pliozän in der Ville/Südlicher Niederrhein</title>. — [Ms. i. Vorher.]. 
<author><surname>BOENIGK</surname>, <given-names>W</given-names></author>., <author><surname>KOWALCZYK</surname>, <given-names>G</given-names></author>. & <author><surname>BRUNNACKER</surname>, <given-names>K</given-names></author>. (<year>1972</year>): <title>Zur Geologie des Ältestpleistozäns der Niederrheinischen Bucht</title>. — <source>Z. dt. geol. Ges.</source>, <volume>123</volume>: <fpage>119</fpage> — <lpage>161</lpage> ; <other>Hannover</other>. 
<author><surname>BRUNNACKER</surname>, <given-names>K</given-names></author>. (<year>1971</year>): <title>Beiträge zur Stratigraphie des Quartär-Profils von Kärlich am Mittelrhein</title>. — <source>Mainzer Naturwiss. Arch.</source>, <volume>10</volume>: <fpage>77</fpage>—<lpage>100</lpage>; <other>Mainz</other> . 
<author><surname>BRUNNACKER</surname>, <given-names>K</given-names></author>. (<year>1975</year>a): <title>Der stratigraphische Hintergrund von Klimaentwicklung und Morphogenese ab dem höheren Pliozän im westlichen Mitteleuropa</title>. — <source>Z. Geomorph. F. Suppl.</source> Bd., <volume>23</volume>: <fpage>82</fpage>—<lpage>106</lpage>; <other>Stuttgart</other>. 
<author><surname>BRUNNACKER</surname>, <given-names>K</given-names></author>. (<year>1975</year>b): <title>The Mid-Pleistocene of the Rhine Basin</title>. — In: <editor>BUTZER, K . W .</editor> & <editor>ISAAC, Gl. Li .</editor>: <source>After the Australopithecines</source>: <fpage>189</fpage>—<lpage>224</lpage>; <other>the Hague/Paris</other>. 
<author><surname>BRUNNACKER</surname>, <given-names>K</given-names></author>., <author><surname>BOENIGK</surname>, <given-names>W</given-names></author>., <author><surname>DOLEZALEK</surname>, <given-names>B</given-names></author>., <author><surname>Koči</surname>, <given-names>A</given-names></author>., <author><surname>MENTZEN</surname>, <given-names>H</given-names></author>., <author><surname>KEMPF</surname>, <given-names>E</given-names></author>., <author><surname>RAZI RAD</surname>, <given-names>M</given-names></author>. & <author><surname>WINTER</surname>, <given-names>K . P .</given-names></author> (<year>1976</year>): <title>Die Mittelterrassen am Niederrhein zwischen Köln und Mönchengladbach</title>. — <source>Fortschr. Geol. Rheinld. u. Westf.</source>; <other>Krefeld</other>. — [im Druck].
<author><surname>BRUNNACKER</surname>, <given-names>K</given-names></author>., <author><surname>BOENIGK</surname>, <given-names>W</given-names></author> . , <author><surname>Koči</surname>, <given-names>A</given-names></author>. & <author><surname>TILLMANNS</surname>, <given-names>W</given-names></author>. (<year>1976</year>): <title>Die MATUYAMA/BRUNHES-Grenze am Rhein und an der Donau</title>. — <source>N . J b . Geol. Paläont. Abh.</source>, <volume>151</volume>: <fpage>358</fpage>—<lpage>378</lpage>; <other>Stuttgart</other>. 
<author><surname>BRUNNACKER</surname>, <given-names>K</given-names></author>., <author><surname>BOENIGK</surname>, <given-names>W</given-names></author>., <author><surname>WOLF</surname>, <given-names>M</given-names></author> . & <author><surname>Koči</surname>, <given-names>A</given-names></author>. (<year>1975</year>): <title>Die Sedimente der Lieth-Serie bei Elmshorn</title>. — <source>Geol. Jb., A,</source> <volume>26</volume>: <fpage>153</fpage> — <lpage>171</lpage> ; <other>Hannover</other>. 
<author><surname>BRUNNACKER</surname>, <given-names>K</given-names></author>., <author><surname>TOBIEN</surname>, <given-names>H</given-names></author>. & <author><surname>v. D. BRELIE</surname>, <given-names>G</given-names></author>. (<year>1975</year>): <title>Pliozän und Ältestpleistozän in der Bundesrepublik Deutschland. — Ein Beitrag zur Neogen/Quartär-Grenze</title>. — <source>IGCP-Project 73/1/41: Neogene-Quaternary-Boundary</source>; <other>Bologna</other>. — [im D r u c k ] . 
<author><surname>BUCHA</surname>, <given-names>V</given-names></author>., <author><surname>HORAČEK</surname>, <given-names>J</given-names></author>. & <author><surname>Koči</surname>, <given-names>A</given-names></author>. (<year>1969</year>): <title>Paläomagnetische Messungen in Lössen</title>. — In: <editor>DEMEK,J.</editor> & <editor>KUKLA, J .</editor>: <source>Periglazialzone, Löß und Paläolithikum der Tschechoslowakei</source>. — <publisher>Tschechoslow. Akad . Wiss., Geogr. Inst. Brno</publisher>: 156 S.; <other>Brno</other>. 
<author><surname>BUCHA</surname>, <given-names>V</given-names></author>., <author><surname>HORAČEK</surname>, <given-names>J</given-names></author>., <author><surname>Koči</surname>, <given-names>A</given-names></author>., <author><surname>ŠIBRAVA</surname>, <given-names>V</given-names></author>. & <author><surname>LOŽEK</surname>, <given-names>V</given-names></author>. (<year>1975</year>): <title>Palaeomagnetic Correlations of Pleistocene Sediments of Central Europe</title>. — <source>Projekt 73/1/24: Quaternary Glaciations in the Northern Hemisphere</source>, Rep. <volume>2</volume>: <fpage>9</fpage>—<lpage>36</lpage>; <other>Prague</other>.
<author><surname>BUREK</surname>, <given-names>P</given-names></author>. & <author><surname>NAIRN</surname>, <given-names>A. E. M .</given-names></author> (<year>1966</year>): <title>Paläomagnetismus — ein neues Teilgebiet der Geophysik</title>. — <source>Physik. BL</source>, H . <issue>3</issue>: <fpage>107</fpage>—<lpage>117</lpage>. 
<author><surname>BURGHARDT</surname>, <given-names>E</given-names></author>. & <author><surname>BRUNNACKER</surname>, <given-names>K</given-names></author> . (<year>1973</year>): <title>Quarzzahl und -rundung in Schottern der Niederrheinischen Bucht</title>. — <source>Decheniana</source>, <volume>126</volume>: <fpage>335</fpage>—<lpage>352</lpage>; <other>Bonn</other>. 
<author><surname>FILZER</surname>, <given-names>P</given-names></author>. & <author><surname>SCHEUENPFLUG</surname>, <given-names>L</given-names></author>. (<year>1970</year>): <title>Ein frühpleistozänes Pollenprofil aus dem nördlichen Alpenvorland</title>. — <source>Eiszeitalter u. Gegenwart</source>, <volume>21</volume>: <fpage>22</fpage>—<lpage>32</lpage>; <other>Öhringen</other>. 
<author><surname>HEYE</surname>, <given-names>D</given-names></author>. (<year>1972</year>): <title>Ein Meßverfahren zur paläomagnetischen Untersuchung von Lockersedimenten im Gelände</title>. — <source>Z. Geophys.</source>, <volume>38</volume>: <fpage>1055</fpage>—<lpage>1057</lpage>; <other>Würzburg</other>. 
<author><surname>HEYE</surname>, <given-names>D</given-names></author>. (<year>1975</year>): <title>Wachstumsverhältnisse von Manganknollen</title>. — <source>Geol. J b .</source> , <volume>E 5</volume> : <fpage>3</fpage>—<lpage>122</lpage>; <other>Hannover</other>. 
<author><surname>HEYE</surname>, <given-names>D</given-names></author>. & <author><surname>MEYER</surname>, <given-names>H</given-names></author> . (<year>1972</year>): <title>Ein Meßverfahren zur paläomagnetischen Messung an Tiefseesedimentkernen an Bord eines Schiffes</title>. — <source>Z. Geophys.</source>, <volume>38</volume>: <fpage>937</fpage>—<lpage>947</lpage>; <other>Würzburg</other>. 
<author><surname>Koči</surname>, <given-names>A</given-names></author>. (<year>1976</year>): <title>Paläomagnetik</title>. — In: <editor>BRUNNACKER, K .</editor> (Koordinator): <source>Geowissenschaftliche Untersuchungen in Gönnersdorf. — Gönnersdorf</source>, <volume>4</volume>; <other>Wiesbaden</other>. — [im Druck].
<author><surname>Koči</surname>, <given-names>A</given-names></author>., <author><surname>SCHIRMER</surname>, <given-names>W</given-names></author>. & <author><surname>BRUNNACKER</surname>, <given-names>K</given-names></author> . (<year>1973</year>): <title>Paläomagnetische Daten aus dem mittleren Pleistozän</title>. — <source>N . J b . Geol. Paläont., Mh.</source>, H. <issue>9</issue>: <fpage>545</fpage>—<lpage>554</lpage>; <other>Stuttgart</other>. 
<author><surname>KOWALCZYK</surname>, <given-names>G</given-names></author>. (<year>1970</year>): <title>Zur Kenntnis des Altquartärs der Ville (südliche Niederrheinische Bucht)</title>. — <source>Sonderveröff. Geol. Inst. Univ. Köln</source>, Nr. <volume>18</volume>: 147 S . ; <other>Köln</other>. 
<author><surname>LÜTTIG</surname>, <given-names>G</given-names></author>. (<year>1965</year>): <title>The Bilshausen Type Section, West Germany</title>. — <source>Geol. Soc. Amer. spec. Pap.</source>, <volume>84</volume>: <fpage>159</fpage>—<lpage>178</lpage>; <other>New York</other>. 
<author><surname>MEYER</surname>, <given-names>H</given-names></author>. (<year>1976</year>): <title>Paläomagnetische Geländemessungen</title>. — In: <editor>K . BRUNNACKER</editor> (Koordinator): <source>Geowissenschaftliche Untersuchungen in Gönnersdorf</source>, — [ M s . ] . 
<author><surname>MONTFRANS</surname>, <given-names>H. M. VAN</given-names></author> (<year>1971</year>): <title>Palaeomagnetic dating in the north sea basin</title>. — Diss.: 113 S .; <other>Rotterdam</other>. 
<author><surname>PETERS</surname>, <given-names>I</given-names></author>. (<year>1965</year>): <title>Zur Altersstellung der Torfe und Gyttjen von Herxheim, Jockgrim und Rheinzabern</title>. — <source>Eiszeitalter u. Gegenwart</source>, <volume>16</volume>: <fpage>121</fpage>—<lpage>131</lpage>; <other>Öhringen</other>. 
<author><surname>RAZI RAD</surname>, <given-names>M</given-names></author>. (<year>1976</year>): <title>Schwermineraluntersuchungen zur Quartär-Stratigraphie am Mittelrhein</title>. — <source>Sonderveröff. Geol. Inst. Univ. Köln</source>, Nr. <volume>28</volume>: 164 S.; <other>Köln</other>. 
<author><surname>SHAKLETON</surname>, <given-names>N. J .</given-names></author> & <author><surname>OPDYKE</surname>, <given-names>N. D.</given-names></author> (<year>1973</year>): <title>Oxygen und Palaeomagnetic Stratigraphy of Equatorial Pacific Core V 28—238; Oxygen Isotope Temperatures and Ice Volumes on a 105 Year and 106 Year Scale</title>. — <source>J . Quaternary Res.</source>, <volume>3</volume>: <fpage>39</fpage> — <lpage>55</lpage> ; <other>Washington</other>. 
<author><surname>SCHNÜTGEN</surname>, <given-names>A</given-names></author>. (<year>1973</year>): <title>Die Hauptterrassenfolge am linken Niederrhein aufgrund der Schotterpetrographie</title>. — <source>Forsdi.Ber. Landes Nordrhein-Westfal.</source> Nr. <volume>2399</volume>: 150 S.; <other>Opladen</other>. 
<author><surname>SCHNÜTGEN</surname>, <given-names>A</given-names></author>., <author><surname>BOENIGK</surname>, <given-names>W</given-names></author>., <author><surname>BRUNNACKER</surname>, <given-names>M</given-names></author>., <author><surname>Koči</surname>, <given-names>A</given-names></author>. & <author><surname>BRUNNACKER</surname>, <given-names>K</given-names></author> . (<year>1975</year>): <title>Der Übergang von der Hauptterrassenfolge zur Mittelterrassenfolge am Niederrhein</title>. — <source>Decheniana</source>, <volume>128</volume>: <fpage>67</fpage>—<lpage>86</lpage>; <other>Bonn</other>. 
<author><surname>STÜCKL</surname>, <given-names>E</given-names></author>. (<year>1971</year>): <title>Marmorierter Pseudogley als fossile Bodenbildung im Süden Regensburgs</title>. — <source>Acta Albertina Ratisbonensis</source>, <volume>31</volume>: <fpage>151</fpage> — <lpage>164</lpage>; <other>Regensburg</other>. 
<author><surname>TILLMANNS</surname>, <given-names>W</given-names></author> . (<year>1976</year>): <title>Zur Geschichte von Urmain und Urdonau zwischen Bamberg, Neuburg/Donau und Regensburg</title>. — Diss. Univ. Köln. 
<author><surname>WIEGANK</surname>, <given-names>F</given-names></author>. (<year>1975</year>): <title>Paläomagnetische Untersuchungen zur Quartärstratigraphie in der DDR (Mittelpleistozän von Voigtstedt)</title>. — <source>Gerlands Beitr. Geophys.</source>, <volume>84</volume>: <fpage>215</fpage> — <lpage>222</lpage>; <other>Leipzig</other>. 
<author><surname>ZAGWIJN</surname>, <given-names>W. H.</given-names></author> (<year>1974</year>): <title>Bemerkungen zur stratigraphischen Gliederung der plio-pleistozänen Schichten des niederländisch-deutschen Grenzgebietes zwischen Venlo und Brüggen</title>. — <source>Z. dt. geol. Ges.</source>, <volume>125</volume>: <fpage>11</fpage> — <lpage>16</lpage>; <other>Hannover</other>. 
<author><surname>ZAGWIJN</surname>, <given-names>W. H.</given-names></author>, <author><surname>MONTFRANS</surname>, <given-names>H. M. VAN</given-names></author> & <author><surname>ZANDSTRA</surname>, <given-names>J. G.</given-names></author> (<year>1971</year>): <title>Subdivision of the „Cromerian" in the Netherlands; pollen-analysis, palaeomagnetism and sedimentary petrology</title>. — <source>Geol. en Mijnbouw</source>, <volume>50</volume>: <fpage>41</fpage> — <lpage>58</lpage>; <other>s'Gravenhage</other>. 