<author><surname>ABELE</surname>, <given-names>G</given-names></author>. (<year>1977</year>): <title>Morphologie und Entwicklung des Rheinsystems aus der Sicht des Mainzer Raums</title>. — <source>Mainzer Geogr. Studien</source>, <volume>11</volume> : <fpage>245</fpage>—<lpage>259</lpage>; <other>Mainz</other>. 
<author><surname>BARTZ</surname>, <given-names>J</given-names></author>. (<year>1976</year>): <title>Quartär und Jungquartär im Raum Rastatt</title>. <other>(Mit Beiträgen von G. VON DER BRELIE und H. MAUS)</other>. — <source>Jh . geol. Landesamt Baden-Württemberg</source>, <volume>18</volume>: <fpage>121</fpage>—<lpage>178</lpage>; <other>Freiburg/Brsg</other>. 
<author><surname>BARTZ</surname>, <given-names>J</given-names></author>. (<year>1982</year>): <title>Quartär und Jungtertiär II im Oberrheingraben im Raum Karlsruhe</title>. — <source>Geol. Jb., A</source> <volume>63</volume>: <fpage>3</fpage>—<lpage>237</lpage>; <other>Hannover</other>. 
<author><surname>BIBUS</surname>, <given-names>E</given-names></author>. (<year>1989</year>): <title>8. Tagung des Arbeitskreises „Paläoböden " der Deutschen Bodenkundlichen Gesellschaft vom 25.5.—27.5.1989 in Heilbronn. Programm und Exkursionsführer</title>: 27 S.; <other>Tübingen</other>. 
<author><surname>BLEICH</surname>, <given-names>K. E.</given-names></author> (<year>1978</year>): <title>Erosion von Böden infolge Bodennutzung</title> . — <source>Daten, Dokumente, Umweltschutz</source>, <volume>22</volume>: <fpage>109</fpage>—<lpage>112</lpage>; <other>Stuttgart-Hohenheim</other>. 
<author><surname>BOENIGK</surname>, <given-names>W</given-names></author>. (<year>1982</year>): <title>Der Einfluß des Rheingraben-Systems auf die Flußgeschichte des Rheins</title>. — <source>Z. Geomorph., N . F .</source> , Suppl.-Bd. <volume>42</volume> : <fpage>167</fpage>—<lpage>175</lpage>; <other>Berlin/Stuttgart</other>. 
<author><surname>BRELIE</surname>, <given-names>G. VON DER</given-names></author> (<year>1976</year>): <title>Die Pollenuntersuchungen</title>. — in: <editor>BARTZ, J.</editor> (<year>1976</year>): <source>Quartär und Jungquartär im Raum Rastatt. — Jh. geol. Landesamt Baden-Württemberg</source>, <volume>18</volume>: <fpage>154</fpage>—<lpage>166</lpage>; <other>Freiburg/Brsg</other>. 
<author><surname>BRELIE</surname>, <given-names>G. VON DER</given-names></author> (<year>1982</year>): <title>Pollenuntersuchungen</title>. — in: <editor>BARTZ, J .</editor> (<year>1982</year>): <source>Quartär und Jungquartär II im Oberrheingraben im Raum Karlsruhe. — Geol. Jb.</source>, <volume>A 63</volume> : <fpage>199</fpage>—<lpage>227</lpage>; <other>Hannover</other>. 
<author><surname>EITEL</surname>, <given-names>B</given-names></author>. (<year>1989</year>): <title>Morphogenese im südlichen Kraichgau unter besonderer Berücksichtigung tertiärer und pleistozäner Decksedimente. Ein Beitrag zur Landschaftsgeschichte Südwestdeutschlands</title>. — <source>Stuttgarter Geographische Studien</source>, <volume>111</volume>, 205 S.; <other>Stuttgart</other>. 
<author><surname>GEISSERT</surname>, <given-names>F</given-names></author>. & <author><surname>MENILLET</surname>, <given-names>F</given-names></author>. (<year>1976</year>): <title>Carte Géologique de la France à 1 : 50000, f. XXXIX — 13—14 Seltz-Wissembourg</title>, mit Erläuterungen: <source>Pliocène d'Alsace</source>. — 59 S.; <other>Orleáns</other>. 
<author><surname>LIEDTKE</surname>, <given-names>H</given-names></author>. (<year>1986</year>): <title>Stand und Aufgabe der Eiszeitforschung</title>. — <source>Geogr. Rdsch.</source>, <volume>38</volume> , <issue>7/8</issue> : <fpage>412</fpage>—<lpage>419</lpage>; <other>Braunschweig</other>. 
<author><surname>LINIGER</surname>, <given-names>H</given-names></author>. (<year>1966</year>): <title>Das Pliozän-Altpleistozäne Flußnetz der Nordschweiz</title>. — <source>Regio basilensis</source>, <volume>7</volume>: <fpage>158</fpage>—<lpage>177</lpage>; <other>Basel</other>. 
<author><surname>MAUS</surname>, <given-names>H</given-names></author> . (<year>1976</year>): <title>Die Schwerminerale</title>, in: <editor>BARTZ, J.</editor> (<year>1976</year>): — <source>Quartär und Jungtertiär im Raum Rastatt. — Jh . geol. Landesamt Baden-Württemberg</source>, <volume>18</volume>: <fpage>141</fpage>—<lpage>145</lpage>; <other>Freiburg/Brsg</other>. 
<author><surname>MONNINGER</surname>, <given-names>R</given-names></author>. (<year>1985</year>): <title>Neotektonische Bewegungsmechanismen im mittleren Oberrheingraben</title>. — Diss. Geol. Inst. Karlsruhe: 219 S.; <other>Karlsruhe</other>. 
<author><surname>PLEWE</surname>, <given-names>E</given-names></author>. (<year>1938</year>): <title>Geomorphologische Studien am Pfälzer Rheingrabenrand</title>. — <source>Bad. Geogr. Abh .</source> , <volume>19</volume>: <fpage>1</fpage>—<lpage>70</lpage>; <other>Karlsruhe</other>. 
<author><surname>RÖSNER</surname>, <given-names>U</given-names></author> . (<year>1988</year>): <title>Die mainfränkische Lößprovinz. Sedimentologische, pedologische und morphodynamische Prozesse der Lößbildung während des Pleistozäns in Mainfranken</title>. — Diss., Inst. f. Geogr., Univ. Erlangen-Nürnberg : 498 S.; <other>Erlangen</other>. 
<author><surname>SANDBERGER</surname>, <given-names>F</given-names></author>. (<year>1868</year>): <title>Bemerkungen über die Diluvialgerölle des Rheintals bei Karlsruhe</title>. — <source>Verh. naturwiss. Ver. Karlsruhe</source>, <volume>3</volume>: <fpage>51</fpage>—<lpage>58</lpage>; <other>Karlsruhe</other>. 
<author><surname>SCHLICKUM</surname>, <given-names>W. R.</given-names></author> & <author><surname>GEISSERT</surname>, <given-names>F</given-names></author>. (<year>1980</year>): <title>Die pliozäne Land- und Süßwassermolluskenfauna von Sessenheim/Krs. Haguenau (Unterelsaß)</title>. — <source>Arch. f. Molluskenkunde</source> , <volume>110</volume>: <fpage>225</fpage>—<lpage>259</lpage>; <other>Frankfurt/M. </other>
<author><surname>SCHMIDT</surname>, <given-names>K. G.</given-names></author> (<year>1941</year>): <title>Über bohnetzführendes Tertiär und Diluvium im Kraichgau</title>. — <source>Jber. Mitt. Oberrh. Geol. Ver., N. F.</source> <volume>30</volume>: <fpage>48</fpage>—<lpage>91</lpage>; <other>Karlsruhe</other>. 
<author><surname>SCHREINER</surname>, <given-names>A</given-names></author>. (<year>1968</year>): <title>Eiszeitliche Rinnen und Becken und deren Füllung im Hegau und westlichen Bodenseegebiet</title>. — <source>Jh . geol. Landesamt Baden-Württemberg</source>, <volume>10</volume>: <fpage>79</fpage>—<lpage>104</lpage>; <other>Freiburg/Brsg</other>. 
<author><surname>SCHREINER</surname>, <given-names>A</given-names></author>. (<year>1979</year>): <title>Zur Entstehung des Bodenseebeckens</title>. — <source>Eiszeitalter und Gegenwart</source>, <volume>29</volume>: <fpage>71</fpage>—<lpage>76</lpage>; <other>Stuttgart</other>. 
<author><surname>SCHREINER</surname>, <given-names>A</given-names></author>. (<year>1983</year>): <title>Erläuterungen zur Geologischen Karte 1: 25 000 von Baden-Württemberg, Blatt 8218 Gottmadingen</title>: 124 S.; <other>Stuttgart</other> (<publisher>Geol. L.-Amt Baden-Württemberg</publisher>). 
<author><surname>SINDOWSKI</surname>,<given-names> K. H .</given-names></author> (<year>1937</year>): <title>Zur Sedimentpetrographie des Oberpliozäns und Altdiluviums der mittleren Oberrheinebene</title>. — <source>Z. dt. geol. Ges .</source> , <volume>89</volume>: <fpage>409</fpage>—<lpage>418</lpage>; <other>Hannover</other>. 
<author><surname>VILLINGER</surname>, <given-names>E</given-names></author>. (<year>1986</year>): <title>Untersuchungen zur Flußgeschichte von Aare-Donau/Alpenrhein und zur Entwicklung des Malm-Karstes in Südwestdeutschland</title>. — <source>Jh . geol. Landesamt Baden-Württemberg</source>, <volume>28</volume>: <fpage>297</fpage>—<lpage>362</lpage>; <other>Freiburg/Brsg</other>. 
<author><surname>WAGNER</surname>, <given-names>G</given-names></author>. (<year>1962</year>): <title>Zur Geschichte des Bodensees</title>. — <source>Jb . Ver. z. Schutze d. Alpenpflanzen u . -tiere</source>, <volume>27</volume>: <fpage>98</fpage>—<lpage>113</lpage>; <other>München /Bamberg</other>. 
<author><surname>WAGNER</surname>, <given-names>G</given-names></author>. (<year>1963</year>): <title>Danubische und rheinische Abtragung im Neckar- und im Tauberland</title>. — <source>Ber. dt. Landeskde</source>, <volume>31</volume> : <fpage>1</fpage>—<lpage>11</lpage>; <other>Trier</other>. 
<author><surname>WITTMANN</surname>, <given-names>O</given-names></author>. (<year>1962</year>): <title>Hochrhein und Oberrhein bis Karlsruhe</title>, in: <editor>QUITZOW, H. W.</editor> <other>et al.</other> (<year>1962</year>): <source>Die Entstehung des Rheintales vom Austritt des Flusses aus dem Bodensee bis zur Mündung . — Beitr. z. Rheinkde.</source>, <volume>14</volume>: <fpage>10</fpage>—<lpage>21</lpage>; <other>Koblenz</other>. 
<author><surname>ZINK</surname>, <given-names>F</given-names></author>. (<year>1940</year>): <title>Zur diluvialen Geschichte des Hochrheins und zur Alterstellung der paläolithischen Station Murg</title>.— <source>Mitt. Reichsst. Bodenforsch. Freiburg/Brsg.</source>, <volume>1</volume>: 51 S.; <other>Freiburg/Brsg</other>. 