<author><surname>BODE</surname> , <given-names>A</given-names></author>. & <author><surname>SCHROEDER</surname>, <given-names>H</given-names></author>. (<year>1926</year>): <title>Erläuterung zur Geologischen Karte von Preußen und benachbarten deutschen Landen, Blatt Goslar</title>. – 113 S.; <other>Berlin</other>.
<author><surname>BOMBIEN</surname>, <given-names>H</given-names></author>. (<year>1983</year>): <title>Untersuchungen zur petrographischen Zusammensetzung und Verteilung glaziärer, periglaziärer und ﬂuviatiler Ablagerungen des Pleistozäns zwischen Langelsheim, Bad Harzburg und Vienenburg (nördliches Harzvorland)</title>. – Dipl.-Arb. u. selbst. Geol. Kart. I. Studiengang Geol./Paläont. Fachber. Erdwiss. Univ. Hannover: 130 S., <other>Hannover</other> [unveröﬀ.].
<author><surname>BOMBIEN</surname>, <given-names>H</given-names></author>. (<year>1987</year>): <title>Geologisch-petrographische Untersuchungen zur quartären (früh-Saale-zeitlichen) Flußgeschichte im nördlichen Harzvorland</title>. – <source>Mitt. geol. Inst. Univ. Hannover</source>, <volume>26</volume>: 131 S.; <other>Hannover</other>.
<author><surname>CHRISTOFZIK</surname>, <given-names>H</given-names></author>. (<year>1983</year>): <title>Untersuchungen zur petrographischen Zusammensetzung und Verteilung glaziärer, periglaziärer und ﬂuviatiler Ablagerungen des Pleistozäns im Raum Vienenburg - Schladen (nördliches Harzvorland)</title>. – Dipl.-Arb. u. selbst. Geol. Kart. I. Studiengang Geol./Paläont. Fachber. Erdwiss. Univ. Hannover: 81 S., <other>Hannover</other>. [unveröﬀ.].
<author><surname>BÜDEL</surname>, <given-names>J</given-names></author>. (<year>1969</year>): <title>Der Eisrinden-Eﬀekt als Motor der Tiefenerosion in der exessiven Talbildungszone</title>. – <source>Würzb. Geogr. Arb.</source>, <volume>25</volume>: 41 S.; <other>Würzburg</other>.
<author><surname>DAHLGRÜN</surname>, <given-names>F</given-names></author>. (<year>1929</year>): <title>Beobachtungen über das Diluvium des Unterharzes</title>. – <source>Sitzungsber. geol. L.-Anst</source>, <volume>4</volume>: <fpage>30</fpage>-<lpage>38</lpage>; <other>Berlin</other>.
<author><surname>DUPHORN</surname>, <given-names>K</given-names></author>. (<year>1968</year>): <title>Ist der Ostharz im Pleistozän vergletschert gewesen?</title> – <source>Eiszeitalter u. Gegenwart</source>, <volume>19</volume>: <fpage>164</fpage>-<lpage>174</lpage>; <other>Öhringen/Württ</other>.
<author><surname>DUPHORN</surname>, <given-names>K</given-names></author>. (<year>1976</year>): <title>Quartär</title>. – In: <editor>HINZE, C.</editor>: <source>Geologische Karte von Niedersachsen 1:25.000, Erläuterungen zu Blatt Seesen Nr. 4127</source>: <fpage>52</fpage>-<lpage>61</lpage>; <other>Hannover</other>.
<author><surname>EISSMANN</surname>, <given-names>L</given-names></author>. (<year>1975</year>): <title>Das Quartär der Leipziger Tieﬂandsbucht und angrenzender Gebiete um Saale und Elbe – Modell einer Landschaftsentwicklung am Rand der europäischen Kontinentalvereisung</title>. – <source>Schriftr. geol. Wiss.</source>, <volume>2</volume>: 263 S.; <other>Berlin</other>.
<author><surname>EISSMANN</surname>, <given-names>L</given-names></author>. (<year>1994</year>): <title>Grundzüge der Quartärgeologie Mitteldeutschlands (Sachsen, Sachsen-Anhalt, Südbrandenburg, Thüringen)</title>. – <source>Altenburger nat. wiss. Forsch.,</source> <volume>7</volume>, <source>(DEUQUA-Tagung Leipzig 1994)</source>: <fpage>55</fpage>-<lpage>135</lpage>; <other>Altenburg</other>.
<author><surname>EISSMANN</surname>, <given-names>L</given-names></author>. (<year>1997</year>): <title>Das quartäre Eiszeitalter in Sachsen und Nordostthüringen</title>. – <source>Altenburger nat. wiss. Forsch.</source>, <volume>8</volume>: 98 S. + Beil.-Bd.; <other>Altenburg</other>.
<author><surname>ELBRACHT</surname>, <given-names>J</given-names></author>. (<year>2002</year>): <title>Karbonatische Zementation pleistzäner Lockersedimente NW-Deutschlands</title>. – Diss. Univ. Hannover: 111 S.; <other>Hannover</other>.
<author><surname>ELSNER</surname>, <given-names>H</given-names></author>. (<year>2003</year>): <title>Verbreitung und Ausbildung Ester-zeitlicher Ablagerungen zwischen Elm und Flechtinger Höhenzug</title>. – <source>Eiszeitalter u. Gegenwart</source>, <volume>52</volume>: <fpage>91</fpage>-<lpage>116</lpage>; <other>Hannover</other>.
<author><surname>FELDMANN</surname>, <given-names>L</given-names></author>. (<year>1997</year>): <title>Drenthezeitliche Eisrandlagen zwischen Harz und Allertal</title>. – <source>Z. geol. Wiss.</source>, <volume>25</volume> (<issue>1/2</issue>): <fpage>181</fpage>-<lpage>190</lpage>; <other>Berlin</other>.
<author><surname>FELDMANN</surname>, <given-names>L</given-names></author>. (<year>2002</year>): <title>Das Quartär zwischen Harz und Allertal mit einem Beitrag zur Landschaftsgeschichte im Tertiär</title>. – <source>Clausthaler Geowissenschaften</source>, <volume>1</volume>: 149 S.; <other>Clausthal-Zellerfeld</other>.
<author><surname>FELDMANN</surname>, <given-names>L</given-names></author>. & <author><surname>GROETZNER</surname>, <given-names>J.-P.</given-names></author> (<year>1998</year>): <title>Quartär im Harzvorland – Einführung in das Exkursionsgebiet</title>. – In: <editor>FELDMANN, L.</editor> & <editor>MEYER, K.-D.</editor> (Hrsg.): <source>Quartär in Niedersachsen. – Exk.-Führer DEUQUA Hannover, Exkursion B</source>: <fpage>38</fpage>-<lpage>42</lpage>; <other>Hannover</other>.
<author><surname>FELDMANN</surname>, <given-names>L</given-names></author>., <author><surname>GROETZNER</surname>, <given-names>J.-P.</given-names></author> & <author><surname>WEYMANN</surname>, <given-names>H.-J.</given-names></author> (<year>2001</year>): <title>Zur pleistozänen Geschichte des “Großen Bruch” im nördlichen Harzvorland</title>. – <source>Geol. Beitr. Hannover</source>, <volume>2</volume>: <fpage>127</fpage>-<lpage>137</lpage>; <other>Hannover</other> [Henningsen-Festschrift].
<author><surname>GROETZNER</surname>, <given-names>J.-P.</given-names></author> (<year>1998</year>): <title>Gletschertöpfe im Huy</title>. – In: <editor>FELDMANN, L.</editor> & <editor>MEYER, K.-D.</editor> (Hrsg.): <source>Quartär in Niedersachsen. – Exk.-Führer DEUQUA Hannover, Exkursion B</source>: <fpage>79</fpage>-<lpage>80</lpage>; <other>Hannover</other>.
<author><surname>GROETZNER</surname>, <given-names>J.-P.</given-names></author> & <author><surname>WEYMANN</surname>, <given-names>H.-J.</given-names></author> (<year>1998</year>): <title>Petrographie und Strukturen Saale-zeitlicher Sedimente bei Großalsleben</title>. – In: <editor>FELDMANN, L.</editor> & <editor>MEYER, K.-D.</editor> (Hrsg.): <source>Quartär in Niedersachsen. – Exk.-Führer DEUQUA Hannover, Exkursion B</source>: <fpage>75</fpage>-<lpage>78</lpage>; <other>Hannover</other>.
<author><surname>GROETZNER</surname>, <given-names>J.-P.</given-names></author> & <author><surname>WINTER</surname>, <given-names>S</given-names></author>. (<year>1998</year>): <title>Das Quartärproﬁl von Hoym</title>. – In: <editor>FELDMANN, L.</editor> & <editor>MEYER, K.-D.</editor> (Hrsg.): <source>Quartär in Niedersachsen. – Exk.-Führer DEUQUA Hannover, Exkursion B</source>: <fpage>71</fpage>-<lpage>74</lpage>; <other>Hannover</other>.
<author><surname>GRUPE</surname>, <given-names>O</given-names></author>. (<year>1921</year>): <title>Ausdehnung der ältesten (drittletzten) Vereisung in Mitteldeutschland</title>. – <source>Jb. preuß. geol. L.-Anst.</source>, <volume>42</volume>: <fpage>161</fpage>-<lpage>174</lpage>; <other>Berlin</other>.
<author><surname>HINZE</surname>, <given-names>C</given-names></author>., <author><surname>JORDAN</surname>, <given-names>H</given-names></author>., <author><surname>KNOTH</surname>, <given-names>W</given-names></author>., <author><surname>KRIEBEL</surname>, <given-names>U</given-names></author>. & <author><surname>MARTIKLOS</surname>, <given-names>G</given-names></author>. (<year>1998</year>): <title>Geologische Karte Harz 1:100.000. – 1. Kt.; Halle (GLA-LSA u. NLfB)</title>.
<author><surname>HOFFMANN</surname>, <given-names>K</given-names></author>. & <author><surname>MEYER</surname>, <given-names>K.-D.</given-names></author> (<year>1997</year>): <title>Leitgeschiebezählungen von elster- und saalezeitlichen Ablagerungen aus Sachsen, Sachsen-Anhalt und dem östlichen Niedersachsen</title>. <source>Leipziger Geowiss.</source>, <volume>5</volume>: <fpage>115</fpage>-<lpage>128</lpage>; <other>Leipzig</other> [Eißmann-Festschrift].
<author><surname>HÖFLE</surname>, <given-names>H.-Ch.</given-names></author> (<year>1991</year>): <title>Über die innere Struktur und die stratigraphische Stellung mehrerer Endmoränenwälle im Bereich der Nordheide bis östlich Lüneburg</title>. – <source>Geol. Jb., A</source> <volume>126</volume>: <fpage>151</fpage>-<lpage>169</lpage>; <other>Hannover</other>.
<author><surname>JORDAN</surname>, <given-names>H</given-names></author>. (<year>1995</year>): <title>Quartäre Tektonik und Gipskarst am Südharz, Niedersachsen</title>. – <source>Beitr. z. Geol. v. Thüringen, N. F.</source>, <volume>2</volume>: <fpage>75</fpage>-<lpage>96</lpage>; <other>Jena</other>.
<author><surname>KALTWANG</surname>, <given-names>J</given-names></author>. (<year>1992</year>): <title>Die pleistozäne Vereisungsgrenze im südlichen Niedersachsen und im östlichen Westfalen</title>. – <source>Mitt. geol. Inst. Univ. Hannover</source>, <volume>33</volume>: 161 S.; <other>Hannover</other>.
<author><surname>KNOTH</surname>, <given-names>W</given-names></author>. (<year>1964</year>): <title>Zur Kenntnis der pleistozänen Mittelterrassen der Saale und Mulde nördlich Halle</title>. – <source>Geologie</source>, <volume>13</volume>: <fpage>599</fpage>-<lpage>616</lpage>; <other>Berlin</other>.
<author><surname>KNOTH</surname>, <given-names>W</given-names></author>. (<year>1995</year>): <title>Sachsen-Anhalt</title>. – In: <editor>BENDA, L.</editor> (Hrsg): <source>Das Quartär Deutschlands</source>: <fpage>148</fpage>-<lpage>170</lpage>; <other>Berlin</other>.
<author><surname>KOENIGSWALD</surname>, <given-names>W. von</given-names></author> (<year>1972</year>): <title>Sudmerberg-2, eine Fauna des frühen Mittelpleistozäns aus dem Harz</title>. – <source>N. Jb. Geol. Paläont., Abh.</source>, <volume>141</volume>, (<issue>2</issue>): <fpage>194</fpage>-<lpage>221</lpage>; <other>Stuttgart</other>.
<author><surname>KOENIGSWALD</surname>, <given-names>W. von</given-names></author> & <author><surname>HEINRICH</surname>, <given-names>W.-D.</given-names></author> (<year>1998</year>): <title>Säugetierstratigraphische Gliederung im Mittelpleistozäns in Korrelation zu den nordischen Verisungen</title>. – In: <editor>FELDMANN, L.</editor>, <editor>BENDA, L.</editor> & <editor>LOOK, E.-R.</editor> (Hrsg.): <source>50 Jahre DEUQUA, 50 Jahre Forschung in Eiszeitalter und Gegenwart. – Kurzfass. Vorträge u. Poster, DEUQUA-Tagung Hannover</source> <volume>1998</volume>: <fpage>37</fpage>-<lpage>38</lpage>; <other>Hannover</other>.
<author><surname>LOOK</surname>, <given-names>E.-R.</given-names></author> (<year>1984</year>): <title>Geologische Wanderkarte 1:100.000</title>. – <other>Hannover</other> (NLfB).
<author><surname>LUDWIG</surname>, <given-names>A</given-names></author>. (<year>1958</year>): <title>Beobachtungen im Pleistozän des nordöstlichen Harzvorlandes</title>. – <source>Geologie</source>, <volume>7</volume>: <fpage>769</fpage>-<lpage>793</lpage>; <other>Berlin</other>.
<author><surname>LÜTTIG</surname>, <given-names>G</given-names></author>. (<year>1954</year>): <title>Alt- und mittelpleistozäne Eisrandlagen zwischen Harz und Weser</title>. – <source>Geol. Jb.</source>, <volume>70</volume>: <fpage>43</fpage>-<lpage>125</lpage>; <other>Hannover</other>.
<author><surname>LÜTTIG</surname>, <given-names>G</given-names></author>. (<year>1958</year>): <title>Heisterbergphase und Vollgliederung des Drenthe-Stadiums</title>. – <source>Geol. Jb.</source>, <volume>75</volume>: <fpage>419</fpage>-<lpage>430</lpage>; <other>Hannover</other>.
<author><surname>LÜTTIG</surname>, <given-names>G</given-names></author>. (<year>1960</year>): <title>Neue Ergebnisse quartär-geologischer Forschung im Raume Alfeld-Hameln-Elze</title>. – <source>Geol. Jb.</source>, <volume>77</volume>: <fpage>337</fpage>-<lpage>390</lpage>; <other>Hannover</other>.
<author><surname>LÜTTIG</surname>, <given-names>G</given-names></author>. (<year>1964</year>): <title>Prinzipielles zur Quartär-Stratigraphie</title>. – <source>Geol. Jb.</source>, <volume>82</volume>:<fpage>177</fpage>-<lpage>202</lpage>; <other>Hannover</other>.
<author><surname>MANIA</surname>, <given-names>D</given-names></author>. (<year>1967</year>): <title>Das Quartär der Ascherslebener Depression im Harzvorland</title>. – <source>Hercynia</source>, <volume>4</volume>: <fpage>51</fpage>-<lpage>82</lpage>; <other>Leipzig</other>.
<author><surname>MARRIOTT</surname>, <given-names>S. B.</given-names></author> (<year>1999</year>): <title>The use of models in the interpretation of the eﬀects of base-level change on alluvial architecture</title>. – <source>Spec. Pupl. int. Ass. Sediment.</source>, <volume>28</volume>: <fpage>271</fpage>-<lpage>281</lpage> [Ort unbekannt].
<author><surname>PAUL</surname>, <given-names>J</given-names></author>. (<year>1993</year>): <title>Anatomie und Entwicklung eines permo-triassischen Hochgebietes: die Eichsfeld-Altmark-Schwelle</title>. – <source>Geol. Jb., A</source> <volume>131</volume>: <fpage>197</fpage>-<lpage>218</lpage>; <other>Hannover</other>.
<author><surname>PILGER</surname>, <given-names>A</given-names></author>. (<year>1991</year>) <other>mit Beiträgen von</other> <author><surname>MOCHA</surname>, <given-names>P</given-names></author>., <author><surname>PETZOLD</surname>, <given-names>B</given-names></author>. & <author><surname>RÖSLER</surname>, <given-names>A</given-names></author>.: <title>Die nordischen Gletscher am nordwestlichen Harzrand und ihre Stauseen</title>. – <source>Clausthaler geol. Abh.</source>, <volume>48</volume>: 159 S.; <other>Köln</other>.
<author><surname>PREUL</surname>, <given-names>F</given-names></author>. (<year>1968</year>): <title>Die Subrosion am Salzstock von Salzgitter-Lebenstedt</title>. – <source>Geol. Jb.</source>, <volume>85</volume>: <fpage>809</fpage>-<lpage>816</lpage>; <other>Hannover</other>.
<author><surname>RAUSCH</surname>, <given-names>M</given-names></author>. (<year>1977</year>): <title>Fluß-, Schmelzwasser- und Soliﬂuktionsablagerungen im Terrassengebiet der Leine und Innerste - ein Beitrag zur pleistozänen Flußgeschichte Südniedersachsens</title>. – <source>Mitt. geol. Inst. Univ. Hannover</source>, <volume>14</volume>: 84 S.; <other>Hannover</other>.
<author><surname>ROHDENBURG</surname>, <given-names>H</given-names></author>. & <author><surname>MEYER</surname>, <given-names>B</given-names></author>. (<year>1966</year>): <title>Zur Feinstratigraphie und Paläopedologie des Jungpleistozäns nach Untersuchungen an südniedersächsischen und nordhessischen Lößproﬁlen</title>. – <source>Mitt. dt. bodenkdl. Ges.</source>, <volume>5</volume>: <fpage>1</fpage>-<lpage>135</lpage>; <other>Göttingen</other>.
<author><surname>ROSENBERGER</surname>, <given-names>G</given-names></author>. & <author><surname>ALTERMANN</surname>, <given-names>M</given-names></author>. (<year>1975</year>): <title>Ein Pleistozänproﬁl aus dem nördlichen Harzvorland</title>. – <source>Z. geol. Wiss.</source>, <volume>3</volume>: <fpage>1617</fpage>-<lpage>1621</lpage>; <other>Berlin</other>.
<author><surname>RUSKE</surname>, <given-names>R</given-names></author>. (<year>1963</year>): <title>Zur Entstehung des Gewässernetzes in der Umgebung von Halle/Saale</title>. – <source>Hercynia. N. F.</source>, <volume>1</volume>: <fpage>40</fpage>-<lpage>50</lpage>; <other>Leipzig</other>.
<author><surname>RUSKE</surname>, <given-names>R</given-names></author>. (<year>1964</year>): <title>Das Pleistozän zwischen Halle (a.d.S.), Bernburg und Dessau</title>. – <source>Geologie</source>, <volume>13</volume>: <fpage>570</fpage>-<lpage>597</lpage>; <other>Berlin</other>.
<author><surname>RUSKE</surname>, <given-names>R</given-names></author>. (<year>1965</year>): <title>Zur Gliederung der Holstein- und Saalezeit im östlichen Harzvorland</title>. – <source>Eiszeitalter u. Gegenwart</source>, <volume>16</volume>: <fpage>88</fpage>-<lpage>96</lpage>;<other>Öhringen/Württ</other>.
<author><surname>SCHROEDER</surname>, <given-names>H</given-names></author>. (<year>1919</year>): <title>Süßwasserkalke, Hercynschotter und Glazialbildungen am Huy und Fallstein</title>. – <source>Jb. preuß. geol. L.-Anst.</source>, <volume>40</volume> (<issue>2</issue>): <fpage>1</fpage>-<lpage>45</lpage>; <other>Berlin</other> [<year>1922</year>].
<author><surname>SCHROEDER</surname>, <given-names>H</given-names></author>. (<year>1930</year>): <title>Geologische Übersichtskarte der subherzynen Kreidemulde 1:100.000. – 1 Kt.</title>; <other>Berlin</other>.
<author><surname>SPREITZER</surname>, <given-names>H</given-names></author>. (<year>1931</year>): <title>Die Talgeschichte und Oberﬂächengestaltung im Flußgebiet der Innerste</title>. – <source>Jb. geogr. Ges. Hannover</source>, <volume>1931</volume>: 115 S.; <other>Hannover</other>.
<author><surname>STEINER</surname>, <given-names>W</given-names></author>. (<year>1957</year>): <title>Spuren der Eiszeit im Huy</title>.- <source>Wissen u. Leben</source>, <volume>12</volume>: <fpage>923</fpage>-<lpage>925</lpage>; <other>Stuttgart</other>.
<author><surname>TRAUPE</surname>, <given-names>J</given-names></author>. (<year>1990</year>): <title>Hydrogeologische und ingenieurgeologische Untersuchungen der Deponie Leinde der Stahlwerke Peine-Salzgitter AG bei Leinde, Südost-Niedersachsen</title>. – Dipl.-Arb. TU Clausthal: 104 S., 133 Anl.; <other>Clausthal-Zellerfeld</other> [unveröﬀ.].
<author><surname>URBAN</surname>, <given-names>B</given-names></author>. (<year>1991</year>): <title>Zusammenfassung biostratigraphischer Ergebnisse holstein- und saalezeitlicher Vorkommen im Tagebau Schöningen, Ldkrs. Helmstedt</title>. – <source>Sonderveröﬀ. geol. Inst. Univ. Köln</source>, <volume>82</volume>: <fpage>329</fpage>-<lpage>342</lpage>; <other>Köln</other>.
<author><surname>VANDENBERGHE</surname>, <given-names>J</given-names></author>. (<year>1993</year>): <title>Changing ﬂuvial processes under changing periglacial conditions</title>. – <source>Z. f. Geomorph N. F., Suppl.-Bd.</source> <volume>88</volume>: <fpage>17</fpage>-<lpage>28</lpage>; <other>Berlin, Stuttgart</other>.
<author><surname>WAGENBRETH</surname>, <given-names>O</given-names></author>. (<year>1970</year>): <title>Beobachtungen und Probleme im Quartär des Salzsattels von Staßfurt – Egeln – Oschersleben und seiner Randsenken</title>. – <source>Geologie</source>, <volume>19</volume>: <fpage>412</fpage>-<lpage>433</lpage>; <other>Berlin</other>.
<author><surname>WEISSERMEL</surname>, <given-names>W</given-names></author>. (<year>1926</year>): <title>Erläuterungen zur Geologischen Karte von Preußen und benachbarten deutschen Ländern, Bl. Wegeleben</title>. – 54 S.; <other>Berlin</other>.
<author><surname>WEISSERMEL</surname>, <given-names>W</given-names></author>. (<year>1930</year>): <title>Zur Stratigraphie und Tektonik des östlichen Teiles der Subhercynen Mulde und ihrer nordöstlichen Nachbargebiete: I. Das Diluvium und seine Stellung im norddeutschen Gesamtdiluvium</title>. – <source>Abh. preuß. geol. L.-Anst., N.F.</source>, <volume>125</volume>: 93 S.; <other>Berlin</other>.
<author><surname>WEISSERMEL</surname>, <given-names>W</given-names></author>., <author><surname>GRUPE</surname>, <given-names>O</given-names></author>., <author><surname>DAHLGRÜN</surname>, <given-names>F</given-names></author>. & <author><surname>SCHRIEL</surname>, <given-names>W</given-names></author>. (<year>1932</year>): <title>Zum Problem des Harzranddiluviums</title>. – <source>Z. dt. geol. Ges.</source>, <volume>84</volume>: <fpage>173</fpage>-<lpage>192</lpage>; <other>Berlin</other>.
<author><surname>WEYMANN</surname>,<given-names> H.-J.</given-names></author> (<year>2004</year>): <title>Die mittelpleistozäne Flußentwicklung im nordöstlichen Harzvorland – Petrographie, Terrassenstratigraphie</title>. – <source>Geol. Beitr. Hannover</source>, <volume>6</volume>: 116 S.; <other>Hannover</other>. 
<author><surname>WOLDSTEDT</surname>, <given-names>P</given-names></author>. (<year>1928</year>): <title>Über eine Innerste-Terrasse zwischen Derneburg und Broistedt</title>. – <source>Jber. niedersächs. geol. Ver.</source>, <volume>21</volume>: <fpage>1</fpage>-<lpage>9</lpage>; <other>Hannover</other>.