<author><surname>BAKELESS</surname>, <given-names>J</given-names></author>.: <title>The Eyes of Discovery. The pageant of North America as seen by the first explorers</title> (<other>Übersetzung</other>: „<title>Schimmernde Berge und weite Prärien</title>" von <other>H. G. SOMMERWERCK, G. STALLING, Oldenburg i. Oldbg.</other>). 
<author><surname>HAARNAGEL</surname>, <given-names>W</given-names></author>.: <title>Die spätbronze-früheisenzeitliche Gehöftsiedlung Jemgum bei Leer auf dem linken Ufer der Ems</title>. - <source>Die Kunde, Mitt. nieders. Landesver. Urgesch. N.F.</source> <volume>8</volume>, S. <fpage>2</fpage>-<lpage>44</lpage>, <other>Hannover</other> <year>1957</year>. 
<author><surname>HEMPEL</surname>, <given-names>Ludwig</given-names></author>: <title>Über Alter und Herkunftsgebiet von Auelehmen im Leinetal</title>. - <source>E. u. G.</source> <volume>7</volume>, S. <fpage>35</fpage>-<lpage>42</lpage>, <year>1956</year>.
<author><surname>HÖVERMANN</surname>, <given-names>J</given-names></author>.: <title>Studien über die Genesis der Formen im Talgrund südhannoverscher Flüsse</title>. - <source>Nachr. Akad. Wissensch. Göttingen, math.-phys. Kl. IIb</source>, S. <fpage>1</fpage>-<lpage>14</lpage>, <year>1953</year>. 
<author><surname>JAKOB</surname>, <given-names>H</given-names></author>.: <title>Zur Datierung des „Rannenhorizontes" und der sog. „Pfahlbauten" im Main-Regnitz-Gebiet um Bamberg</title>. - <source>Ber. natf. Ges. Bamberg</source> <volume>35</volume>, S. <fpage>1</fpage>-<lpage>20</lpage>, <year>1956</year>. 
<author><surname>MENSCHING</surname>, <given-names>H</given-names></author>.: <title>Die Entstehung der Auelehmdecken in Nordwestdeutschland</title>. - <source>Proceed. III. Intern. Congr. Sedimentology</source>, <other>Groningen-Wageningen</other>, <year>1951</year>. 
<author><surname>MÜLLER</surname>, <given-names>H</given-names></author>.: <title>Ein Beitrag zur holozänen Emstalentwicklung zwischen Meppen und Dörpen auf Grund von pollenanalytischen Untersuchungen</title>. - <source>Geol. Jb.</source> <volume>71</volume>, S. <fpage>491</fpage>-<lpage>504</lpage>, <other>Hann.</other> <year>1956</year>. 
<author><surname>NATERMANN</surname>, <given-names>E</given-names></author>.: <title>Zur Geologie der Wesermarsch oberhalb Achim</title>. - <source>Abh. natw. Ver. Bremen</source> <volume>31</volume>, S. <fpage>154</fpage>-<lpage>167</lpage>, <year>1939/40</year>. 
<author><surname>NIETSCH</surname>, <given-names>H</given-names></author>.: <title>Zur spät- und nacheiszeitlichen Entwicklung einiger Flußtäler im nordwestlichen Deutschland</title>. - <source>Z. deutsch, geol. Ges.</source> <volume>104</volume>, S. <fpage>29</fpage>-<lpage>40</lpage>, <other>Hannover</other> <year>1952</year>. 
<author><surname>NIETSCH</surname>, <given-names>H</given-names></author>.: <title>Hochwasser, Auenlehm und vorgeschichtliche Siedlung</title>. - <source>Erdkunde</source> <volume>9</volume>, S. <fpage>20</fpage>-<lpage>39</lpage>, <other>Bonn</other> <year>1955</year> (a). 
<author><surname>NIETSCH</surname>, <given-names>H</given-names></author>.: <title>Untersuchungen über die jüngere Talgeschichte der Weser bei Schlüsselburg und das Alter des Niederterrassenlehms bei Stolzenau</title>. - <source>Jb. geogr. Ges. Hannover für 1954 und 1955</source>, S. <fpage>19</fpage>-<lpage>28</lpage>, <other>Hannover</other> <year>1955</year>. (b) 
<author><surname>NIETSCH</surname>, <given-names>H</given-names></author>.: <title>Pollenanalytischer Beitrag zur Geschichte der Wesermarsch bei Bremen</title>. - <source>Die Kunde N . F.</source> <volume>9</volume> (1958), S. <fpage>72</fpage>-<lpage>83</lpage>, <other>Hannover</other> <year>1959</year>. 
<author><surname>NORDENSKIÖLD</surname>, <given-names>A. E. Frh. VON</given-names></author>: <title>Die Umsegelung Asiens und Europas auf der Vega</title>. - <source>Reisen und Abenteuer</source> <volume>9</volume>, <other>Leipzig</other> (<publisher>F. A. Brockhaus</publisher>) <year>1921</year>. 
<author><surname>OVERBECK</surname>, <given-names>F</given-names></author>. & <author><surname>SCHMITZ</surname>, <given-names>H</given-names></author>.: <title>Zur Geschichte der Moore, Marschen und Wälder Nordwestdeutschlands. I.</title> - <source>Mitt. Prov. St. Naturdenkmalpfl. Hannover</source> <volume>3</volume>, S. <fpage>1</fpage>-<lpage>179</lpage>, <year>1931</year>. 
<author><surname>SCHÜTTE</surname>, <given-names>H</given-names></author>.: <title>Sinkendes Land an der Nordsee</title>. - <source>Schr, dtsch. Natkdever. N . F.</source> <volume>9</volume>, <year>1939</year>. 