<author><surname>DUBOIS</surname>, <given-names>A</given-names></author>. & <author><surname>STEHLIN</surname>, <given-names>H. G.</given-names></author>: <title>La grotte de Cotencher, station moustérienne</title>. - <source>Mém. Soc. Paléont. Suisse</source>, vol. <volume>52 / 53</volume> , <other>Bâle</other> <year>1933</year>. 
<other>EHRENBERG, K .</other> in: <editor>ABEL</editor> & <editor>KYRLE</editor>, <other>etc</other>.: <title>Die Drachenhöhle bei Mixnitz</title>. - <source>Speläologische Monographien</source>, Bd.<volume> 7/8</volume>, <year>1931</year>. 
<author><surname>FRIANT</surname>, <given-names>M</given-names></author>.: <title>Contribution à l'étude de la différenciation des dents jugales chez les Mammifères</title>, <year>1933</year>. 
<author><surname>KOBY</surname>, <given-names>F.-Ed.</given-names></author>: <title>La dentition lactéale d'Ursus spelaeus</title>. - <source> Rev. Suisse Zool., T</source>. <volume>59</volume> , No. <issue>27</issue>, <year>1952</year>. 
<author><surname>KORMOS</surname>, <given-names>Th</given-names></author>.: <title>Die Felsnische Pilisszánto</title>. - <source>Mitt. Jahrb. Kgl. ungar. Geol. Reichsanst.</source> <volume>23</volume>, <other>Budapest</other> <year>1916</year>. 
<author><surname>MOTTL</surname>, <given-names>M</given-names></author>.: <title>Über Stamm- und Artmerkmale der Bären</title>. - <source>Ung. Geol. Ges.</source> <volume>21</volume>, <issue>II</issue>, <other>Budapest</other> <year>1934</year>. 
<author><surname>MOTTL</surname>, <given-names>M</given-names></author>.: <title>Subalyuk-Höhle bei Cserepfalu</title>. - <source>Geol. Hung., Ser. Palaeont., fasc.</source> <volume>14</volume>, <other>Budapest</other> <year>1939</year>. 
<author><surname>NORDMANN</surname>, <given-names>A. v.</given-names></author>: <title>Palaeontologie Südrußlands</title>. - <other>Helsingfors</other> <year>1858</year>. 
<author><surname>OWEN</surname>, <given-names>R</given-names></author>.: <title>A History of British Fossil Mammals and Birds</title>. - <other>London</other> <year>1846</year>. 
<author><surname>POHLE</surname>, <given-names>H</given-names></author>.: <title>Über den Zahnwechsel der Bären</title>. - <source>Zool. Anz.</source> <volume>55</volume> , <other>Leipzig</other> <year>1923</year>. 
<author><surname>REYNOLDS</surname>, <given-names>S</given-names></author>.: <title>The Bears</title> — <source>A Monograph of the British Pleistocene Mammalia</source>, vol. <volume>II</volume>, Part. <issue>II</issue> , <other>London</other> <year>1906</year>. 
<author><surname>ROSKA</surname>, <given-names>M</given-names></author>.: <title>Traces de l'homme diluvien dans la caverne "Cholnoky" à Csoklovina</title>. - <source>Dolgozatok az Erdélyi nemzeti Muzéum Ėrem — ás Régiségtárábol</source>, <volume>3</volume> , <issue>2</issue>, <other>Kolozsvar</other> <year>1912</year>. 
<author><surname>SCHLOSSER</surname>, <given-names>M</given-names></author>.: <title>Die Bären- oder Tischoferhöhle im Kaisertal bei Kufstein</title>. - <source>Abh. kgl. Bayer. Akad. d. Wiss., math.-phys. KL</source>, <volume>24</volume>, <issue>2</issue>, <other>München</other> <year>1909</year>. 
<author><surname>SIMIONESCU</surname>, <given-names>I</given-names></author>: <title> Ursus spelaeus BLUMB. din peştera Cioclovina (Hunedoara)</title>. -<source> Ann. Acad. Rom.; Mem. Sect. St., Ser. III, t. 17, Mem. 7</source>, <other>Bucureşti</other> <year>1942</year>. 
<author><surname>SOERGEL</surname>, <given-names>W</given-names></author>.: <title>Der Bär von Süssenborn</title>. - <source>N.Jahrb. Min. Geol. u. Pal. 54BB, Abt. B.</source>, <other>Stuttgart</other> <year>1926</year>. 
<author><surname>SPAHNI</surname>, <given-names>J.-Chr.</given-names></author>: <title>Méthode graphique appliquée à l'étude de la variabilité des dents de quelques Ursidés</title>. - <source>Eclogae Geol. Helv.</source> <volume>48</volume>, <issue>2</issue>, <other>Basel</other> <year>1955</year>.