<author><surname>BARTELS</surname>, <given-names>G</given-names></author>. (<year>1973</year>): <title>Jahreszeitlich bedingte Strukturböden auf den Kanaren</title>. — <source>Die Erde</source>, <volume>104</volume> ( <issue>3 — 4</issue> ) : <fpage>314</fpage>—<lpage>319</lpage>; <other>Berlin</other>. 
<author><surname>FISCHER</surname>, <given-names>K</given-names></author>. (<year>1970</year>): <title>Frostmusterböden in den Dolomiten</title>. — <source>Der Schlern</source>, <volume>44</volume>: <fpage>136</fpage>—<lpage>142</lpage>; <other>Bozen</other>. 
<author><surname>KINZL</surname>, <given-names>H</given-names></author>. (<year>1928</year>): <title>Beobachtungen über Strukturböden in den Ostalpen</title>. — <source>Pet. Mitt.</source>, <volume>74</volume>: <fpage>261</fpage>—<lpage>265</lpage>; <other>Gotha</other>. 
<author><surname>MEINARDUS</surname>, <given-names>W</given-names></author> . (<year>1912</year>): <title>Beobachtungen über Detritussortierung und Strukturböden auf Spitzbergen</title>. — <source>Z. Ges. Erdkde.</source>: <fpage>250</fpage>—<lpage>259</lpage>; <other>Berlin</other>. 
<author><surname>ROHDENBURG</surname>, <given-names>H</given-names></author>. & <author><surname>WALTHER</surname>, <given-names>D</given-names></author>. (<year>1968</year>): <title>Rezente Strukturböden in Gießen</title>. — <source>Eiszeitalter u. Gegenwart</source>, <volume>19</volume>: <fpage>279</fpage>—<lpage>282</lpage>; <other>Öhringen/Württ</other>. 
<author><surname>STINGL</surname>, <given-names>H</given-names></author>. (<year>1971</year>): <title>Zur Verteilung von Groß- und Miniaturformen von Strukturböden in den Ostalpen</title>. — <source>Nachr. Akad. Wiss. Göttingen II. Math.-Physikal. Kl.</source>, <volume>2</volume>: <fpage>25</fpage> — <lpage>40</lpage> ; <other>Göttingen</other>. 
<author><surname>STINGL</surname>, <given-names>H</given-names></author>., <author><surname>HERRMANN</surname>, <given-names>R</given-names></author>. (<year>1976</year>): <title>Untersuchungen zum Strukturbodenproblem auf Island. Geländebeobachtungen und statistische Auswertung</title>. — <source>Z. Geomorph. N. F.</source>, <volume>20</volume> ( <issue>2</issue> ) : <fpage>205</fpage>—<lpage>226</lpage>; <other>Berlin</other>. 
<author><surname>VORNDRAN</surname>, <given-names>G</given-names></author>. (<year>1972</year>): <title>Kryopedologische Untersuchungen mit Hilfe von Bodentemperaturmessungen</title>. — <source>Münchener Geogr. Abh.</source>, <volume>6</volume>: 70 S.; <other>München</other>. 
<author><surname>WASHBURN</surname>, <given-names>A. L.</given-names></author>, <author><surname>SMITH</surname>, <given-names>D</given-names></author>. & <author><surname>GODDARD</surname>, <given-names>R</given-names></author>. (<year>1963</year>): <title>Frost cracking in a middle-latitude climate</title>. — <source>Biuletyn Periglacjalny</source>, <volume>12</volume>: <fpage>175</fpage>—<lpage>189</lpage>; <other>Lodz</other>. 