<author><surname>AHLMANN</surname>, <given-names>H. W:SON</given-names></author> , <author><surname>CALDENIUS</surname>, <given-names>C</given-names></author>, & <author><surname>SANDEGREN</surname>, <given-names>R</given-names></author>. ( <year>1912</year> ) : <title>Quaternary History of the Ragunda Region in Jämtland. Preliminary Report (Pls. 5-6).</title> - <source>GFF</source> <volume>34</volume>, S. <fpage>343</fpage>-<lpage>364</lpage>.
<author><surname>BORELL</surname>, <given-names>R</given-names></author>., & <author><given-names>J</given-names>. <surname>OFFERBERG</surname></author> (<year>1955</year>): <title>Geokronologiska undersökningar inom Indalsälvens dalgång mellan Bergeforsen och Ragunda</title>. - <other>SGU, Ser. Ca.</other> <volume>31</volume>, <issue>4</issue>°. 
<author><surname>CALDENIUS</surname>, <given-names>C, C:ZON</given-names></author> (<year>1913</year>): <title>Inlandsisens recession mellan Bispgården och Stugun i Indalsälvens dalgång i Jämtland</title>. - <source>GFF</source> <volume>35</volume>, S. <fpage>311</fpage>-<lpage>328</lpage>, <fpage>343</fpage>-<lpage>359</lpage>. 
<author><surname>CALDENIUS</surname>, <given-names>C, C:ZON</given-names></author> (<year>1924</year>): <title>Ragundasjöns stratigrafi och geomorfologi</title>. - <other>SGU, Ser. Ca</other> <volume>12</volume>. <issue>4</issue>°. 
<author><surname>DE GEER</surname> , <given-names>E. H.</given-names></author> (<year>1953</year>): <title>La varve Zéro et les drainages successifs finaux du grand lac de barrage Central du Jämtland</title>. - <source>Cahiers Géologiques</source> <volume>20</volume> , S. <fpage>171</fpage>-<lpage>184</lpage>, <other>Thoiry</other>. 
<author><surname>DE GEER</surname> , <given-names>E. H.</given-names></author> (<year>1957</year>): <title>Old an new datings of Swedish ice lakes</title>. - <source>GFF</source> <volume>79</volume>, S. <fpage>93</fpage>-<lpage>100</lpage>. 
<author><surname>DE GEER</surname> , <given-names>G</given-names></author>. (<year>1910</year>): <title>Quaternary sea-bottoms in Western Sweden</title>. - <source>GFF</source> <volume>32</volume> , S. <fpage>1139</fpage>-<lpage>1195</lpage>. 
<author><surname>DE GEER</surname> , <given-names>G</given-names></author>. (<year>1911</year>): <title>Om den senkvartära tidens indelning</title>. - <source>GFF</source> <volume>33</volume> , S. <fpage>463</fpage>-<lpage>470</lpage>. 
<author><surname>DE GEER</surname> , <given-names>G</given-names></author>. (<year>1912</year>): <title>A Geochronology of the last 12000 years</title>. - <source>Int. Geol. Congr. Stockholm, C. R. 1</source>. 
<author><surname>DE GEER</surname> , <given-names>G</given-names></author>. (<year>1940</year>): <title>Geochronologia Suecica, Principles</title>. - <source>K. Sv. Vet. Ak. Handl., Ser. 3</source>, Bd. <volume>18</volume> , No. <issue>6</issue>. 
<author><surname>HÖGBOM</surname>, <given-names>A. G</given-names></author>. (<year>1909</year>): <title>Quartärgeologische Studien im mittleren Norrland</title>. - <source>GFF</source> <volume>31</volume> , S. <fpage>577</fpage>-<lpage>628</lpage>. 
<author><surname>NILSSON</surname>, <given-names>TAGE</given-names></author> (<year>1959</year>a): <title>Aktuella utvecklingslinjer inom svensk allmän kvartärgeologi</title>. - <source>GFF</source> <volume>81</volume> , S. <fpage>127</fpage>-<lpage>138</lpage>. 
<author><surname>NILSSON</surname>, <given-names>TAGE</given-names></author> (<year>1959</year>b): <title>Aktuelle Entwicklungslinien in der schwedischen Quartärgeologie</title>. - <source>Eiszeitalter und Gegenwart</source> <volume>10</volume> , S. <fpage>10</fpage>-<lpage>20</lpage>. 