<author><surname>Arrighi</surname>, <given-names>G</given-names></author>. <year>1974</year>: <title>Multinationale Konzerne, Arbeiteraristokratien und ökonomische Entwicklung in Schwarzafrika</title>. — Pp. <fpage>221</fpage>—<lpage>275</lpage> in: <editor>D. Senghaas</editor> (Hrsg.): <source>Peripherer Kapitalismus</source>. — <other>Frankfurt/ Main</other>. — <source>Edition Suhrkamp</source>. <volume>652</volume>.
<author><surname>Azarya</surname>, <given-names>V</given-names></author>. <year>1978</year>: <title>Aristocrats Facing Change: The Fulbe in Guinea, Nigeria and Cameroon</title>. — <other>Chicago</other>.
<author><surname>Barbier</surname>, <given-names>J. C.</given-names></author>, <author><given-names>G</given-names>. <surname>Courade</surname></author> & <author><given-names>P</given-names>. <surname>Gubry</surname></author> <year>1978</year>: <title>L’exode rural au Cameroun</title>. — <other>Yaoundé</other>. — <source>ONAREST — ISH, Travaux et Documents de l’Institut des Sciences Humaines</source>. <volume>11</volume>.
<author><surname>Bassoror</surname>, <given-names>A</given-names></author>. & <author><given-names>E</given-names>. <surname>Mohammadou</surname></author> <year>1977</year>: <title>Histoire de Garoua. Cite Peul du XIXe Siede</title>. — <other>Yaounde</other>. 
<author><surname>Bromley</surname>, <given-names>R</given-names></author>. <year>1978</year>: <title>Introduction — The Urban Informal Sector: Why Is it Worth Discussing?</title> — <source>World Development</source>. <volume>6</volume> (<year>1978</year>), pp. <fpage>1033</fpage>—<lpage>1039</lpage>.
<author><surname>Clignet</surname>, <given-names>R</given-names></author>. <year>1976</year>: <title>The Africanization of the Labor Market. Educational and Occupational Segmentations in the Cameroons</title>. — <other>Berkeley</other>.
<author><surname>Darkoh</surname>, <given-names>M. B. K.</given-names></author> <year>1977</year>: <title>Growth Poles and Growth Centers with Special Reference to Developing Countries — a Critique</title>. — <source>The Journal of Tropical Geography</source>. <volume>44</volume> (<year>1977</year>), pp. <fpage>12</fpage> — <lpage>22</lpage>.
<author><surname>Erickson</surname>, <given-names>R. A.</given-names></author> <year>1977</year>: <title>Sub-regional impact multipliers: income spread effects from a major defense installation</title>. — <source>Economic Geography</source>. <volume>53</volume> (<year>1977</year>), pp. <fpage>283</fpage>—<lpage>294</lpage>.
<author><surname>Gana</surname>, <given-names>J. A.</given-names></author> <year>1978</year>: <title>The regional development process: A critique and case study from Northern Nigeria</title>. — <source>Geo Journal</source>. <volume>2</volume> (<year>1978</year>), pp. <fpage>419</fpage>—<lpage>428</lpage>.
<author><surname>Hedrich</surname>, <given-names>M</given-names></author>. <other>et al.</other> <year>1976</year>: <title>Chances et conditions d’un renforcement des exportations industrielles des états ACP sur le marché de la CEE: L’exemple du Cameroun</title>. — <other>Berlin</other>.
<author><surname>Hetzel</surname>, <given-names>W</given-names></author>. <year>1980</year>: <title>Ngaoundere — Wissenschaftlicher Bericht über Feldforschungen in Kamerun vom 15.7 bis 22.9.1978</title>. — <source>Afrika-Informationen, Forschungsberichte deutscher Geographen</source>. <year>1980</year>/<issue>3</issue>, pp. <fpage>1</fpage> — <lpage>14</lpage>.
<author><surname>Hirschman</surname>, <given-names>A. O.</given-names></author> <year>1967</year>: <title>Die Strategie der wirtschaftlichen Entwicklung</title>. — <other>Stuttgart</other>.
<author><surname>Illy</surname>, <given-names>H. F.</given-names></author> <year>1976</year>: <title>Politik und Wirtschaft in Kamerun. Bedingungen, Ziele und Strategien der staatlichen Entwicklungspolitik</title>. — <other>München</other>. — <editor>Arnold-Bergstraesser-Institut</editor>, <source>Materialien zu Entwicklung und Politik</source>. <volume>10</volume>.
<author><surname>Kliest</surname>, <given-names>T. J.</given-names></author> & <author><given-names>H. R.</given-names> <surname>Scheffer</surname></author> <year>1981</year>: <title>John Turner’s theory of intra-urban mobility and African reality. Examples from East and West Africa</title>. — <source>Tijdschrift vor economische en sociale Geografie</source>. <volume>72</volume> (<year>1981</year>), pp. <fpage>258</fpage>-<lpage>265</lpage>.
<author><surname>Krämer</surname>, <given-names>H. R.</given-names></author> <year>1978</year>: <title>Rechtliche Regelungen mit Einfluß auf die industrielle Entwicklung in afrikanischen Staaten — Das Beispiel Kamerun</title>. — <source>Die Weltwirtschaft</source>. <year>1978</year>/<issue>1</issue>, pp. <fpage>144</fpage>—<lpage>158</lpage>.
<author><surname>Lux</surname>, <given-names>A</given-names></author>. <year>1973</year>: <title>Gift Exchange and Income Redistribution Between Yombe Rural Wage Earners and Kinsfolk in Western Zaire</title>. — <source>Africa</source>. <volume>42</volume> (<year>1973</year>), pp. <fpage>173</fpage>—<lpage>191</lpage>.
<author><surname>Marguerat</surname>, <given-names>Y</given-names></author>. <year>1979</year>: <title>,Citadinité‘ et Ruralité, des populations urbaines au Cameroun. Note sur les caractères spécifiques de la population des villes selon le recensement de 1976</title>. — <other>Yaounde</other>. (Manuskript).
<author><surname>Martin</surname>, <given-names>J. Y.</given-names></author> <year>1971</year>: <title>L’école et les sociétés traditionelles au Cameroun septentrional</title>. — <source>Cah. ORSTOM ser. Sciences humaines</source>. <volume>8</volume> (<year>1971</year>), pp. <fpage>295</fpage>—<lpage>335</lpage>.
<author><surname>Morel</surname>, <given-names>Y</given-names></author>. <year>1978</year>: <title>Tableaux de l’économie du Cameroun situés dans un commentaire suivi sur l’économie du Cameroun</title>. — <other>Douala</other>. (vervielf. Manuskript).
<author><surname>Moriniere</surname>, <given-names>J. L.</given-names></author> <year>1975</year>: <title> L’organisation de l’espace d’un pays en voie de développement: le Cameroun</title>. — <other>Nantes</other>. — <source>Cah. Centre nantais de la recherche pour l’aménagement régional</source>. <fpage>9</fpage> — <lpage>10</lpage>.
<author><surname>Moseley</surname>, <given-names>M.J.</given-names></author> & <author><given-names>P. M.</given-names> <surname>Townroe</surname></author> <year>1973</year>: <title>Linkage adjustment following industrial movement</title>. — <source>Tijdschrift voor economische en sociale Geografie</source>. <volume>64</volume> (<year>1973</year>), pp. <fpage>137</fpage>—<lpage>144</lpage>.
<author><surname>Ngoughia</surname>, <given-names>J</given-names></author>. <year>1978</year>: <title>La collectivité Bamiléké de Garoua. Etude de géographie urbaine</title>. — <other>Yaoundé</other>. (Mémoire DES [Diplomarbeit], Université Yaoundé).
<title>Le Nord du Cameroun: Bilan de dix ans de recherches</title>. <volume>2</volume> vol. — <other>Yaounde</other> <year>1979</year>. — <other>ONAREST — ISH, Travaux et Documents de l’Institut des Sciences Humaines. 16, 19.</other>
<author><surname>Nuhn</surname>, <given-names>H</given-names></author>. <year>1978</year>: <title>Spezifische wirtschafts- und sozialgeographische Entwicklungsprobleme von Kleinstaaten und Ansätze für ihre Überwindung</title>. — <source>Die Erde</source>. <volume>109</volume> (<year>1978</year>), pp. <fpage>337</fpage>—<lpage>352</lpage>.
<author><surname>Oberai</surname>, <given-names>A. S.</given-names></author> & <author><given-names>H. K. M.</given-names> <surname>Singh</surname></author> <year>1980</year>: <title>Migration, remittances and rural development. Findings of a case study in the Indian Punjab</title>. — <source>International Labour Review</source>. <volume>119</volume> (<year>1980</year>), pp. <fpage>229</fpage>—<lpage>241</lpage>.
<author><surname>Odongo</surname>, <given-names>J</given-names></author>. & <author><given-names>J</given-names>. <surname>Lea</surname></author> <year>1977</year>: <title>Home ownership and rural-urban links in Uganda</title>. — <source>Journal of Modern African Studies</source>. <volume>15</volume> (<year>1977</year>), pp. <fpage>59</fpage>—<lpage>73</lpage>.
<editor>ORSTOM (Office de la Recherche Scientifique et Technique d’Outre-Mer)</editor> <year>1971</year>: <title>Tableau de la population du Cameroun</title>. 3e edition. — <other>Yaoundé</other>.
<editor>ORSTOM (Office de la Recherche Scientifique et Technique d’Outre-Mer)</editor> <year>1975</year>: <title>Republique Unie du Cameroun. Atlas Regional: Benoue</title>. — <other>Yaoundé</other>.
<author><surname>Peil</surname>, <given-names>M</given-names></author>. <year>1972</year>: <title>The Ghanaian Factory Worker: Industrial Man in Africa</title>. — <other>Cambridge</other>.
<author><surname>Rauch</surname>, <given-names>Th</given-names></author>. <year>1979</year>: <title>Industrielle Wachstumszentren in Nigeria</title>. — <source>Afrika-Spectrum</source>. <volume>14</volume> (<year>1979</year>), pp. <fpage>249</fpage>-<lpage>265</lpage>.
<author><surname>Rauch</surname>, <given-names>Th</given-names></author>. <year>1981</year>: <title>Das nigerianische Industrialisierungsmuster und seine Implikationen für die Entwicklung peripherer Räume</title>. — <other>Hamburg</other>. — <source>Hamburger Beiträge zur Afrika-Kunde</source>. <volume>24</volume>.
<editor>République Unie du Cameroun, Ministère du Travail et de la Prevoyance Sociale</editor> <year>1977</year>: <title>Statistiques du Travail 1974—1975. Enquete annuelle sur la Situation de la main-d’oeuvre salariee</title>. — <other>Yaoundé</other>.
<editor>République Unie du Cameroun, Ministère de l’Economie et du Plan</editor> <year>1977</year>: <title>IVe Plan Quinquennal de Developpement Economique, Social et Culturel (1976—1981)</title>. — <other>Yaoundé</other>.
<editor>République Unie du Cameroun, Ministère de L’Economie et du Plan</editor> <year>1978</year>: <title>Recensement General de la population et de l’habitat d’avril 1976</title>. Vol. <volume>1</volume>. — <other>Yaoundé</other>.
<author><surname>Richardson</surname>, <given-names>H. W.</given-names></author> <year>1980</year>: <title>Polarized Reversal in Developing Countries</title>. — <source>The Regional Science Association Papers</source>. <volume>45</volume> (<year>1980</year>), pp. <fpage>67</fpage>—<lpage>85</lpage>.
<author><surname>Schätzl</surname>, <given-names>L</given-names></author>. <year>1978</year>: <title>Überlegungen zum langfristigen regionalen Wirtschaftswachstum. Eine Fallstudie über Nigeria</title>. — <source>Die Erde</source>. <volume>109</volume> (<year>1978</year>), pp. <fpage>445</fpage> — <lpage>455</lpage>.
<author><surname>Schamp</surname>, <given-names>E. W.</given-names></author> <year>1978</year>: <title>Industrialisierung in Äquatorialafrika. Zur raumwirksamen Steuerung des Industrialisierungsprozesses in den Küstenstaaten Kamerun, Gabun und Kongo</title>. — <other>München</other>. — <source>Afrika-Studien</source>. <volume>100</volume>.
<author><surname>Schilling-Kaletsch</surname>, <given-names>I</given-names></author>. <year>1976</year>: <title>Wachstumspole und Wachstumszentren. Untersuchungen zu einer Theorie sektoral und regional polarisierter Entwicklung</title>. — <other>Hamburg</other>. — <source>Arbeitsberichte und Ergebnisse zur Wirtschafts- und Sozialgeographischen Regionalforschung</source>. <volume>1</volume>.
<author><surname>Seignobos</surname>, <given-names>Chr</given-names></author>. <year>1976</year>: <title>La bière de mil dans Ie Nord-Cameroun: un phénomène de mini-économie</title>. — Pp. <fpage>1</fpage> — <lpage>39</lpage> in: <source>Recherches sur l’approvisionnement des villes</source>. — <other>Paris</other>. — <source>Mémoire du Centre d’Etudes de Géographie Tropicale (CEGET) Bordeaux</source>.
<author><surname>Stöhr</surname>, <given-names>W</given-names></author>. & <author><given-names>F</given-names>. <surname>Tödtling</surname></author> <year>1979</year>: <title>Spatial equity: Some anti-thesis to current regional development doctrine</title>. — Pp. <fpage>133</fpage>—<lpage>160</lpage> in: <editor>H. Folmer</editor> & <editor>J. Oosterhaven</editor> (eds.): <source>Spatial inequalities and regional development</source>. — <other>Boston etc</other>.
<author><surname>Teuteberg</surname>, <given-names>H. J.</given-names></author> & <author><given-names>G</given-names>. <surname>Wiegelmann</surname></author> <year>1972</year>: <title>Der Wandel der Nahrungsgewohnheiten unter dem Einfluß der Industrialisierung</title>. — <other>Göttingen</other>. — <source>Studien zum Wandel von Gesellschaft und Bildung im 19. Jahrhundert</source>. <volume>3</volume>.
<author><surname>Wander</surname>, <given-names>H</given-names></author>. <year>1978</year>: <title>Population Growth and Consumption Patterns in Africa</title>. — <source>Zeitschrift für Bevölkerungswissenschaft</source>. <volume>4</volume> (<year>1978</year>), pp. <fpage>3</fpage> — <lpage>32</lpage>.
<author><surname>Wong</surname>, <given-names>S. T.</given-names></author> & <author><given-names>A. A.</given-names> <surname>Tiongson</surname></author> <year>1980</year>: <title>Economic Impacts of Growth Center on Surrounding Rural Areas: a Case Study of Mariveles, Philippines</title>. — <source>Geografiska Annaler</source>. <volume>62 B</volume> (<year>1980</year>), pp. <fpage>109</fpage>-<lpage>118</lpage>.
<author><surname>Wood</surname>, <given-names>P. A.</given-names></author> <year>1978</year>: <title>Industrial Organisation, location and planning</title>. — <source>Regional Studies</source>. <volume>12</volume> (<year>1978</year>), pp. <fpage>143</fpage>-<lpage>152</lpage>.
<title>World Industry since 1960: Progress and prospects. Special issue of the industrial development survey for the Third General Conference of UNIDO, United Nations</title>. <other>New York</other> <year>1979</year>.