<author><surname>ANRICK</surname>, <given-names>C. J.</given-names></author>: <title>Karta över Sveriges äkerareal</title>. <other>Stockholm</other>, <publisher>Akad. Avhandling</publisher> <year>1921</year>.
<title>Die Bundesrepublik Deutschland in Karten</title>, hrsg. vom <editor>Statistischen Bundesamt</editor> (<other>Wiesbaden</other>), <editor>Institut für Landeskunde und Institut für Raumforschung</editor> (<other>Bad Godesberg</other>). <other>Mainz</other>, <publisher>W. Kohlhammer Verl.</publisher>, <year>1966</year><other>ff</other>.
<author><surname>TROLL</surname>, <given-names>C</given-names></author>.: <title>The International Map of the World on the Millionth Scale and its Fundamental Importance in Geography</title>. <source>U.N. Technical Conference on the Int. Map of the World etc. Bonn 3 to 22 August, 1962</source>, <other>Frankfurt</other> <year>1962</year>, S. <fpage>9</fpage>—<lpage>11</lpage>.
<author><surname>KAYSER</surname>, <given-names>K</given-names></author>., <author><given-names>W</given-names>. <surname>MANSHARD</surname></author>, <author><given-names>H</given-names>. <surname>MENSCHING</surname></author>, <author><given-names>J. H.</given-names> <surname>SCHULTZE</surname></author>: <title>Das Afrika-Kartenwerk. Ein Schwerpunktprogramm der Deutschen Forschungsgemeinschaft</title>. <source>Die Erde</source> <volume>97</volume> (<year>1966</year>), S. <fpage>85</fpage>—<lpage>95</lpage>.