<author><surname>KARMON</surname>, <given-names>Y</given-names></author>.: <title>A Geography of Settlement in Eastern Nigeria</title>. <source>Scripta Hierosolymitana</source> <issue>15</issue>, <other>2.Jerusalem</other> <year>1966</year>.
<author><surname>UDO</surname>, <given-names>R. K.</given-names></author>: <title>Disintegration of Nucleated Settlement in Eastern Nigeria</title>. <source>Geogr. Rev.</source> <volume>55</volume> (<year>1965</year>), S. <fpage>53</fpage>—<lpage>67</lpage>.