<author><surname>Deviatkin</surname>, <given-names>E.V.</given-names></author> <year>1981</year>: <title>Cenozoic of Inner Asia</title>. - <publisher>Nauka</publisher>, <other>Moskow</other> [in Russian]
<author><surname>Grunert</surname>, <given-names>J</given-names></author>. und <author><given-names>M</given-names>. <surname>Klein</surname></author> <year>1999</year>: <title>Bodenentwicklung auf Altdünen im Uvs Nuur Bekken</title>. - <source>DIE ERDE</source> <volume>130</volume> (<issue>2</issue>)
<author><surname>Murzaev</surname>, <given-names>E. M.</given-names></author> <year>1954</year>: <title>Die Mongolische Volksrepublik. Physisch - geographische Beschreibung</title>. - <other>Gotha</other>
<author><surname>Naumann</surname>, <given-names>S</given-names></author>. und <author><given-names>M</given-names>. <surname>Walther</surname></author> <year>1999</year>: <title>Mittelholozäne Seespiegelschwankungen des Bayan Nuur (Nordwestmongolei)</title>. -<source> Marburger Geogr. Schriften</source>. - im Druck
<author><surname>Sevastianov</surname>, <given-names>D.V.</given-names></author>, <author><given-names>J.P.</given-names> <surname>Seliverstov</surname></author> and <author><given-names>G.M.</given-names> <surname>Cernova</surname></author> <year>1993</year>: <title>Landscape development in the Uvs Nuur basin</title>. -<source> Vestnik SPbGU.</source> Ser., <volume>7</volume>: <fpage>71</fpage>-<lpage>81</lpage> [in Russ.]
<author><surname>Sevastianov</surname>, <given-names>D.W.</given-names></author>, <author><given-names>W.F.</given-names> <surname>Schuwalow</surname></author> and <author><given-names>I.Ju.</given-names> <surname>Neustrujewa</surname></author> <year>1994</year>: <title>Limnology and Paleolimnology of Mongolia</title>. - <publisher>Nauka</publisher>, <other>Sankt-Petersburg</other> [in Russ.]
<author><surname>Walther</surname>, <given-names>M</given-names></author>. <year>1998</year>: <title>Paläoklimatische Untersuchungen zur jungpleistozänen Landschaftsentwicklung im Changai-Bergland und in der nördlichen Gobi (Mongolei)</title>. - <source>Petermanns Geographische Mitteilungen</source> <volume>142</volume>: <fpage>205</fpage>-<lpage>215</lpage>