<author><surname>Bernard</surname>, <given-names>A</given-names></author>.: <title>Afrique septentrionale et occidentale</title>. <source>Géographie Universelle</source>, Tome <volume>XI</volume>, <year>1937</year>, S. <fpage>29</fpage>-<lpage>177</lpage>.
<author><surname>Fischer</surname>, <given-names>Th</given-names></author>.: <title>Mittelmeerbilder</title>, <other>Leipzig und Berlin. Neue Folge</other> <year>1922</year>.
<author><surname>Breil</surname>, <given-names>J</given-names></author>.: <title>Quelques aspects de la Situation démographique au Maroc</title>. <source>Bull. Econ. et Soc. du Maroc</source>, vol. <volume>IX</volume>, Nr. <issue>35</issue>, Okt. <year>1947</year>, S. <fpage>133</fpage>-<lpage>147</lpage>.
<author><surname>Hardy</surname> <given-names>G</given-names></author>. und <author><surname>Célérier</surname>, <given-names>J</given-names></author>.: <title> Les grandes lignes de la géographie du Maroc</title>. 3. Aufl. <other>Paris</other> <year>1933</year>. 
<author><surname>Joly</surname>, <given-names>F</given-names></author>.: <title>Bibliographie analytique des principaux travaux de Géologie et de Géographie parus sur le Maroc en 1948</title>. <source>Revue de Géographie Marocaine</source>. Tome <volume>I</volume>, <year>1949</year>.
<author><surname>Roux</surname>, <given-names>G</given-names></author>.: <title>Notice sur la carte de la moyenne annuelle des précipitations (1926—1940)</title>. <other>Rabat</other> <year>1943</year>, No. <volume>6</volume>.
<author><surname>Suter</surname>, <given-names>K</given-names></author>.: <title>Timimun. Zur Anthropogeographie einer Oase der algerischen Sahara</title>. <source>Mitt. Geogr. Ges.</source> <other>Wien</other>, <volume>94</volume>, <fpage>1</fpage>—<lpage>4</lpage>, <year>1952</year>.