<editor>Arizona Department of Water Resources</editor> (ed.) <year>1996</year>: <title>Hydrographie Survey Report for the Gila River Indian Reservation. Watershed File Report No. L8-58-001. In Re The General Adjudication of the Gila River System and Source</title>.- <other>Phoenix, Ariz</other>. 
<author><surname>Burton</surname>, <given-names>L</given-names></author>. <year>1991</year>: <title>American Indian Water Rights and the Limits of Law</title>.- In: <editor>Lawrence, K.</editor> <editor>E. Checchio</editor> and <editor>B.G. Colby</editor> <year>1993</year>: <source>Indian Water Rights: Negotiating the Future</source>.- <other>Tucson, Ariz</other>. 
<author><surname>Collins</surname>, <given-names>R.B.</given-names></author> <year>1985</year>: <title>The Future Course of the Winters Doctrine</title>.- <source>Univ. of Col. Law Rev.</source> <volume>56</volume> (<issue>3</issue>): <fpage>481</fpage>-<lpage>494</lpage>
<author><surname>Comeaux</surname>, <given-names>M.L.</given-names></author> <year>1991</year>: <title>Creating Indian Lands: the Boundary of the Salt River Indian Community</title>. - <source>J.of Hist. Geography</source>: <volume>17</volume> (<issue>3</issue>): <fpage>241</fpage>-<lpage>256</lpage> 
<editor>Gila River Indian Community u. EcoPlan Associates, Inc.</editor> (eds.) <year>1997</year>: <title>Final Programmatic Environmental Impact Statement. Pima-Maricopa Irrigation Project</title>.- <other>Phoenix, Ariz.</other>
<author><surname>Humlum</surname>, <given-names>J</given-names></author>. <year>1969</year>: <title>Water Development and Water Planning in the Southwestern United States</title>.- <other>Arhus</other>
<author><surname>Lieder</surname>, <given-names>M</given-names></author>. <year>1983</year>: <title>Adjudication of Indian Water Rights under the Mc Carran Amendment: Two Courts are better than one</title>.- <source>Georgetown Law J.</source> <volume>71</volume> (<issue>3</issue>): <fpage>1023</fpage>-<lpage>1061</lpage>
<author><surname>Mc Cool</surname>, <given-names>D</given-names></author>. <year>1981</year>: <title>Indian Water Rights, the Central Arizona Project and Water Policy in the Lower Colorado River Basin</title>.- <source>J. of Energy Law and Policy</source> <volume>2</volume> (<issue>2</issue>): <fpage>107</fpage>-<lpage>121</lpage>
<author><surname>McGovern</surname>, <given-names>G</given-names></author>. <year>1994</year>: <title>Settlement or Adjudication: Resolving Indian reserved Rights</title>.- <source>Ariz. Law Rev.</source> <volume>36</volume> (<issue>1</issue>): <fpage>195</fpage>-<lpage>222</lpage>
<author><surname>Membrino</surname>, <given-names>J.R.</given-names></author> <year>1992</year>: <title>Indian reserved Water Rights, Federalism and the Trust Responsibility</title>.- <source>Land and Water Law Rev.</source> <volume>27</volume> (<issue>1</issue>): <fpage>1</fpage>-<lpage>31</lpage> 
<author><surname>Rogers</surname>, <given-names>P</given-names></author>. <year>1993</year> <title>America’s Water. Federal Roles and Responsibilities</title>.- <other>Cambridge, Mass.</other> 
<author><surname>Sommer</surname>, <given-names>K.A.</given-names></author> <year>1983</year>: <title>Ninth Circuit rules that Disclaimer States lack Jurisdiction over Indian Water Rights under the Mc Carran Amendment</title>. - <source>Nat. Res. J.</source> <volume>23</volume> (<issue>1</issue>): <fpage>255</fpage>-<lpage>267</lpage>
<author><surname>Starler</surname>, <given-names>N.H.</given-names></author> and <author><given-names>K.G.</given-names> <surname>Maxey</surname></author> <year>1993</year>: <title>Equity, Liability, and the Salt River Settlement</title>. In: <editor>McGuire, Th.R.</editor>, <editor>W.B. Lord</editor> and <editor>M.G. Wallace</editor> (eds.): <source>Indian Water in the New West.</source>- <other>Tucson, Ariz.</other>
<author><surname>Storey</surname>, <given-names>L.H.</given-names></author> <year>1988</year>: <title>Leasing Indian Water off the Reservation: A Use consistent with the Reservation’s Purpose</title>.- <source>Cal. Law Rev.</source><volume>76</volume> (<issue>1</issue>): <fpage>179</fpage>-<lpage>220</lpage> 
<author><surname>Struckmeyer, Jr.</surname>, <given-names>F.C.</given-names></author> and <author><given-names>J.E.</given-names> <surname>Butler</surname></author>, LL.B. <year>1960</year>: <title>A Review of Rights in Water - Arizona</title>.- <other>Phoenix, Ariz.</other>
<author><surname>Swan</surname>, <given-names>W.H.</given-names></author> <year>1993</year>: <title>The Salt River Pima-Maricopa Settlement: An OverView</title>.- In: <editor>McGuire, Th.R.</editor>, <editor>W. B. Lord</editor> and <editor>M.G. Wallace</editor> (eds.): <source>Indian Water in the New West</source>.- <other>Tucson, Ariz.</other>
<editor>U.S. Congress</editor> (ed.) <year>1988</year>: <title>The Salt River Pima - Maricopa Indian Community Water Rights Settlement Act of 1988</title>.- <other>Washington, D.C.</other>
<editor>U.S. Congress</editor> (ed.) <year>1990</year>: <title>The Fort McDowell Indian Community Water Rights Settlement of 1990</title>.- <other>Washington, D.C.</other>
<author><surname>Wehmeier</surname>, <given-names>E</given-names></author>. <year>1975</year>: <title>Die Bewässerungsoase Phoenix, Arizona</title>.- <source>Stuttgarter Geogr. Studien</source> <volume>89</volume> 
<author><surname>Wehmeier</surname>, <given-names>E</given-names></author>. <year>1980</year>: <title>The Salt River Project (SRP), Central Arizona and the Area of Greater Phoenix - a Study in Urbanization and Trends of Water Consumption</title>.- <source>Geoforum</source> <volume>11</volume>: <fpage>107</fpage>-<lpage>121</lpage>
<title>Decision and Decree, No 4564 (Hurley against Abbott)</title> <year>1910</year>: <editor>In the District Court of the Third Judicial District of the Territory of Arizona, in and for the County of Maricopa</editor>, <other>Phoenix</other>.
<editor>In the District Court of the United States, in and for the District of Arizona</editor> <year>1935</year>: <title>Globe Equity Decree No.59 (The U. S. v. Gila Valley Irrigation District, et al.)</title>, <other>Washington, D.C.</other>
<editor>State of Arizona, Department of State</editor> (ed.) diverse Jahrgänge: <title>Arizona Revised Statutes, Annotated</title>.
<editor>U.S. House of Representatives</editor> (ed.) diverse Jahrgänge: <title>The United States Code</title>.