<author><given-names>J. G. H.</given-names> <surname>SCHEPERS</surname></author>: <title>Een stormvloed teisterde Zuid-West-Nederland</title> (<source>Tijdschrift Kon. Ned. Aardr. Gen.</source> <year>1953</year>), bldz. <fpage>126</fpage> e. v.
<author><given-names>A. A.</given-names> <surname>BEEKMAN</surname></author>: <title>Nederland als polderland</title>. 3e dr. <year>1932</year>. 
<author><given-names>R. H.</given-names> <surname>Cools</surname></author>: <title>Strijd om de grond in het lage Nederland 1948</title>.
<author><given-names>W. C. D.</given-names> <surname>HAARMAN</surname></author>: <title>Enkele lotgevallen van de landen langs Maas en Waal voor en na het verleggen van de Maasmond</title>. <source>Tijdschr. v. Econ. en Soc. Geografie</source>, <year>1953</year>, S. <fpage>1</fpage> <lpage>u. f.</lpage>
<title>Mededelingen Directeur van de Tuinbouw</title>, <volume>Jrg. 16, Maart 1953</volume>, S. <fpage>142</fpage> <lpage>u. f.</lpage>
<title>Hollandsch Landbouwweekblad</title> <volume>XVI</volume> (<year>1953</year>), no. <issue>11</issue>.
<author><given-names>S</given-names>. <surname>HERWEIJER</surname></author>: <title>Het herstel van de agrarische schade in het rampgebied</title>. <source>Econ. Stat. Berichten</source> (<year>1953</year>, no. <volume>1866</volume>, p. <fpage>169</fpage>).
<title>Hollandsch Landbouwweekblad</title>, <volume>XVI</volume> (<year>1953</year>), No. <issue>12</issue>.
<title>Mededelingen van de Directeur van de Tuinbouw</title>, Jaargang <volume>16 (Maart 1953)</volume>, p. <fpage>128</fpage>.
<title>Het zoutgehalte van het water in de overstroomde polders van W. Noord-Brabant</title> (<source>Zeeuws Landbouwblad</source>, <volume>41e Jaargang (1953)</volume>, No. <issue>2160 (21. 2. 53)</issue>.
<title>Hollandsch Landbouwweekblad</title> <volume>XVI</volume> (<year>1953</year>), No. <issue>9</issue>.
<title>Zeeuws Landbouwweekblad</title>, <volume>41. Jaarg. (1953)</volume>, No. <issue>2160</issue>.