<author><surname>Achard</surname>, <given-names>F. C.</given-names></author> <year>1809</year>: <title>Die europäische Zuckerfabrikation aus Runkelrüben</title> ... — <other>Leipzig</other>.
<author><surname>Akiltepe</surname>, <given-names>H</given-names></author>., <author><given-names>S</given-names>. <surname>Malcoç</surname></author> & <author><given-names>J</given-names>. <surname>Molbay</surname></author> <year>1964</year>: <title>Türkiye şeker sanayii ve şeker pancan ziraati [Zuckerwirtschaft und Zuckerrübenanbau in der Türkei]</title>. — <other>Ankara</other>.
<author><surname>Andreae</surname>, <given-names>B</given-names></author>. <year>1980</year>: <title>Expansion und Wandel der Zuckerwirtschaft im subtropischen Trockengürtel. Die Innovation des Winterzuckerrübenanbaus und ihre Wirkung in Raum und Zeit</title>. — <source>Zeitschr. f. d. Zuckerindustrie</source>. <volume>105</volume> (<year>1980</year>), pp. <fpage>1096</fpage>—<lpage>1101</lpage>.
<title>Ankara II Yilhgi [Provinzjahrbuch Ankara]</title> <year>1967</year>, <year>1973</year>.
<editor>Başbakanlik Devlet istatistik Enstitüsü</editor>: <title>Tarimsal Yapi ve Üretim [Agrarstruktur und Produktion] 1966—1978</title>.
<author><surname>von Berg</surname>, <given-names>V</given-names></author>., <author><given-names>D</given-names>. <surname>Hofmann</surname></author> & <author><given-names>J</given-names>. <surname>Hüsterkamp</surname></author> <year>1972</year>: <title>Der Zuckerrübenanbau unter dem Einfluß der Frühindustrialisierung</title>. — <source>Zeitschr. f. Agrargeschichte und Agrarsoziologie</source>. <volume>20</volume> (<year>1972</year>), pp. <fpage>198</fpage>—<lpage>213</lpage>.
<author><surname>Blume</surname>, <given-names>H</given-names></author>. <year>1967</year>: <title>Zuckerrohr und Zuckerrübe im subtropischen Trockengürtel der alten Welt</title>. — <source>Erdkunde</source>. <volume>21</volume> (<year>1967</year>), pp. <fpage>110</fpage>—<lpage>132</lpage>.
<author><surname>Christiansen-Weniger</surname>, <given-names>F</given-names></author>. <year>1970</year>: <title>Ackerbauformen im Mittelmeerraum und im Nahen Osten, dargestellt am Beispiel der Türkei</title>. —<other> Frankfurt/Main</other>.
<author><surname>Erkuş</surname>, <given-names>A</given-names></author>. <year>1976</year>: <title>Tavşanli Ilcesi Şeker Pancan Yetiştiren Tarim Işletmelerinin Dogrusal (Linear) Programlama Metodu Ile Planlanmasi [Lineare Programmierungs- und Planungsmethoden für Zuk- kerrüben anbauende Landwirtschaftsbetriebe im Kreis Tavşanli]</title>. — <other>Ankara</other>. — <source>Türk Ziraat Yük- sek Mühendisleri Birligi Yayin</source>. <volume>3</volume>.
<author><surname>Franz</surname>, <given-names>E</given-names></author>. <year>1975</year>: <title>Die ländliche Türkei im 20. Jahrhundert. Eine bibliographische Einführung. 2 Teile</title>. — <other>Hamburg</other>. — <source>Dokumentations-Dienst Moderner Orient</source>.
<author><surname>Güray</surname>, <given-names>R</given-names></author>. <year>1968</year>: <title>Türkische Zuckerindustrie und Zuckerrübenanbau</title>. — <other>Ankara</other>. — <source>Türkiye Şeker Fabrikalan A. Ş., Neş</source>. <volume>160</volume>.
<author><surname>Hatunoğlu</surname>, <given-names>T</given-names></author>. <year>1973</year>: <title>Yukan Pasinler Ovasmda Şeker Pancan Üreten Tanm Işletmelerinin Dogrusal Programlama Metodu Ile Ekonomik Analizi [Lineare Programmierungsmethode und ökonomische Analyse für Zuckerrüben anbauende Landwirtschaftsbetriebe in der oberen Ebene von Pasinler]</title>. — <other>Ankara</other>. — <source>Atatürk Üniversitesi Yayinlan</source>. <volume>302</volume>.
<author><surname>Hütteroth</surname>, <given-names>W.-D.</given-names></author> <year>1971</year>: <title>Fragestellungen und Ergebnisse anthropogeographischer Forschung in Anatolien</title>. — <other>München</other>. — <source>Mitt. Geograph. Gesellsch. München</source>. <volume>56</volume>. Pp. <fpage>77</fpage>—<lpage>94</lpage>.
<author><surname>Kortum</surname>, <given-names>G</given-names></author>. <year>1977</year>: <title>Die iranische Landwirtschaft zwischen Tradition und Neuerung</title>. — <other>Paderborn</other>. — <source>Fragenkreise</source>.
<author><surname>Kortum</surname>, <given-names>G</given-names></author>. <year>1981</year>: <title>Landwirtschaft in der Türkei. Neuere Entwicklungstendenzen und Perspektiven für die Zukunft</title>. — <source>Geograph. Rundschau</source>. <volume>33</volume> (<year>1981</year>), pp. <fpage>549</fpage>—<lpage>555</lpage>.
<editor>Köy işleri Bakanligi</editor> <year>1967</year>: <title>Köy Envanter Etüdlerine Göre [Dorfinventur-Studien]</title>. — <other>Ankara</other>. — <source>Köy işleri Bakanligi Yayinlan</source>. <volume>68</volume>.
<author><surname>Mendel</surname>, <given-names>W</given-names></author>. <year>1933</year>: <title>Untersuchungen über den türkischen Zuckerrübenanbau in Thrazien, seine natürlichen, wirtschaftlichen und betriebswirtschaftlichen Voraussetzungen</title>. — <other>Berlin</other>. — Landw. Diss.
<author><surname>Planck</surname>, <given-names>U</given-names></author>. <year>1972</year>: <title>Die ländliche Türkei. Soziologie und Entwicklungstendenzen</title>. — <other>Frankfurt/Main</other>. — <source>Zeitschr. f. ausländ. Landw., Materialsammlung</source>. <volume>19</volume>.
<author><surname>Planck</surname>, <given-names>U</given-names></author>. <year>1972</year>: <title>Der deutsche Beitrag und die deutschsprachige Literatur zur Soziologie der ländlichen Türkei</title>. — <source>Zeitschr. f. Agrargeschichte und Agrarsoziologie</source>. <volume>20</volume> (<year>1972</year>), pp. <fpage>95</fpage>—<lpage>108</lpage>.
<author><surname>Schulze</surname>, <given-names>E</given-names></author>. & <author><given-names>H</given-names>. <surname>Bohle</surname></author> <year>1976</year>: <title>Zuckerrübenproduktion. Landwirtschaftliche Bodennutzung mit hoher Rendite</title>. — <other>Hamburg</other>.
<author><surname>Şiray</surname>, <given-names>S</given-names></author>. <year>1979</year>: <title>Turkish Sugar Industry and Sugar Beet Agriculture</title>. — <other>Ankara</other>. — <source>Türkiye Şeker Fabrikalan A. §., Ney</source> <volume>214</volume>.
<author><surname>Sözeri</surname>, <given-names>S</given-names></author>. <year>1953</year>: <title>Der Ausbau der türkischen Zuckerindustrie</title>. — <source>Wirtschaftsdienst</source>. <volume>11</volume> (<year>1953</year>), pp. <fpage>714</fpage>-<lpage>717</lpage>.
<author><surname>Stewig</surname>, <given-names>R</given-names></author>. <title>Die Industrialisierung in der Türkei</title>. — <source>Die Erde</source>. <volume>103</volume> (<year>1972</year>), pp. <fpage>21</fpage> — <lpage>47</lpage>.
<editor>Türkiye Cumhuriyeti Ziraat Bankasi</editor>: <title>Türkiye Tarimsal Üretim Degeri [Agrarproduktionswert der Türkei]</title> <year>1970</year> sq.
<editor>Türkiye Şeker Fabrikalan A. Ş.</editor>: <title>§eker [Zucker]</title>. — (bes. <volume>Bd. 11, Oktober 1973</volume> und <volume>Bd. 15, Januar 1978</volume>).
<author><surname>Velidedeoğlu</surname>, <given-names>T. V.</given-names></author>, <author><given-names>E</given-names>. <surname>Koru</surname></author>, <author><given-names>R</given-names>. <surname>Güray</surname></author>, <author><given-names>M</given-names>. <surname>Öner</surname></author>, <author><given-names>Y</given-names>. <surname>Gürelli</surname></author> & <author><given-names>Y</given-names>. <surname>Demirtaş</surname></author> <other>o. J.</other> (nach <year>1977</year>): <title>Türkiye Şeker Sanayii 1926—1977 [Die türkische Zuckerwirtschaft 1926—1977]</title>. — <other>Ankara</other>. — <source>Türkiye Şeker Fabrikalari A. §. Yayinlan</source>. <volume>210</volume>.
<author><surname>Wenzel</surname>, <given-names>H</given-names></author>. <year>1937</year>: <title>Agrargeographische Wandlungen in der Türkei</title>. — <source>Geograph. Zeitschr.</source> <volume>43</volume> (<year>1937</year>), pp. <fpage>393</fpage>-<lpage>409</lpage>.