<author><surname>Bird</surname>, <given-names>J. B.</given-names></author> <year>1980</year>: <title>The Natural Landscapes of Canada</title>. 2nd ed. — <other>Toronto etc</other>.
<author><surname>Bostock</surname>, <given-names>H. H.</given-names></author> <year>1969</year>: <title>Precambrian Sedimentary Rocks of the Hudson Bay Lowlands</title>. — Pp. <fpage>206</fpage> — <lpage>214</lpage> in: <source>Earth Science Symp. on Hudson Bay</source>. — <other>Ottawa</other>. —<source>Geol. Survey of Canada</source>, Paper. <volume>68</volume> — <issue>53</issue>.
<author><surname>Brown</surname>, <given-names>R. J. E.</given-names></author> <year>1973</year>: <title>Permafrost-distribution and relation to environmental factors in the Hudson Bay Lowland</title>. — Pp. <fpage>35</fpage>—<lpage>68</lpage> in: <source>Proc. Symp. Physical. Environment of the Hudson Bay Lowland. Univ. Guelph</source>, <volume>March 30—31, 1973</volume>. — <other>Guelph</other>.
<author><surname>Brown</surname>, <given-names>R. J. E.</given-names></author> <year>1977</year>: <title>Muskeg and Permafrost</title>. — Pp. <fpage>148</fpage> — <lpage>163</lpage> in: <source>Muskeg and the Northern Environment in Canada</source>. Ed. by <editor>N. W. Radforth</editor> & <editor>C. O. Brawner</editor>. — <other>Toronto, Buffalo</other>.
<author><surname>Chapman</surname>, <given-names>L. J.</given-names></author>, & <author><given-names>M. K.</given-names> <surname>Thomas</surname></author> <year>1968</year>: <title>The Climate of Northern Ontario, Canada</title>. — Dept. of Transport, Meteorol. Branch, <source>Climatological Studies</source>. <volume>6</volume> (<year>1968</year>), pp. <fpage>1</fpage> — <lpage>58</lpage>.
<author><surname>Coombs</surname>, <given-names>D. B.</given-names></author> <year>1954</year>: <title>The Physiographic Subdivisions of the Hudson Bay Lowlands South of 60 Degrees North</title>. — <source>Geographical Bull., Ottawa</source>. <volume>6</volume> (<year>1954</year>), pp. <fpage>1</fpage> — <lpage>16</lpage>.
<author><surname>Craig</surname>, <given-names>B. G.</given-names></author> <year>1969</year>: <title>Late-Glacial and Postglacial History of the Hudson Bay Region</title>. — Pp. <fpage>63</fpage>—<lpage>77</lpage> in: <source>Earth Science Symp. on Hudson Bay</source>. — <other>Ottawa</other>. — <source>Geol. Survey of Canada</source>, Paper <volume>68</volume> — <issue>53</issue>.
<author><surname>Cumming</surname>, <given-names>L. M.</given-names></author> <year>1969</year>: <title>Rivers of the Hudson Bay Lowlands</title>. — Pp. <fpage>144</fpage>—<lpage>164</lpage> in: <source>Earth Science Symp. on Hudson Bay</source>. — <other>Ottawa</other>. — <source>Geol. Survey of Canada</source>, Paper <volume>68</volume> — <issue>53</issue>.
<author><surname>Hare</surname>, <given-names>F. K.</given-names></author> <year>1950</year>: <title>Climate and zonal divisions of the boreal forest formation in eastern Canada</title>. — <source>Geogr. Rev.</source> <volume>40</volume> (<year>1950</year>), pp. <fpage>615</fpage> — <lpage>635</lpage>.
<author><surname>Hare</surname>, <given-names>F. K.</given-names></author> <year>1954</year>: <title>The boreal conifer Zone</title>. — <source>Geogr. Studies</source>, <other>London</other>. <volume>1</volume> (<year>1954</year>), pp. <fpage>4</fpage>—<lpage>18</lpage>.
<author><surname>Hustich</surname>, <given-names>I</given-names></author>. <year>1957</year>: <title>On the phytogeography of the subarctic Hudson Bay Lowland</title>. - <source>Acta Geogr.Fenn</source>. <volume>16</volume> (<year>1957</year>), pp. <fpage>1</fpage>-<lpage>48</lpage>.
<author><surname>Jeglum</surname>, <given-names>J. K.</given-names></author>, <author><given-names>A. N.</given-names> <surname>Boissonneau</surname></author> & <author><given-names>V. F.</given-names> <surname>Haavisto</surname></author> <year>1974</year>: <title>Toward a Wetland Classification for Ontario</title>. — Sault Ste. Marie. — Great Lakes Forest Research Centre Sault Ste. Marie, <source>Information Report</source> <volume>0 —X —215</volume>, <source>Canadian Forestry Service, Departm. of the Environment, Dec. 1974</source>.
<author><surname>Kozlovic</surname>, <given-names>N. J.</given-names></author>, & <author><given-names>P. J.</given-names> <surname>Howarth</surname></author> <year>1977</year>: <title>Biophysical Mapping in Northwestern Ontario from Aircraft and Satellite Remote Sensing Data</title>. <source>4th Canad. Symp. on Remote Sensing, May 16—18, 1977</source>.-<other>Quebec</other>. Pp. <fpage>27</fpage>-<lpage>36</lpage>.
<author><surname>Kuhn</surname>, <given-names>L</given-names></author>., & <author><given-names>R. A.</given-names> <surname>Myers</surname></author> <year>1979</year>: <title>Ink-Jet Printing</title>. — <source>Scientific American</source>. <volume>240</volume> (<year>1979</year>), pp. <fpage>162</fpage>—<lpage>178</lpage>. 
<author><surname>Pala</surname>, <given-names>S</given-names></author>., & <author><given-names>A</given-names>. <surname>Boissonneau</surname></author> <year>1981</year>: <title>Production of Wetland Classification Maps for the Hudson Bay/James Bay Lowlands</title>. — <other>Guelph</other>. — <source>Proc. Hudson/James Bay Symp., Univ. of Guelph, April 28-30, 1981</source>. 
<author><surname>Pala</surname>, <given-names>S</given-names></author>., & <author><given-names>W</given-names>. <surname>Weischet</surname></author> <year>1981</year>: <title>A Model for the Physiographic Analysis of the Hudson Bay/James Bay Lowlands</title>. — <other>Guelph</other>. — <source>Proc. Hudson/James Bay Symp., Univ. of Guelph, April 28 — 30, 1981</source>.
<author><surname>Radforth</surname>, <given-names>N. W.</given-names></author> <year>1969</year>: <title>Classification of muskeg</title>. — In: <source>Muskeg Engineering Handbook</source>, ed. by <editor>I. C. Farlane</editor>. — <other>Toronto</other>.
<editor>Radforth, N. W.</editor>, & <editor>C. O. Brawner</editor> (Eds.) <year>1977</year>: <title>Muskeg and the Northern Environment in Canada</title>. — <other>Toronto, Buffalo</other>.
<author><surname>Railton</surname>, <given-names>J. B.</given-names></author>, & <author><given-names>J. H.</given-names> <surname>Sparling</surname></author> <year>1973</year>: <title>Preliminary studies on the ecology of palsa mounds in northern Ontario</title>. — <source>Canad. J. Botany</source>. <volume>51</volume> (<year>1973</year>), pp. <fpage>1037</fpage>—<lpage>1044</lpage>.
<author><surname>Riley</surname>, <given-names>J</given-names></author>. <year>1981</year> a: <title>The Flora of the Hudson Bay Lowland</title>. — <other>Guelph</other>. — <source>Proc. Hudson/James Bay Symp., Guelph, April 28 — 30, 1981</source>.
<author><surname>Riley</surname>, <given-names>J</given-names></author>. <year>1981</year> b: <title>Provisional Wetland Classification for the Hudson Bay Lowland and the Major Regional Themes</title>. <editor>Parks and Recreation Section, Ontario Ministry of Natural Resources, Northern Region</editor>. — <other>Cochrane (Ontario)</other>.
<author><surname>Shilts</surname>, <given-names>W</given-names></author>. <year>1981</year>: <title>Quaternary Evolution of the Hudson/James Bay Region</title>. — <other>Guelph</other>. — <source>Proc. Hudson/James Bay Symp., Guelph, April 28 — 30, 1981</source>.
<author><surname>Sims</surname>, <given-names>R. A.</given-names></author>, & <author><given-names>G. M.</given-names> <surname>Wickware</surname></author> <year>1981</year>: <title>Using Vegetational Physiognomy to Classify Treed Peatlands Near Southern James Bay, Ontario</title>. — <other>Guelph</other>. — <source>Proc. Hudson/James Bay Symp., Guelph, April 28-30, 1981</source>. 
<author><surname>Sjörs</surname>, <given-names>H</given-names></author>. <year>1959</year>: <title>Bogs and Fens in the Hudson Bay Lowlands</title>. — <source>Arctic</source>. <volume>12</volume> (<year>1959</year>), pp. <fpage>1</fpage>-<lpage>19</lpage>.
<author><surname>Sjörs</surname>, <given-names>H</given-names></author>. <year>1961</year>: <title>Oberflächenmuster in den borealen Torfgebieten</title>. — <source>Endeavour</source>. <volume>20</volume> (<year>1961</year>), pp. <fpage>217</fpage>—<lpage>224</lpage>.
<author><surname>Sjörs</surname>, <given-names>H</given-names></author>. <year>1963</year>: <title>Bogs and Fens on Attawapiskat River, Northern Ontario</title>. — <source>National Museum of Canada. Bull.</source> <volume>186</volume> (<year>1963</year>), pp. <fpage>45</fpage>—<lpage>133</lpage>.
<author><surname>Thie</surname>, <given-names>J</given-names></author>. <year>1976</year>: <title>An Evaluation of Remote Sensing Techniques for Ecological (Biophysical) Land Classification in Northern Canada</title>. — <other>Petawawa</other>. — <source>Proc. Ist. Meeting Canad. Comm. on Ecological (Bio-physical) Land Classification. Petawawa, May 25 —28, 1976</source>. Pp. <fpage>129</fpage>—<lpage>147</lpage>.
<author><surname>Zoltai</surname>, <given-names>S. C.</given-names></author> <year>1973</year>: <title>Vegetation, surficial deposits and permafrost relationships in the Hudson Bay Lowlands</title>. — <other>Guelph</other>. — <source>Proc. Symp. on the Physical Environment of the Hudson Bay Lowland, Guelph, March 30 — 31, 1973</source>. Pp. <fpage>17</fpage>—<lpage>34</lpage>.