<author><given-names>STEN</given-names> <surname>DEGEER</surname></author>: „<title>The American Manufacturing Belt</title>“, <source>Geografiska Annaler</source>, <volume>9</volume>: <fpage>233</fpage>—<lpage>359</lpage> (<year>1927</year>).
<author><given-names>E. J.</given-names> <surname>FOSCUE</surname></author>: „<title>Industrialization of the Texas Gulf Coast Region</title>“, <source>The Southwestern Social Science Quarterly</source>, <volume>30</volume>: <fpage>1</fpage>—<lpage>18</lpage> (<year>1950</year>). 
<author><given-names>Eric</given-names> <surname> LARRABEE</surname></author>, „<title>The Gulf South at Mid-Morning</title>“, <source>Harper’s Magazine</source>, <volume>Sept. 1951</volume>, <fpage>35</fpage>—<lpage>42</lpage>. 
<author><given-names>James J.</given-names> <surname>PARSONS</surname></author>, „<title>Recent Industrial Development in the Gulf South</title>“, <source>Geographical Review</source>, <volume>40</volume>: <fpage>67</fpage>—<lpage>83</lpage> (<year>1950</year>).
<title>„Industrial Expansion, 1945—1951</title>“, <editor>Territorial Information Department</editor>, <publisher>Commonwealth Edison Co.</publisher>, <other>Chicago</other>, <other>Oct</other>. <year>1951</year>.
<author><given-names>W. A.</given-names> <surname>CUNNINGHAM</surname></author>: „<title>A Survey of the Texas Chemical Industry</title>“, in „<source>Basic Industries in Texas and Northern Mexico</source>“, <editor>Univ. of Texas Latin American Studies</editor>, <volume>9</volume>: <fpage>16</fpage>—<lpage>30</lpage>, <other>Austin, Tex.</other>, <year>1950</year>.
<title>„The Chemical Century</title>“, <source>Fortune</source>, <volume>41</volume>: <fpage>69</fpage>—<lpage>76</lpage>, <fpage>114</fpage>—<lpage>122</lpage>, <other>March</other>, <year>1950</year>.
<author><given-names>JAMES J.</given-names> <surname>PARSONS</surname></author>: „<title>The Geography of Natural Gas in the United States</title>“, <source>Economic Geography</source>, <volume>26</volume>: <fpage>162</fpage>—<lpage>78</lpage> (<year>1950</year>). 
<title>„Aluminum Land: Huge U. S. Expansion in Light Metalmaking is Led by the Southwest</title>“, <source>Wall Street Journal</source>, <volume>Nov. 6, 1951</volume>.
<author><given-names>W. H.</given-names> <surname>SHERATON, Jr.</surname></author>: „<title>Chlorine and Alkali Production in the Southwest</title>“, <source>Chemical and Engineering News</source>, <volume>26</volume>: <fpage>3474</fpage>—<lpage>5</lpage> (<year>1948</year>).
<author><given-names>W. H.</given-names> <surname>SHERATON, Jr.</surname></author> : „<title>Oyster-Shell Chemistry</title>“, <source>Chemical and Engineering News</source>, <volume>29</volume>: <fpage>3078</fpage>—<lpage>80</lpage> (<year>1951</year>).
<title>„Planes and Texas: Fort Worth-Dallas Area Flies High as a Center of Aircraft Production</title>“, <source>Wall Street Journal</source>, <volume>Nov. 8, 1951</volume>.
<title>Economist (London)</title>, <volume>Nov. 3, 1951</volume>, p. <fpage>1047</fpage>.