<editor>Autrement</editor> (Hrsg.) <year>1994</year>: <title>Pays du Sahel. Du Tchad au Sénégal, du Mali au Niger</title>. - <source>Série Monde</source> <volume>72</volume>. - <other>Paris</other>
<editor>Banque Mondiale</editor> <year>1989</year>: <title>L’Afrique subsaharienne. De la crise à une croissance durable. Etude de prospective à long terme</title>. - <other>Washington</other>
<author><surname>Bierschenk</surname>, <given-names>T</given-names></author>., <author><given-names>G</given-names>. <surname>Elwert</surname></author> und <author><given-names>D</given-names>. <surname>Kohnert</surname></author> <year>1991</year>: <title>Langzeitfolgen der Entwicklungshilfe. Empirische Untersuchungen im ländlichen Westafrika</title>. - <source>Afrika Spectrum</source> <volume>26</volume> (<issue>2</issue>): <fpage>155</fpage>-<lpage>180</lpage>
<author><surname>Blenck</surname>, <given-names>J</given-names></author>., <author><given-names>S</given-names>. <surname>Tröger</surname></author> und <author><given-names>S</given-names>. <surname>Wingwiri</surname></author> <year>1985</year>: <title>Geographische Entwicklungsforschung und Verflechtungsanalyse</title>. - <source>Zeitschrift für Wirtschaftsgeographie</source> <volume>29</volume> (<issue>2</issue>): <fpage>65</fpage>-<lpage>72</lpage>
<author><surname>Chambers</surname>, <given-names>R</given-names></author>. <year>1994</year>. <title>Participatory Rural Appraisal PRA. Analysis of Experience, Potentials and Paradigm</title>. - <source>World Development</source> <volume>22</volume> (<issue>9</issue>): <fpage>1253</fpage>-<lpage>1268</lpage> and (<issue>10</issue>): <fpage>1437</fpage>-<lpage>1454</lpage>
<editor>Club du Sahel</editor> <year>1995</year>: <title>West Africa Long Term Perspectives. Regional Opportunities and Policy Issues. Perspectives à long terme en Afrique de l’Ouest. Une réflexion régionale sur les politiques de développement</title>. - <other>Paris</other>
<author><surname>Dei</surname>, <given-names>G.J.S.</given-names></author> <year>1993</year>: <title>Sustainable Development in the African Context. Revisiting Some Theoretical and Methodological Issues</title>. - <source>Africa Development</source> <volume>18</volume> (<issue>2</issue>): <fpage>97</fpage>-<lpage>110</lpage>
<author><surname>Dumont</surname>, <given-names>R</given-names></author>. <year>1962</year>: <title>L’Afrique noire est mal partie</title>. - <other>Paris</other>
<author><surname>Dumont</surname>, <given-names>R</given-names></author>. <year>1986</year>: <title>Pour l’Afrique, j’accuse. Le journal d’un agronome au Sahel en voie de destruction</title>. - <other>Paris</other>
<author><surname>Elwert</surname>, <given-names>G</given-names></author>. <year>1985</year>: <title>Überlebensökonomien und Verflechtungsanalyse</title>. - <source>Zeitschrift für Wirtschaftsgeographie</source> <volume>29</volume> (<issue>2</issue>): <fpage>73</fpage>-<lpage>84</lpage>
<editor>ENDA GRAF Sahel</editor> <year>1993</year>: <title>La ressource humaine, avenir des terroirs. Recherches paysannes au Sénégal. Environnement et Développement Africain</title>. - <other>Dakar et Paris</other>
<author><surname>Fino</surname>, <given-names>D</given-names></author>. et <author><surname>Ghinet</surname>, <given-names>S</given-names></author>. <year>1995</year>: <title>Démarche d’appui institutionnel. De l’analyse des acteurs à un processus de renforcement institutionnel</title>. - <publisher>IUED</publisher> <other>Genève</other>
<author><surname>Gado</surname>, <given-names>B.A.</given-names></author>, <author><given-names>A</given-names>. <surname>Chalare</surname></author> et <author><given-names>A</given-names>. <surname>Issa</surname></author> <year>1994</year>: <title>Développement à la base et participation populaire au Sahel. - Discours et pratiques, Etudes et Recherches Sahéliennes</title>. - <other>Niamey</other>
<author><surname>Giri</surname>, <given-names>J</given-names></author>. <year>1989</year>: <title>Le Sahel au XXIe siècle. Un essai de réflexion prospective sur les sociétés sahéliennes</title>. - <other>Pairs</other>
<author><surname>Giri</surname>, <given-names>J</given-names></author>. <year>1994</year>: <title>Histoire économique du Sahel. Des empires à la colonisation</title>. - <other>Paris</other>
<author><surname>Habermas</surname>, <given-names>J</given-names></author>. <year>1981</year>: <title>Theorie des kommunikativen Handelns</title>. - <other>Frankfurt a.M.</other>
<author><surname>Hammer</surname>, <given-names>T</given-names></author>. <year>1995</year>: <title>Nachhaltige ländliche Entwicklung in Westafrika. Neue Forschungsperspektiven</title>. - In: <editor>Sottas, B.</editor> et <editor>L. Roost Vischer</editor> (Hrsg.) <year>1995</year>: <source>L’Afrique part tous les matins. Stratégies pour dépasser le bricolage quotidien - Überleben im afrikanischen Alltag. Improvisationstechniken im ländlichen und städtischen Kontext</source>: <fpage>379</fpage>-<lpage>392</lpage>. - <other>Bern</other>
<author><surname>Hammer</surname>, <given-names>T</given-names></author>. <year>1997</year>a: <title>Aufbruch im Sahel. Fallstudien zur nachhaltigen ländlichen Entwicklung</title>.- <other>Hamburg</other>
<author><surname>Hammer</surname>, <given-names>T</given-names></author>. <year>1997</year>b: <title>Raumplanung im Sahel. Landnutzungsplanung als Ausweg aus der sozio-ökologischen Krise?</title> - In: <editor>Sottas, B.</editor>, <editor>T. Hammer</editor>, <editor>L. Roost Vischer</editor> und <editor>A. Mayor</editor> (Hrsg.): <source>Werkschau Afrikastudien - Le forum suisse des africanistes</source>: <fpage>273</fpage>-<lpage>283</lpage>. - <other>Hamburg</other>
<author><surname>Hammer</surname>, <given-names>T</given-names></author>. <year>1998</year>: <title>Erfolgsfaktoren ländlicher Entwicklungsstrategien im westafrikanischen Sahel</title>. - <source>Zeitschrift für Wirtschaftsgeographie</source> <volume>42</volume>(<issue>1</issue>): <fpage>11</fpage>-<lpage>21</lpage>
<author><surname>Hammer</surname>, <given-names>T</given-names></author>. <year>1999</year>a: <title>Sécurité alimentaire et gestion de ressources dans les pays du Sahel. Essai d’évaluation de la stratégie du CILSS</title>. - In: <editor>Sottas, B.</editor> et <editor>N. Stäuble-Tercier</editor> (Hrsg.): <source>Dilemmes alimentaires en Afrique. Constats et controverses</source>. - <other>Paris</other>
<author><surname>Hammer</surname>, <given-names>T</given-names></author>. <year>1999</year>b: <title>Nachhaltige Entwicklung im Lebensraum Sahel. Ein Beitrag zur Strategietheorie nachhaltiger ländlicher Entwicklung</title>. - <other>Hamburg</other>
<author><surname>Hochet</surname>, <given-names>A.-M.</given-names></author> et <author><surname>Aliba</surname>, <given-names>N</given-names></author>. <year>1995</year>: <title>Développement rural et méthodes participatives en Afrique. La Recherche-Action-Développement, une écoute, un engagement, une pratique</title>. - <other>Paris</other>
<author><surname>Jacob</surname>, <given-names>J.-P.</given-names></author> <year>1991</year>: <title>Entre décentralisation et désengagement. Principes et problèmes de l’autoorganisation paysanne en Afrique</title>. - In: <editor>Kwan Kaï Hong</editor> (Hrsg.): <source>Jeux et enjeux de l'autopromotion. Vers d'autres formes de doopération au développement</source>. - <other>Paris et Geneve</other>: <fpage>41</fpage>-<lpage>48</lpage>
<author><surname>Krings</surname>, <given-names>T</given-names></author>. <year>1994</year>a: <title>Theoretische Ansätze zur Erklärung der ökologischen Krise in der Sahelzone Afrikas</title>. - <source>Zeitschrift für Wirtschaftsgeographie</source> <volume>38</volume> (<issue>1-2</issue>): <fpage>1</fpage>-<lpage>10</lpage>
<author><surname>Krings</surname>, <given-names>T</given-names></author>. <year>1994</year>b: <title>Probleme der Nachhaltigkeit in der Desertifikationsbekämpfung. Zwischenbilanz nach 20 Jahren Entwicklungszusammenarbeit im Sahel</title>. - <source>Geographische Rundschau</source> <volume>46</volume> (<issue>10</issue>): <fpage>546</fpage>-<lpage>552</lpage>
<editor>Kwan Kaï Hong</editor> (Hrsg.) <year>1991</year>: <title>Jeux et enjeux de l’auto-promotion. Vers d'autres formes de coopération au développement</title>. - <other>Paris et Genève</other>
<editor>OCDE</editor>, <editor>Club du Sahel</editor>, <editor>BAD</editor>, <editor>CILSS</editor> <year>1994</year>: <title>Pour préparer l’avenir de l’Afrique de l’Ouest. Une vision à l’horizon 2020. Synthèse de l’étude des perspectives à long terme en Afrique de l’Ouest</title>. - <other>Abidjan et Paris</other>
<editor>OCDE</editor>, <editor>Club du Sahel</editor>, <editor>CILSS</editor> <year>1988</year>: <title>Le Sahel face aux futurs. Dépendance croissante ou transformation structurelle. Etüde prospective des pays sahéliens 1985-2010</title>. - <other>Paris</other>
<author><surname>Ouedraogo</surname>, <given-names>B.L.</given-names></author> <year>1990</year>: <title>Entraide villageoise et développement. Groupements paysans au Burkina Faso</title>. - <other>Paris</other>
<editor>Pilz, B.</editor> (Hrsg.) <year>1992</year>: <title>Zum Beispiel Selbsthilfe</title>. - <other>Göttingen</other>
<author><surname>Rauch</surname>, <given-names>T</given-names></author>. <year>1996</year>: <title>Ländliche Regionalentwicklung im Spannungsfeld zwischen Weltmarkt, Staatsmacht und kleinräumigen Strategien</title>. - <source>Sozialwissenschaftliche Studien zu internationalen Problemen</source> <volume>202</volume>. - <other>Saarbrücken</other>
<author><surname>Rauch</surname>, <given-names>T</given-names></author>. und <author><given-names>A</given-names>. <surname>Redder</surname></author> <year>1987</year>: <title>Autozentrierte Entwicklung in ressourcenarmen ländlichen Regionen durch kleinräumige Wirtschaftskreisläufe. Theorie und Methodik</title>. - <source>DIE ERDE</source> <volume>118</volume> (<issue>2</issue>): <fpage>109</fpage>-<lpage>126</lpage>
<author><surname>Ritter</surname>, <given-names>W</given-names></author>. <year>1994</year>: <title>Welthandel. Geographische Strukturen und Umbrüche im internationalen Warenaustausch</title>. - <source>Erträge der Forschung</source> <volume>284</volume>. - <other>Darmstadt</other>
<editor>Schamp, E.W.</editor> (Hrsg.) <year>1989</year>: <title>Der informelle Sektor. Geographische Perspektiven eines umstrittenen Konzepts</title>. - <other>Aachen</other>
<editor>Schamp, E.W.</editor> (Hrsg.) <year>1993</year>: <title>African Small-scale Industries in Rural and Urban Environments. Challenges for Development</title>. - <source>Frankfurter Wirtschafts- und Sozialgeographische Schriften</source> <volume>63</volume>
<author><surname>Schmidt-Wulffen</surname>, <given-names>W.D.</given-names></author> <year>1985</year>: <title>Dürre- und Hungerkatastrophen im Sahel</title>. - <source>Kasseler Schriften zur Geographie und Planung, Gesellschaft und Natur, Urbs et Regio</source> <volume>37</volume>
<editor>Schneider, H.</editor> et <editor>Libercier, M.-H.</editor> (Hrsg.) <year>1995</year>: <title>Mettre en oeuvre le développement participatif. - Séminaires du Centre de Développement CD, OCDE</title>. - <other>Paris</other>
<author><surname>Scholz</surname>, <given-names>F</given-names></author>. <year>1995</year>: <title>Nomadismus. Theorie und Wandel einer sozio-ökologischen Kulturweise</title>. - <source>Erdkundliches Wissen</source> <volume>118</volume>. - <other>Stuttgart</other>
<author><surname>Seck</surname>, <given-names>W</given-names></author>. <year>1993</year>: <title>La réforme d’une politique agricole. La Nouvelle Politique Agricole du Sénégal (NPA)</title>. - <publisher>IUED</publisher>. - <other>Geneve</other>
<editor>Sy, C.T.</editor> (Hrsg.) <year>1988</year>: <title>Crise du développement rural et désengagement de l’Etat au Sénégal</title>. - <other>Dakar, Abidjan, Lomé</other>
<author><surname>Watts</surname>, <given-names>M.J.</given-names></author> <year>1989</year>: <title>The Agrarian Question in Africa: Debating the Crisis</title>. - <source>Progress in Human Geography</source> <volume>13</volume> (<issue>1</issue>): <fpage>1</fpage>-<lpage>41</lpage>
<author><surname>Watts</surname>, <given-names>M.J.</given-names></author> <year>1993</year>: <title>Development. Power, Knowledge, Discursive Practice</title>. - <source>Progress in Human Geography</source> <volume>17</volume> (<issue>2</issue>): <fpage>257</fpage>-<lpage>272</lpage>
<author><surname>Werlen</surname>, <given-names>B</given-names></author>. <year>1987</year>: <title>Gesellschaft, Handlung und Raum. Grundlagen handlungstheoretischer Sozialgeographie</title>. - <source>Erdkundliches Wissen</source> <volume>89</volume>. - <other>Stuttgart</other>