<author><surname>Charles</surname>, <given-names>A. W.</given-names></author>: <title>Tea Processing in Garaina</title>. <source>Australian Territories</source> <volume>3</volume>, <issue>1</issue>, Jan. <year>1963</year>, <fpage>29</fpage>-<lpage>33</lpage>. 
<author><surname>Graham</surname>, <given-names>G. K.</given-names></author>, <author><surname>Charles</surname>, <given-names>A. W.</given-names></author>, <author><surname>Spinks</surname>, <given-names>G. R.</given-names></author>: <title>Tea Production in Papua and New Guinea</title>. <source>Papua and New Guinea Agric. Journ.</source>, Vol. <volume>1, 16</volume>, No. <issue>2-3</issue>, <year>1963</year>. 
<author><surname>Grant-Cook</surname>, <given-names>M</given-names></author>.: <title>Tea Culture in the Highlands of New Guinea</title>. <source>Australian Territories</source>, <volume>6</volume>, <issue>1</issue>, Febr. <year>1966</year>, <fpage>13</fpage>-<lpage>19</lpage>. 
<author><surname>Haantjens</surname>, <given-names>H. A.</given-names></author>, <author><surname>McAlpine</surname>, <given-names>J. R.</given-names></author>, <author><surname>Reiner</surname>, <given-names>E</given-names></author>., <author><surname>Robbins</surname>, <given-names>R. G.</given-names></author>, <author><surname>Saunders</surname>, <given-names>J. C</given-names></author>: <title>Lands of the Goroka - Mount Hagen Area, Territory of Papua and New Guinea</title>. <source>C.S.I.R.O.-Land Research Series</source>, <other>Melbourne</other>, im Druck. 
<author><surname>Johnson</surname>, <given-names>R. J.</given-names></author>: <title>Jonson's Note Book for Tea Planters</title>. 4th enlarged edit. <other>Colombo</other> <year>1961</year>. 
<author><surname>Marby</surname>, <given-names>H</given-names></author>: <title>The ecology of tea. An attempt at a regional and temporal differentiation of the tea growing areas in Ceylon</title>. Diss., Phil. Fak., Univ. <other>Heidelberg</other>, <year>1969</year>. 
<author><surname>Schweinfurth</surname>, <given-names>U</given-names></author>.: <title>Die Teelandschaft im Hochland der Insel Ceylon als Beispiel für den Landschaftswandel</title>. <source>Heidelb. Geogr. Arb.</source>, H. <issue>15</issue>, <source>Heidelb. Studien zur Kulturgeogr. (Festgabe für G. Pfeifer)</source>, <year>1966</year>, <fpage>297</fpage>-<lpage>310</lpage>. 
<author><surname>Schweinfurth</surname>, <given-names>U</given-names></author>.: <title>Australien und sein Entwicklungsmodell Ost-Neuguinea</title>. <source>Außenpolitik</source> <year>1968</year>, <volume>12</volume>, <fpage>751</fpage>-<lpage>760</lpage>.
<author><surname>Schweinfurth</surname>, <given-names>U</given-names></author>.: <title>Pyrethrum cultivation - an attempt at development in the Central Cordillera, Eastern New Guinea</title>. <source>Jahrbuch des Südasien-Instituts, Univ. Heidelberg</source>, <year>1968/69</year>, <other>Wiesbaden</other> <year>1969</year>, <fpage>117</fpage>-<lpage>126</lpage>. 
<author><surname>Shand</surname>, <given-names>R. T.</given-names></author>: <title>Trade Prospects of the Rural Sector</title> - in <editor>Fisk, E. K.</editor> (ed.): <source>New Guinea on the Threshold</source>. <other>Canberra</other>, <publisher>A. N. U. Press</publisher> <year>1966</year>. 
<author><surname>Sinha</surname>, <given-names>D. P.</given-names></author>: <title>The Wurup Project in New Guinea Highlands: strategies in planned change</title>. <source>Oceania</source> <volume>XXXIX</volume>, <issue>4</issue>, <fpage>290</fpage>-<lpage>297</lpage>, June <year>1969</year>. 
<author><surname>Strauss</surname>, <given-names>M. N.</given-names></author>: <title>The Road to Madang</title>. <other>New Guinea</other>, June/July <year>1968</year>, <fpage>51</fpage>-<lpage>59</lpage>. 
<title>Territory of Papua and New Guinea: Grow good tea</title> - <source>Planim Gutpela Ti</source>, Book <volume>1-8</volume> (o. J.). 