<author><surname>CRESSEY</surname>, <given-names>G. B.</given-names></author>: <title>Qanats, Karez, and Foggaras</title>. In: <source>Geographical Review</source>, Vol. <volume>48</volume>, <year>1958</year>, S. <fpage>27</fpage>-<lpage>44</lpage>. 
<author><surname>GOBLOT</surname>, <given-names>H</given-names></author>.: <title>Dans l'ancien Iran, les techniques de l'eau et la grande histoire</title>. In: <source>Annales E. S. C., Mai/ Juin</source>, <other>Nancy</other> <year>1963</year>. 
<author><surname>HUMLUM</surname>, <given-names>J</given-names></author>.: <title>La Géographie de l'Afghanistan</title>. <other>Kopenhagen</other> <year>1959</year>. 
<author><surname>HUMLUM</surname>, <given-names>J</given-names></author>.: <title>Underjordiske Vandingskanaler, Kareze, Qanat, Foggara</title>. In: <source>Kulturgeografi</source> Bd. <volume>6</volume>, <year>1964</year>, Nr. <issue>90</issue>, S. <fpage>81</fpage>-<lpage>132</lpage>. 
<author><surname>JENTSCH</surname>, <given-names>Ch</given-names></author>.: <title>Typen der Agrarlandschaft im zentralen und östlichen Afghanistan</title>. In: <source>Arb. aus d. Geogr. Inst. d. Univ. d. Saarl.</source>. Bd. <volume>10</volume>, <year>1965</year>, S. <fpage>23</fpage>-<lpage>68</lpage>. 
<author><surname>JENTSCH</surname>, <given-names>Ch</given-names></author>.: <title>Luftbild Khwaja Kotgay</title>. In: <source>Die Erde</source>, <volume>100</volume>. Jg., <year>1969</year>, H. <issue>1</issue>, S. <fpage>1</fpage>-<lpage>4</lpage>. 
<author><surname>TROLL</surname>, <given-names>C</given-names></author>.: <title>Qanat-Bewässerung in der Alten und Neuen Welt</title>. In: <source>Mitt. d. Ost. Geogr. Ges.</source>, Bd. <volume>105</volume>, <year>1963</year>, S. <fpage>313</fpage> bis <lpage>330</lpage>. 
<author><surname>TROLL</surname>, <given-names>C</given-names></author>.: <title>Techniques agricoles, milieu nature! et histoire de l'humanité</title>. In: <source>Bull. de la Soc. Géogr. de Liège</source>, <volume>3</volume>. Jg., Nr. <issue>3</issue>, <year>1967</year>, s. <fpage>3</fpage>-<lpage>26</lpage>. 
<author><surname>WILBER</surname>, <given-names>D. N.</given-names></author>: <title>Afghanistan</title>. <other>2. Aufl. New Haven</other> <year>1962</year>. 