<author><surname>Muskett</surname>, <given-names>A. E.</given-names></author>, und <author><surname>Morrison</surname>, <given-names>J</given-names></author>.: <title>Agriculture</title>, in: <source>Belfast in its Regional Setting</source>", <other>Belfast</other> <year>1952</year>, p. <fpage>139</fpage>.
<title>Agricultural Statistics</title>, <source> Stats.</source> <volume>22</volume>, <year>1953</year>.
<author><given-names>D. A.</given-names> <surname>Hill</surname></author>: <title>Land Use</title>. in: „<source>Belfast in its Regional Setting</source>", <other>Belfast</other> <year>1952</year>, p. <fpage>159</fpage>. 
<title>Excursions Guide for the Meeting of the Brit. Ass. for the Advancement of Science</title>, <other>Belfast</other> <year>1952</year>.
<author><given-names>F</given-names>. <surname>Firbas</surname></author>: <title>Einige Berechnungen über die Ernährung der Hochmoore</title>. In: <source>Die Pflanzenwelt Irlands</source>. <other>Bern</other> <year>1952</year>, p. <fpage>177</fpage>. 
<author><given-names>K</given-names>. <surname>Jessen</surname></author>: <title>Studies in Late Quaternary Deposits and Flora History of Ireland</title>. <source>Proc. R. I. A.</source> Vol. <volume>52</volume>, <issue>B 6</issue>, <year>1949</year>, p. <fpage>98</fpage> <lpage>ff</lpage>.