<author><surname>Bähr</surname>, <given-names>J</given-names></author>.: <title>Bevölkerungsgeographie</title>. <other>Stuttgart</other> <year>1983</year>. 
<author><surname>Bujra</surname>, <given-names>J.M.</given-names></author>: <title>Women „entrepreneurs" of early Nairobi</title>. In: <source>Canadian Journ. of Afr. St.</source> <volume>9</volume>, <year>1975</year>, S. <fpage>213</fpage>-<lpage>234</lpage>. 
<author><surname>Bujra</surname>, <given-names>J.M.</given-names></author>: <title>Production, property, prostitution: Sexual politics in Yumbe</title>. In: <source>Cahiers d'études africaines</source> <volume>65</volume>, <year>1977</year>, S. <fpage>13</fpage>-<lpage>38</lpage>. 
<author><surname>Carlebach</surname>, <given-names>J</given-names></author>.: <title>Juvenile prostitution in Nairobi</title>. In: <editor>Muga, E.</editor> (Ed.): <source>Studies in prostitution (East, West and South Africa, Zaire and Nevada)</source>. <other>Nairobi</other>, <year>1980</year>, S. <fpage>70</fpage>-<lpage>129</lpage>. 
<author><surname>Clark</surname>, <given-names>C. M.</given-names></author>: <title>Land and food, women and power, in nineteenth century Kikuyu</title>. In: <source>Africa</source> <volume>50</volume>, <year>1980</year>, S. <fpage>357</fpage>-<lpage>370</lpage>. 
<author><surname>Dutto</surname>, <given-names>C. A.</given-names></author>: <title>Nyeri townsmen, Kenya</title>. <other>Kampala, Nairobi</other> <year>1975</year>. 
<editor>East Africa Royal Commission</editor>: <title>Report 1953-1955</title>. <other>London</other> <year>1955</year>. 
<author><surname>Hake</surname>, <given-names>A</given-names></author>.: <title>African metropolis. Nairobi's self-help city</title>. <other>London</other> <year>1977</year>. 
<editor>International Labour Office (I.L.O.)</editor>: <title>Employment, incomes and equality. A strategy for increasing productive employment in Kenya</title>. <other>Genf</other> <year>1972</year>. 
<author><surname>Kenyatta</surname>, <given-names>J</given-names></author>.: <title>Facing Mt. Kenya. The tribal life of the Gikuyu</title>. <other>New York</other> <year>1965</year> (Wiederdruck der Ausgabe v. 1938). 
<author><surname>Kitching</surname>, <given-names>G</given-names></author>.: <title>Class and economic change in Kenya: the making of an African petite bourgeoisie, 1905-70</title>. <other>New Haven, London</other> <year>1980</year>. 
<author><surname>Knotts</surname>, <given-names>M. A.</given-names></author>: <title>The social and economic factors associated with the rural-urban-migration of Kenya women</title>. Diss. 1977 (John Hopkins Univ.) <other>Ann Arbor, Mich.</other> <year>1980</year> (Microfiches). 
<author><surname>Little</surname>, <given-names>K</given-names></author>.: <title>African women in towns. An aspect of Africa's social revolution</title>. <other>Cambridge</other> <year>1973</year>. 
<author><surname>Nelson</surname>, <given-names>N</given-names></author>.: <title>How women and men get by: the sexual division of labour in the informal sector of a Nairobi squatter settlement</title>. In: <editor>Bromley, R.</editor> a. <editor>Gerry, Chr.</editor> (Ed.): <source>Casual work and poverty in Third World cities</source>. <other>Chichester</other> <year>1979</year>, S. <fpage>283</fpage>-<lpage>302</lpage>. 
<author><surname>Obbo</surname>, <given-names>Chr</given-names></author>.: <title>African women: their struggle for independence</title>. <other>London</other> <year>1981</year>. 
<author><surname>Penwill</surname>, <given-names>D. J.</given-names></author>: <title>Kamba customary law. Notes taken in the Machakos District of Kenya Colony</title>. <other>Nairobi</other> <year>1979</year> (1. Aufl. 1951). 
<author><surname>Ross</surname>, <given-names>M. H</given-names></author>: <title>The political integration of urban squatters</title>. <other>Evanston</other> <year>1973</year>. 
<author><surname>Ross</surname>, <given-names>M. H</given-names></author>: <title>Grass roots in an African city: Political behaviour in Nairobi</title>. <other>Cambridge, Mass.</other> <year>1975</year>. 
<author><surname>Stichter</surname>, <given-names>Sh</given-names></author>.: <title>Migrant labour in Kenya: Capitalism and African response, 1895-1975</title>. <other>Harlow, Essex</other> <year>1982</year>. 
<author><surname>Vorlaufer</surname>, <given-names>K</given-names></author>.: <title>Fremdenverkehrswirtschaftliche Entwicklung und Beschäftigung in der Dritten Welt. Eine Studie zur regionalen und sozialen Mobilitat der Hotelbeschäftigten Kenyas</title>. In: <source>Zeitschrift f.: Wirtschaftsgeographie</source> <volume>22</volume>, <year>1979</year>(a), S. <fpage>161</fpage>-<lpage>171</lpage>. 
<author><surname>Vorlaufer</surname>, <given-names>K</given-names></author>.: <title>Fremdenverkehrswirtschaftliche Entwicklung und Arbeiterwanderungen in Kenya. Das Beispiel der Kiistenzone</title>. In: <source>Erdkunde</source> <volume>33</volume>, <year>1979</year>(b), <fpage>129</fpage>-<lpage>144</lpage>. 
<author><surname>Vorlaufer</surname>, <given-names>K</given-names></author>.: <title>Wanderungen zwischen ländlichen Peripherie- und großstädtischen Zentralräumen in Afrika. Eine migrationstheoretische und -empirische Studie am Beispiel Nairobi</title>. In: <source>Zeitschrift f. Wirtschaftsgeographie</source> <volume>27</volume>, <year>1984</year>, S. <fpage>229</fpage>-<lpage>261</lpage>. 
<author><surname>Vorlaufer</surname>, <given-names>K</given-names></author>.: <title>Ethnozentrismus, Tribalismus und Urbanisierung in Kenya. Das Wanderungs- und Segregationsverhalten ethnischer Gruppen am Beispiel Nairobi</title>. In: <source>Studien zur regionalen Wirtschaftsgeographie. Frankf. Wirtsch.- u. Sozialgeogr. Sehr.</source> <volume>47</volume>, <year>1985</year>, S. <fpage>107</fpage>-<lpage>157</lpage>. 
<author><surname>Weisner</surname>, <given-names>T. S.</given-names></author> a. <author><surname>Abbott</surname>, <given-names>S</given-names></author>.: <title>Women, modernity and stress: Contrasting contexts for change in East Africa</title>. In: <source>Journal of Anthropological Research</source> <volume>37</volume>, <year>1977</year>, S. <fpage>421</fpage>-<lpage>451</lpage>. 
<author><surname>Wilson</surname>, <given-names>G. M.</given-names></author>: <title>A study of prostitution in Mombasa</title>. In: <editor>Muga, E.</editor> (Ed.): <source>Studies in prostitution (East, West and South Africa, Zaire and Nevada)</source>. <other>Nairobi</other> <year>1980</year>, S. <fpage>130</fpage>-<lpage>142</lpage>. 