<author><surname>ACQUAYE</surname>, <given-names>D</given-names></author>. a. <author><surname>TINSLEY</surname>, <given-names>J</given-names></author>. (<year>1965</year>): <title>Soluble silica in soils</title>. In: <editor>HALLSWORTH, E. G.</editor> a. <editor>CRAWFORD, D. V.</editor> (Eds.): <source>Experimental Pedology</source>. <other>London</other>, <fpage>126</fpage>–<lpage>148</lpage>.
<author><surname>ALLAN</surname>, <given-names>R. J.</given-names></author> (<year>1990</year>): <title>Climate</title>. In: <editor>TYLER, M. J.</editor>; <editor>TWIDALE, C. R.</editor>; <editor>DAVIES, M.</editor> a. <editor>WELLS, C. B.</editor> (Eds.): <source>Natural History of the North East Deserts</source>. <other>Adelaide</other>, <fpage>81</fpage>–<lpage>84</lpage>.
<author><surname>BENNETT</surname>, <given-names>P. C.</given-names></author> (<year>1991</year>): <title>Quartz dissolution in organic-rich aqueous systems</title>. In: <source>Geochemica Cosmochemica Acta</source> <volume>55</volume>, <fpage>1781</fpage>–<lpage>1797</lpage>.
<author><surname>BLACKWELDER</surname>, <given-names>E</given-names></author>. (<year>1933</year>): <title>The insolation hypothesis of rock weathering</title>. In: <source>American Journal of Science</source> <volume>26</volume>, <fpage>97</fpage>–<lpage>113</lpage>.
<author><surname>BONYTHON</surname>, <given-names>C. W.</given-names></author> a. <author><surname>MASON</surname>, <given-names>B</given-names></author>. (<year>1953</year>): <title>The filling and drying of Lake Eyre</title>. In: <source>Geographical Journal</source> <volume>119</volume>, <fpage>321</fpage>–<lpage>330</lpage>.
<author><surname>BOURNE</surname>, <given-names>J. A.</given-names></author> a. <author><surname>TWIDALE</surname>, <given-names>C. R.</given-names></author> (<year>1998</year>): <title>Pediments and fans: genesis and relationships in the western piedmont of the Flinders Ranges, South Australia</title>. In: <source>Australian Journal of Earth Sciences</source> <volume>45</volume>, <fpage>123</fpage>–<lpage>135</lpage>.
<author><surname>BROWN</surname>, <given-names>D.A.</given-names></author>; <author><surname>CAMPBELL</surname>, <given-names>K.S.W.</given-names></author> a. <author><surname>CROOK</surname>, <given-names>K.A.W.</given-names></author> (<year>1968</year>): <title>Geological Evolution of Australia and New Zealand</title>. <other>Oxford</other>.
<author><surname>BRYAN</surname>, <given-names>K</given-names></author>. (<year>1940</year>): <title>Gully gravure – a method of slope retreat</title>. In: <source>Journal of Geomorphology</source> <volume>3</volume>, <fpage>89</fpage>–<lpage>107</lpage>.
<author><surname>CARTER</surname>, <given-names>E. K.</given-names></author> a. <author><surname>ÖPIK</surname>, <given-names>A. A.</given-names></author> (<year>1959</year>): <title>Geological Map of Northwestern Queensland</title>. <editor>Bureau of Mineral Resources, Canberra</editor> / <source>Geological Survey of Queensland</source>, <other>Brisbane</other>.
<author><surname>CHEPIL</surname>,<given-names>W. S.</given-names></author> (<year>1950</year>): <title>Properties of soil which influence wind erosion: the governing principle of surface roughness</title>. In: <source>Soil Science</source> <volume>69</volume>, <fpage>149</fpage>–<lpage>162</lpage>.
<author><surname>COATS</surname>, <given-names>R. P.</given-names></author>; <author><surname>HORWITZ</surname>, <given-names>R. C.</given-names></author>; <author><surname>CRAWFORD</surname>, <given-names>A. R.</given-names></author>; <author><surname>CAMPANA</surname>, <given-names>B</given-names></author>. a. <author><surname>THATCHER</surname>, <given-names>D</given-names></author>. (<year>1969</year>): <title>Mount Painter Province</title>. <source>Geological Atlas Special 1:125,000 Series, South Australia</source>.
<author><surname>COOKE</surname>, <given-names>R</given-names></author>.; <author><surname>WARREN</surname>, <given-names>A</given-names></author>. a. <author><surname>GOUDIE</surname>, <given-names>A</given-names></author>. (<year>1993</year>): <title>Desert Geomorphology</title>. <other>London</other>.
<author><surname>DAVIS</surname>, <given-names>S. N.</given-names></author> (<year>1964</year>): <title>Silica in streams and groundwater</title>. In: <source>American Journal of Science</source> <volume>262</volume>, <fpage>870</fpage>–<lpage>891</lpage>.
<author><surname>DENNY</surname>, <given-names>C. S.</given-names></author> (<year>1967</year>): <title>Fans and pediments</title>. In: <source>American Journal of Science</source> <volume>256</volume>, <fpage>81</fpage>–<lpage>105</lpage>.
<author><surname>DOUGLAS</surname>, <given-names>I</given-names></author>. (<year>1978</year>): <title>Denudation in silicate rocks in the humid tropics</title>. In: <editor>DAVIES, J. L.</editor> a. <editor>WILLIAMS, M. A. J.</editor> (Eds.): <source>Landform Evolution in Australasia</source>. <other>Canberra</other>, <fpage>216</fpage>–<lpage>237</lpage>.
<author><surname>DULHUNTY</surname>, <given-names>J. A.</given-names></author> (<year>1987</year>): <title>Salina-bed instability and geodetic studies at Lake Eyre, South Australia</title>. In: <source>Transactions of the Royal Society of South Australia</source> <volume>111</volume>, <fpage>183</fpage>–<lpage>188</lpage>.
<author><surname>DURY</surname>, <given-names>G. H.</given-names></author> (<year>1970</year>): <title>Morphometry of gibber gravel at Mt Sturt, New South Wales</title>. In: <source>Journal of the Geological Society of Australia</source> <volume>16</volume>, <fpage>655</fpage>–<lpage>666</lpage>.
<author><surname>ELVIDGE</surname>, <given-names>C. D.</given-names></author> a. <author><surname>IVERSON</surname>, <given-names>R. M.</given-names></author> (<year>1983</year>): <title>Regeneration of desert pavement and varnish</title>. In: <editor>WEBB, R.H.</editor> a. <editor>WILSHIRE, H. G.</editor> (Eds.): <source>Environmental Effects of Off-Road Vehicles. Impacts and Management in Arid Regions</source>. <other>New York</other>, <fpage>245</fpage>–<lpage>264</lpage>.
<author><surname>ENGEL</surname>, <given-names>C. G.</given-names></author> a. <author><surname>SHARP</surname>, <given-names>R. P.</given-names></author> (<year>1958</year>): <title>Chemical data on desert varnish</title>. In: <source>Geological Society of America Bulletin</source> <volume>69</volume>, <fpage>487</fpage>–<lpage>518</lpage>.
<author><surname>FALCONER</surname>, <given-names>J. D.</given-names></author> (<year>1911</year>): <title>The Geology and Geography of Northern Nigeria</title>. <other>London</other>.
<author><surname>FORBES</surname>, <given-names>B. G.</given-names></author> (<year>1974</year>): <title>Kopperamanna. Sheet SH 54–1 Zones 5 & 6</title>. <source>Geological Atlas 1:250,000 Series, South Australia</source>.
<author><surname>FRAKES</surname>, <given-names>L. A.</given-names></author> (<year>1979</year>): <title>Climates Through Geologic Time</title>. <other>Amsterdam</other>.
<author><surname>FRAKES</surname>, <given-names>L. A.</given-names></author>; <author><surname>FRANCIS</surname>, <given-names>J. E.</given-names></author> a. <author><surname>SYKTUS</surname>, <given-names>J. I.</given-names></author> (<year>1992</year>): <title>Climate Modes of the Phanerozoic</title>. <other>Cambridge</other>.
<author><surname>FRANKEL</surname>, <given-names>J. J.</given-names></author> a. <author><surname>KENT</surname>, <given-names>L. E.</given-names></author> (<year>1937</year>): <title>Grahamstown surface quartzites (silcretes)</title>. In: <source>Transactions of the Geological Society of South Africa</source> <volume>40</volume>, <fpage>1</fpage>–<lpage>42</lpage>.
<author><surname>GRIGGS</surname>, <given-names>D. T.</given-names></author> (<year>1936</year>): <title>The factor of fatigue in rock exfoliation</title>. In: <source>Journal of Geology</source> <volume>44</volume>, <fpage>783</fpage>–<lpage>796</lpage>.
<author><surname>HALLSWORTH</surname>, <given-names>E. G.</given-names></author>; <author><surname>ROBERTSON</surname>, <given-names>G. K.</given-names></author> a. <author><surname>GIBBONS</surname>, <given-names>F. R.</given-names></author> (<year>1955</year>): <title>Studies in pedogenesis in New South Wales. VII. The gilgai soils</title>. In: <source>Journal of Soil Science</source> <volume>6</volume>, <fpage>1</fpage>–<lpage>31</lpage>.
<author><surname>HOWARD</surname>, <given-names>A</given-names></author>. (<year>1939</year>): <title>Crab-hole, gilgai and self-mulching soils of the Murrumbidgee Irrigation Area</title>. In: <source>Pedology</source> <volume>8</volume>, <fpage>14</fpage>–<lpage>18</lpage>.
<author><surname>HUBBLE</surname>, <given-names>G. D.</given-names></author>; <author><surname>ISBELL</surname>, <given-names>R. F.</given-names></author> a. <author><surname>NORTHCOTE</surname>, <given-names>K. H.</given-names></author> (<year>1983</year>): <title>Features of Australian soils</title>. In: <source>Soils. An Australian Viewpoint</source>. <other>Melbourne, London</other>, <fpage>17</fpage>–<lpage>47</lpage>.
<author><surname>HUTTON</surname>, <given-names>J. T.</given-names></author>; <author><surname>TWIDALE</surname>, <given-names>C. R.</given-names></author>; <author><surname>MILNES</surname>, <given-names>A. R.</given-names></author> a. <author><surname>ROSSER</surname> <given-names>H</given-names></author>. (<year>1972</year>): <title>Composition and genesis of silcretes and silcrete skins from the Beda valley, southern Arcoona Plateau, South Australia</title>. In: <source>Journal of the Geological Society of Australia</source> <volume>19</volume>, <fpage>31</fpage>–<lpage>39</lpage>.
<author><surname>HUTTON</surname>, <given-names>J. T.</given-names></author>; <author><surname>TWIDALE</surname>, <given-names>C. R.</given-names></author> a. <author><surname>MILNES</surname>, <given-names>A. R.</given-names></author> (<year>1978</year>): <title>Characteristics and origin of some Australian silcretes</title>. In: <editor>LANGFORD-SMITH, T.</editor> (Ed.): <source>Silcrete in Australia</source>. <other>Armidale, NSW</other>, <fpage>19</fpage>–<lpage>39</lpage>.
<author><surname>JESSUP</surname>, <given-names>R. W.</given-names></author> (<year>1970</year>): <title>The Stony Tableland soils of the southeastern portion of the Australian arid zone and their evolutionary history</title>. In: <source>Journal of Soil Science</source> <volume>11</volume>, <fpage>188</fpage>–<lpage>196</lpage>.
<author><surname>JOLY</surname>, <given-names>J</given-names></author>. (<year>1901</year>): <title>Expériences sur la dénudation par dissolution dans l’eau douce et l’eau de mer</title>. In: <source>Proceedings of the 8th International Geological Congress</source> (<other>Paris</other>), <fpage>774</fpage>–<lpage>784</lpage>.
<author><surname>JUTSON</surname>, <given-names>J. T.</given-names></author> (<year>1914</year>): <title>An outline of the physiographical geology (physiography) of Western Australia</title>. In: <source>Geological Survey of Western Australia Bulletin</source> <volume>61</volume>.
<author><surname>KOTWICKI</surname>, <given-names>V</given-names></author>. (<year>1986</year>): <title>Floods of Lake Eyre</title>. <publisher>Engineering and Water Supply Department</publisher>, <other>Adelaide</other>, <year>1986</year>.
<author><surname>LEEPER</surname>, <given-names>G. W.</given-names></author> (<year>1947</year>): <title>Introduction to Soil Science</title>. <other>Melbourne</other>.
<author><surname>LIVINGSTONE</surname>, <given-names>D. A.</given-names></author> (<year>1963</year>): <title>Chemical composition of rivers and lakes</title>. In: <source>United States Geological Survey Professional Paper</source> <volume>4409</volume>.
<author><surname>LOVERING</surname>, <given-names>T. S.</given-names></author> (<year>1959</year>): <title>Significance of accumulator plants in rock weathering</title>. In: <source>Geological Society of America Bulletin</source> <volume>70</volume>, <fpage>781</fpage>–<lpage>800</lpage>.
<author><surname>LUDBROOK</surname>, <given-names>N. H.</given-names></author> (<year>1969</year>): <title>Tertiary Period</title>. In: <editor>PARKIN, L. W.</editor> (Ed.): <source>Handbook of South Australian Geology</source>. <other>Adelaide</other>, <fpage>172</fpage>–<lpage>203</lpage>.
<author><surname>MABBUTT</surname>, <given-names>J. A.</given-names></author> (<year>1961</year>): <title>‘Basal surface’ or ‘weathering front’</title>. In: <source>Proceedings of the Geologists’ Association London</source> <volume>72</volume>, <fpage>357</fpage>–<lpage>358</lpage>.
<author><surname>MABBUTT</surname>, <given-names>J. A.</given-names></author> (<year>1965</year>): <title>The weathered land surface in central Australia</title>. In: <source>Zeitschrift für Geomorphologie</source> <volume>9</volume>, <fpage>82</fpage>–<lpage>114</lpage>.
<author><surname>MABBUTT</surname>, <given-names>J. A.</given-names></author> (<year>1977</year>):<title> Desert Landforms</title>. <other>Canberra</other>.
<author><surname>MCFADDEN</surname>, <given-names>L. D.</given-names></author>; <author><surname>WELLS</surname>, <given-names>S. G.</given-names></author> a. <author><surname>JERCINOVICH</surname>, <given-names>M. J.</given-names></author> (<year>1987</year>): <title>Influences of eolian and pedogenic processes on the origin and evolution of desert pavements</title>. In: <source>Geology</source> <volume>15</volume>, <fpage>504</fpage>–<lpage>508</lpage>.
<author><surname>MOOREHEAD</surname>, <given-names>A</given-names></author>. (<year>1963</year>): <title>Cooper’s Creek</title>. <other>London</other>.
<author><surname>NORRISH</surname>, <given-names>K</given-names></author>. a. <author><surname>PICKERING</surname>, <given-names>J. G.</given-names></author> (<year>1983</year>): <title>Clay minerals</title>. In: <source>Soils, An Australian Viewpoint</source>. <other>Melbourne, London</other>, <fpage>281</fpage>–<lpage>308</lpage>.
<author><surname>ÖPIK</surname>, <given-names>A. A.</given-names></author> (<year>1954</year>): <title>Mesozoic plant-bearing sandstones of the Camooweal region and the origin of freshwater quartzite (Abstract of talk presented Bureau of Mineral Resources, Canberra)</title>.
<author><surname>ÖPIK</surname>, <given-names>A. A.</given-names></author>; <author><surname>CARTER</surname>, <given-names>E. K.</given-names></author> a. <author><surname>RANDAL</surname>, <given-names>M. A.</given-names></author> (<year>1973</year>): <title>Notes on the First Edition Camooweal Geological Sheet Queensland, 1961</title>. In: <editor>Bureau of Mineral Resources</editor>, <source>Geology and Geophysics Record</source> <year>1973/83</year>.
<author><surname>OLLIER</surname>, <given-names>C. D.</given-names></author> (<year>1963</year>): <title>Insolation weathering: examples from central Australia</title>. In: <source>American Journal of Science</source> <volume>261</volume>, <fpage>376</fpage>–<lpage>381</lpage>.
<author><surname>OLLIER</surname>, <given-names>C. D.</given-names></author> (<year>1966</year>): <title>Desert gilgai</title>. In: <source>Nature</source> <volume>212</volume>, <fpage>581</fpage>–<lpage>583</lpage>.
<author><surname>PANDASTICO</surname>, <given-names>E. B.</given-names></author> a. <author><surname>ASHAYE</surname>, <given-names>T. I.</given-names></author> (<year>1956</year>): <title>Demonstration of the effect of stone layer on soil transport and accretion</title>. In: <editor>HALLSWORTH, E. G.</editor> a. <editor>CRAWFORD, D. V.</editor> (Eds.): <source>Experimental Pedology</source>. <other>London</other>, <fpage>384</fpage>–<lpage>390</lpage>.
<author><surname>PARTRIDGE</surname>, <given-names>T. C.</given-names></author> a. <author><surname>MAUD</surname>, <given-names>R. R.</given-names></author> (<year>1987</year>): <title>Geomorphic evolution of southern Africa since the Mesozoic</title>. In: <source>Transactions of the Geological Society of South Africa</source> <volume>90</volume>, <fpage>179</fpage>–<lpage>208</lpage>.
<editor>PIRSA (Primary Industries and Resources South Australia)</editor> (<year>2001</year>): <title>Cordillo. Sheet 7044</title>. <source>1:100,000 Geological Survey, South Australia</source>.
<author><surname>PRESCOTT</surname>, <given-names>J. A.</given-names></author> (<year>1931</year>): <title>The Soils of Australia in Relation to Vegetation and Climate</title>. <source>Council for Scientific and Industrial Research Bulletin</source> <volume>52</volume>.
<author><surname>RUSSELL</surname>, <given-names>M. B.</given-names></author> (<year>1957</year>): <title>Physical properties</title>. In: <source>Soil. The Yearbook of Agriculture USDA</source>. <other>Washington D.C.</other>, <fpage>31</fpage>–<lpage>38</lpage>.
<author><surname>SHARON</surname>, <given-names>D</given-names></author>. (<year>1962</year>): <title>On the nature of hamadas in Israel</title>. In: <source>Zeitschrift für Geomorphologie</source> <volume>6</volume>, <fpage>129</fpage>–<lpage>147</lpage>.
<author><surname>SPRIGG</surname>, <given-names>R. C.</given-names></author> (<year>1963</year>): <title>Geology and petroleum prospects of the Simpson Desert</title>. In: <source>Transactions of the Royal Society of South Australia</source> <volume>86</volume>, <fpage>35</fpage>–<lpage>66</lpage>.
<author><surname>SPRINGER</surname>, <given-names>M</given-names></author>. (<year>1958</year>): <title>Desert pavement and vesicular layer of some soils of the Lahontan Basin, Nevada</title>. In: <source>Proceedings of the Soil Scientific Society of America</source> <volume>22</volume>, <fpage>63</fpage>–<lpage>66</lpage>.
<author><surname>STEPHENS</surname>, <given-names>C. G.</given-names></author> (<year>1964</year>): <title>Silcretes of central Australia</title>. In: <source>Nature</source> <volume>203</volume>, <issue>1407</issue>.
<author><surname>STIRTON</surname>, <given-names>R. A.</given-names></author>; <author><surname>TEDFORD</surname>, <given-names>R. H.</given-names></author> a. <author><surname>MILLER</surname>, <given-names>A. H.</given-names></author> (<year>1961</year>): <title>Cainozoic stratigraphy and vertebrate palaeontology of the Tirari Desert, South Australia</title>. In: <source>Records of the South Australian Museum</source> <volume>14</volume>, <fpage>19</fpage>–<lpage>61</lpage>.
<author><surname>STURT</surname>, <given-names>C</given-names></author>. (<year>1849</year>): <title>Narrative of an Expedition into Central Australia performed under the Authority of Her Majesty’s Government during the years 1844, 5, and 6</title>. <other>London</other>.
<author><surname>SYMMONS</surname>,<given-names> P. M.</given-names></author> a. <author><surname>HEMMING</surname>, <given-names>C. F.</given-names></author> (<year>1968</year>): <title>A note on wind stable stone mantles in the southern Sahara</title>. In: <source>Geographical Journal</source> <volume>134</volume>, <fpage>60</fpage>–<lpage>64</lpage>.
<author><surname>TAYLOR</surname>, <given-names>G</given-names></author>.; <author><surname>TAYLOR</surname>, <given-names>G. R.</given-names></author>; <author><surname>BINK</surname>, <given-names>M</given-names></author>.; <author><surname>FOUDOULIS</surname>, <given-names>C</given-names></author>.; <author><surname>GORDON</surname>, <given-names>I</given-names></author>.; <author><surname>HEDSTROM</surname>, <given-names>J</given-names></author>.; <author><surname>MINELLO</surname>, <given-names>J</given-names></author>. a. <author><surname>WHIPPY</surname>, <given-names>F</given-names></author>. (<year>1985</year>): <title>Pre-basaltic topography of the northern Monaro and its implications</title>. In: <source>Australian Journal of Earth Sciences</source> <volume>32</volume>, <fpage>65</fpage>–<lpage>71</lpage>.
<author><surname>TOWNSEND</surname>, <given-names>R. J.</given-names></author> a. <author><surname>THORNTON</surname>, <given-names>R. C. N.</given-names></author> (<year>1975</year>): <title>Innamincka. Sheet SG 54–14 Zone 6</title>. <source>Geological Atlas 1:250,000 Series, South Australia</source>.
<author><surname>TWIDALE</surname>, <given-names>C. R.</given-names></author> (<year>1972</year>): <title>Landform development in the Lake Eyre region, Australia</title>. In: <source>Geographical Review</source> <volume>62</volume>, <fpage>40</fpage>–<lpage>70</lpage>.
<author><surname>TWIDALE</surname>, <given-names>C. R.</given-names></author> (<year>1978</year>): <title>On the origin of pediments in different structural settings</title>. In: <source>American Journal of Science</source> <volume>278</volume>, <fpage>1138</fpage>–<lpage>1176</lpage>.
<author><surname>TWIDALE</surname>, <given-names>C. R.</given-names></author> (<year>1983</year>): <title>Australian laterites and silcretes: ages and significance</title>. In: <source>Revue de Géologie Dynamique et Géographie Physique</source> <volume>24</volume>, <fpage>35</fpage>–<lpage>45</lpage>.
<author><surname>TWIDALE</surname>, <given-names>C. R.</given-names></author> (<year>1985</year>): <title>Old land surfaces and their implications for models of landscape evolution</title>. In: <source>Revue de Géomorphologie Dynamique</source> <volume>34</volume>, <fpage>131</fpage>–<lpage>147</lpage>.
<author><surname>TWIDALE</surname>, <given-names>C. R.</given-names></author> (<year>1990</year>): <title>The origin and implications of some erosional landforms</title>. In: <source>Journal of Geology</source> <volume>98</volume>, <fpage>343</fpage>–<lpage>364</lpage>.
<author><surname>TWIDALE</surname>, <given-names>C. R.</given-names></author> (<year>2002</year>): <title>The two-stage concept of landform and landscape development involving etching: origin, development and implications of an idea</title>. In: <source>Earth-Science Reviews</source> <volume>57</volume>, <fpage>37</fpage>–<lpage>74</lpage>.
<author><surname>TWIDALE</surname>, <given-names>C. R.</given-names></author> a. <author><surname>BOURNE</surname>, <given-names>J. A.</given-names></author> (<year>1996</year>): <title>Development of the land surface</title>. In: <editor>DAVIES, M.</editor>; <editor>TWIDALE, C. R.</editor> a. <editor>TYLER, M. J.</editor> (Eds.): <source>Natural History of the Flinders Ranges</source>. <other>Adelaide</other>, <fpage>46</fpage>–<lpage>62</lpage>.
<author><surname>TWIDALE</surname>, <given-names>C. R.</given-names></author> a. <author><surname>CAMPBELL</surname>, <given-names>E. M.</given-names></author> (<year>1986</year>): <title>Localised inversion on steep hillslopes: gully gravure in weak and in resistant rocks</title>. In: <source>Zeitschrift für Geomorphologie</source> <volume>30</volume>, <fpage>35</fpage>–<lpage>46</lpage>.
<author><surname>TWIDALE</surname>,<given-names> C. R.</given-names></author> a. <author><surname>MILNES</surname>, <given-names>A. R.</given-names></author> (<year>1983</year>a): <title>Slope processes active late in arid scarp retreat</title>. In: <source>Zeitschrift für Geomorphologie</source> <volume>27</volume>, <fpage>343</fpage>–<lpage>361</lpage>.
<author><surname>TWIDALE</surname>,<given-names> C. R.</given-names></author> a. <author><surname>MILNES</surname>, <given-names>A. R.</given-names></author> (<year>1983</year>b): <title>An overview of silicification in Cainozoic landscapes of arid central and southern Australia</title>. In: <source>Australian Journal of Soil Research</source> <volume>21</volume>, <fpage>387</fpage>–<lpage>410</lpage>.
<author><surname>TWIDALE</surname>, <given-names>C. R.</given-names></author>; <author><surname>PRESCOTT</surname>, <given-names>J. R.</given-names></author>; <author><surname>BOURNE</surname>, <given-names>J. A.</given-names></author> a. <author><surname>WILLIAMS</surname>, <given-names>F. M.</given-names></author> (<year>2001</year>): <title>Age of desert dunes near Birdsville, southwest Queensland</title>. In: <source>Quaternary Science Reviews</source> <volume>20</volume> (<issue>12</issue>), <fpage>81</fpage>–<lpage>91</lpage>.
<author><surname>VAN DIJK</surname>, <given-names>D. C.</given-names></author> a. <author><surname>BECKMANN</surname>, <given-names>G. G.</given-names></author> (<year>1978</year>): <title>The Yuleba Hardpan and its relationship to soil-geomorphic history, in the Yuleba-Tara region, southeast Queensland</title>. In: <editor>LANG-FORD-SMITH, T.</editor> (Ed.): <source>Silcrete in Australia</source>. <other>Armidale, NSW</other>, <fpage>73</fpage>–<lpage>91</lpage>.
<author><surname>WEBB</surname>, <given-names>R. H.</given-names></author> (<year>1983</year>): <title>Compaction of desert soils by off-road vehicles</title>. In: <editor>WEBB, R. H.</editor> a. <editor>WILSHIRE, H. G.</editor> (Eds.): <source>Environmental Effects of Off-Road Vehicles. Impacts and Management in Arid Regions</source>. <other>New York</other>, <fpage>51</fpage>–<lpage>79</lpage>.
<author><surname>WHITEHOUSE</surname>, <given-names>F. W.</given-names></author> (<year>1941</year>): <title>The surface of western Queensland</title>. In: <source>Proceedings of the Royal Society of Queensland</source> <volume>53</volume>, <fpage>1</fpage>–<lpage>22</lpage>.
<author><surname>WILLIAMS</surname>, <given-names>A. F.</given-names></author> (<year>1973</year>): <title>Pandie Pandie. Sheet SG 54–9 Zones 5 & 6</title>. <source>Geological Atlas 1:250,000 Series, South Australia</source>.
<author><surname>WILLIAMS</surname>, <given-names>A. F.</given-names></author> a. <author><surname>MOND</surname> <given-names>A</given-names></author>. (<year>1973</year>): <title>Gason. Sheet SG 54–13  Zones 5 & 6</title>. <source>Geological Atlas 1:250,000 Series, South  Australia</source>.
<editor>WILLS, W.</editor> (Ed.) (<year>1863</year>): <title>A successful exploration through the interior of Australia, from Melbourne to the Gulf of Carpentaria; from the journals and letters of William John Wills</title>. <other>London</other>.
<author><surname>WOPFNER</surname>, <given-names>H</given-names></author>. (<year>1960</year>): <title>On some structural development in the central part of the Great Australian Artesian Basin</title>. In: <source>Transactions of the Royal Society of South Australia</source> <volume>83</volume>, <fpage>179</fpage>–<lpage>194</lpage>.
<author><surname>WOPFNER</surname>, <given-names>H</given-names></author>. (<year>1974</year>): <title>Post-Eocene history and stratigraphy of northeastern South-Australia</title>. In: <source>Transactions of the Royal Society of South Australia</source> <volume>98</volume>, <fpage>1</fpage>–<lpage>12</lpage>.
<author><surname>WOPFNER</surname>, <given-names>H</given-names></author>. (<year>1978</year>): <title>Silcretes of northern South Australia and adjacent regions</title>. In: <editor>LANGFORD-SMITH, T.</editor> (Ed.): <source>Silcrete in Australia</source>. <other>Armidale, NSW</other>, <fpage>93</fpage>–<lpage>141</lpage>.
<author><surname>WOPFNER</surname>, <given-names>H</given-names></author>. a. <author><surname>TWIDALE</surname>, <given-names>C. R.</given-names></author> (<year>1967</year>): <title>Geomorphological History of the Lake Eyre Basin</title>. In: <editor>JENNINGS, J. N.</editor> a. <editor>MABBUTT, J. A.</editor> (Eds.): <source>Landform Studies from Australia and New Guinea</source>. <other>Canberra</other>, <fpage>117</fpage>–<lpage>143</lpage>.
<author><surname>WRIGHT</surname>,<given-names> M. J.</given-names></author>; <author><surname>FITZPATRICK</surname>, <given-names>R. W.</given-names></author> a. <author><surname>WELLS</surname>, <given-names>C. B.</given-names></author> (<year>1990</year>): <title>Soils</title>. In: <editor>TYLER, M. J.</editor>; <editor>TWIDALE, C. R.</editor>; <editor>DAVIES, M.</editor> a. <editor>WELLS, C. B.</editor> (Eds.): <source>Natural History of the North East Deserts</source>. <other>Adelaide</other>, <fpage>61</fpage>–<lpage>74</lpage>.
<author><surname>WRIGHT</surname>, <given-names>R. L.</given-names></author> (<year>1963</year>): <title>Deep weathering and erosion surfaces in the Daly River Basin, Northern Territory</title>. In: <source>Journal of the Geological Society of Australia</source> <volume>10</volume>, <fpage>151</fpage>–<lpage>164</lpage>.
<author><surname>YOUNG</surname>, <given-names>R. W.</given-names></author> (<year>1985</year>): <title>Silcrete distribution in eastern Australia</title>. In: <source>Zeitschrift für Geomorphologie</source> <volume>29</volume>, <fpage>21</fpage>–<lpage>36</lpage>.
<author><surname>YOUNG</surname>, <given-names>R. W.</given-names></author> a. <author><surname>MCDOUGALL</surname>, <given-names>I</given-names></author>. (<year>1993</year>): <title>Long-term landsacope evolution, Early Miocene and modern rivers in southern New South Wales</title>. In: <source>Journal of Geology</source> <volume>101</volume>, <fpage>35</fpage>–<lpage>49</lpage>.
<author><surname>YOUNGS</surname>, <given-names>B. C.</given-names></author> a. <author><surname>WOPFNER</surname>, <given-names>H</given-names></author>. (<year>1972</year>): <title>Subsurface faults and recent earthquakes in the Simpson Desert</title>. <source>Geological Survey of South Australia Quarterly Geological Notes</source> <volume>43</volume>, <fpage>8</fpage>–<lpage>11</lpage>.