<author><surname>ABBONYI</surname>, <given-names>A</given-names></author>. (<year>1915</year>): <title>Experimentelle Daten zur Erkennung der Artemiagattung</title>. <source>Z. wiss. Zool.</source> <volume>114</volume>, S. <fpage>95</fpage>. 
<author><surname>BEUCK</surname>, <given-names>H</given-names></author>. (<year>1916</year>): <title>Der Urmiasee in Persien, 1 : 500 000</title>, <source>Petermanns Mitt. Tafel B.</source>
<author><surname>GRASSL</surname>, <given-names>J</given-names></author>. (<year>1855</year>): <title>Neueste Spezialkarte von Persien</title>. <source>MEYERS Handatlas</source>. 
<author><surname>HEDIN</surname>, <given-names>S</given-names></author>. (<year>1951</year>): <title>Transhimalaya</title>. <source>Brockhaus</source>. 
<author><surname>KAEHNE</surname>, <given-names>K</given-names></author>. (<year>1923</year>): <title>Beiträge zur physischen Geographie des Urmiabeckens</title>. <source>Z. Ges. Erdk. Berlin</source>, No <volume>3-4</volume>, Seite <fpage>104</fpage>-<lpage>131</lpage>. 
<title>Karte des Russischen Generalstabes 1 : 420 000</title>, <year>1914</year>. 
<author><surname>KHANIKOFF</surname>, <given-names>N</given-names></author>. (<year>1862</year>): <title>Map of Azerbaidjan 1 : 800 000</title>, <other>Berlin</other>. 
<author><surname>MORGAN</surname>, <given-names>J. de</given-names></author> (<year>1894-1905</year>): <title>Mission scientifique en Perse</title>, <other>Paris</other>. 
<author><surname>PLATTNER</surname>, <given-names>F</given-names></author>. (<year>1955</year>a): <title>Der osmotische Druck von Artemia salina</title>. <source>Pfügers Archiv</source> <volume>261</volume>, S. <fpage>172</fpage>-<lpage>182</lpage>. 
<author><surname>PLATTNER</surname>, <given-names>F</given-names></author>. (<year>1955</year>b): <title>Über den Salzgehalt des Urmiasees</title>. <source>Petermanns Mitt.</source> S. <fpage>276</fpage>-<lpage>278</lpage>. 
<author><surname>PLATTNER</surname>, <given-names>F</given-names></author>. (<year>1960</year>): <title>Provitamin A in Sea Weeds of Lake Rezayeh</title> <source>Acta medica Iranica</source> S. <fpage>26</fpage>-<lpage>29</lpage>, Vol. <volume>III</volume>. 
<author><surname>PLATTNER</surname>, <given-names>F</given-names></author>. (<year>1963</year>): <title>Klimatologische Beobachtungen in Nordwest-Iran</title> <source>Meteorol. Rundschau</source> S. <fpage>13</fpage>-<lpage>15</lpage>, Bd. <volume>16</volume>. 
<author><surname>POCHMANN</surname>, <given-names>A</given-names></author>. (<year>1959</year>): <title>Über Choanogaster, einen neuen farblosen Salzflagellaten vom Urmiasee</title>, <source>Arch. f. Protistenkunde</source> <volume>103</volume>, S. <fpage>507</fpage>-<lpage>530</lpage>. 
<author><surname>SCHMIDT-NIELSON</surname></author> <other>et al.</other> (<year>1958</year>): <title>Extrarenal Salt Excretion in Birds</title>. <source>Am. J. Physiol.</source> <volume>193</volume>, S. <fpage>101</fpage>-<lpage>107</lpage>. 
<author><surname>SIEGER</surname>, <given-names>R</given-names></author>. (<year>1888</year>): <title>Die Schwankungen der hocharmenischen Seen seit 1800</title> ... <source>Miet. d. k. k. geograph. Ges. Wien</source>, S. <fpage>95</fpage>-<lpage>159</lpage>. 