<author><surname>AHVENJÄRVI</surname>, <given-names>H</given-names></author>. (<year>1996</year>): <title>Luonnonmukaisen tuotannon alueellinen leviäminen Suomessa</title>. Pro gradu-Arbeit, Geographisches Institut der Universität Oulu.
<author><surname>ALA-RÄMI</surname>, <given-names>K</given-names></author>., <author><given-names>J</given-names>. <surname>RUSANEN</surname></author>, <author><given-names>M</given-names>. <surname>HÄKKILÄ</surname></author> (<year>1998</year>): <title>Suurten aineistojen luokittelu – esimerkkinä aktiivitilat Suomessa vuonna 1992. (Classification of large bodies of data: active farms in Finland in 1992)</title>. In: <source>Terra</source> <volume>110</volume>: <issue>1</issue>, S. <fpage>13</fpage>-<lpage>21</lpage>.
<author><surname>BROWN</surname>, <given-names>L</given-names></author>. (<year>1997</year>): <title>Facing the Prospect of Food Scarcity</title>. In: <source>State of the World 1997, A Worldwatch Institute Report on Progress Toward a Sustainable Society</source>, S. <fpage>23</fpage>-<lpage>41</lpage>, <other>New York- London</other>.
<author><surname>EHLERS</surname>, <given-names>E</given-names></author>. (<year>1967</year>): <title>Das boreale Waldland in Finnland und Kanada als Siedlungs- und Wirtschaftsraum</title>. In: <source>Geographische Zeitschrift</source> <year>1967</year>, S. <fpage>279</fpage>-<lpage>322</lpage>.
<author><surname>EHLERS</surname>, <given-names>E</given-names></author>. (<year>1984</year>): <title>Bevölkerungswachstum – Nahrungsspielraum – Siedlungsgrenzen der Erde</title>. <source>Studienbücher Geographie</source>, <other>Frankfurt am Main und Aarau</other>.
<title>Farm Register</title> <year>1996</year>. <editor>National Board of Agriculture</editor>, <other>Helsinki</other>.
<author><surname>GARDNER</surname>, <given-names>G</given-names></author>. (<year>1997</year>): <title>Preserving Global Cropland</title>. In: <source>State of the World 1997, A Worldwatch Institute Report on Progress Toward a Sustainable Society</source>, S. <fpage>43</fpage>-<lpage>59</lpage>.
<author><surname>HÄKKILÄ</surname>, <given-names>M</given-names></author>. (<year>1984</year>a): <title>The recent development of agriculture with special reference to Kainuu, Finland</title>. In: <source>Nordia</source> <volume>18</volume>: <issue>2</issue>, S. <fpage>123</fpage>-<lpage>133</lpage>.
<author><surname>HÄKKILÄ</surname>, <given-names>M</given-names></author>. (<year>1984</year>b): <title>Geographical aspects of the development and utilization of arable land area in Finland</title>. In: <source>Fennia</source> <volume>162</volume>, S. <fpage>217</fpage>-<lpage>235</lpage>.
<author><surname>HÄKKILÄ</surname>, <given-names>M</given-names></author>. (<year>1986</year>): <title>The expansion and retreat of agricultural settlement in Northern Finland after World War II</title>. In: <source>Nordia</source> <volume>20</volume>: <issue>1</issue>, S. <fpage>27</fpage>-<lpage>39</lpage>.
<author><surname>HÄKKILÄ</surname>, <given-names>M</given-names></author>. (<year>1987</year>): <title>Regional development of dairy farming in Finland</title>. In: <source>Nordia</source> <volume>21</volume>: <issue>1</issue>, S. <fpage>27</fpage>-<lpage>38</lpage>.
<author><surname>HÄKKILÄ</surname>, <given-names>M</given-names></author>. (<year>1988</year>): <title>Agriculture and forestry in rural development of Kainuu, Finland</title>. In: <source>Nordia</source> <volume>22</volume>: <issue>2</issue>, S. <fpage>79</fpage>-<lpage>92</lpage>.
<author><surname>HÄKKILÄ</surname>, <given-names>M</given-names></author>. (<year>1990</year>): <title>Über die regionale Entwicklung der Betriebsstruktur der finnischen Landwirtschaft</title>. In: <source>Wissenschaftliche Mitteilungen</source> <volume>34</volume>, S. <fpage>137</fpage>-<lpage>160</lpage>.
<author><surname>HÄKKILÄ</surname>, <given-names>M</given-names></author>. (<year>1991</year>): <title>Some regional trends in Finnish farming with special reference to agricultural policy</title>. In: <source>Fennia</source> <volume>169</volume>: <issue>1</issue>, S. <fpage>39</fpage>-<lpage>56</lpage>.
<author><surname>HÄKKILÄ</surname>, <given-names>M</given-names></author>. (<year>1993</year>): <title>Perspectives of Finnish Agriculture in the Integrating Europe</title>. In: <editor>University of Oulu, Research Institute of Northern Finland</editor>, <source>Research Reports</source> <volume>114</volume>, S. <fpage>51</fpage>-<lpage>78</lpage>.
<author><surname>HÄKKILÄ</surname>, <given-names>M</given-names></author>., <author><given-names>K</given-names>. <surname>NIEMINEN</surname></author> (<year>1992</year>): <title>Peltoviljelyn ja karjatalouden alueellinen jakaantuminen Suomessa. (Regional distribution of the production of field cultivation and animal husbandry in Finland.)</title> In: <editor>University of Oulu, Research Institute of Northern Finland</editor>, <source>Working papers</source> <volume>84</volume>.
<author><surname>HÄKKILÄ</surname>, <given-names>M</given-names></author>. (<year>1997</year>): <title>Geographical aspects of the use of arable land in Finland</title>. In: <source>Nordia Geographical Publications</source> <volume>26</volume>: <issue>1</issue>, S. <fpage>3</fpage>-<lpage>16</lpage>.
<author><surname>JAATINEN</surname>, <given-names>S</given-names></author>., <author><given-names>P</given-names>. <surname>ALALAMMI</surname></author> (<year>1978</year>): <title>The field reservation scheme in Finland 1969-1977</title>. In: <source>Nordia</source> <volume>12</volume>: <issue>1</issue>, S. <fpage>15</fpage>-<lpage>30</lpage>.
<author><surname>JÄRVENPÄÄ</surname>, <given-names>M</given-names></author>., <author><given-names>H</given-names>. <surname>SANKARI</surname></author>, <author><given-names>L</given-names>. <surname>TUUNANEN</surname></author>, <author><given-names>T</given-names>. <surname>MAUNU</surname></author> (<year>1994</year>): <title>Bioenergian tuotanto elintarviketuotannosta vapautuvalla peltoalalla (Biomass Energy Production on Set-Aside Agricultural Land)</title>. <source>Työtehoseuran julkaisuja</source> <volume>333</volume>.
<author><surname>KETTUNEN</surname>, <given-names>L</given-names></author>. (<year>1989</year>): <title>Finnish agriculture in 1988</title>. In: <source>Publications of the Agricultural Economics Research Institute</source> <volume>56a</volume>.
<author><surname>KETTUNEN</surname>, <given-names>L</given-names></author>. (<year>1997</year>): <title>Finnish agriculture in 1996</title>. In: <source>Publications of the Agricultural Economics Research Institute</source> <volume>82a</volume>. 
<editor>Maatilahallitus</editor> (<year>1991</year>): <title>Maatilatalouden rakenneohjelma</title>. <other>Helsinki</other>.
<author><surname>MEAD</surname>, <given-names>W</given-names></author>. (<year>1951</year>): <title>The cold farms in Finland: Resettlement of Finlands displaced farmers</title>. In: <source>Geogr. Rev.</source> <volume>41</volume>, S. <fpage>429</fpage>-<lpage>543</lpage>.
<title>Ökologischer Landbau in Westeuropa</title> (<year>1996</year>): In: <source>Ökologie und Landbau</source> <volume>98</volume>, S. <fpage>2</fpage>.
<author><surname>PALOMÄKI</surname>, <given-names>M</given-names></author>. (<year>1960</year>): <title>Post War Pioneering in Finland, with special reference to the role of the Settlement areas</title>. In: <source>Fennia</source> <volume>84</volume>, S. <fpage>43</fpage>-<lpage>96</lpage>.
<author><surname>PENTZ</surname>, <given-names>H</given-names></author>. (<year>1995</year>): <title>Österreichs Landwirtschaft in der Herausforderung der EU</title>. In: <source>Geographische Rundschau</source> <volume>47</volume>, S. <fpage>25</fpage>-<lpage>29</lpage>.
<author><surname>ROSENQVIST</surname>, <given-names>O</given-names></author>. (<year>1997</year>): <title>Maatalouden alueellinen erikoistuminen Suomessa</title>. In: <source>Proceedings of the University of Vaasa, Research papers</source> <volume>219</volume>.
<author><surname>SANKARI</surname>, <given-names>H</given-names></author>. (<year>1993</year>): <title>Bioenergian tuotantoon soveltuvat peltokasvit. Kirjallisuuskatsaus. (Suitability of cultivated plants for bioenergy production. Literaly survey)</title> In: <editor>Maatalouden tutkimuskeskus</editor>, <source>Tiedote</source> <volume>8</volume>/<year>93</year>.
<author><surname>SCHLENGER</surname>, <given-names>H</given-names></author>. (<year>1957</year>): <title>Der Siedlungsbau Finnlands nach dem 2. Weltkrieg</title>. In: <source>Festschrift zur 100-Jahr Feier der Geogr. Ges. Wien, 1856-1956</source>, S. <fpage>374</fpage>-<lpage>413</lpage>.
<author><surname>SELBY</surname>, <given-names>A</given-names></author>. (<year>1980</year>): <title>Field afforestation in Finland and its regional variations</title>. In: <source>Communicationes Instituti Forestalis Fenniae</source> <volume>99</volume>: <issue>1</issue>.
<author><surname>SIURUAINEN</surname>, <given-names>E</given-names></author>. (<year>1978</year>): <title>On the history of rural settlement in Finland</title>. In: <source>Nordia</source> <volume>12</volume>: <issue>1</issue>, S. <fpage>67</fpage>-<lpage>78</lpage>.
<author><surname>VALLE</surname>, <given-names>O</given-names></author>. (<year>1952</year>): <title>Agriculture</title>. In: <source>A General Handbook of the Geography of Finland. Fennia</source> <volume>72</volume>, S. <fpage>448</fpage>-<lpage>473</lpage>.
<author><surname>VARJO</surname>, <given-names>U</given-names></author>. (<year>1977</year>): <title>Finnish farming. Typology and economics</title>. <source>Geography of World Agriculture</source> <volume>6</volume>. <other>Budapest</other>.
<author><surname>VARJO</surname>, <given-names>U</given-names></author>. (<year>1986</year>): <title>High-latitude climate impacts and effects</title>. In: <source>Nordia</source> <volume>20</volume>: <issue>1</issue>, S. <fpage>113</fpage>-<lpage>126</lpage>.
<title>Yearbook of Farm Statistics 1997</title>. <editor>National Board of Agriculture</editor>. <other>Helsinki</other>.