<title>Amtliches Gemeindeverzeichnis für das Deutsche Reich</title> (<year>1941</year>). <other>Berlin</other>.
<author><surname>BARRAN</surname>, <given-names>F</given-names></author>. (<year>1991</year>): <title>Städte-Atlas Ostpreußen</title>. <other>Leer</other>.
<author><surname>BARRAN</surname>, <given-names>F</given-names></author>. (<year>1992</year>): <title>Nördliches Ostpreußen – Königsberger Gebiet und Memelland. Ortsnamenverzeichnis und Karte</title>. <other>Leer</other>.
<author><surname>BILTSCHAK</surname>, <given-names>W. S.</given-names></author> (<author><surname>BILCAK</surname>, <given-names>V. S.</given-names></author>) (<year>1991</year>): <title>Ucet regionalnyh faktorov v formirovanij sozialnyh program</title>. In: <source>Geograficeskie problemy ekonomiceskoi samostojatelnosti Kaliningradskoi oblasti</source>. S. <fpage>23</fpage>-<lpage>28</lpage>.
<author><surname>JEREMEJEW</surname>, <given-names>W. G.</given-names></author> (<author><surname>EREMEEV</surname>, <given-names>V. G.</given-names></author>) (<year>1990</year>): <title>Perspektivy razvitija stroitelnovo kompleksa Kaliningradskoi oblasti</title>. In: <source>Geograficeskoe prognosirovanie sozialno-ekono-miceskovo razvitija Kaliningradskoi oblasti</source>.
<author><surname>DREVES</surname>, <given-names>E</given-names></author>. (<year>1933</year>): <title>Führer von Insterburg und Umgegend und durch Ostpreußen</title>. <other>Insterburg</other>.
<author><surname>FJODOROW</surname>, <given-names>G. M.</given-names></author>, & <author><given-names>U. M.</given-names> <surname>SWEREW</surname></author> (<author><surname>FEDOROV</surname>, <given-names>G. M.</given-names></author>, &<author><given-names> U. M.</given-names> <surname>ZVEREV</surname></author>) (<year>1992</year>): <title>Kalinin gradskaja oblast – SEZ ,Jantar“</title>. <other>Kaliningrad</other>.
<author><surname>FJODOROW</surname>, <given-names>G. M.</given-names></author>, <other>et al.</other>  (<author><surname>FEDOROV</surname>, <given-names>G. M.</given-names></author>, <other>et al.</other>) (<year>1993</year>): <title>Strategija razvitija regiona</title>. <other>Kaliningrad</other>.
<author><surname>HENNIG</surname>,  <given-names>K</given-names></author>. (<year>1981</year>): <title>Der Landkreis Insterburg – ein Ortsnamenlexikon</title>.
<author><surname>HEYNIKE</surname>, <given-names>H</given-names></author>. (<year>1931</year>): <title>Entwicklung der ostpreußischen Städte – eine wirtschaftshistorische Untersuchung</title>. <other>Königsberg</other>.
<author><surname>KNAPPE</surname>, <given-names>E</given-names></author>. (<year>1993</year>): <title>Der Wandel der Landnutzung im Kaliningrader Gebiet</title>. In: <source>Europa Regional</source>  <volume>2/93</volume> S. <fpage>22</fpage>-<lpage>30</lpage>.
<author><surname>KORNEEWEZ</surname>, <given-names>W. S.</given-names></author> (<author><surname>KORNEEVEC</surname>, <given-names>V. S.</given-names></author>) ( <year>1994</year>): <title>Zur Prognose der Bevölkerungsentwicklung in Zeiten extremer Veränderungsprozesse</title>. <other>Kaliningrad</other>.
<editor>MÜLLER-HERMANN, E.</editor>  (Hrsg.) (<year>1994</year>): <title>Königsberg/Kaliningrad unter europäischen Perspektiven</title>. <other>Bremen</other>.
<author><surname>NISNEWITSCH</surname>, <given-names>B</given-names></author>. (<author><surname>NISNEVIC</surname>, <given-names>B</given-names></author>.) (<year>1994</year>): <title>I est voprosy bez otvetov</title>. In: <source>Kaliningradskaja Pravda</source> <volume>24.09.1994</volume>. <other>Kaliningrad</other>.
<author><surname>OBGARTEL</surname>, <given-names>W</given-names></author>. (<year>1931</year>): <title>Die Kreise Insterburg Stadt und Land Insterburg</title>.
<author><surname>ORLOWA</surname>,<given-names>T. O.</given-names></author> (<author><surname>ORLOVA</surname>, <given-names>T. O.</given-names></author>) (<year>1991</year>): <title>Razvitie obsestvenovo samoupravlenija kak metod soversenstvovanija upravlenija gorodom</title>. In: <source>Geograficeskie problemy ekonomiceskoi samostojatenosti Kalininkradskoi oblasti</source>, S. <fpage>94</fpage> -<lpage>98</lpage>.
<author><surname>PANOW</surname>, <given-names>W. K.</given-names></author> (<author><surname>PANOV</surname>, <given-names>V. K.</given-names></author>) (<year>1948</year>): <title>K voprosu o specialisacij selskovo hozaistva Kaliningradskoi oblasti</title>, S. <fpage>94</fpage>-<lpage>98</lpage>.
<author><surname>RICHTER</surname>, <given-names>F</given-names></author>. (<year>1984</year>): <title>Industriepolitik im agrarischen Osten</title>. <other>Wiesbaden</other>.
<author><surname>SACHAROW</surname>, <given-names>E</given-names></author>. (<author><surname>SACHAROV</surname>, <given-names>E</given-names></author>.) (<year>1968</year>): <title>Kaliningradskaja oblast v cifrah</title>. <other>Kaliningrad</other>.
<author><surname>SCHEU</surname>, <given-names>E</given-names></author>. (<year>1936</year>): <title>Ostpreußen – Eine wirtschaftsgeographische Landeskunde</title>. <other>Königsberg</other>.
<author><surname>UTUKIN</surname>, <given-names>N. M.</given-names></author> (<year>1992</year>): <title>Razvitie  malyh gorodov i rayonov Kaliningradskoi oblasti v usloviah rynocnyh otnosenij</title>. In: <source>Regionalnye issledovanija Kaliningradskoi oblasti itogi i perspektivij</source>, S. <fpage>80</fpage>-<lpage>91</lpage>.
<author><surname>VON BATOCKI</surname></author>, & <author><given-names>G</given-names>. <surname>SCHACK</surname></author> (<year>1929</year>): <title>Bevölkerung und Wirtschaft in Ostpreußen</title>. <other>Jena</other>.
<author><surname>WAACK</surname>, <given-names>CH</given-names></author>. (<year>1994</year>): <title>Die ländlichen Siedlungen und ihre zentralen Orte im polnisch-russischen Grenzgebiet – ein zeitlicher und räumlicher Vergleich</title>. Diplomarbeit <other>Hannover</other>.
<author><surname>SWEREW</surname> <given-names>J. M.</given-names></author> (<author><surname>ZVEREV</surname>, <given-names>J. M.</given-names></author>) (<year>1994</year>): <title>Formulation of Infrastructure of the Free Economic zone Jantar as an Element of Activzation of over the Border-Cooperation</title>. In: <source>Podstawy rozwoju zachodnich i wschodnich obszarow przygranicznych Polski.</source> <other>Warschau</other>.