<editor>Agency of the Republic of Macedonia for Transformation of Enterprises with Social Capital</editor> (<year>1996</year>): <title>Doing Business in Macedonia</title>. <other>Skopje</other>.
<author><surname>AXT</surname>, <given-names>H.-J.</given-names></author> (<year>1993</year>): <title>Mazedonien: ein Streit um Namen oder ein Konflikt vor dem Ausbruch?</title> In: <source>Europa Archiv</source> <volume>48</volume>, H. <issue>3</issue>, S. <fpage>65</fpage>-<lpage>75</lpage>.
<editor>bfai - Bundesstelle für Außenhandelsinformation</editor> (<year>1997</year>): <title>EJR Mazedonien. Jahreswirtschaftsbericht 1996</title>. <other>Berlin/Köln</other>.
<editor>bfai - Bundesstelle für Außenhandelsinformation</editor> (<year>1994</year><other>ff</other>): <title>Ehemalige Jugoslawische Republik Mazedonien. Wirtschaftsdaten aktuell 4/1994-5/1998</title>. <other>Berlin/Köln</other>.
<author><surname>BISHEV</surname>, <given-names>G</given-names></author>. u. <author><given-names>T</given-names>. <surname>NENOVSKI</surname></author> (<year>1993</year>): <title>The Economic Situation of Macedonia. Ways to consolidate and reform the economy. Approaches to develop regional cooperation</title>. <editor>Academy for Security and Cooperation in Europe</editor>. <other>Berlin</other>.
<author><surname>BÜSCHENFELD</surname>, <given-names>H</given-names></author>. (<year>1981</year>): <title>Jugoslawien</title>. <source>Klett-Länderprofile</source>. <other>Stuttgart</other>.
<author><surname>BÜSCHENFELD</surname>, <given-names>H</given-names></author>. (<year>1987</year>): <title>Städte der Morava-Vardar-Zone. Urbaner Wandel im Südosten Jugoslawiens</title>. In: <source>Münstersche Geographische Arbeiten</source> <volume>27</volume>, S. <fpage>247</fpage>-<lpage>259</lpage>.
<author><surname>BÜSCHENFELD</surname>, <given-names>H</given-names></author>. (<year>1995</year>a): <title>Sozioökonomische Verwerfungen in den Nachfolgestaaten Jugoslawiens</title>. In: <source>Geographie und Schule</source> <volume>17</volume>, H. <issue>93</issue>, S. <fpage>9</fpage>-<lpage>19</lpage>.
<author><surname>BÜSCHENFELD</surname>, <given-names>H</given-names></author>. (<year>1995</year>b): <title>Privatisierung „Gesellschaftlichen Eigentums“ in den Nachfolgestaaten Jugoslawiens – eine Zwischenbilanz</title>. In: <source>Osteuropa</source> <volume>45</volume>, H. <issue>3</issue>, S. <fpage>219</fpage>-<lpage>231</lpage>.
<author><surname>BÜSCHENFELD</surname>, <given-names>H</given-names></author>. (<year>1995</year>c): <title>Die Volkszählung 1994 in Makedonien. Erste Ergebnisse</title>. In: <source>Osteuropa</source> <volume>45</volume>, H. <issue>8</issue>, S. <fpage>769</fpage>-<lpage>776</lpage>.
<author><surname>BÜSCHENFELD</surname>, <given-names>H</given-names></author>. (<year>1997</year>): <title>Der Transformationsprozeß in den Nachfolgestaaten Jugoslawiens</title>. In: <source>Osteuropa</source> <volume>47</volume>, H. <issue>5</issue>, S. <fpage>488</fpage>-<lpage>502</lpage>.
<author><surname>BÜSCHENFELD</surname>, <given-names>H</given-names></author>. (<year>1999</year>): <title>Außenwirtschaftliche Entwicklungstendenzen in den Nachfolgestaaten Jugoslawiens</title>. In: <source>Osteuropa</source> <volume>49</volume> (im Druck).
<author><surname>CAPELLI</surname>, <given-names>V</given-names></author>. (<year>1998</year>): <title>The Macedonian Question ... Again</title>. In: <source>The Washington Quaterly</source> <volume>21</volume>, H. <issue>3</issue>, S. <fpage>129</fpage>-<lpage>135</lpage>.
<editor>Deutsche Bank Research</editor> (<year>1997</year>): <title>Fokus Osteuropa</title>. <other>Frankfurt/M.</other>
<editor>European Bank for Reconstruction and Development</editor>: <title>Transition report update 4/1996</title>, S. 32.
<editor>FAZ-Informationsdiente</editor> (<year>1994</year><other>ff</other>): <title>Osteuropa-Perspektiven</title>. <volume>Jb. 1994/95-1998/99</volume>. <other>Frankfurt/M.</other>
<author><surname>GLIGOROV</surname>, <given-names>V</given-names></author>. (<year>1996</year>): <title>FYR Macedonia turning the corner</title>. In: <source>Wiener Institut für Internationale Wirtschaftsvergleiche</source> Nr. <volume>229</volume>, S. <fpage>28</fpage>-<lpage>33</lpage>.
<author><surname>GORGIEV</surname>, <given-names>G</given-names></author>. u. <author><given-names>V</given-names>. <surname>LAZAREVSKI</surname></author> (<year>1983</year>): <title>Hidromelioracioni sistem za navodnvanje u SR Makedonija</title>. In: <source>Vodoprivredna</source> <volume>16</volume>, H. <issue>5/6</issue>, S. <fpage>397</fpage>-<lpage>402</lpage>.
<author><surname>JAKIMOSKY</surname>, <given-names>J</given-names></author>. (<year>1997</year>): <title>The Republic of Macedonia</title>. <other>Skopje</other>.
<author><surname>LIBAL</surname>, <given-names>W</given-names></author>. (<year>1993</year>): <title>Mazedonien zwischen den Fronten</title>. <other>Wien/Zürich</other>.
<author><surname>MILJOVSKI</surname>, <given-names>J</given-names></author>. (<year>1997</year>): <title>Macedonia: Economic Situation, Privatization and Investment Possibilities</title>. <other>Skopje</other>.
<editor>Ministry of Development</editor> (<year>1995</year>): <title>Documentation to the Macroeconomic Policy of the Republic of Macedonia for 1996</title>. <other>Skopje</other>.
<author><surname>OSCHLIES</surname>, <given-names>W</given-names></author>. (<year>1993</year> <other>f</other>): <title>Republik Makedonien. Teil 1–3</title>. <source>Berichte des Bundesinstituts für ostwissenschaftliche und internationale Studien</source> <volume> 48-1993</volume>, <volume>10-1994</volume>, <volume>14-1994</volume>. <other>Köln</other>.
<editor>Osteuropa-Institut München</editor> (<year>1997</year><other>f</other>): <title>Mazedonien. Sammelband 1997 u. 1998</title>. <other>Bonn</other>.
<author><surname>PERRY</surname>, <given-names>D. M.</given-names></author> (<year>1994</year>): <title>Crisis in the making? Macedonia and its neighbors</title>. In: <source>Südosteuropa</source> <volume>43</volume>, H. <issue>1-2</issue>, S. <fpage>31</fpage>-<lpage>58</lpage>.
<author><surname>PERRY</surname>, <given-names>D. M.</given-names></author> (<year>1998</year>): <title>Destiny on Hold: Macedonia and the Dangers of Ethnic Discord</title>. In: <source>Current History</source> H. <issue>3</issue>, S. <fpage>119</fpage>-<lpage>126</lpage>.
<author><surname>POULTON</surname>, <given-names>H</given-names></author>. (<year>1993</year>): <title>The Republic of Macedonia after UN Recognition</title>. In: <source>RFE/RL Research Report</source> <volume>2</volume>, Nr. <issue>23</issue>, S. <fpage>22</fpage>-<lpage>30</lpage>.
<author><surname>REUTER</surname>, <given-names>J</given-names></author>. (<year>1993</year>): <title>Makedonien – der jüngste Staat auf der europäischen Landkarte</title>. <source>Aus Politik und Zeitgeschichte B</source> <volume>37</volume>, S. <fpage>21</fpage>-<lpage>29</lpage>.
<author><surname>REUTER</surname>, <given-names>J</given-names></author>. (<year>1997</year>): <title>Die Beziehungen zwischen Griechenland und der BR Jugoslawien von 1991 bis zur Gegenwart</title>. In: <source>Südosteuropa</source> <volume>46</volume>, H. <issue>7</issue>–-, S. <fpage>373</fpage>-<lpage>386</lpage>.
<author><surname>REUTER</surname>, <given-names>J</given-names></author>. (<year>1995</year>): <title>Athens schwieriger Weg zum Abschluß eines Interims-Abkommens mit Skopje</title>. In: <source>Südosteuropa Mitteilungen</source> <volume>35</volume>, H. <issue>4</issue>, S. <fpage>333</fpage>-<lpage>359</lpage>.
<author><surname>RIEDEL</surname>, <given-names>S</given-names></author>. (<year>1998</year>): <title>Monetaristische Reformstrategien und ihre sozialen Folgen für Südosteuropa: Die Entstehung einer Region europäischer Entwicklungsländer</title>. In: <source>Südosteuropa</source> <volume>47</volume>, H. <issue>7-8</issue>, S. <fpage>334</fpage>-<lpage>367</lpage>.
<author><surname>RONDHOLZ</surname>, <given-names>E</given-names></author>. (<year>1993</year>): <title>Zankapfel Mazedonien. Historische Hintergründe des Streits zwischen Athen und Skopje</title>. In: <source>Blätter für deutsche und internationale Politik</source> <volume>3</volume>, H. <issue>7</issue>, S. <fpage>871</fpage>-<lpage>881</lpage>.
<editor>Savezni zavod za statistiku</editor> (<year>1989</year>): <title>Jugoslavija 1918–1988</title>. <other>Beograd</other>.
<author><surname>SCHMIDT-NEKE</surname>, <given-names>M</given-names></author>. (<year>1994</year>): <title>Albanien zwischen Griechenland und Makedonien</title>. In: <source>Südosteuropa</source> <volume>43</volume>, H. <issue>11-12</issue>, S. <fpage>667</fpage>-<lpage>683</lpage>.
<author><surname>SCHRAMEYER</surname>, <given-names>K</given-names></author>. (<year>1997</year>): <title>Makedonien. Friedlichkeit, Maß und Vernunft – mit balkanischem Charme</title>. In: <source>Südosteuropa</source> <volume>46</volume>, H. <issue>12</issue>, S. <fpage>661</fpage>-<lpage>694</lpage>.
<author><surname>SLAVESKI</surname>, <given-names>T</given-names></author>. (<year>1997</year>): <title>Privatization in the Republic of Macedonia</title>. In: <source>Eastern European Economics</source> <volume>35</volume>, H. <issue>1</issue>, S. <fpage>31</fpage>-<lpage>51</lpage>.
<title>Statistical Yearbook of the Republic of Macedonia 1993-1997</title>. <other>Skopje</other>.
<author><surname>TROEBST</surname>, <given-names>St</given-names></author>. (<year>1992</year>): <title>Makedonische Antworten auf die „Makedonische Frage“ 1944-1992: Nationalismus, Republiksgründung, nationbuilding</title>. In: <source>Südosteuropa</source> <volume>41</volume>, H. <issue>7-8</issue>, S. <fpage>423</fpage>-<lpage>442</lpage>.
<author><surname>UVALIĆ</surname>, <given-names>M</given-names></author>. (<year>1997</year>): <title>Rückkehr zur Zusammenarbeit? Wirtschaftliche Probleme und Aussichten der Nachfolgestaaten des ehemaligen Jugoslawien</title>. In: <source>Europäische Rundschau</source> <volume>25</volume>, H. <issue>1</issue>, S. <fpage>53</fpage>-<lpage>66</lpage>.
<author><surname>VASILEVA-MARKOVSKA</surname>, <given-names>V. H.</given-names></author> u. <author><given-names>M</given-names>. <surname>SUKAROV</surname></author> (<year>1996</year>): <title>Privatization report Republic of Macedonia</title>. <other>Skopje</other>.
<author><surname>VÖLKL</surname>, <given-names>K</given-names></author>. (<year>1993</year>): <title>Makedonien/Mazedonien</title>. In: <editor>WEITHMANN, M.</editor> (Hrsg.): <source>Der ruhelose Balkan</source>. <other>München</other>, S. <fpage>218</fpage>-<lpage>252</lpage>.
<author><surname>WEITHMANN</surname>, <given-names>M</given-names></author>. (<year>1993</year>): <title>Makedonien – „Land zwischen vier Feuern“</title>. In: <source>Außenpolitik</source> <volume>44</volume>, H. <issue>3</issue>, S. <fpage>261</fpage>-<lpage>270</lpage>.
<author><surname>WIELAND</surname>, <given-names>C</given-names></author>. (<year>1997</year>): <title>Ein Makedonien mit drei Gesichtern</title>. In: <source>Südosteuropa</source> <volume>46</volume>, H. <issue>12</issue>, S. <fpage>695</fpage>-<lpage>711</lpage>.
<editor>Wiener Institut für Internationale Wirtschaftsvergleiche</editor> (<year>1998</year>): <source>WIIW Database</source> <volume>2</volume>, S. <fpage>40</fpage>.