<author><surname>AMIN</surname>, <given-names>A</given-names></author>. (<year>1993</year>): <title>The globalization of the economy</title>. In: <editor>GRABHER, G.</editor> (ed.): <source>The embedded firm</source>. <other>London, New York</other>.
<author><surname>BERTRAM</surname>, <given-names>H</given-names></author>. (<year>1993</year>): <title>Werkzeugmaschinenbau in Deutschland und die globale Konkurrenz</title>. In: <source>Geographische Rundschau</source> <volume>45</volume>, H. <issue>9</issue>.
<author><surname>BLANKENSTEIN</surname>, <given-names>H</given-names></author>. (<year>1993</year>): <title>Werkbank Europas</title>. In: <source>Die Zeit</source> <volume>49</volume>/<year>1993</year>.
<author><surname>BLÜTHMANN</surname>, <given-names>H</given-names></author>. (<year>1994</year>): <title>Aufholjagt aus der dritten Reihe</title>. In: <source>Die Zeit</source> <volume>4</volume>/<year>1994</year>.
<author><surname>BUCHER</surname>, <given-names>H</given-names></author>. (<year>1993</year>): <title>Die Raumordnungsprognose 2010</title>. <source>Geographische Rundschau</source> <volume>45</volume>, H. <issue>12</issue>.
<editor>Bundesforschungsanstalt für Landeskunde und Raumordnung</editor>: <title>Ergebnisse der laufenden Raumbeobachtung 1983 bis 1993</title>.
<editor>Bundesinstitut für Berufsbildung</editor> & <editor>Institut für Arbeitsmarkt und Berufsforschung</editor> (<year>1993</year>): <title>Technikstufen. Die wichtigsten Eckdaten u.a.</title> In: <source>Materialien zur Arbeitsbildung</source> <volume>2</volume>/<year>1993</year>.
<editor>Bundesministerium für Raumordnung, Bauwesen und Städtebau</editor> (<year>1991</year>): <title>Raumordnerisches Konzept für den Aufbau in den neuen Ländern</title>. <other>Bonn – Bad Godesberg</other>.
<editor>Bundesministerium für Raumordnung, Bauwesen und Städtebau</editor> (<year>1993</year>): <title>Raumordnungspolitischer Orientierungsrahmen</title>. <other>Bonn – Bad Godesberg</other>.
<author><surname>FRIEDRICH</surname>, <given-names>H</given-names></author>., & <author><given-names>M</given-names>. <surname>WIEDEMEYER</surname></author> (<year>1992</year>): <title>Arbeitslosigkeit – ein Dauerproblem im vereinten Deutschland</title>. <other>Opladen</other>.
<author><surname>GATZWEILER</surname>, <given-names>H.P.</given-names></author>, <author><surname>IRMEN</surname>, <given-names>E</given-names></author>., & <author><given-names>H</given-names>. <surname>JANIK</surname></author> (<year>1991</year>): <title>Regionale Infrastrukturausstattung</title>. <source>Forschungen zur Raumentwicklung</source>, Band <volume>20</volume>, <other>Bonn – Bad Godesberg</other>.
<author><surname>GATZWEILER</surname>, <given-names>H.P.</given-names></author> (<year>1993</year>): <title>Metropolen oder Mittelstädte? Siedlungspolitik für Agglomerationsräume in den 90er Jahren</title>. In:<source>Raumforschung und Raumordnung</source> <volume>51</volume>, H. <issue>4</issue>.
<author><surname>GRÄBE</surname>, <given-names>W</given-names></author>. (<year>1993</year>): <title>Neue räumliche Organisationsstrukturen in der Automobilindustrie</title>. In: <source>Geographische Rundschau</source> <volume>45</volume>, H. <issue>9</issue>.
<author><surname>HEALEY</surname>, <given-names>M.J.</given-names></author>, & <author><given-names>B.W.</given-names> <surname>ILBERY</surname></author> (<year>1990</year>): <title>Location and Change</title>. <other>Oxford</other>.
<author><surname>HEIDE</surname> <given-names>V. D.</given-names></author>, <author>H.J.</author> (<year>1993</year>): <title>Raumordnungspolitischer Orientierungsrahmen des Bundes</title>. In: <source>Raumforschung und Raumordnung</source> <volume>51</volume>, H. <issue>1</issue>.
<author><surname>JOCHIMSEN</surname>, <given-names>R</given-names></author>. (<year>1993</year>): <title>Raumentwicklung in Deutschland – Deutsche Einheit und europäischer Einigungsprozeß als neue Herausforderung für Politik, Wirtschaft, Umwelt</title>. In: <editor>Bundesforschungsanstalt für Landeskunde und Raumordnung, Raumentwicklung</editor>. <source>Politik für den Standort Deutschland, Materialien zur Raumentwicklung</source>, H. <issue>57</issue>.
<author><surname>KRAKOWSKI</surname>, <given-names>M</given-names></author>., & <author><given-names>W</given-names>. <surname>HENNE</surname></author> <other>et al.</other> (<year>1992</year>): <title>Die deutsche Wirtschaft im Anpassungsschock. Strukturbericht 1991, Forschungsauftrag des Bundesministers für Wirtschaft</title>, <other>Hamburg</other>.
<author><surname>KUNZ</surname>, <given-names>D</given-names></author>. (<year>1986</year>): <title>Anfänge und Ursachen der Nord-Süd-Drift</title>. <source>Informationen zur Raumentwicklung</source>, H. <issue>11/12</issue>.
<author><surname>LEBORGNE</surname>, <given-names>D</given-names></author>., & <author><given-names>A</given-names>. <surname>LIPIETZ</surname></author> (<year>1992</year>): <title>Conceptual Fallacies and Open Questiones on Post-Fordism</title>. – In: <editor>STORPER, M.</editor>, & <editor>A.J. SCOTT</editor> (eds.): <source>Pathways to Industrialisation and Regional Development</source>. <other>London, New York</other>.
<author><surname>LINK</surname>, <given-names>F.J.</given-names></author> (<year>1993</year>): <title>De-Industrialisierung stoppen. Zur Lohnpolitik in Ostdeutschland</title>. In: <source>Arbeit und Sozialpolitik</source> <volume>5 – 6</volume>.
<author><surname>LIPIETZ</surname>, <given-names>A</given-names></author>. (<year>1986</year>): <title>New tendencies in the international division of labor: regimes of accumulation and modes of regulation</title>. In: <editor>SCOTT, A.J.</editor>, & <editor>M. STORPER</editor> (eds.): <source>Production, work, territory: the geographical anatomy of industrial capitalism</source>. <other>London</other>.
<author><surname>LORIAT</surname>, <given-names>B</given-names></author>. (<year>1992</year>): <title>The Revitalization of Mass Production in the Computer Age</title>. In: <editor>STORPER, M.</editor>, & <editor>A.J. SCOTT</editor> (eds.): <source>Pathways to Industrialisation and Regional Development</source>. <other>London, New York</other>.
<author><surname>OFFERMANN</surname>, <given-names>V</given-names></author>. (<year>1993</year>): <title>Angleichung ade. Die Auswirkungen der Rezession in Westdeutschland auf die Lebensverhältnisse in Ostdeutschland</title>. In: <source>Arbeit und Sozialpolitik</source> <volume>7 – 8</volume>.
<author><surname>PORTER</surname>, <given-names>M.E.</given-names></author> (<year>1992</year>): <title>The competitive advantage of nations</title>. <other>New York</other>.
<author><surname>SCHÄTZEL</surname>, <given-names>L</given-names></author>. (<year>1993</year>): <title>Wirtschaftsgeographie der Europäischen Gemeinschaft</title>. <source>UTB</source> <volume>1767</volume>, <other>Paderborn, München, Wien, Zürich</other>.
<author><surname>STEINBACH</surname>, <given-names>J</given-names></author>., & <author><given-names>D</given-names>. <surname>ZUMKELLER</surname></author> (<year>1992</year>): <title>Integrierte Planung von Hochgeschwindigkeitsverkehr in Europa</title>. In: <source>Informationen zur Raumentwicklung</source>, H. <issue>4</issue>.
<author><surname>STEINBACH</surname>, <given-names>J</given-names></author>., & <author><given-names>D</given-names>. <surname>ZUMKELLER</surname></author> <other>et al.</other> (<year>1992</year>): <title>Raumordnung und europäische Hochgeschwindigkeitsbahn. Abschlußbericht eines Forschungsauftrages für das Bundesministerium für Raumordnung, Bauwesen und Städtebau</title>.
<author><surname>STIENS</surname>, <given-names>G</given-names></author>. (<year>1992</year>): <title>Großräume und Regionen unter dem Druck neuer Zeitregime</title>. In: <source>Raumforschung und Raumordnung</source> <volume>50</volume>, H. <issue>6</issue>.
<author><surname>WATRIN</surname>, <given-names>C</given-names></author>. (<year>1993</year>): <title>Zur Arbeitsmarktkrise in den neuen Bundesländern</title>. In: <source>Arbeit und Sozialpolitik</source> <volume>9 – 10</volume>.
<author><surname>WOLLMANN</surname>, <given-names>H</given-names></author>. (<year>1993</year>): <title>East Germany heading towards becoming an impoverished border region?</title> <source>Paper prepared for the Conference: Regional Development – The Challenge of the Frontier, Dead Sea, December 27 – 30, 1993</source>.