<title>Lituanians Statistics Yearbook</title> (<year>1992</year>). <editor>Lithuanian Department of Statistics</editor>. 
<title>Lithuania in Figures</title> (<year>1991</year>): <editor>Lithuanian Department of Statistics</editor>. 
<editor>Ministry of Agriculture</editor> (<year>1991</year>): <title>Law on the Land Reform, Law on the Procedure and Conditions of the Restoration of the Rights for Ownership to the Existing Real Property, Law on the Privatization of Property of Agricultural Enterprises</title>. 
<author><surname>MONKEVECIUS</surname>, <given-names>E</given-names></author>.(<year>1992</year>); <title>Agrarrecht in Litauen. Vergangenheit, Gegenwart und Zukunft</title>. In: <source>Agrarrecht. Zeitschrift für das gesamte Recht der Landwirtschaft, der Agrarmärkte und des ländlichen Raumes</source>, Heft <issue>9</issue>, S. <fpage>245</fpage>-<lpage>248</lpage>.