<author><surname>BEHR</surname>, <given-names>A</given-names></author>. (<year>1994</year>): <title>Konflikte und Defizite zwischen Denkmalpflege und Innenstadtentwicklung</title>. In: <source>Informationen zur Raumentwicklung</source>, Heft <issue>3</issue>, S. <fpage>223</fpage>-<lpage>228</lpage>.
<editor>Bundesforschungsanstalt für Landeskunde und Raumordnung (BfLR)</editor> (Hrsg.) (<year>1996</year>): <title>Revitalisierung historischer Stadtkerne in den neuen Bundesländern – städtebaulicher Denkmalschutz</title>. <source>ExWoSt-Informationen zum Forschungsfeld Städtebauliche Erneuerung</source> <volume>10.14</volume>. <other>Bonn</other>.
<editor>BMBau</editor> (Hrsg.) (<year>1992</year>): <title>Förderprogramm Städtebaulicher Denkmalschutz in den neuen Ländern – Städteporträts</title>. <other>Bonn</other>.
<author><surname>CANISIUS</surname>, <given-names>P</given-names></author>. (<year>1996</year>): <title>Historische Städte als Teil des Weltkulturerbes</title>. In: <editor>BMBau</editor> (<year>1996</year>): <source>Dokumentation des 5. Quedlinburger Städtebaukongresses – Urbanität und Mobilität</source>. <other>Berlin/Bonn</other>.
<editor>Deutsches Nationalkomitee für Denkmalschutz</editor> (Hrsg.) (<year>1994</year>): <title>Denkmalpflege als Standort- und Wirtschaftsfaktor</title>. <source>Schriftenreihe des Deutschen Nationalkomitees für Denkmalschutz</source>, Band <volume>49</volume>. <other>Bonn</other>.
<editor>Die Zeit</editor> (<year>1996</year>): <title>Ruin im Reichtum. Obwohl seit zwei Jahren als Weltkulturerbe anerkannt, verfällt Quedlinburg weiter</title>. <source>Die Zeit, 15.11.1996</source>.
<author><surname>FAKHIM-HASCHEMI</surname>, <given-names>S</given-names></author>., <author><given-names>J</given-names>. <surname>NIPPER</surname></author> u. <author><given-names>M</given-names>. <surname>NUTZ</surname></author> (<year>1992</year>): <title>Versorgungssituation und Städtekonkurrenz – Ergebnisse einer Projektarbeit im ehemaligen deutsch-deutschen Grenzraum</title>. In: <source>Standort</source>, Heft <issue>2</issue>, S. <fpage>19</fpage>-<lpage>24</lpage>.
<author><surname>FARENHOLTZ</surname>, <given-names>C</given-names></author>. (<year>1995</year>): <title>Nutzungsmischung und bauliche Gestaltung</title>. In: <source>Informationen zur Raumentwicklung</source>, Heft <issue>6/7</issue>, S. <fpage>435</fpage>-<lpage>442</lpage>.
<editor>Frankfurter Allgemeine Zeitung</editor> (<year>1995</year>): <title>Unterhalb des Stiftsbergs Fachwerkromantik – Aber dem „Erbe der Menschheit“ droht der Verfall</title>. <source>FAZ, 6.04.1995</source>.
<editor>ICOMOS</editor> (Hrsg.) (<year>1994</year>): <title>World Heritage List – Quedlinburg</title>. <other>Bonn</other>.
<author><surname>KIESOW</surname>, <given-names>G</given-names></author>. (<year>1975</year>): <title>Restaurierung und moderne Nutzung historischer Profanbauten</title>. In: <source>Der Landkreis</source>, Heft <issue>8-9</issue>, S. <fpage>329</fpage>-<lpage>331</lpage>.
<author><surname>KIESOW</surname>, <given-names>G</given-names></author>. (<year>1989</year>): <title>Einführung in die Denkmalpflege</title>. <other>Darmstadt</other>.
<author><surname>KOWALKE</surname>, <given-names>H</given-names></author>. (<year>1996</year>): <title>Die Rolle der Städte beim wirtschaftlichen Transformationsprozess in Ostdeutschland</title>. In: <editor>STEINECKE, A.</editor> (Hrsg.): <source>Stadt und Wirtschaftsraum. = Berliner Geographische Studien</source>, Band <volume>44</volume>. <other>Berlin</other>.
<editor>Landesamt für Denkmalpflege Sachsen-Anhalt</editor> (Hrsg.) (<year>1996</year>): <title>Denkmalschutzgesetz des Landes Sachsen-Anhalt</title>. <other>Halle</other>.
<author><surname>LANGHAMMER</surname>, <given-names>R</given-names></author>. (<year>1995</year>): <title>Stadterneuerung in Quedlinburg</title>. In: <source>BBauBI</source>, Heft <issue>10</issue>, S. <fpage>748</fpage>-<lpage>750</lpage>.
<author><surname>NIPPER</surname>,<given-names>J</given-names></author>. u. <author><given-names>M</given-names>. <surname>NUTZ</surname></author> (<year>1995</year>): <title>Um-Bruch oder Um-Entwicklung? Veränderungen der Einzelhandelssituation in den Mittelstädten des Harzvorlandes sechs Jahre nach der Wende</title>. In: <source>Europa Regional</source> <volume>3</volume>, Heft/<issue>1995</issue>, S. <fpage>15</fpage>-<lpage>24</lpage>.
<author><surname>OLLENIK</surname>, <given-names>W</given-names></author>. (<year>1995</year>): <title>Denkmalschutz als weicher Standortfaktor</title>. In: <source>Städte- und Gemeinderat</source>, Heft <issue>7</issue>, S. <fpage>239</fpage>-<lpage>244</lpage>.
<author><surname>PRESSOUYRE</surname>, <given-names>L</given-names></author>. (<year>1996</year>): <title>The World Heritage Convention, twenty years later</title>. <publisher>UNESCO</publisher>. <other>Paris</other>.
<author><surname>SACK</surname>, <given-names>M</given-names></author>. (<year>1996</year>): <title>Bauen in der alten Stadt</title>. In: <source>Die alte Stadt</source>, Heft <issue>4</issue>, S. <fpage>332</fpage>- <lpage>341</lpage>.
<author><surname>SCHAUER</surname>, <given-names>H</given-names></author>. (<year>1990</year>): <title>Quedlinburg. Das städtebauliche Denkmal und seine Fachwerkbauten</title>. <other>Berlin</other>.
<author><surname>SCHAUER</surname>, <given-names>H</given-names></author>. (<year>1998</year>): <title>Viele Hände regen sich für Quedlinburg. Zur Erhaltung einer Fachwerkstadt</title>. In: <source>Monumente, Sonderausgabe „Tag des offenen Denkmals“</source> <year>1998</year>, S. <fpage>23</fpage>-<lpage>25</lpage>.
<editor>Stadt Quedlinburg</editor> (<year>1991</year>): <title>Örtliche Bauvorschrift über die Gestaltung für die Altstadt Quedlinburg gemäß § 12 und § 13 der Bauordnung vom 20.07.1990</title>. In: <source>Quedlinburger Zeitung, Amtliches Bekanntmachungsblatt der Stadt Quedlinburg, Extra-Ausgabe</source>.
<editor>Stadt Quedlinburg</editor> (<year>1992</year>): <title>Quedlinburg – Sanierung eines Flächendenkmals</title>. <other>Quedlinburg</other>.
<editor>Stadt Quedlinburg</editor> (<year>1993</year>): <title>Stadt Quedlinburg. Innenstadtsanierung – Städtebaulicher Rahmenplan Konzept – Nutzung</title>. <other>Bremen</other>.
<editor>Stadt Quedlinburg</editor> (<year>1996</year>a): <title>Weltkulturerbestadt Quedlinburg. Stadtsanierung Quedlinburg</title>. <other>Quedlinburg</other>.
<editor>Stadt Quedlinburg – Amt für Wirtschaftsförderung</editor> (<year>1996</year>b): <title>Tourismus-Konzeption der Stadt Quedlinburg</title>. <other>Quedlinburg</other>.
<editor>UNESCO</editor> (Hrsg.) (<year>1996</year>a): <title>Operational Guidelines for the Implementation of the World Heritage Convention</title>. <other>Paris</other>.
<editor>UNESCO</editor> (Hrsg.) (<year>1996</year>b): <title>Convention concerning the protection of the world cultural and natural heritage – adopted by the General Conference at its seventeenth session, 16.11.1972</title>. <other>Paris</other>.
<editor>UNESCO</editor> (Hrsg.) (<year>1997</year>): <title>Report of the World Heritage Committee Meeting, Naples 1 – 6.12.1997</title>. <other>Paris</other>.
<author><surname>VON DROSTE ZU HÜLSHOFF</surname>, <given-names>B</given-names></author>. (<year>1995</year>): <title>Weltweiter Schutz des Kultur- und Naturerbes. Die Welterbekonvention der UNESCO von 1972</title>. In: <source>Geographische Rundschau</source> <volume>47</volume>, Heft <issue>6</issue>, S. <fpage>336</fpage>-<lpage>342</lpage>.