<author><surname>ALDEN</surname>, <given-names>J</given-names></author>. u. <author><given-names>A</given-names>. <surname>da ROSA PIRES</surname></author> (<year>1996</year>): <title>Lisbon – Strategic planning for a capital city</title>. In: <source>Cities</source>, Vol. <volume>13</volume>, No. <issue>1</issue>, S. <fpage>25</fpage>-<lpage>36</lpage>.
<author><surname>CROZAT</surname>, <given-names>D</given-names></author>. (<year>1998</year>): <title>Ville dégradée et bidonvilles à Lisbone: quelle réalité?</title> In: <source>Norois</source>, p. <fpage>407</fpage>-<lpage>425</lpage>.
<author><surname>GIROT</surname>, <given-names>C</given-names></author>. (<year>1999</year>): <title>Ansätze zu einer allgemeinen Landschaftstheorie</title>. In: <source>Topos</source>, Bd. <volume>28</volume>, S. <fpage>33</fpage>-<lpage>41</lpage>.
<author><surname>GASPAR</surname>, <given-names>J</given-names></author>. (<year>1979</year>): <title>Zentrum und Peripherie im Ballungsraum Lissabon</title>. In: <source>Urbs et Regio</source>, <volume>12</volume>, <other>Kassel</other>.
<author><surname>GASPAR</surname>, <given-names>J</given-names></author>. (<year>1999</year>): <title>As frentes de água no contexto estratégico do desenvolvimento da A. M. Lisboa</title>. In: <editor>MATIAS FERREIRA, V.</editor>: <source>A Cidade da EXPO ’98</source>.
<author><surname>KALTENBRUNNER</surname>, <given-names>R</given-names></author>. (<year>1999</year>): <title>Jenseits der Planung – Städtebauliche Strategien heute</title>. In: <source>Daidalos</source>, Bd. <volume>72</volume>, S. <fpage>6</fpage>-<lpage>9</lpage>.
<author><surname>LENFERS</surname>, <given-names>E</given-names></author>. (<year>1999</year>): <title>‚Flagship-Projekte‘ als Instrument im Strukturwandel von Altindustrieregionen – Genese, Auswirkungen und Erfolgsfaktoren am Beispiel des Guggenheim Museum Bilbao, Spanien</title>. Unveröffentlichte Diplomarbeit, Institut f. Geographie, <other>Münster</other>.
<author><surname>MATIAS FERREIRA</surname>, <given-names>V</given-names></author>. (<year>1999</year>): <title>E depois da Expo – A „cidade“ à beira-mar plantada?</title> In: <editor>MATIAS FERREIRA, V.</editor>: <source>A Cidade da EXPO ’98</source>, <other>Lissabon</other>.
<author><surname>NOVY</surname>, <given-names>K</given-names></author>. (<year>1991</year>): <title>Lange Wellen und die Konjunktur der großen Themen</title>. In: <editor>NOVY, K.</editor> u. <editor>F. ZWOCH</editor> (Hrsg.): <source>Nachdenken über Städtebau: Stadtbaupolitik, Baukultur, Architekturkritik</source>. <other>Braunschweig, Wiesbaden</other>.
<author><surname>PARREIRA</surname>, <given-names>D</given-names></author>. (<year>2000</year>): <title>Dynamisierungsimpulse der Stadtentwicklung durch Großveranstaltungen – Wahrnehmung und Darstellung eines stadtplanerischen Großprojektes in den Printmedien: Die EXPO ’98 in Lissabon</title>. Unveröffentlichte Diplomarbeit, Institut f. Geographie, <other>Münster</other>.
<author><surname>RODRIGUÈS MALTA</surname>, <given-names>R</given-names></author>. (<year>1999</year>): <title>Villes d’Espagne en régéneration urbaine. Les exemples de Barcelone, Bilbao et Madrid</title>. In: <source>Annales de Géographie,</source> N° <volume>608</volume>, S. <fpage>397</fpage>-<lpage>419</lpage>.
<editor>REISER & UMEMOTO Architects</editor> (<year>1999</year>): <title>Grenzverkehr – Entwurfsstudie für den Franklin D. Roosevelt Drive in New York</title>. In: <source>Daidalos</source>, Bd. <volume>72</volume>, S. <fpage>53</fpage>-<lpage>65</lpage>.
<author><surname>SCHNEIDER</surname>, <given-names>P</given-names></author>. (<year>1882</year>): <title>Die Siedlungen am Meeresbusen in ihrer Abhängigkeit von den geographischen Bedingungen</title>, <other>Halle-Wittenberg</other>, Phil-Diss.
<author><surname>TARRASÓ</surname>, <given-names>O</given-names></author>. u. <author><given-names>J</given-names>. <surname>HENRICH</surname></author> (<year>1999</year>): <title>Drei lineare Freiräume</title>. In: <source>Topos</source>, Bd. <volume>29</volume>, S. <fpage>39</fpage>-<lpage>45</lpage>.
<author><surname>VAZ</surname>, <given-names>J. Anselmo</given-names></author> (<year>1999</year>): <title>O plano de urbanização da zona envolvente da Expo’98</title>. In: <editor>MATIAS FERRERA, V.</editor> u. <editor>F. INDOVINA</editor> (Hrsg.): <source>A cidade da Expo ’98</source>, <other>Lissabon</other>.
<author><surname>WEBER</surname>, <given-names>P</given-names></author>. (<year>1980</year>): <title>Portugal: Räumliche Dimension und Abhängigkeit</title>. <other>Darmstadt</other>, <source>Wissenschaftliche Buchgesellschaft</source>, Bd. <volume>19</volume>.
<author><surname>WEBER</surname>, <given-names>P</given-names></author>. (<year>1995</year>): <title>Lissabon: Wiederaufbau des Chiado und die kommerzielle Umstrukturierung der portugiesischen Metropole</title>, <source>GR</source> <volume>47</volume>, H. <issue>5</issue>.
<author><surname>WOTTRENG</surname>, <given-names>W</given-names></author>. (<year>1994</year>): <title>Bordeaux: die zwei Ufer</title>. In: <source>Topos</source>, Bd. <volume>9</volume>, S. <fpage>26</fpage>-<lpage>35</lpage>.