<author><surname>AUDRETSCH</surname>, <given-names>D</given-names></author>. u. <author><given-names>P</given-names>. <surname>COOKE</surname></author> (<year>2001</year>): <title>Die Entwicklung regionaler Biotechnologie-Cluster in den USA und Großbritannien</title>. In: <editor>Akademie für Technologiefolgenabschätzung Baden-Württemberg</editor> (Hrsg.): <source>Arbeitsberichte</source>, Bd. <volume>107</volume>. <other>Stuttgart</other>.
<author><surname>COOKE</surname>, <given-names>P</given-names></author>. (<year>2001</year>): <title>Biotechnology Clusters in the U.K.: Lessons from Localisation in the Commercialisation of Science</title>. In: <source>Small Business Economics</source>, Bd. <volume>17</volume>, S. <fpage>43</fpage> - <lpage>59</lpage>.
<author><surname>COOKE</surname>, <given-names>P</given-names></author>. (<year>2002</year>): <title>Regional Innovation Systems: General Findings and Some New Evidence from Biotechnology Clusters</title>. In: <source>Journal of Technology Transfer</source>, Bd. <volume>27</volume>, S. <fpage>133</fpage> - <lpage>145</lpage>.
<author><surname>COOKE</surname>, <given-names>P</given-names></author>. (<year>2004</year>): <title>Integrating global knowledge flows for generative growth iScotland: life sciences as a knowledge economy exemplar</title>. In: <editor>OECD</editor> (Hrsg.): <source>Global Knowledge Flows and Economic Development</source>. <other>Paris</other>, S. <fpage>73</fpage> - <lpage>95</lpage>.
<author><surname>DE LA MOTHE</surname>, <given-names>J</given-names></author>. (<year>2004</year>): <title>The innovation solution: some lessons from Scotland, theory and Canadian cities</title>. In: <editor>OECD</editor> (Hrsg.): <source>Global Knowledge Flows and Economic Development</source>. <other>Paris</other>, S. <fpage>97</fpage>-<lpage>111.</lpage>
<editor>Department of Trade and Industry</editor> (Hrsg.) (<year>1999</year>a): <title>Biotechnology Clusters. Report of a team led by Lord Sainsbury</title>. <other>London</other>.
<editor>Department of Trade and Industry</editor> (Hrsg.) (<year>1999</year>b): <title>Genome Valley. The Economic Potential and Strategic Importance of Biotechnology in the UK</title>. <other>London</other>.
<editor>Department of Trade and Industry</editor> (Hrsg.) (<year>2000</year>a): <title>Business Clusters in the UK: A First Assessment</title>, Bd. <volume>1</volume>. <other>London</other>.
<editor>Department of Trade and Industry</editor> (Hrsg.) (<year>2000</year>b): <title>Business Clusters in the UK: A First Assessment</title>, Bd. <volume>2</volume>. <other>London</other>.
<editor>Department of Trade and Industry</editor> (Hrsg.) (<year>2003</year>): <title>Bioscience 2015. Improving National Health, Improving National Wealth</title>. <other>London</other>.
<author><surname>DIERKES</surname>, <given-names>M</given-names></author>. u. <author><given-names>A</given-names>. <surname>BERTHOIN ANTAL</surname></author> (<year>1999</year>): <title>Lernen als sozialer Prozess</title>. In: <source>INFO. Mitteilungsblatt der Gottlieb Daimler- und Karl Benz Stiftung</source>, Heft <issue>19</issue>, S. <fpage>1</fpage> - <lpage>4</lpage>.
<author><surname>GASKELL</surname>, <given-names>G</given-names></author>., <author><given-names>N</given-names>. <surname>ALLUM</surname></author> u. <author><given-names>S</given-names>. <surname>STARES</surname></author> (<year>2003</year>): <title>Europeans and Biotechnology in 2002. A report to the EC Directorate General for Research from the project ‘Life Sciences in European Society’</title>. In: <source>Eurobarometer</source> <volume>58.0</volume>. <other>London</other>.
<author><surname>HILPERT</surname>, <given-names>M</given-names></author>. (<year>2000</year>): <title>High-Tech-Regionen. Tragfähigkeit, Lebenszyklen und Arbeitsmärkte</title>. In: <editor>SCHAFFER, F.</editor> u. <editor>K. THIEME</editor> (Hrsg.): <source>Innovative Regionen. Umsetzung in die Praxis</source>. <other>Augsburg</other>, S. <fpage>105</fpage>-<lpage>124</lpage>.
<author><surname>HILPERT</surname>, <given-names>M</given-names></author>. (<year>2001</year>): <title>Regionaldarwinismus – Evolution von High-Tech-Regionen</title>. In: <source>Zeitschrift für Wirtschaftsgeographie</source>, Heft <issue>2</issue>, S. <fpage>73</fpage> - <lpage>84</lpage>.
<author><surname>HILPERT</surname>, <given-names>M</given-names></author>. (<year>2002</year>): <title>Schatten über Silicon Glen? Aufstieg, Glanz und Krise der schottischen High-Tech-Region</title>. In: <source>Europa Regional</source>, Heft <issue>1</issue>, S. <fpage>21</fpage> - <lpage>27</lpage>.
<author><surname>HILPERT</surname>, <given-names>M</given-names></author>. u. <author><given-names>B</given-names>. <surname>KRÄUSSLICH</surname></author> (<year>2004</year>): <title>Schottland. Eine sozial- und wirtschaftsgeographische Exkursion</title>. In: <editor>HILPERT, M.</editor>, <editor>W. POSCHWATTA</editor> u. <editor>K. THIEME</editor> (Hrsg.): <source>Tellus Facta. Beiträge zur angewandten Sozial- und Wirtschaftsgeographie</source>, Bd. <volume>5</volume>. <other>Augsburg</other>.
<author><surname>HILPERT</surname>, <given-names>M</given-names></author>. u. <author><given-names>W</given-names>. <surname>HUBER</surname></author> (<year>2001</year>): <title>Silicon Glen – Schottlands High-Tech-Region</title>. In: <source>Geographie und Schule</source>, Heft <issue>134</issue>, S. <fpage>43</fpage> - <lpage>46</lpage>.
<author><surname>KRUGMAN</surname>, <given-names>P</given-names></author>. (<year>1996</year>): <title>The Self-organizing Economy</title>. <other>Cambridge</other>.
<author><surname>LEIBOVITZ</surname>, <given-names>J</given-names></author>. (<year>2004</year>): <title>‘Embryonic’ Knowledge-based Clusters and Cities: The Case of Biotechnology in Scotland</title>. In: <source>Urban Studies</source>, Heft <issue>5/6</issue>, S. <fpage>1133</fpage> - <lpage>1155</lpage>. 
<author>O.V.</author> (<year>2004</year>): <title>BASF erwägt Verlagerung der Genforschung</title>. In: <source>Süddeutsche Zeitung vom 28.09.2004</source>, S. <fpage>22</fpage>.
<author><surname>PIORE</surname>, <given-names>M. J.</given-names></author> u. <author><given-names>C. F.</given-names> <surname>SABEL</surname></author> (<year>1984</year>): <title>The Second Industrial Divide</title>. <other>New York</other>.
<author><surname>PORTER</surname>, <given-names>M</given-names></author>. (<year>2000</year>): <title>Location, competition and economic development: local clusters in a global economy</title>. In: <source>Economic Development Quarterly</source>, Heft <issue>14</issue>, S. <fpage>15</fpage>-<lpage>34</lpage>.
<editor>Scottish Enterprise</editor> (<year>1999</year>): <title>Biotechnology Report</title>. <other>Edinburgh</other>.
<editor>Scottish Enterprise</editor> (<year>2003</year>a): <title>2003/2004 Operating Plan: Growing Businesses</title>. Online: <url>www.Scottish-enterprise.com</url>.
<editor>Scottish Enterprise</editor> (<year>2003</year>b): <title>Biotechnology Scotland. Framework for Action 2003 - 2004</title>. <other>Edinburgh</other>.
<editor>Scottish Enterprise</editor> (<year>2003</year>c): <title>Biotechnology Scotland. Source Book 2003</title>. <other>Edinburgh</other>.
<editor>Scottish Enterprise</editor> (<year>2004</year>): <title>Operating Plan 2004-2007. Ambitious for Scotland</title>. <other>Edinburgh</other>.
<editor>Scottish Executive</editor> (<year>2001</year>): <title>A Smart, Successful Scotland: Ambitions for the Enterprise Networks</title>. <other>Edinburgh</other>.