<author><surname>ANDRLE</surname>, <given-names>A</given-names></author>. (<year>2000</year>): <title>Zur Besiedlungskonzeption der Tschechischen Republik</title>, <other>Prag</other>.
<editor>Bundesministerium für Raumordnung, Bauwesen und Städtebau (BMBau)</editor> (Hrsg.) (<year>1993</year>): <title>Internationales Forschungsseminar Große Neubaugebiete vom 1.12.-3.12.1992. Dokumentation</title>. <other>Bonn/Berlin</other>.
<editor>Bundesministerium für Verkehr, Bau- und Wohnungswesen (BMVBW)</editor> (Hrsg.) (<year>1999</year>): <title>Eine Zukunft für die Plattenbausiedlungen. Abschlussbericht der Forschungsbegleitung zum Bund-Länder-Förderprogramm „Städtebauliche Weiterentwicklung großer Neubaugebiete in den neuen Ländern und im Ostteil Berlins“</title>. <other>Bonn/Berlin</other>.
<editor>Bundesministerium für Verkehr, Bau- und Wohnungswesen, Sächsisches Staatsministerium des Innern, Stadt Leipzig (BMVBW)</editor> (Hrsg.) (<year>2000</year>): <title>Nationale Referenz- und internationale Vergleichsprojekte</title>.
<author><surname>BURDACK</surname>, <given-names>J</given-names></author>. u. <author><given-names>G</given-names>. <surname>HERFERT</surname></author> (<year>1998</year>): <title>Neue Entwicklungen an der Peripherie europäischer Großstädte. Ein Überblick</title>. In: <source>Europa Regional</source>, H. <issue>2</issue>, S. <fpage>26</fpage>-<lpage>44</lpage>.
<editor>Europäische Kommission (EUREK)</editor> (<year>1999</year>): <title>Europäisches Raumentwicklungskonzept. Auf dem Wege zu einer räumlich ausgewogenen und nachhaltigen Entwicklung der Europäischen Union</title>. <other>Luxemburg</other>.
<author><surname>FASSMANN</surname>, <given-names>H</given-names></author>. u. <author><given-names>E</given-names>. <surname>LICHTENBERGER</surname></author> (<year>1995</year>): <title>Phänomene der Transformation: Eine Zusammenfassung</title>. In: <editor>FASSMANN, H.</editor>u. <editor>E. LICHTENBERGER</editor> (Hrsg.): <source>Märkte in Bewegung</source>. <other>Wien, Köln, Weimar</other>, <publisher>Böhlau</publisher>, S. <fpage>227</fpage>-<lpage>244</lpage>.
<author><surname>FASSMANN</surname>, <given-names>H</given-names></author>. (<year>1997</year>): <title>Veränderungen des Städtesystems in Ostmitteleuropa</title>. In: <editor>KOVÁCS, Z.</editor> u. <editor>R. WIESSNER</editor> (Hrsg.): <source>Prozesse und Perspektiven der Stadtentwicklung in Ostmitteleuropa. (Münchener Geographische Hefte</source> Nr.<volume>76</volume>), <publisher>L.I.S Verlag</publisher>, <other>Passau</other>, S. <fpage>49</fpage>-<lpage>62</lpage>.
<author><surname>GRAUTE</surname>, <given-names>U</given-names></author>. (<year>1998</year>): <title>Interreg IIC (CADSES) und Interreg III</title>. <publisher>Institut für ökologische Raumentwicklung Dresden</publisher>.
<editor>Institut für Regionalentwicklung und Strukturplanung (IRS)</editor> (Hrsg.) (<year>1994</year>): <title>Großsiedlungen in Mittel- und Osteuropa</title>. (<source>Beiträge des IRS Regio</source> Nr. <volume>4</volume>),<other>Erkner</other>.
<editor>RIETDORF, W.</editor>, <editor>H. LIEBMANN</editor> u. <editor>SCHMIGOTZKI, B.</editor> (Hrsg.) (<year>2001</year>): <title>Weiterentwicklung großer Neubaugebiete in Ostmitteleuropa als Bestandteil einer ausgeglichenen, nachhaltigen Siedlungsstruktur- und Stadtentwicklung</title>. <publisher>Institut für Regionalentwicklung und Strukturplanung (IRS)</publisher>. <other>Erkner</other>.
<author><surname>KORCELLI</surname>, <given-names>P</given-names></author>. (<year>1997</year>): <title>Perspektiven für Städte und Städtesysteme im östlichen Mitteleuropa. Strukturen und Funktionen im Wandel</title>. In: <editor>MAYR, A.</editor> (Hrsg.): <source>Regionale Transformationsprozesse in Europa. Beiträge zur Regionalen Geographie</source>, Bd. <volume>44</volume>, S. <fpage>48</fpage>-<lpage>56</lpage>.
<author><surname>LICHTENBERGER</surname>, <given-names>E</given-names></author>. (<year>1995</year>a): <title>Vorsozialistische Siedlungsmuster. Effekte der sozialistischen Planwirtschaft und die Segmentierung der Märkte</title>. In: <editor>FASSMANN, H.</editor> u. <editor>E. LICHTENBERGER</editor> (Hrsg.): <source>Märkte in Bewegung</source>. <other>Wien, Köln, Weimar</other>, <publisher>Böhlau</publisher>, S. <fpage>28</fpage>-<lpage>35</lpage>.
<author><surname>LICHTENBERGER</surname>, <given-names>E</given-names></author>. (<year>1995</year>b): <title>Strukturen und Prozesse auf den Wohnungsmärkten in Wien, Budapest und Prag</title>. In: <editor>FASSMANN, H.</editor> u. <editor>E. LICHTENBERGER</editor>, E. (Hrsg.): <source>Märkte in Bewegung</source>; <other>Wien, Köln, Weimar</other>, <publisher>Böhlau</publisher>, S. <fpage>214</fpage>-<lpage>225</lpage>.
<author><surname>LIEBMANN</surname>, <given-names>H</given-names></author>. u. <author><given-names>W</given-names>. <surname>RIETDORF</surname></author> (<year>1998</year>): <title>Städtebauliche Weiterentwicklung der großen Neubaugebiete in den neuen Bundesländern – Erkenntnisse aus der Forschungsbegleitung des Bund-Länder-Förderprogramms</title>. In: <source>Bundesbaublatt</source> Nr. <volume>5</volume>/<year>98</year>, S. <fpage>38</fpage>-<lpage>41</lpage>.
<author><surname>MUSIL</surname>, <given-names>J</given-names></author>. u. <author><given-names>W</given-names>.  <surname>STRUBELT</surname></author> (Hrsg.) (<year>1997</year>): <title>Räumliche Auswirkungen des Transformationsprozesses in Deutschland und bei den östlichen Nachbarn</title>. <other>Opladen</other>. (<source>Transformationsprozesse</source>, Bd. <volume>25</volume>).
<editor>Österreichisches Institut für Raumplanung (ÖIR)</editor> (<year>1998</year>): <title>Vision Planet. Working paper: Second seminar on the project panel</title>. <other>Zakopane</other>, <other>12.- 13.11.1998</other>.
<author><surname>RIETDORF</surname>, <given-names>W</given-names></author>. (<year>1997</year>a): <title>Zur Situation der Großsiedlungen ehemals sozialistischer Länder und zur weiteren Entwicklung der Großwohnsiedlungen im östlichen Deutschland</title>. In: <editor>MÜLLER, E.</editor> (Hrsg.): <source>Großwohnsiedlungen in europäischen Städten. Beiträge zur Regionalen Geographie</source>, Bd. <volume>45</volume>.
<author><surname>RIETDORF</surname>, <given-names>W</given-names></author>. (Hrsg.) (<year>1997</year>b): <title>Weiter wohnen in der Platte</title>. <other>Berlin</other>.
<author><surname>SAILER-FLIEGE</surname>, <given-names>U</given-names></author>. (<year>1999</year>): <title>Wohnungsmärkte in Transformation: Das Beispiel Ostmitteleuropa</title>. In: <editor>PÜTZ, R.</editor> (Hrsg.): <source>Ostmitteleuropa im Umbruch. Wirtschafts und sozialgeographische Aspekte der Transformation. (Mainzer Kontaktstudium Geographie</source> Bd. <volume>5</volume>), <other>Mainz</other>.
<editor>Statistical Office of the European Communities (SOEC)</editor> (Hrsg.) (<year>1998</year>): <title>Statistical Yearbook on Central European Countries</title>. <other>Belgium</other>: (<publisher>Eurostat</publisher> <source>Theme 1: General Statistics</source>).
<editor>Statistisches Bundesamt</editor> (<year>2000</year>): <title>50 Jahre Wohnen in Deutschland. Ergebnisse aus Gebäude- und Wohnungszählungen, -stichproben, Mikrozensus-Ergänzungserhebungen und Bautätigkeitsstatistiken</title>, <other>Wiesbaden</other>.
<author><surname>TSENKOVA</surname>, <given-names>S</given-names></author>. (<year>1996</year>): <title>Bulgarian Housing reform and forms of housing provision</title>. In: <source>Urban studies</source> Vol <volume>33</volume> (<year>1996</year>), No <issue>7</issue>, S.<fpage>1205</fpage> – <lpage>1219</lpage>.
<editor>United Nations Economic Commission for Europe (UN/ECE)</editor> (<year>1999</year>): <title>Country Profiles on the housing Sector – Slovakia</title>. <other>New York, Geneva</other>.
<editor>Urbanproiect</editor> (<year>2000</year>): <title>Development of large residential areas – specific aspects in Romania</title>; unveröffentlicht; Bukarest.
<editor>VESTERGAARD, H.</editor> (ed.) (<year>1997</year>): <title>Housing in Europe</title>, <other>Hosholm</other>.