<author><surname>Bade</surname>, <given-names>K. J.</given-names></author> und <author><given-names>J</given-names>. <surname>Oltmer</surname></author> (<year>2004</year>): <title>Normalfall Migration</title>. (Hrsg. <editor>Bundeszentrale für politische Bildung</editor>). <other>Bonn</other>.
<author><surname>Bähr</surname>, <given-names>J</given-names></author>. (<year>2004</year>): <title>Bevölkerungsgeographie. Verteilung und Dynamik der Bevölkerung in globaler, nationaler und regionaler Sicht</title>. <other>Stuttgart</other>.
<author><surname>Bauer</surname>, <given-names>I</given-names></author>. (<year>2003</year>): <title>Deutsche Türkinnen, türkische Deutsche. Transkulturelle Identitäten junger Nürnbergerinnen</title>. In: <source>Geographische Rundschau</source> <volume>55</volume>, Heft <issue>4</issue>, S. <fpage>36</fpage>—<lpage>40</lpage>.
<author><surname>Becker</surname>, <given-names>H</given-names></author>.; <author><given-names>T</given-names>. <surname>Franke</surname></author>; <author><given-names>R.-P</given-names> <surname>Löhr</surname></author> und <author><given-names>V</given-names>. <surname>Rösner</surname></author> (<year>2002</year>): <title>Drei Jahre Programm Soziale Stadt - eine ermutigende Zwischenbilanz</title>. In: <editor>DIFU</editor> (Hrsg.): <source>Die soziale Stadt: eine erste Bilanz des Bund-Länder-Programms „Stadtteile mit besonderem Entwicklungsbedarf die soziale Stadt"</source>. <other>Berlin</other>, S. <fpage>12</fpage>-<lpage>51</lpage>.
<author><surname>Boyle</surname>, <given-names>P</given-names></author>; <author><given-names>K</given-names>. <surname>Halfacree</surname></author> und <author><given-names>V</given-names>. <surname>Robinson</surname></author> (<year>1998</year>): <title>Exploring Contemporary migration</title>. <other>Harlow</other>.
<author><surname>Böhme</surname>, <given-names>C</given-names></author>.; <author><given-names>H</given-names>. <surname>Becker</surname></author>; <author><given-names>U</given-names>. <surname>Meyer</surname></author>; <author><given-names>U.-K.</given-names> <surname>Schuleri-Hartje</surname></author> und <author><given-names>W.-C.</given-names> <surname>Strauss</surname></author> (<year>2003</year>): <title>Handlungsfelder integrierter Stadtentwicklung</title>. In: <editor>Deutsches Institut für Urbanistik</editor> (Hrsg.): <source>Strategien für die Soziale Stadt. Erfahrungen und Perspektiven - Umsetzung des Bund-Länder-Programms „Stadtteile mit besonderem Entwicklungsbedarf- die soziale Stadt"</source>. <other>Berlin</other>, S. <fpage>98</fpage>—<lpage>147</lpage>.
<author><surname>Bude</surname>, <given-names>H</given-names></author>. und <author><given-names>A</given-names>. <surname>Willisch</surname></author> (<year>2008</year>): <title>Die Debatte über die „Überflüssigen". Einleitung</title>. In: <editor>Bude, H.</editor> und <editor>A. Willisch</editor> (Hrsg.): <source>Exklusion. Die Debatte über die „Überflüssigen"</source>. <other>Frankfurt am Main</other>, S. <fpage>9</fpage>-<lpage>30</lpage>.
<editor>Bundesamt für Migration und Flüchtlinge (BAMF</editor>, <year>2008</year>): <title>Asyl in Zahlen 2007</title>. <url>http://www.bamf.de/cln_101/nn_442496/SharedDocs/Anlagen/DE/DasBAMF/Publikationen/broschuere-asyl-in-zahlen-2007,templateld=raw,property=publicationFile.pdf/broschuere-asylin-zahlen-2007.pdf</url> (Abruf am 30.9.2008).
<editor>Bundesbeauftragte für Migration, Flüchtlinge und Integration und Presse- und Informationsamt der Bundesregierung</editor> (Hrsg., <year>2007</year>): <title>Der Nationale Integrationsplan. Neue Wege - Neue Chancen</title>. <other>Berlin</other>.
<editor>Bundesministerium des Innern</editor> (<year>2008</year>.1): <title>Statistik: Entwicklung der Zuwanderung seit 1950</title>. <url>http://www.zuwanderung.de/DE/Zuwanderung_hat_Geschichte/Statistik/Statistik_node.html</url> (Abruf am 15.7.2008).
<editor>Bundesministerium des Innern</editor> (<year>2008</year>.2): <title>Informationsüberblick zum bundeseinheitlichen Einbürgerungstest</title>. <url>http://www.bmi.bund.de/nn_122688/lnternet/Content/Themen/Staatsangehoerigkeit/Einzelseiten/Einbuergerungstest__Uebersicht.html</url>. (Abruf am 15.10.2008).
<editor>Bundesministerium des Innern und Bundesamt für Migration und Flüchtlinge</editor> (<year>2007</year>): <title>Migrationsbericht des Bundesamtes für Migration und Flüchtlinge im Auftrag der Bundesregierung: Migrationsbericht 2006</title>. <url>http://www.bmi.de</url> (Abruf am 1.7.2008).
<author><surname>Cappai</surname>, <given-names>G</given-names></author>. (<year>1997</year>): <title>Raum und Migration: Formen und Funktionen der Reproduktion des heimatlichen Raumes am Beispiel einer sardischen community</title>. <other>Marburg (Kea 10)</other>.
<author><surname>Dangschat</surname>, <given-names>J. S.</given-names></author> (<year>2000</year>): <title>Segregation und dezentrale Konzentration von Migrantinnen und Migranten in Wien</title>. In: <editor>Schmals, K. M.</editor> (Hrsg.): <source>Migration und Stadt. Entwicklungen, Defizite, Potentiale</source>. <other>Opladen</other>, S. <fpage>155</fpage>-<lpage>181</lpage>.
<author><surname>Fassmann</surname>, <given-names>H</given-names></author>. (<year>2008</year>): <title>Entwicklungspotentiale einer zirkulären Migration in Europa</title>. In: <source>Geographische Rundschau</source> <volume>60</volume>, Heft <issue>6</issue>, S. <fpage>20</fpage>-<lpage>25</lpage>.
<editor>Focus Migration</editor> (<year>2007</year>): <title>Länderprofil Deutschland. Nr. 1, Mai 2007</title>. <url>http://www.focus-migration.de/upload/tx_wilpubdb/LP01_Deutschland_v2.pdf</url> (Abruf am 20.5.2008).
<author><surname>Fürst</surname>, <given-names>D</given-names></author>; <author><given-names>M</given-names>. <surname>Lahner</surname></author> und <author><given-names>K</given-names>. <surname>Zimmermann</surname></author> (<year>2004</year>): <title>Neue Ansätze integrierter Stadtteilentwicklung: Placemaking und Local Governance</title>. <other>Erkner</other> (<source>Regio-Transfer</source> <volume>4</volume>).
<author><surname>Fukuyama</surname>, <given-names>F</given-names></author>. (<year>1995</year>): <title>Trust: the social virtues and the creation of prosperity</title>. <other>New York</other>.
<author><surname>Glebe</surname>, <given-names>C</given-names></author>. und <author><given-names>G</given-names>. <surname>Thieme</surname></author> (<year>2001</year>): <title>Ausländer in Deutschland seit dem Zweiten Weltkrieg</title>. In: <editor>Institut für Länderkunde</editor> (Hrsg.): <source>Nationalatlas Bundesrepublik Deutschland: Bevölkerung</source>. <other>Leipzig, Heidelberg, Berlin</other>, S. <fpage>72</fpage>-<lpage>75</lpage>.
<author><surname>Goeke</surname>, <given-names>P</given-names></author>. (<year>2007</year>): <title>Transnationale Migrationen: Post-jugoslawische Biografien in der Weltgesellschaft</title>. <other>Osnabrück</other>.
<author><surname>Häussermann</surname>, <given-names>H</given-names></author>.; <author><given-names>M</given-names>. <surname>Kronauer</surname></author> und <author><given-names>W</given-names>. <surname>Siebel</surname></author> (<year>2004</year>): <title>Stadt am Rand: Armut und Ausgrenzung. Einleitung</title>. In: <editor>Häussermann, H</editor>; <editor>M. Kronauer</editor> und <editor>W. Siebel</editor> (Hrsg.): <source>An den Rändern der Städte</source>. <other>Frankfurt am Main</other>, S. <fpage>7</fpage>-<lpage>40</lpage>.
<author><surname>Haug</surname>, <given-names>S</given-names></author>. und <author><given-names>S</given-names>. <surname>Rühl</surname></author> (<year>2008</year>): <title>Remigration von Zuwanderern in Deutschland</title> In: <source>Geographische Rundschau</source> <volume>60</volume>, Heft <issue>6</issue>, S. <fpage>26</fpage>-<lpage>33</lpage>.
<author><surname>Hillmann</surname>, <given-names>F</given-names></author>. (<year>2007</year>): <title>Migration als räumliche Definitionsmacht? Beiträge zu einer neuen Geographie der Migration in Europa</title>. (= <source>Erdkundliches Wissen</source> <volume>141</volume>), <other>Stuttgart</other>.
<author><surname>Kemper</surname>, <given-names>F.-J.</given-names></author> (<year>2006</year>): <title>Internationale Wanderungen und ausländische Bevölkerung in Deutschland</title>. In: <source>Zeitschrift für Bevölkerungswissenschaft</source>, Jg. <volume>31</volume>, Heft <issue>3—4</issue>, S. <fpage>389</fpage>-<lpage>412</lpage>.
<author><surname>Kronauer</surname>, <given-names>M</given-names></author>. (<year>2008</year>): <title>Plädoyer für ein Exklusionsverständnis ohne Fallstricke. Anmerkungen zu Robert Castel</title>. In: <editor>Bude, H.</editor> und <editor>A. Willisch</editor> (Hrsg.): <source>Exklusion. Die Debatte über die „Überflüssigen“</source>. <other>Frankfurt am Main</other>, S. <fpage>146</fpage>-<lpage>153</lpage>.
<author><surname>Massey</surname>, <given-names>D</given-names></author>; <author><given-names>J</given-names>. <surname>Arango</surname></author>; <author><given-names>G</given-names>. <surname>Hugo</surname></author>; <author><given-names>A</given-names>. <surname>Kouaouci</surname></author>; <author><given-names>A</given-names>. <surname>Pellegrino</surname></author> und <author><given-names>J. E.</given-names> <surname>Taylor</surname></author> (<year>1998</year>): <title>Worlds in Motion. Understanding International Migration at the End of the Millennium</title>. <other>Oxford</other>.
<author><surname>Meier-Braun</surname>, <given-names>K.-H.</given-names></author> (<year>2002</year>): <title>Deutschland Einwanderungsland</title>. <other>Frankfurt am Main</other>.
<author><surname>Nannestad</surname>, <given-names>P</given-names></author>; <author><given-names>G. L. H.</given-names> <surname>Svendsen</surname></author> und <author><given-names>G. T.</given-names> <surname>Svendsen</surname></author> (<year>2008</year>): <title>Bridge Over Troubled Water? Migration and Social Capital</title>. In: <source>Journal of Ethnic and Migration Studies</source> <volume>34</volume> (<issue>3</issue>), S. <fpage>607</fpage>-<lpage>631</lpage>.
<author><surname>Pries</surname>, <given-names>L</given-names></author>. (<year>2001</year>): <title>Internationale Migration</title>. <other>Bielefeld</other>.
<author><surname>Putnam</surname>, <given-names>R. D.</given-names></author> (<year>1993</year>): <title>Making Democracy Work. Civic Traditions in Modern Italy</title>. <other>Princeton, New Jersey</other>.
<author><surname>Pütz</surname>, <given-names>R</given-names></author>. und <author><given-names>A</given-names>. <surname>Pott</surname></author> (<year>2006</year>): <title>Zur diskursiven Herstellung des Ausländers</title>. In: <editor>Institut für Länderkunde</editor> (Hrsg.): <source>Nationalatlas Bundesrepublik Deutschland: Leben in Deutschland</source>. <other>Leipzig, Heidelberg, Berlin</other>, S. <fpage>142</fpage>—<lpage>145</lpage>.
<author><surname>Reuber</surname>, <given-names>P</given-names></author>. und <author><given-names>G</given-names>. <surname>Wolkersdorfer</surname></author> (<year>2005</year>): <title>Festung Europa. Grenzen im Zeitalter der Globalisierung</title>. In: <source>Berichte zur deutschen Landeskunde</source>, Band <volume>79</volume>, Heft <issue>2/3</issue>, S. <fpage>253</fpage>—<lpage>263</lpage>.
<author><surname>Rühl</surname>, <given-names>S</given-names></author>. (<year>2005</year>): <title>Migration nach Deutschland vor dem Hintergrund der EU-Erweiterung</title>. In: <editor>Haug, S.</editor> und <editor>F. Swiaczny</editor> (Hrsg.): <source>Migration in Europa. Materialien zur Bevölkerungswissenschaft</source>, Heft <issue>115</issue>, <other>Wiesbaden</other>, S. <fpage>150</fpage>-<lpage>168</lpage>.
<author><surname>Schlichting</surname>, <given-names>I. von</given-names></author> (<year>2007</year>): <title>Die new emigration Ecuadors. Rückwirkungen auf eine translokale Dorfgemeinschaft</title>. In: <editor>Wehrhahn, R.</editor> (Hrsg.): <source>Risiko und Vulnerabilität in Lateinamerika. (=Kieler Geographische Schriften</source> <volume>117</volume>), <other>Kiel</other>, S. <fpage>171</fpage>-<lpage>191</lpage>.
<editor>Statistisches Bundesamt</editor> (<year>2005</year>): <title>Bevölkerung und Erwerbstätigkeit: Bevölkerung mit Migrationshintergrund - Ergebnisse des Mikrozensus 2005</title>. <url>http://www-ec.destatis.de/csp/shop/sfg/bpm.html.cms.cBroker.cls?cmspath=struktur,vollanzeige.csp&ID=1020313</url>. (Abruf am 30.9.2008).
<editor>Statistisches Bundesamt</editor> (<year>2008</year>.1): <title>Ausländische Bevölkerung</title>, <url>http://www.destatis.de</url>. (Abruf am 10.10.2008).
<editor>Statistisches Bundesamt</editor> (<year>2008</year>.2): <title>Ausländerstatistik. Genesis-Online</title>, <url>https://www-genesis.destatis.de/</url>(Abruf am 10.10.2008).
<editor>Stowasser, J. M</editor>; <editor>M. Petsching</editor> und <editor>F. Skutsch</editor> (Hrsg.) (<year>1991</year>): <title>Der kleine Stowasser: Lateinisch-deutsches Schulwörterbuch</title>. <other>München</other>.
<author><surname>Trigilia</surname>, <given-names>C</given-names></author>. (<year>2001</year>): <title>Social Capital and Local Development</title>. In: <source>European Journal of Social Theory</source> <volume>4</volume> (<issue>4</issue>), S. <fpage>427</fpage>-<lpage>442</lpage>.
<author><surname>Wilson</surname>, <given-names>W. J.</given-names></author> (<year>1987</year>): <title>The Truly Disadvantaged. The Inner City, the Underclass and the Public Policy</title>. <other>Chicago, London</other>.