<author><surname>Aebli</surname>, <given-names>H</given-names></author>. (<year>1980</year>): <source>Denken: das Ordnens des Tuns</source>. Band <volume>1</volume>: <title>Kognitive Aspekte der Handlungstheorie</title>. <other>Stuttgart</other>.
<author><surname>Aebli</surname>, <given-names>H</given-names></author>. (<year>1981</year>): <source>Denken: das Ordnens des Tuns</source>. Band <volume>2</volume>: <title>Denkprozesse</title>. <other>Stuttgart</other>.
<editor>Albert, M.</editor> <other>et al.</other> (Hrsg.) (<year>2010</year>): <title>16. Shell Jugendstudie. Jugend 2010</title>. <other>Frankfurt/Main</other>. 
<editor>Birkenhauer, J. H.</editor> (Hrsg.) (<year>1995</year>): <title>Außerschulische Lernorte. HGD Symposium Benediktbeuren 1993</title>. <other>Nürnberg</other>.
<author><surname>Bohl</surname>, <given-names>T</given-names></author>. (<year>2009</year>): <title>Prüfen und Bewerten im Offenen Unterricht</title>. <other>Neuwied</other>.
<author><surname>Böing</surname>, <given-names>M</given-names></author>. und <author><given-names>U</given-names>. <surname>Sachs</surname></author> (<year>2007</year>): <title>Ekursionsdidaktik zwischen Tradition un Innovation. Eine Bestandsaufnahme</title>. In: <source>Geographie und Schule</source> H. <issue>167</issue>, S. <fpage>36</fpage>—<lpage>44</lpage>.
<editor>Brovelli, D.</editor>, <editor>K. Fuchs</editor> <other>et al.</other> (Hrsg.) (<year>2014</year>): <title>Ausserschulische Lernorte - Impulse aus der Praxis</title>. <source>Ausserschulische Lernorte - Beiträge zur Didaktik</source>, B. <volume>3</volume>. <other>Münster</other>.
<author><surname>Brühne</surname>, <given-names>T</given-names></author>. (<year>2011</year>): <title>Zur Didaktik des außerschulischen Lernens. Lernen zwischen Primärerfahrung und Handlungsorientierung</title>. In.<source>Praxis Schule 5-10</source> H. <issue>2</issue>, S. <fpage>4</fpage>-<lpage>7</lpage>.
<author><surname>Bruner</surname>, <given-names>J</given-names></author>. (<year>1961</year>): <title>The act of discovery</title>. In: <source>Harvard Educational Review</source> H. <issue>1</issue>, S. <fpage>21</fpage>-<lpage>32</lpage>.
<author><surname>Budke</surname>, <given-names>A</given-names></author>. und <author><given-names>M. H.</given-names> <surname>Wienecke</surname></author> (<year>2009</year>): <title>Exkursion selbst gemacht: innovative Exkursionsmethoden für den Geographieunterricht</title>. <source>Praxis Kultur- und Sozialgeographie</source>, B. <volume>47</volume>. <other>Potsdam</other>.
<author><surname>Burk</surname>, <given-names>K</given-names></author>. <other>et al.</other> (<year>2008</year>): <title>Schule außerhalb der Schule. Lehren und Lernen an außerschulischen Lernorten</title>. <other>Frankfurt/Main</other>.
<author><surname>Burk</surname>, <given-names>K</given-names></author>. und <author><given-names>C</given-names>. <surname>Claussen</surname></author> (<year>1980</year>): <title>Lernorte außerhalb des Klassenzimmers I: Didaktische Grundlegung und Beispiele</title>. <source>Beiträge zur Reform der Grundschule</source>, B. <volume>45</volume>. <other>Frankfurt/Main</other>.
<author><surname>Burk</surname>, <given-names>K</given-names></author>. und <author><given-names>C</given-names>. <surname>Claussen</surname></author> (<year>1981</year>). <title>Lernorte außerhalb des Klassenzimmers II: Methoden - Berichte -Hintergründe</title>. <source>Beiträge zur Reform der Grundschule</source>, B. <volume>49</volume>. <other>Frankfurt/Main</other>.
<author><surname>Claussen</surname>, <given-names>C</given-names></author>. (<year>2004</year>): <title>Lernorte außerhalb der Schule</title>. In: <source>Lernchancen</source> H. <issue>7</issue>, S. <fpage>4</fpage>-<lpage>5</lpage>.
<author><surname>Deci</surname>, <given-names>E</given-names></author>. und <author><given-names>R</given-names>. <surname>Ryan</surname></author> (<year>1993</year>): <title>Die Selbstbestimmungstheorie der Motivation und ihre Bedeutung für die Pädagogik</title>. In: <source>Zeitschrift für Pädagogik</source> H <issue>2</issue>, S. <fpage>223</fpage>—<lpage>238</lpage>.
<editor>DGfG</editor> (<year>2014</year>): <title>Bildungsstandards im Fach Geographie für den Mittleren Schulabschluss mit Aufgabenbeispielen</title>. <other>Bonn</other> (8. Auflage).
<author><surname>Dickel</surname>, <given-names>M</given-names></author>. (<year>2006</year>): <title>Zur Philosophie von Exkursionen</title>. In: <editor>Hennings, W.</editor> <other>et al.</other> (Hrsg.): <source>Exkursionsdidaktik - innovativ!? Erweiterte Dokumentation zum HGD-Symposium 2005 in Bielefeld. Geographiedidaktische Forschungen</source>, B. <volume>40</volume>. <other>Weingarten</other>, S. <fpage>31</fpage>-<lpage>50</lpage>.
<author><surname>Dickel</surname>, <given-names>M</given-names></author>. <other>et al.</other> (<year>2009</year>): <title>Vielperspektivität und Teilnehmerzentrierung. Wegeweise der Exkursionsdidaktik</title>. <source>Praxis Neue Kulturgeographie</source>,B. <volume>6</volume>. <other>Münster</other>.
<author><surname>Dühlmeier</surname>, <given-names>B</given-names></author>. (<year>2010</year>): <title>Mehr Außerschulische Lernorte in der Grundschule</title>. <other>Baltmannsweiler</other>.
<editor>Flath, M.</editor> und <editor>J. H. Schockemöhle</editor> (Hrsg.)(<year>2009</year>): <title>Regionales Lernen - Kompetenzen fördern und Partizipation stärken</title>. <source>Geographiedidaktische Forschungen</source>, B. <volume>45</volume>. <other>Weingarten</other>.
<author><surname>Gerbaulet</surname>, <given-names>S</given-names></author>. (<year>1990</year>): <title>Weiterlernen durch Handeln - Selbsthilfe und Fortbildung in Lernwerkstätten</title>. In: <source>Die Grundschulzeitschrift</source> H. <issue>4</issue>, S.<fpage>27</fpage>-<lpage>28</lpage>.
<author><surname>Glasze</surname>, <given-names>G</given-names></author>. und <author><given-names>M</given-names>. <surname>Dickel</surname></author> (<year>2009</year>): <title>Rethinking Excursions</title>. In: <editor>Glasze, G.</editor> und <editor>M. Dickel</editor> (Hrsg.): <source>Vielperspektivität & Teilnehmerzentrierung - Richtungsweiser der Exkursionsdidaktik</source>. <other>Münster</other>, S. <fpage>3</fpage>-<lpage>15</lpage>.
<author><surname>Groenemeyer</surname>, <given-names>A</given-names></author>. (<year>2001</year>): <title>Soziologische Konstruktionen sozialer Probleme und gesellschaftliche Herausforderungen: eine Einführung</title>. In: <source>Soziale Probleme</source> H. <issue>1/2</issue>, S, <fpage>5</fpage>-<lpage>27</lpage>.
<author><surname>Groß</surname>, <given-names>J</given-names></author>. (<year>2011</year>): <title>Orte zum Lernen - ein kritischer Blick auf außerschulische Lehr-/Lernprozesse</title>. In: <editor>Messmer, K.</editor> <other>et al</other> (Hrsg.): <source>Ausserschulische Lernorte-Position aus Geographie, Geschichte und Naturwissenschaften. Ausserschulische Lernorte - Beiträge zur Didaktik</source>, B. <volume>1</volume>. <other>Münster</other>, S. <fpage>25</fpage>-<lpage>49</lpage>.
<author><surname>Gudjons</surname>, <given-names>H</given-names></author>. (<year>2014</year>): <title>Handlungsorientiert lehren und lernen: Schüleraktivierung - Selbsttätigkeit - Projektarbeit</title>. <other>Bad Heilbrunn</other>.
<author><surname>Hemmer</surname>, <given-names>M</given-names></author>. und <author><given-names>R</given-names>. <surname>Uphues</surname></author> (<year>2006</year>): <title>Geographische Schülerexkursionen in Berlin-Theoretische Grundlagen, Skizzierung und Ergebnisse eines Studienprojekts</title>. <editor>Hennings, W.</editor> <other>et al.</other> (Hrsg.): <source>Exkursionsdidaktik - innovativ!? Erweiterte Dokumentation zum HGD-Symposium 2005 in Bielefeld</source>. <other>Weingarten</other>, S. <fpage>71</fpage>-<lpage>81</lpage>. 
<author><surname>Hemmer</surname>, <given-names>M</given-names></author>. und <author><given-names>R</given-names>. <surname>Uphues</surname></author> (<year>2009</year>): <title>Zwischen passiver Rezeption und aktiver Konstruktion. Varianten der Standortarbeit aufgezeigt am Beispiel der Großwohnsiedlung Berlin-Marzahn</title>. In: <editor>Dickel, M.</editor> und <editor>G. Glasze</editor> (Hrsg.): <source>Vielperspektivität und Teilnehmerzentrierung - Richtungsweiser der Exkursionsdidaktik. Praxis Neue Kulturgeographie</source>, B <volume>6</volume>. <other>Münster</other>, S. <fpage>39</fpage>-<lpage>51</lpage>. 
<author><surname>Hoffmann</surname>, <given-names>K. W.</given-names></author> (<year>2015</year>): <title>Die komplexe Lernaufgabe im Geographieunterricht -Wege zur Schüleraktivierung mit didaktisch sinnvollen Aufgaben</title>. In: <source>Geographie aktuell & Schule</source> H. <issue>216</issue>, S. <fpage>21</fpage>—<lpage>36</lpage>.
<author><surname>Kanwischer</surname>, <given-names>D</given-names></author>. (<year>2008</year>): <title>Gesellschaft schafft (Un-)Sicherheit. Über neue Perspektiven didaktischen Denkens im Geographieunterricht</title>. In: <source>GW-Untericht</source> H. <issue>110</issue>, S. <fpage>34</fpage>-<lpage>41</lpage>.
<editor>Karpa, D.</editor> <other>et al.</other> (Hrsg.) (<year>2015</year>a): <title>Außerschulische lernorte. Theorie, Praxis und Erforschung außerschulischer Lerngelegenheiten</title>. <other>Kassel</other>. 
<author><surname>Karpa</surname>, <given-names>D</given-names></author>. <other>et al.</other> (<year>2015</year>b): <title>Außerschulische Lernorte-Theoretische Grundlagen und praktische Beispiele</title>. In: <editor>Karpa, D.</editor> (Hrsg.): <source>Außerschulische Lernorte-Theorie, Praxis und Erforschung außerschulischer Lerngelegenheiten</source>. <other>Kassel</other>, S. <fpage>11</fpage>-<lpage>28</lpage>.
<author><surname>Kirch</surname>, <given-names>P</given-names></author>. (<year>1999</year>): <title>Vom Kopf auf die Füße. Belebung des Faches Geographie durch Lernen vor Ort</title>. In: <source>Praxis Geographie</source> H. <issue>1</issue>, S. <fpage>4</fpage>-<lpage>5</lpage>.
<author><surname>Klein</surname>, <given-names>M</given-names></author>. (<year>2015</year>): <title>Exkursionsdidaktik. Eine Arbeitshilfe für Lehrer, Studenten und Dozenten</title>. <other>Baltmannsweiler</other>.
<author><surname>Klein</surname>, <given-names>R</given-names></author>. (<year>2010</year>): <title>Die Exkursion in der zweiten Lehrerausbildungsphase im Fach Geographie: Explorative Fallstudien zur Wirksamkeit von Ausbildungsmaßnahmen</title>. <other>Trier</other>.
<author><surname>Köck</surname>, <given-names>H</given-names></author>. (<year>2015</year>): <title>Raumkonzepte in der Geographie - methodologisch analysiert</title>. In: <source>Geographie aktuell & Schule</source> H. <issue>209</issue>, S. <fpage>3</fpage>-<lpage>14</lpage>.
<author><surname>Lößner</surname>, <given-names>M</given-names></author>. (<year>2011</year>): <title>Exkursionsdidaktik in Theorie und Praxis. Forschungsergebnisse und Strategien zur Überwindung von hemmenden Faktoren. Ergebnisse einer empirischen Untersuchung an mittelhessischen Gymnasien</title>. <source>Geographiedidaktische Forschungen</source>, B. <volume>48</volume>. <other>Weingarten</other>.
<author><surname>Messmer</surname>, <given-names>K</given-names></author>. <other>et al.</other> (<year>2011</year>): <title>Ausserschulische Lernorte-Positionen aus Geographie, Geschichte und Naturwissenschaften</title>. <source>Ausserschulische Lernorte-Beiträge zur Didaktik</source>, Bd. <volume>1</volume>. <other>Münster</other>.
<author><surname>Mitzlaff</surname>, <given-names>H</given-names></author>. (<year>2004</year>): <title>Exkursionen im Sachunterricht - Der Königsweg zu den „Sachen“?</title> In: <editor>Kaiser, A.</editor> und <editor>D. Peck</editor> (Hrsg.): <source>Basiswissen Sachunterricht. Bd. 5: Unterrichtsplanung und Methoden</source>. <other>Baltmannsweiler</other>, S. <fpage>136</fpage>-<lpage>144</lpage>.
<author><surname>Neeb</surname>, <given-names>K</given-names></author>. (<year>2012</year>a): <title>Geographische Exkursionen im Fokus empirischer Forschung. Analyse von Lernprozessen und Lernqualitäten kognitivistisch und konstruktivistisch konzeptionierter Schülerexkursionen</title>. <source>Geographiedidaktische Forschungen</source>, B. <volume>50</volume>. <other>Weingarten</other>. 
<author><surname>Rhode-Jüchtern</surname>, <given-names>T</given-names></author>. (<year>2006</year>): <title>Exkursionsdidaktik zwischen Grundsätzen und subjektivem Faktor</title>. In: <editor>Hennings, W.</editor> <other>et al.</other> (Hrsg.): <source>Exkursionsdidaktik - innovativ!? Erweiterte Dokumentation zum HGD-Symposium 2005 in Bielefeld. Geographiedidaktische Forschungen</source>, B. <volume>40</volume>. <other>Weingarten</other>, S. <fpage>8</fpage>-<lpage>30</lpage>.
<author><surname>Rhode-Jüchtern</surname>, <given-names>T</given-names></author>. (<year>2015</year>): <title>Kreative Geographie: Bausteine zur Geographie und ihrer Didaktik</title>. <other>Schwalbach/Ts.</other>
<author><surname>Roth</surname>, <given-names>H</given-names></author>. (<year>1965</year>): <title>Die „originale Begegnung“ als methodisches Prinzip</title>. In: <editor>Roth, H.</editor> (Hrsg.): <source>Pädagogische Psychologie des Lehrens und Lernens</source>. <other>Hannover</other>, S. <fpage>107</fpage>-<lpage>117</lpage>.
<editor>Salzmann, C.</editor> <other>et al.</other> (Hrsg.) (<year>1995</year>): <title>Theorie und Praxis des Regionalen Lernens. Umweltpädagogische Impulse für außerschulisches Lernen - Das Beispiel des Regionalen Umweltbildungszentrum Lernstandort Noller Schlucht</title>. <other>Frankfurt/Main</other>.
<author><surname>Sauerborn</surname>, <given-names>P</given-names></author>. und <author><given-names>T</given-names>. <surname>Brühne</surname></author> (<year>2011</year>). <title>Didaktik des außerschulischen Lernens</title>. <other>Baltmannsweiler</other>. 
<author><surname>Schäfer</surname>, <given-names>H</given-names></author>. (<year>2006</year>): <title>Besucherforschung und Psychologie</title>. In: <editor>Schuster, M.</editor> und <editor>H. Ameln-Haffke</editor> (Hrsg.): <source>Museumspsychologie</source>. <other>Göttingen</other>, S. <fpage>49</fpage>-<lpage>60</lpage>.
<author><surname>Schiefele</surname>, <given-names>U</given-names></author>. und <author><given-names>L</given-names>. <surname>Streblow</surname></author> (<year>2005</year>). <title>Intrinsische Motivation - Theorien und Befunde</title>. In: <editor>Vollmeyer, R.</editor> und <editor>J. Brunstein</editor> (Hrsg.): <source>Motivationspsychologie und ihre Anwendung</source>. <other>Stuttgart</other>, S. <fpage>39</fpage>-<lpage>58</lpage>.
<author><surname>Schneider</surname>, <given-names>H. R.</given-names></author> und <author><given-names>U</given-names>. <surname>Wienholt</surname></author> (<year>1982</year>): <title>Soziale Probleme und öffentliche Investitionsformen im Stadtteil</title>. In.<editor>Vaskovics, L.</editor> (Hrsg.): <source>Zur Raumbezogenheit sozialer Probleme Jugendlicher und junger Erwachsener</source>. <other>Opladen</other>, S. <fpage>58</fpage>-<lpage>95</lpage>. 
<author><surname>Schockemöhle</surname>, <given-names>J</given-names></author>. (<year>2009</year>): <title>Außerschulisches regionales Lernen als Bildungsstrategie für eine nachhaltige Entwicklung</title>. <source>Geographiedidaktische Forschungen</source>, B. <volume>44</volume>. <other>Weingarten</other>.
<author><surname>Schratz</surname>, <given-names>M</given-names></author>. (<year>2009</year>): <title>„Lernseits“ von Unterricht. Alte Muster, neue Lebenswelten - was für Schulen?</title> In: <source>Lernende Schule</source> H. <issue>12</issue>, S. <fpage>16</fpage>-<lpage>21</lpage>.
<author><surname>Stock</surname>, <given-names>H</given-names></author>. (<year>1988</year>): <title>Außerschulische Lernorte. Zu ihrer Bedeutung in Erziehung und Unterricht</title>. <source>Pädagogische Welt</source> H. <issue>2</issue>, S. <fpage>50</fpage>-<lpage>54</lpage>.
<author><surname>Suchman</surname>, <given-names>L</given-names></author>. (<year>1987</year>): <title>Plans and situated actions: The Problem ofHuman-Machine Communication</title>. <other>New York</other>.
<author><surname>Thomas</surname>, <given-names>B</given-names></author>. (<year>2009</year>): <title>Lernorte außerhalb der Schule</title>. In: <editor>Arnold, K.-H.</editor> <other>et al.</other>(Hrsg.): <source>Handbuch Unterricht</source>. <other>Bad Heilbrunn</other>, S. <fpage>283</fpage>-<lpage>287</lpage>. 
<author><surname>Tulodziecki</surname>, <given-names>G</given-names></author>. <other>et al.</other> (<year>2004</year>): <title>Gestaltung von Unterricht. Eine Einführung in die Didaktik</title>. <other>Bad Heilbrunn</other>.
<author><surname>Wardenga</surname>, <given-names>U</given-names></author>. (<year>2002</year>): <title>Alte und neue Raumkonzepte im Geographieunterricht</title>. In: <source>geographie heute</source> H. <issue>200</issue>, S. <fpage>8</fpage>-<lpage>13</lpage>.
<author><surname>Westphal</surname>, <given-names>K</given-names></author>. und <author><given-names>N</given-names>. <surname>Hoffmann</surname></author> (<year>2007</year>): <title>Orte des Lernens. Beiträge zu einer Pädagogik des Raums</title>. <other>Weinheim</other>.
<author><surname>Winter</surname>, <given-names>F</given-names></author>. (<year>2012</year>): <title>Leistungsbewertung: Eine neue Lernkultur braucht einen anderen Umgang mit den Schülerleistungen</title>. <other>Baltmannsweiler</other>. 
<author><surname>Winter</surname>, <given-names>F</given-names></author>. (<year>2015</year>): <title>Lerndialog statt Noten: Neue Formen der Leistungsbeurteilung</title>. <other>Weinheim</other>.