<editor>Weiß, W.</editor> (Hrsg.): <title>Mecklenburg-Vorpommern. Brücke zum Norden und Tor zum Osten</title>. - <publisher>Klett/Perthes</publisher>, <other>Gotha</other> <year>1996</year>. 
<author><surname>Weiß</surname>, <given-names>W</given-names></author>. und <author><surname>Hilbig</surname>, <given-names>A</given-names></author>. : <title>Selektivität von Migrationsprozessen am Beispiel Mecklenburg-Vorpommern</title>. - In: <editor>Bundesamt für Bauwesen und Raumordnung</editor> (Hrsg.): <source>Wanderungen - regionale Strukturen und Trends; Informationen zur Raumentwicklung</source> <volume>11/12.</volume> <year>1998</year>, S. <fpage>793</fpage>-<lpage>802</lpage>.