<author><surname>Arning</surname>, <given-names>H</given-names></author>. u. <author><surname>Lethmate</surname><given-names>J</given-names></author>,. (<year>2003</year>): <title>Experimentelles Arbeiten im Geographieunterricht</title>. In: <source>Geographie und Schule</source>, H. <issue>145</issue>, S. <fpage>35</fpage>-<lpage>39</lpage>.
<editor>Deutsche Gesellschaft für Geographie (DGfG)</editor> (Hrsg., <year>2014</year>): <title>Bildungsstandards im Fach Geographie für den Mittleren Schulabschluss - mit Aufgabenbeispielen</title>. <other>Bonn</other>.
<editor>Deutsche Telekom Stiftung</editor> (Hrsg., <year>2008</year>): <title>Lernen mit der Klasse(n)kiste„Schwimmen und Sinken". Ergebnisse einer Befragung von Grundschullehrkräften - Kurzbericht</title>. <other>Dortmund</other>.
<author><surname>Duit</surname>, <given-names>R</given-names></author>., <author><surname>Gropengießer</surname>, <given-names>H</given-names></author>, <author><surname>Stäudel</surname>, <given-names>L</given-names></author>. (<year>2007</year>): <title>Naturwissenschaftliches Arbeiten. Eine Einführung</title>. In: <other>Ebd.</other> (Hrsg, <year>2007</year>): <source>Naturwissenschaftliches Arbeiten. Unterricht und Material 5-10</source>. 2. Auflage, <other>Seelze-Velber</other>, S. <fpage>4</fpage>-<lpage>8</lpage>.
<editor>Gesellschaft für Didaktik des Sachunterrichts (GDSU)</editor> (Hrsg., <year>2013</year>): <title>Perspektivrahmen Sachunterricht</title>. <other>Bad Heilbrunn</other>.
<author><surname>Gropengießer</surname>, <given-names>H</given-names></author>., <author><surname>Krüger</surname>, <given-names>D</given-names></author>. (<year>2007</year>): <title>Hautatmung beim Menschen. Einem kleinen Versuch naturwissenschaftlichen Geist einhauchen</title>. In: <editor>Duit, R.</editor>, <editor>Gropengießer, H.</editor>, <editor>Stäudel, L.</editor> (Hrsg.): <source>Naturwissenschaftliches Arbeiten. Unterricht und Material 5-10</source>.2. Auflage, <other>Seelze-Velber</other>, S. <fpage>78</fpage>-<lpage>81</lpage>.
<author><surname>Hammann</surname>, <given-names>M</given-names></author>., <author><surname>Ganser</surname>, <given-names>M</given-names></author>., <author><surname>Haupt</surname>, <given-names>M</given-names></author>. (<year>2007</year>): <title>Experimentieren können. Kompetenzentwicklungsmodelle und ihre Nutzung im Unterricht</title>. In: <source>geographie heute</source>, H. <issue>255/256</issue>, S. <fpage>88</fpage>-<lpage>91</lpage>. 
<author><surname>Hammann</surname>, <given-names>M</given-names></author>., <author><surname>Phan Thanh Thi</surname>, <given-names>H</given-names></author>., <author><surname>Ehmer</surname>, <given-names>M</given-names></author>., <author><surname>Bayrhuber</surname>, <given-names>H</given-names></author>. & <author><surname>Ganser</surname>, <given-names>M</given-names></author>. (<year>2008</year>): <title>Theoriegeleitete Förderung von Kompetenzen beim Experimentieren</title>. In: <editor>Höttecke, D.</editor> (Hrsg.): <source>Kompetenzen, Kompetenzmodelle, Kompetenzentwicklung. Jahrestagung der Gesellschaft für Didaktik der Chemie und Physik</source>. <other>Berlin, Münster</other> (=<source>Gesellschaft für Didaktik der Chemie und Physik</source>. Bd. <volume>28</volume>), S. <fpage>302</fpage>-<lpage>304</lpage>.
<author><surname>Hemmer</surname>, <given-names>I</given-names></author>, <author><surname>Hemmer</surname>, <given-names>M</given-names></author>. (<year>2010</year>): <title>Interesse von Schülerinnen und Schülern an einzelnen Themen, Regionen und Arbeitsweisen des Geographieunterrichts. Ein Vergleich zweier empirischer Studien aus den Jahren 1995 und 2005</title>. In: <other>dies.</other> (Hrsg.): <source>Schülerinteresse an Themen, Regionen und Arbeitsweisen des Geographieunterrichts</source>. <other>Weingarten</other>, S. <fpage>65</fpage>-<lpage>145</lpage>.
<author><surname>Köhler</surname>, <given-names>K</given-names></author>., <author><surname>Miener</surname>,<given-names>J.-P.</given-names></author> (<year>2013</year>): <title>Experimentelle Arbeitsweisen im Geographieunterricht. Vorstellungen von Geographielehrern zu Chancen und Barrieren</title>. <other>Saarbrücken</other>.
<author><surname>Lethmate</surname>, <given-names>J</given-names></author>. (<year>2006</year>): <title>Experimentelle Lehrformen und Scientific Literacy</title>. In: <source>Praxis Geographie</source>, H.<issue>ll</issue>, S. <fpage>4</fpage>—<lpage>11</lpage>.
<author><surname>Mayer</surname>, <given-names>J</given-names></author>., <author><surname>Ziemek</surname>, <given-names>H.-P.</given-names></author> (<year>2006</year>): <title>Offenes Experimentieren</title>. In: <source>Unterricht Biologie</source>, H. <issue>317</issue>, S. <fpage>4</fpage>-<lpage>12</lpage>.
<editor>Ministerium für Schule und Weiterbildung des Landes Nordrhein-Westfalen</editor> (Hrsg., <year>2007</year>): <title>Kernlehrplan für das Gymnasium - Sekundarstufe I (G8) in Nordrhein-Westfalen. Erdkunde</title>. <other>Frechen</other>.
<author><surname>Möller</surname>, <given-names>K</given-names></author>. (<year>2000</year>): <title>Verstehendes Lernen im Vorfeld der Naturwissenschaften? Forschung für den Sachunterricht</title>. In: <source>Die Grundschulzeitschrift</source>, H. <issue>139</issue>, S. <fpage>54</fpage>—<lpage>57</lpage>.
<author><surname>Möller</surname>, <given-names>K</given-names></author>. (<year>2007</year>): <title>„Primary Science“ - ein internationaler Überblick</title>. In: <editor>Höttecke, D.</editor> (Hrsg.): <source>Naturwissenschaftlicher Unterricht im internationalen Vergleich</source>. <other>Münster</other>: <publisher>LIT Verlag</publisher> (= <source>Tagungsband der GDCP-Jahrestagung Bern</source> <year>2006</year>. Bd.<volume>27</volume>), S. <fpage>98</fpage>-<lpage>121</lpage>.
<editor>OECD</editor> (<year>2006</year>). <title>Assessing scientific; reading and mathematical literacy. A framework for PISA 2006</title>. <other>Paris</other>.
<editor>OECD</editor> (<year>2013</year>): <title>PISA 2015 Draft Science Framework</title>. Online unter: <url>http://www.oecd.org/pisa/pisaproducts/Draft%20PISA%202015%20Science%20Framework%20.pdf</url>.
<author><surname>Otto</surname>, <given-names>K.-H.</given-names></author> (<year>2003</year>): <title>Experimentieren im Geographieunterricht</title>. In: <source>geographie heute</source>, H. <volume>208</volume>, S.<fpage>2</fpage>-<lpage>7</lpage>.
<author><surname>Otto</surname>, <given-names>K.-H.</given-names></author> (<year>2009</year>): <title>Experimentieren als Arbeitsweise im Geographieunterricht</title>. In: <source>Geographie und Schule</source>, H. <issue>180</issue>, S. <fpage>4</fpage>-<lpage>15</lpage>.
<author><surname>Prenzel</surname>, <given-names>M</given-names></author>., <author><surname>Parchmann</surname>, <given-names>I</given-names></author>. (<year>2003</year>): <title>Kompetenz entwickeln. Vom naturwissenschaftlichen Arbeiten zum naturwissenschaftlichen Denken</title>. In: <source>Unterricht Chemie</source>, H. <issue>76/77</issue>, S. <fpage>15</fpage>-<lpage>19</lpage>.
<editor>Prenzel, M.</editor>, <editor>Artelt, C.</editor>, <editor>Baumert, J.</editor>, <editor>Blum, W</editor>, <editor>Hammann, M.</editor>, <editor>Klieme, E.</editor>, <editor>Pekrun, R.</editor> (Hrsg., <year>2007</year>): <title>PISA 2006. Die Ergebnisse der dritten internationalen Vergleichsstudie</title>. <other>Münster u.a.</other>
<author><surname>Schröder</surname>, <given-names>R</given-names></author>., <author><surname>Lethmate</surname>, <given-names>J</given-names></author>. (<year>2006</year>): <title>Regen ist mehr als Wasser. Eine Messreihe zum „Abwasser der Luft“</title>. In: <source>Praxis Geographie</source>, H. <issue>11</issue>, S. <fpage>12</fpage>-<lpage>16</lpage>.
<author><surname>Schubert</surname>, <given-names>J. C.</given-names></author> (<year>2008</year>): <title>Binnendifferenzierung beim experimentellen Arbeiten</title>. In: <source>Praxis Geographie</source>, H. <issue>3</issue>, S. <fpage>22</fpage>-<lpage>25</lpage>.
<author><surname>Stern</surname>, <given-names>E</given-names></author>. (<year>2002</year>): <title>Wie abstrakt lernt das Grundschulkind? Neuere Ergebnisse der entwicklungspsychologischen Forschung</title>. In: <editor>Petillon, H.</editor> (Hrsg.): <source>Individuelles und soziales Lernen in der Grundschule. Kindperspektive und pädagogische Konzepte</source>. <other>Opladen</other> (= <source>Jahrbuch Grundschulforschung</source>. Bd. <volume>5</volume>), S. <fpage>27</fpage>—<lpage>42</lpage>.
<author><surname>Tesch</surname>, <given-names>M</given-names></author>., <author><surname>Duit</surname>, <given-names>R</given-names></author>. (<year>2004</year>). <title>Experimentieren im Physikunterricht. Ergebnisse einer Videostudie</title>. In: <source>Zeitschrift für Didaktik der Naturwissenschaften</source>, H.<issue>10</issue>,S. <fpage>51</fpage>-<lpage>69</lpage>.