<author><surname>Adam</surname>, <given-names>T</given-names></author> (<year>1996</year>): <title>Mensch und Natur: das Primat des Ökonomischen. Entstehen, Bedrohung und Schutz von Kulturlandschaften aus dem Geiste materieller Interessen</title>. In: <source>Natur und Landschaft</source> <volume>71</volume>, S. <fpage>155</fpage>-<lpage>159</lpage>.
<author><surname>Barth</surname>, <given-names>W.-E.</given-names></author> (<year>1997</year>): <title>Immer noch kleinkariert statt vernetzt. 5 Jahre nach Rio: Naturschutz in Deutschland</title>. In: <source>Nationalpark</source> H. <issue>4</issue>, S. <fpage>27</fpage>-<lpage>32</lpage>.
<author><surname>Bastian</surname>, <given-names>O</given-names></author>. (<year>1996</year>): <title>Ökologische Leitbilder in der räumlichen Planung - Orientierungshilfen beim Schutz der biotischen Diversität</title>. In: <source>Arch. für Nat.-Lands.</source> <volume>34</volume>, S. <fpage>207</fpage>-<lpage>234</lpage>.
<author><surname>Bastian</surname>, <given-names>O</given-names></author>. (<year>1997</year>.1): <title>Landschaftsplanung-Wegweiser für eine ökologisch orientierte Raumentwicklung</title>. In: <source>Erdkundeunterricht</source> <volume>49</volume>, S. <fpage>9</fpage>-<lpage>18.</lpage>
<author><surname>Bastian</surname>, <given-names>O</given-names></author>. (<year>1997</year>.2): <title>Gedanken zur Bewertung von Landschaftsfunktionen - unter besonderer Berücksichtigung der Habitatfunktion</title>. In: <source>NNA Berichte</source> <volume>10</volume>, S. <fpage>106</fpage>-<lpage>125</lpage>.
<author><surname>Bastian</surname>, <given-names>O</given-names></author>. (<year>1999</year>.1): <title>2.9 Landschaftsbewertung</title>; <title>5.2 Umweltqualitätsziele und Leitbilder</title>. In: <editor>Bastian, O.</editor>, <editor>Schreiber, K.-F.</editor> (Hrsg. <year>1999</year>): <source>Analyse und ökologische Bewertung der Landschaft</source>. <other>Heidelberg, Berlin</other>. S. <fpage>56</fpage>-<lpage>66</lpage>, <fpage>410</fpage>-<lpage>422</lpage>.
<author><surname>Bastian</surname>, <given-names>O</given-names></author>. (<year>1999</year>.2): <title>Landschaftsbewertung und Leitbildentwicklung auf der Basis von Mikrogeochoren</title>. In: <editor>Steinhardt, U.</editor>, <editor>Volk, M.</editor> (Hrsg., <year>1999</year>): <source>Regionalisierung in der Landschaftsökologie</source>. <other>Stuttgart, Leipzig</other>. S. <fpage>287</fpage>-<lpage>298</lpage>.
<author><surname>Bastian</surname>, <given-names>O</given-names></author>. (<year>1999</year>.3): <title>Leitbilder für Naturräume auf der Basis von Landschaftsfunktionen</title>. In: <source>Natur und Landschaft</source> <volume>74</volume>, S. <fpage>361</fpage>-<lpage>373</lpage>.
<author><surname>Bechmann</surname>, <given-names>A</given-names></author>. (<year>1989</year>): <title>Die Nutzwertanalyse</title>. In: <editor>Storm</editor>/<editor>Bunge</editor> (Hrsg. <year>1989</year>): <source>Handbuch der Umweltverträglichkeitsprüfung</source>. <other>Berlin</other>, S. <fpage>1</fpage>-<lpage>31</lpage>.
<author><surname>Bernhardt</surname>, <given-names>A</given-names></author>., <author><surname>Jäger</surname>, <given-names>K.-D.</given-names></author> (<year>1985</year>): <title>Zur gesellschaftlichen Einflussnahme auf den Landschaftswandel in Mitteleuropa in Vergangenheit und Gegenwart. Beiträge zum Problemkreis des Landschaftswandels</title>. In: <source>Sitz.ber. d. Sächs. Akad. d. Wiss. zu Leipzig, math.-nat.</source> Kl. <volume>117</volume>, S. <fpage>5</fpage>-<lpage>56</lpage>.
<editor>BfN</editor> (<year>1996</year>)(= <editor>Bundesamt für Naturschutz</editor>, Hrsg.): <title>Daten zur Natur</title>. <other>Bonn</other>, 170 S.
<author><surname>Bork</surname>, <given-names>H.-R.</given-names></author>, <author><surname>Dalchow</surname>, <given-names>C</given-names></author>., <author><surname>Kächele</surname>, <given-names>H</given-names></author>., <author><surname>Piorr</surname>, <given-names>H.-P</given-names></author>, <author><surname>Wenkel</surname>, <given-names>K.-O.</given-names></author> (<year>1995</year>): <title>Agrarlandschaftswandel in Nordost-Deutschland unter veränderten Rahmenbedingungen: ökologische und ökonomische Konsequenzen</title>. <other>Berlin</other>, 418 S.
<author><surname>Broggi</surname>, <given-names>M</given-names></author>. (<year>1995</year>): <title>Aspekte der Nachhaltigkeit und Rolle regionalisierter Betrachtungsweisen - dargestellt am Beispiel der Berglandwirtschaft</title>. In: <source>Laufener Seminarbeitr.</source> <volume>4</volume>, S. <fpage>101</fpage>-<lpage>110</lpage>.
<editor>Deutscher Heimatbund</editor> (<year>1997</year>): <title>Ziele und Grundsätze des Naturschutzes. Positionen des Deutschen Heimatbundes zu wichtigen Problemstellungen</title>. In: <source>dh-INFO</source> H. <issue>3</issue>, S. <fpage>3</fpage>-<lpage>15</lpage>.
<editor>Deutscher Rat für Landespflege</editor> (<year>1997</year>): <title>Leitbilder für Landschaften in „peripheren Räumen“</title>. In: <source>Schr.-R. d. Deutschen Rates f. Landespflege</source> <volume>67</volume>, S. <fpage>5</fpage>-<lpage>25</lpage>.
<author><surname>Di Castri</surname>, <given-names>F</given-names></author> (<year>1995</year>): <title>The geopolitics of global land use change</title> In: <source>Proc. Congr. Int. Ass. for Landscape Ecology (IALE)</source>, <other>Toulouse</other>.
<author><surname>Finck</surname>, <given-names>P</given-names></author>, <author><surname>Haucke</surname>, <given-names>U</given-names></author>,, <author><surname>Schröder</surname>, <given-names>E</given-names></author>., <author><surname>Forst</surname>, <given-names>R</given-names></author>., <author><surname>Woithe</surname>, <given-names>G</given-names></author>. (<year>1997</year>): <title>Naturschutzfachliche Landschafts-Leitbilder/Rahmenvorstellungen für das Nordwestdeutsche Tiefland aus bundesweiter Sicht</title>.-<editor>Bundesamt für Naturschutz</editor> (Hrsg. <year>1997</year>., = <source>Schr.-R. f. Landschaftspfl. u. Natursch.</source>, H. <issue>50/1</issue>).
<author><surname>Fürst</surname>, <given-names>D</given-names></author>. <other>et al.</other> (<year>1989</year>): <title>Umweltqualitätsziele für die ökologische Planung</title>. <source>Forschungsbericht</source> <volume>34</volume>, <editor>Umweltbundesamt</editor> <other>Berlin</other>.
<author><surname>Gerhards</surname>, <given-names>I</given-names></author>. (<year>1997</year>): <title>Leitbilder für die Landschaftsrahmenplanung - dargestellt anhand von Überlegungen für Hessen</title>. In: <source>Natur und Landschaft</source> <volume>72</volume> (<issue>1</issue>): <fpage>436</fpage>-<lpage>443</lpage>.
<author><surname>Gruehn</surname>, <given-names>D</given-names></author>., <author><surname>Kenneweg</surname>, <given-names>H</given-names></author>. (<year>1998</year>): <title>Die Berücksichtigung der Belange von Naturschutz und Landschaftspflege in der Flächennutzungsplanung</title>. <editor>Bundesamt für Naturschutz</editor> (Hrsg. <year>1998</year>, = <source>Schr.-R. Angew. Landschaftsökologie</source> H. <issue>17</issue>.
<author><surname>Grunewald</surname>, <given-names>K</given-names></author>. (<year>1998</year>): <title>Ressourcenschonendes Wirtschaften in Schutzgebieten - Forschungs- und Umsetzungsstrategien</title>. In: <editor>Erdmann, K.-H.</editor>, <editor>Bork, H.-R.</editor>, <editor>Grunewald, K.</editor> (Hrsg. <year>1998</year>): <source>Geographie und Naturschutz: Beiträge zu einer naturverträglichen Entwicklung/Bundesamt für Naturschutz. MAB-Mitt.</source> <volume>45</volume>. <other>Bonn</other>, S. <fpage>159</fpage>-<lpage>166</lpage>.
<author><surname>Haber</surname>, <given-names>W</given-names></author>. (<year>1993</year>): <title>Von der ökologischen Theorie zur Umweltplanung</title>. In: <source>GAIA</source> <volume>2</volume>, S. <fpage>96</fpage>-<lpage>106</lpage>.
<author><surname>Jessel</surname>, <given-names>B</given-names></author>. (<year>1995</year>): <title>Ist künftige Landschaft planbar? Möglichkeiten und Grenzen ökologisch orientierter Planung</title>. In: <source>Laufener Seminarbeitr.</source> <volume>4</volume>, S. <fpage>91</fpage>-<lpage>100</lpage>.
<author><surname>Jessel</surname>, <given-names>B</given-names></author>. (<year>1996</year>): <title>Leitbilder und Wertungsfragen in der Naturschutz- und Umweltplanung</title>. In: <source>Naturschutz und Landschaftsplanung</source> <volume>28</volume>, S. <fpage>211</fpage>-<lpage>216</lpage>.
<author><surname>Jessel</surname>, <given-names>B</given-names></author>. (<year>1998</year>): <title>Landschaften als Gegenstand von Planung</title>. <other>Berlin</other>, 331 S. (<source>Beiträge zur Umweltgestaltung</source> <volume>A 139</volume>).
<author><surname>Kaule</surname>, <given-names>G</given-names></author>. (<year>1991</year>): <title>Arten- und Biotopschutz</title>. 2. Aufl., <other>Stuttgart</other>.
<editor>LANA (Länderarbeitsgemeinschaft für Naturschutz, Landschaftspflege und Erholung)</editor> (<year>1991</year>): <title>Lübecker Grundsätze des Naturschutzes (Grundsatzpapier)</title>.
<author><surname>Mannsfeld</surname>, <given-names>K</given-names></author>., <author><surname>Richter</surname> <given-names>H</given-names></author>. (<year>1995</year>): <title>Naturräume in Sachsen</title>. <other>Trier</other> (<source>Forschungen zur deutschen Landeskunde</source> H. <issue>238</issue>).
<author><surname>Meynen</surname>, <given-names>E</given-names></author>., <author><surname>Schmithüsen</surname>, <given-names>J</given-names></author>. <other>et al.</other> (<year>1953-1962</year>): <title>Handbuch der naturräumlichen Gliederung Deutschlands</title>. <publisher>Bundesanstalt f. Landeskunde</publisher>, <other>Remagen</other>.
<author><surname>Müller</surname>, <given-names>F</given-names></author> (<year>1996</year>): <title>Ableitung von integrativen Indikatoren zur Bewertung von Ökosystem-Zuständen für die Umweltökonomische Gesamtrechnung. Projektstudie für das Statistische Bundesamt Wiesbaden</title>, 130 S.
<author><surname>Neef</surname>, <given-names>E</given-names></author>. (<year>1969</year>): <title>Der Stoffwechsel zwischen Natur und Gesellschaft als geographisches Problem</title>. In: <source>Geogr. Rundschau</source> <volume>21</volume>, S. <fpage>453</fpage>-<lpage>459</lpage>.
<author><surname>Ott</surname>, <given-names>M</given-names></author>. (<year>1996</year>): <title>Das forstliche Nachhaltigkeitsprinzip - Wurzeln und Entwicklung</title>. In: <source>Eberswalder wiss. Schriften</source> <volume>1</volume>, <source>Tagungsband „Nachhaltigkeit der Landnutzung“</source>, S. <fpage>11</fpage>-<lpage>26</lpage>.
<author><surname>Plachter</surname>, <given-names>H</given-names></author>. (<year>1989</year>): <title>Grundlagen und Verwirklichung eines flächendeckenden Naturschutzes</title>. In: <source>Laufener Seminarbeitr.</source> <volume>2</volume>, S. <fpage>199</fpage>-<lpage>132</lpage> (<publisher>Akad. Natursch. Landschaftspfl. - ANL</publisher>).
<author><surname>Plachter</surname>, <given-names>H</given-names></author>. (<year>1992</year>): <title>Naturschutzkonforme Landschaftsentwicklung zwischen Bestandssicherung und Dynamik</title>. In: <source>Tagungsbericht „Landschaftspflege - Quo vadis?“</source>. <publisher>Landesanstalt f. Umweltschutz Bad.-Württ.</publisher>, <other>Karlsruhe</other>, S. <fpage>143</fpage>—<lpage>198</lpage>.
<author><surname>Pongratz</surname>, <given-names>E</given-names></author>. (<year>1996</year>): <title>Die Würfel sind gefallen!</title> In: <source>Nationalpark</source>, H. <issue>2</issue>, S. <fpage>4</fpage>-<lpage>5</lpage>.
<author><surname>Renn</surname>, <given-names>O</given-names></author>., <author><surname>Kastenholz</surname>, <given-names>H. G.</given-names></author> (<year>1996</year>): <title>Ein regionales Konzept nachhaltiger Entwicklung</title>. In: <source>GAIA</source> <volume>5</volume>, S. <fpage>86</fpage>-<lpage>102</lpage>.
<author><surname>Rösler</surname>, <given-names>S</given-names></author>, <author><surname>Schmidt</surname>, <given-names>M</given-names></author>., <author><surname>Stern</surname>, <given-names>S</given-names></author>. (<year>1995</year>): <title>25 Jahre und kein bißchen weiter</title>. In: <source>Naturschutz heute</source> <volume>27</volume> (<issue>3</issue>+<issue>4</issue>), S. <fpage>6</fpage>-<lpage>7</lpage>.
<author><surname>Roth</surname>, <given-names>W</given-names></author>. (<year>1996</year>): <title>Naturschutz - ein Flop</title>. In: <source>Natur und Landschaft</source> <volume>71</volume>, S. <fpage>26</fpage>.
<author><surname>Roweck</surname>, <given-names>H</given-names></author>. (<year>1995</year>): <title>Landschaftsentwicklung über Leitbilder?</title> In: <source>LÖBF-Mitt.</source> <volume>4</volume>, S. <fpage>25</fpage>-<lpage>34</lpage>.
<author><surname>Schmidt</surname>, <given-names>A</given-names></author>. (<year>1996</year>): <title>Sustainable development</title>. In: <source>Proc. Int. Seminar „Management and protection of environment“, 20.-24.5.96, Bratislava, Faculty of Natural Sciences, Comenius University</source> (<editor>Kozová, M.</editor>, <editor>Moncmanová, A.</editor>, Hrsg. <year>1996</year>), S. <fpage>73</fpage>-<lpage>84</lpage>.
<editor>SRU</editor> (<year>1994</year>) (<editor>Der Sachverständigenrat für Umweltfragen</editor>): <title>Dauerhaft-umweltgerechte Entwicklung</title>. In: <source>Geowissenschaften</source> <volume>13</volume>, S. <fpage>68</fpage>-<lpage>72</lpage>.
<editor>SRU</editor> (<year>1996</year>)(<editor>Der Sachverständigenrat für Umweltfragen</editor>): <title>Umweltgutachten (Kurzfassung)</title>. In: <source>Naturschutz und Landschaftsplanung</source> <volume>28</volume>, S. <fpage>250</fpage>-<lpage>253</lpage>.
<author><surname>Stern</surname>, <given-names>H</given-names></author>. (<year>1996</year>): <title>Naturschutz - friesisch herb</title>. In: <source>Nationalpark</source> H. <issue>4</issue>, S. <fpage>4</fpage>-<lpage>5</lpage>.
<author><surname>Succow</surname>, <given-names>M</given-names></author>. (<year>1999</year>): <title>Knapp und nicht vermehrbar. Zur Zukunft der mitteleuropäischen Kulturlandschaft</title>. In: <source>Naturschutz heute</source> <volume>31</volume> (<issue>1</issue>), S. <fpage>52</fpage>-<lpage>53</lpage>.
<author><surname>Vietinghoff-Riesch</surname>, <given-names>A. Freiherr von</given-names></author> (<year>1949</year>): <title>Ein Waldgebiet im Schicksal der Zeiten - Die Oberlausitz</title>. <other>Hannover</other>.
<author><surname>Weigelt</surname>, <given-names>M</given-names></author>. (<year>1998</year>): <title>Biosphärenreservate - eine Chance für Deutschland</title>. In: <editor>Erdmann, K.-H.</editor>, <editor>Bork, H.-R.</editor>, <editor>Grunewald, K.</editor> (Hrsg. <year>1998</year>): <source>Geographie und Naturschutz: Beiträge zu einer naturverträglichen Entwicklung/Bundesamt für Naturschutz. MAB-Mitt.</source> <volume>45</volume>. <other>Bonn</other>, S. <fpage>89</fpage>-<lpage>92</lpage>.
<author><surname>Weller</surname>, <given-names>F</given-names></author> (<year>1993</year>): <title>Zur Entwicklung ökologisch fundierter Leitbilder für Agrarlandschaften</title>. In: <source>Ber. Inst. Landschafts-, Pflanzenökologie</source> <volume>2</volume>, S. <fpage>7</fpage>-<lpage>21</lpage>.
<editor>Wiegleb, G.</editor>, <editor>Schulz, F</editor>, <editor>Bröring, U.</editor> (Hrsg. <year>1999</year>): <title>Naturschutzfachliche Bewertung im Rahmen der Leitbildmethode</title>. <other>Heidelberg</other>.
<author><surname>Wolf</surname> <given-names>R</given-names></author>. (<year>1995</year>): <title>Naturschutz 1995. Wechselbad der Gefühle: zwischen Hoffnung und Verzweiflung</title>. In: <editor>Deutscher Heimatbund</editor> - <source>dh-INFO</source>, H. <issue>2</issue>, S. <fpage>3</fpage>-<lpage>13</lpage>.
<editor>World Commission on Environment and Development</editor> (<year>1987</year>): <title>Our Common Future</title>. <publisher>Oxford University Press</publisher> (= <editor>Weltkommission für Umwelt und Entwicklung</editor>: <source> Unsere gemeinsame Zukunft</source>, <other>Berlin</other> <year>1990</year>, 349 S.).