<author><surname>Alemann</surname>, <given-names>U. von</given-names></author>/<author><surname>Forndran</surname>, <given-names>E</given-names></author>. (<year>2005</year>): <title>Methodik der Politikwissenschaft. Einführung in Arbeitstechnik und Forschungspraxis</title>. <other>Stuttgart</other>.
<author><surname>Arning</surname>, <given-names>H</given-names></author>./<author><surname>Lethmate</surname>, <given-names>J</given-names></author>. (<year>2003</year>): <title>Experimentelles Arbeiten im Geographieunterricht</title>. In: <source>Geographie und Schule</source>, H. <issue>145</issue>,<fpage>35</fpage>-<lpage>39</lpage>.
<author><surname>Berck</surname>, <given-names>K.-H.</given-names></author>/<author><surname>Graf</surname>, <given-names>D</given-names></author>. (<year>2010</year>): <title>Biologiedidaktik. Grundlagen und Methoden</title>. 4. völlig überarbeitete Auflage, <other>Wiebelsheim</other>.
<author><surname>Berck</surname>, <given-names>K.-H.</given-names></author>/<author><surname>Graf</surname>, <given-names>D</given-names></author>. (<year>2003</year>): <title>Biologiedidaktik von Abis Z. Wörterbuch mit 1000 Begriffen</title>. <other>Wiebelsheim</other>.
<author><surname>Bünning</surname>, <given-names>F</given-names></author>. (<year>2010</year>): <title>Lernerfolge beim experimentierenden Lernen. Eine Untersuchung im bautechnischen Unterricht</title>. In: <source>Lernen & Lehren</source>, H. <issue>98</issue>, <fpage>67</fpage>—<lpage>72</lpage>.
<editor>DGfG [Deutsche Gesellschaft für Geographie]</editor> (Hrsg.) (<year>2014</year>): <title>Bildungsstandards im Fach Geographie für den Mittleren Schulabschluss - mit Aufgabenbeispielen</title>. 8. Auflage, <other>Bonn</other>.
<editor>DGfG [Deutsche Gesellschaft für Geographie]</editor> (Hrsg.) (<year>2002</year>): <title>Grundsätze und Empfehlungen für die Lehrplanarbeit im Schulfach Geographie. Arbeitsgruppe Curriculum 2000+ der Deutschen Gesellschaft für Geographie</title>. <other>0.0.</other>
<author><surname>Engelhardt</surname>, <given-names>W. von</given-names></author>/<author><surname>Zimmermann</surname>, <given-names>J</given-names></author>. (<year>1982</year>): <title>Theorie der Geowissenschaft</title>. <other>Paderborn u. a.</other>
<author><surname>Walpuski</surname>, <given-names>M</given-names></author>./<author><surname>Hauck</surname>, <given-names>A</given-names></author>. (<year>2014</year>): <title>Gestaltung lernwirksamer Experimentierphasen</title>. In: <editor>MNU (Mathematischer und Naturwissenschaftlicher Unterricht)</editor>, Jg. <volume>67</volume>, H. <issue>7</issue>,<fpage>402</fpage>-<lpage>407</lpage>.
<author><surname>Erb</surname>, <given-names>R</given-names></author>. (<year>2014</year>): <title>Experimente im naturwissenschaftlichen Unterricht. Immer noch aktuell?</title> In: <source>MNU (Mathematischer und Naturwissenschaftlicher Unterricht)</source>, Jg. <volume>67</volume>, H. <issue>7</issue>,387.
<author><surname>Euler</surname>, <given-names>M</given-names></author>. (<year>2005</year>): <title>Schülerinnen und Schüler als Forscher. Informelles Lernen im Schülerlabor</title>. In: <source>Naturwissenschaften im Unterricht Physik</source>, H. <issue>90</issue>,<fpage>4</fpage>—<lpage>12</lpage>.
<author><surname>Falk</surname>, <given-names>G. C.</given-names></author> (<year>2007</year>): <title>Das Experiment. Einstieg in die Erforschung naturgeographischerThemen</title>. In: <source>Praxis Geographie: Einstiege in den Unterricht</source>, H. <issue>1</issue>,<fpage>36</fpage>-<lpage>37</lpage>.
<author><surname>Fischer</surname>, <given-names>H. E.</given-names></author>/<author><surname>Klemm</surname>, <given-names>K</given-names></author>./<author><surname>Leutner</surname>, <given-names>D</given-names></author>./<author><surname>Sumfleth</surname>, <given-names>E</given-names></author>./<author><surname>Tiemann</surname>, <given-names>R</given-names></author>./<author><surname>Wirth</surname>, <given-names>J</given-names></author>. (<year>2003</year>): <title>Naturwissenschaftsdidaktische Lehr-Lernforschung: Defizite und Desiderata</title>. In: <source>Zeitschrift für Didaktik der Naturwissenschaften</source>, Jg. <volume>9</volume>,<fpage>135</fpage>-<lpage>153</lpage>.
<author><surname>Füller</surname>, <given-names>F</given-names></author>. (<year>1992</year>): <title>Biologische Unterrichtsexperimente: Bedeutung und Effektivität</title>. (= <source>Münchner Schriften zur Didaktik der Biologie</source>, Band <volume>8</volume>.) <other>München</other>.
<author><surname>Gott</surname>, <given-names>R</given-names></author>./<author><surname>Roberts</surname>, <given-names>R</given-names></author>. (<year>2008</year>). <title>Concepts of evidence and their role in open-ended investigations and scientific literacy: Background to published papers</title>. <editor>The School of Education, Durham University</editor>, <other>UK</other>. Verfügbar unter <url>www.dur.ac.uk/education/research/current_research/maths/msm/understanding_scientific_evidence</url> (Mai 2013).
<author><surname>Scharfenberg</surname>, <given-names>F.-J.</given-names></author> (<year>2005</year>): <title>Experimenteller Biologieunterricht zu Aspekten der Gentechnik im Lernort Labor: empirische Untersuchung zu Akzeptanz, Wissenserwerb und Interesse</title>. Verfügbar unter <url>http://www.pflanzenphysiologie.uni-bayreuth.de/didaktik-bio/en/pub/html/31120diss_Scharfenberg.pdf</url> (September2015).
<author><surname>Grube</surname>,<given-names> C. R.</given-names></author> (<year>2010</year>): <title>Kompetenzen naturwissenschaftlicher Erkenntnisgewinnung. Untersuchung der Struktur und Entwicklung des wissenschaftlichen Denkens bei Schülerinnen und Schülern der Sekundarstufe I</title>. <other>Kassel</other>.
<author><surname>Hahn</surname>, <given-names>S</given-names></author>./<author><surname>Stiller</surname>, <given-names>C</given-names></author>./<author><surname>Stockey</surname>, <given-names>A</given-names></author>./<author><surname>Wilde</surname>, <given-names>M</given-names></author>. (<year>2013</year>): <title>Experimentierend zur naturwissenschaftlichen Grundbildung - Entwicklung und Evaluation eines kompetenzorientierten Kurses für die Eingangsphase der Oberstufe</title>. In: <source>ZfDN (Zeitschrift für Didaktik der Naturwissenschaften)</source>, Jg. <volume>19</volume>,<fpage>417</fpage>-<lpage>425</lpage>.
<author><surname>Hammann</surname>, <given-names>M</given-names></author>./<author><surname>Prenzel</surname>, <given-names>M</given-names></author>. (<year>2008</year>): <title>Ergebnisse des internationalen PISA Naturwissenschaftstests 2006</title>. In: <source>Der mathematische und naturwissenschaftliche Unterricht (MNU)</source> Jg. <volume>61</volume>, H. <issue>22</issue>, <fpage>67</fpage>—<lpage>74</lpage>.
<author><surname>Hammann</surname>, <given-names>M</given-names></author>./<author><surname>Ganser</surname>, <given-names>M</given-names></author>./<author><surname>Haupt</surname>, <given-names>M</given-names></author>. (<year>2007</year>): <title>Experimentieren können. Kompetenzentwicklung und ihre Nutzung im Unterricht</title>. In: <source>geographic heute</source>, <volume>28</volume>(<issue>255/256</issue>), <fpage>88</fpage>-<lpage>91</lpage>.
<author><surname>Heitzmann</surname>, <given-names>A</given-names></author>,. (<year>2010</year>): <title>Fragen und Erklären</title>. In: <editor>Labudde, P.</editor> (Hrsg.): <source>Fachdidaktik Naturwissenschaft. 1.-9. Schuljahr</source>. <other>Bern</other>, S. <fpage>80</fpage>-<lpage>81</lpage>.
<author><surname>Hemmer</surname>, <given-names>I</given-names></author>./<author><surname>Hemmer</surname>, <given-names>M</given-names></author>. (<year>2010</year>): <title>Interesse von Schülerinnen und Schülern an einzelnen Themen, Regionen und Arbeitsweisen des Geographieunterrichts. Ein Vergleich zweier empirischer Studien aus den Jahren 1995 und 2005</title>. In: <other>dies</other>. (Hrsg.): <source>Schülerinteressen an Themen, Regionen und Arbeitsweisen des Geographieunterrichts</source>. <other>Weingarten</other>, <fpage>65</fpage>-<lpage>145</lpage>.
<author><surname>Höck</surname>, <given-names>F</given-names></author>. (<year>1884</year>): <title>Über Anschauungsmittel beim geographischen Unterricht an Realanstalten</title>. In: <source>Zentralorgan für die Interessen des Realschulwesens</source><volume> XII</volume>, <fpage>473</fpage>-<lpage>478</lpage>.
<author><surname>Hof</surname>, <given-names>S</given-names></author>. (<year>2011</year>): <title>Wissenschaftsmethodischer Kompetenzerwerb durch forschendes Lernen</title>. <other>Kassel</other>.
<author><surname>Hofstein</surname>, <given-names>A</given-names></author>./<author><surname>Navon</surname>, <given-names>0</given-names></author>./<author><surname>Kipnis</surname>, <given-names>M</given-names></author>./<author><surname>Mamlok-Naaman</surname>, <given-names>R</given-names></author>. (<year>2005</year>): <title>Developing students ability to ask more and better questions resulting from inquiry-type chemistry laboratories</title>. In: <source>Journal of Rese-arch in Science Teaching</source>, <volume>42</volume>, <fpage>791</fpage>-<lpage>806</lpage>.
<author><surname>Kasbohn</surname>, <given-names>P</given-names></author>. (<year>1975</year>): <title>Schülerversuche in der Sekundarstufe I</title>. In: <editor>Rodi, D.</editor> (Hrsg.): <source>Biologie und curricu-lare Forschung</source>. <other>Köln</other>, <fpage>116</fpage>-<lpage>121</lpage>.
<author><surname>Klahr</surname>, <given-names>D</given-names></author>./<author><surname>Zimmerman</surname>, <given-names>G</given-names></author>./<author><surname>Jirout</surname><given-names>J</given-names></author>., (<year>2011</year>): <title>Educational Interventions to Advance Children's Scientific Thinking</title>. In: <source>Science</source>, H. <issue>333</issue>, <fpage>971</fpage>—<lpage>975</lpage>.
<author><surname>Kleinhorst</surname>, <given-names>H</given-names></author>. (<year>2013</year>): <title>KEMIEplus - Konzeption und Wirksamkeit von Experimentiereinheiten mit dem Schwerpunkt „naturwissenschaftliche Denk- und Arbeitsweisen“</title>. <other>Bochum</other>.
<editor>KMK [Sekretariat der ständigen Konferenz der Kultusminister der Länder in der BRD]</editor> (<year>2015</year>): <title>Ländergemeinsame inhaltliche Anforderungen für die Fachwissenschaften und Fachdidaktiken in der Lehrerbildung. Beschluss der Kultusministerkonferenz vom 16.10.2008 i. d. F. vom 10.09.2015</title>. - <url>http://www.kmk.org/fileadmin/Dateien/veroeffentlichungen_beschluesse/2008/2008_10_16-Fachprofile-Lehrerbildung.pdf</url> (September 2015)
<author><surname>Kobarg</surname>, <given-names>M</given-names></author>./<author><surname>Altmann</surname>, <given-names>U</given-names></author>./<author><surname>Wittwer</surname><given-names>J</given-names></author>./<author><surname>Seidel</surname>, <given-names>T</given-names></author>./<author><surname>Prenzel</surname>, <given-names>M</given-names></author>. (<year>2008</year>): <title>Naturwissenschaftlicher Unterricht im Ländervergleich</title>. In: <editor>PISA-Konsortium Deutschland</editor> (Hg.):<source> PISA 2006. Die Kompetenzen der Jugendlichen im dritten Ländervergleich</source>. <other>Münster u. a.</other>, <fpage>63</fpage>-<lpage>105</lpage>.
<author><surname>Köck</surname>, <given-names>H</given-names></author>. (<year>2008</year>): <title>Thesen zur innergeographischen Integration von natur- und sozialwissenschaftlicher Dimension als Voraussetzung für eine mögliche Brückenfunktion</title>. In: <source>geographische revue</source> (<volume>10</volume>)<issue>1</issue>,<fpage>31</fpage>-<lpage>39</lpage>.
<author><surname>Labudde</surname>, <given-names>P</given-names></author>./<author><surname>Möller</surname>, <given-names>K</given-names></author>. (<year>2012</year>): <title>Stichwort: Naturwissenschaftlicher Unterricht</title>. In: <source>Zeitschrift für Erziehungswissenschaft</source>, H. <issue>1</issue>,<fpage>11</fpage>-<lpage>36</lpage>.
<author><surname>Lechner</surname>, <given-names>H</given-names></author>. (<year>1992</year>): <title>Schülerinteresse und Physikunterricht in der Sekundarstufe I</title>. In: <source>Physik in der Schule</source>, <volume>30</volume>(<issue>3</issue>), <fpage>94</fpage>-<lpage>97</lpage>.
<author><surname>Lehmann</surname>, <given-names>O</given-names></author>. (<year>1964</year>): <title>Das Experiment im Geographieunterricht</title>. <other>Berlin</other>.
<author><surname>Lethmate</surname>, <given-names>J</given-names></author>. (<year>2005</year>): <title>„Geomethoden“. Kritische Anmerkungen zum fachdidaktischen Verständnis geographischer Arbeitsweisen</title>. In: <source>Geoöko</source>, <volume>26</volume>(<issue>3—4</issue>), <fpage>251</fpage>—<lpage>282</lpage>.
<author><surname>Lethmate</surname>, <given-names>J</given-names></author>.(<year>2006</year>): <title>Experimentelle Lehrformen und Scientific Literacy</title>. - In: <source>Praxis Geographie</source>, <volume>36</volume>(<issue>11</issue>), <fpage>4</fpage>—<lpage>11</lpage>.
<author><surname>Lynch</surname>, <given-names>S</given-names></author>./<author><surname>Kuipers</surname>,<given-names>J</given-names></author>./<author><surname>Pyke</surname>, <given-names>C</given-names></author>./<author><surname>Szesze</surname>, <given-names>M</given-names></author>. (<year>2005</year>): <title>Examining the Effects of a Highly Rated Science Curriculum Unit on Diverse Students: Results from a Planning Grant</title>. In: <source>Journal of Research in Science Teaching</source>, <volume>42</volume>/<issue>8</issue>,<fpage>921</fpage>-<lpage>946</lpage>.
<author><surname>Mayer</surname><given-names>J</given-names></author>./ <author><surname>Grube</surname>, <given-names>C</given-names></author>./<author><surname>Möller</surname>, <given-names>A</given-names></author>. (<year>2009</year>): <title>Kompetenzmodell naturwissenschaftlicher Erkenntnisgewinnung</title>. In: <editor>Harms, U.</editor>/<editor>Sandmann, A.</editor> (Hrsg.): <source>Lehr- und Lernforschung in der Biologiedidaktik. Band 3. Ausbildung und Professionalisierung von Lehrkräften. Forschungsband zur internationalen Tagung der Arbeitsgruppe Biologiedidaktik im VBiO -Verband Biologie, Biowissenschaften & Biomedizin, Essen 2007</source>. <other>Innsbruck</other>, <fpage>63</fpage>-<lpage>79</lpage>.
<author><surname>Mayer</surname>, <given-names>M</given-names></author>./<author><surname>Ziemek</surname>, <given-names>H.-P.</given-names></author> (<year>2006</year>): <title>Offenes Experimentieren. Forschendes Lernen im Biologieunterricht</title>. In: <source>Unterricht Biologie</source> <volume>317</volume>,<fpage>4</fpage>-<lpage>12</lpage>.
<author><surname>Mergendoller</surname>, <given-names>J. R.</given-names></author>/<author><surname>Maxwell</surname>, <given-names>N. L.</given-names></author>/<author><surname>Bellisimo</surname>, <given-names>Y.</given-names></author> (<year>2006</year>): <title>The effectiveness ofproblembased instruction: A comparative study of instructional method and student characteristics</title>. In: <source>Interdisciplinary Journal of Problem-based Learning</source>, <volume>1</volume>,<fpage>498</fpage>-<lpage>69</lpage>.
<author><surname>Mikelskis-Seifert</surname>, <given-names>S</given-names></author>./<author><surname>Wiebel</surname>, <given-names>K</given-names></author>. (<year>2011</year>): <title>Anschlussfähige naturwissenschaftliche Kompetenzen erwerben durch Experimentieren. Publikation des Programms SINUS an Grundschulen</title>. <other>Kiel</other>.
<author><surname>Minner</surname>, <given-names>D. D.</given-names></author>/<author><surname>Levy</surname>, <given-names>A.J.</given-names></author>/<author><surname>Century</surname>, <given-names>J</given-names></author>. (<year>2010</year>): <title>Inquiry-based science instruction-what is it and does it matter? Results from a research synthesis years 1984 to 2002</title>. In: <source>Journal of Research in Science Teaching</source>, Vol. <volume>47</volume>, Issue <issue>4</issue>,<fpage>474</fpage>-<lpage>496</lpage>.
<author><surname>Mönter</surname> <given-names>L. O.</given-names></author>/<author><surname>Hof</surname>, <given-names>S</given-names></author>. (<year>2012</year>): <title>Experimente</title>. In: <editor>Haversath,J.-B.</editor> (Mod.): <source>Geographiedidaktik. Theorie - Themen - Forschung</source>. <other>Braunschweig</other>. <fpage>289</fpage>-<lpage>313</lpage>.
<author><surname>Niemz</surname>, <given-names>G</given-names></author>. (<year>1978</year>): <title>Das erdkundliche Experiment im lernzielorientierten Geographieunterricht</title>. In: <editor>Fick, K. E.</editor> (Hrsg): <source>Schulgeographie heute. Fachliche, didaktische, unterrichtspraktische Beiträge.</source> <other>Frankfurt a. M.</other>, <fpage>85</fpage>-<lpage>93</lpage>.
<editor>OECD [Organisation for the Economic Cooperation and Development]</editor> (<year>1999</year>): <title>Measuring Student knowledge and skills. A new framework for assessment</title>. <other>Paris</other>.
<editor>OECD [Organisation für wirtschaftliche Zusammenarbeit und Entwicklung]</editor> (Hrsg.) (<year>2007</year>): <title>PISA 2006. Schulleistungen im internationalen Vergleich. Naturwissenschaftliche Kompetenzen für die Welt von morgen</title>. <other>Paris</other>.
<author><surname>Otto</surname>,<given-names> K.-H.</given-names></author> (<year>2009</year>): <title>Experimentieren als Arbeitsweise im Geographieunterricht</title>. In: <source>Geographie und Schule</source>, Jg. <volume>31</volume>, H. <issue>180</issue>,<fpage>4</fpage>-<lpage>15</lpage>.
<author><surname>Otto</surname>, <given-names>K.-H.</given-names></author>/<author><surname>Mönter</surname>, <given-names>L</given-names></author>./<author><surname>Hof</surname>, <given-names>S</given-names></author>. (<year>2011</year>): <title>(Keine) Experimente wagen?</title> In: <editor>Meyer, C.</editor>/<editor>Roderich, H.</editor>/<editor>Stöber, G.</editor> (Hrsg.): <source>Geographische Bildung: Kompetenzen in didaktischer Forschung und Schulpraxis. - Geographiedidaktische Forschungen</source>, Bd. <volume>47</volume>, <source>Tagungsband zum HGD-Symposium in Braunschweig</source>. <other>Braunschweig</other>, <fpage>98</fpage>-<lpage>113</lpage>.
<author><surname>Otto</surname>, <given-names>K.-H.</given-names></author>/<author><surname>Mönter</surname>, <given-names>L</given-names></author>. (<year>2015</year>): <title>Scientific Literacy im Geographieunterricht fördern. Experimentelle Lehr-/Lernformen und Modellexperimente</title>. In: <source>geographie heute</source>, Jg. <volume>36</volume>, H.<issue> 322</issue>,<fpage>2</fpage>-<lpage>7</lpage>.
<author><surname>Otto</surname>, <given-names>K.-H.</given-names></author>/<author><surname>Mönter</surname>, <given-names>L. O.</given-names></author>/<author><surname>Hof</surname>, <given-names>S</given-names></author>./<author><surname>Wirth</surname>, <given-names>J</given-names></author>. (<year>2010</year>): <title>Das geographische Experiment im Kontext empirischer Lehr-/Lernforschung</title>. In: <source>Geographie und ihre Didaktik/Journal of Geography Education</source>jg. <volume>38</volume>, H. <issue>3</issue>,<fpage>133</fpage>-<lpage>145</lpage>.
<author><surname>Peschel</surname>, <given-names>M</given-names></author>. (<year>2008</year>): <title>Der Begriff der Offenheit beim Offenen Experimentieren</title>. - <url>www.markus-peschel.de/Material/Peschel_Offenheit_als_Begriff.pdf</url> (April 2015)
<author><surname>Peter</surname>, <given-names>C</given-names></author>. (<year>2013</year>): <title>Problemlösendes Lernen und Experimentieren in der geographiedidaktischen Forschung. Eine Interventions- und Evaluationsstudie zur naturwissenschaftlichen Kompetenzentwicklung im Geographieunterricht</title>. <url>http://geb.uni-giessen.de/geb/volltexte/2014/10703/pdf/PeterCarina_2014_01_15.pdf</url> (Juli 2015).
<author><surname>Prenzel</surname>, <given-names>M</given-names></author>. & <author><given-names>I</given-names>. <surname>Parchmann</surname></author> (<year>2003</year>): <title>Kompetenz entwickeln. Vom naturwissenschaftlichen Arbeiten zum naturwissenschaftlichen Denken</title>. In: <source>Unterricht Chemie</source>, <volume>14</volume>(<issue>76/77</issue>), <fpage>15</fpage>-<lpage>17</lpage>.
<author><surname>Prenzel</surname>, <given-names>M</given-names></author>./<author><surname>Rost</surname>, <given-names>J</given-names></author>./<author><surname>Senkbeil</surname>, <given-names>M</given-names></author>./<author><surname>Häußler</surname>, <given-names>P</given-names></author>./<author><surname>Klopp</surname>, <given-names>A</given-names></author>. (<year>2001</year>): <title>Naturwissenschaftliche Grundbildung: Testkonzeption und Ergebnisse</title>. In: <editor>Baumert</editor> <other>et al.</other> (Hrsg.): <source>PISA 2000</source>. <other>Opladen</other>, <fpage>191</fpage>-<lpage>248</lpage>.
<author><surname>Priemer</surname>, <given-names>B</given-names></author>./<author><surname>Kirchner</surname>, <given-names>S</given-names></author>. (<year>2007</year>): <title>Einstellungen von Schülern zu offenen Experimentieraufgaben in Physik</title>. In: <editor>Höttecke, D.</editor> (Hrsg.): <source>Naturwissenschaftlicher Unterricht im internationalen Vergleich</source>. <other>Berlin</other>, <fpage>343</fpage>-<lpage>345</lpage>.
<author><surname>Reinfried</surname>, <given-names>S</given-names></author>./<author><surname>Schuler</surname>, <given-names>S</given-names></author>./<author><surname>Aeschbacher</surname> <given-names>U</given-names></author>./<author><surname>Huber</surname>, <given-names>E</given-names></author>. (<year>2008</year>): <title>Der Treibhauseffekt-Folge eines Lochs in der Atmosphäre?</title> In: <source>geographie heute</source> <volume>265</volume>, <fpage>24</fpage>—<lpage>33</lpage>.
<author><surname>Reinhold</surname>, <given-names>P</given-names></author>. (<year>1997</year>): <title>Offenes Experimentieren: Ein neuer Ansatz für den Physikunterricht?</title> In: <editor>Fischer, H. E.</editor> (Hrsg.) <source>Zur Diskussion gestellt: Handlungsorientierter Physikunterricht der Sekundarstufe II. Vorschläge, Fragen, didaktische Begründungen</source>. <other>Bonn</other>, <fpage>104</fpage>—<lpage>125</lpage>.
<author><surname>Reinmann</surname>, <given-names>G</given-names></author>./<author><surname>Mandl</surname>, <given-names>H</given-names></author>. (<year>2006</year>). <title>Unterrichten und Lernumgebungen gestalten</title>. In: <editor>Krapp, A.</editor>/<editor>Prenzel, M.</editor>/<editor>Weidenmann, B.</editor> (Hrsg.): <source>Pädagogische Psychologie: Ein Lehrbuch</source>. <other>Weinheim</other>, <fpage>613</fpage>-<lpage>658</lpage>.
<author><surname>Rinschede</surname>, <given-names>G</given-names></author>. (<year>2007</year>): <title>Geographiedidaktik</title>.-3., völlig neu bearb. und erw. Auflage. <other>Paderborn</other>.
<author><surname>Salzmann</surname>, <given-names>W</given-names></author>. (<year>1981</year>): <title>Experimente im Geographieunterricht. Zur Theorie und Praxis eines lernzielorientierten geographischen Experimentalunterrichts</title> (= <source>Duisburger Geographische Arbeiten</source>, Bd. <volume>3</volume>). <other>Köln</other>.
<author><surname>Schubert</surname>, <given-names>J. C.</given-names></author> (<year>2008</year>): <title>Binnendifferenzierung beim experimentellen Arbeiten</title>. In: <source>Praxis Geographie</source> <volume>38</volume>, H. <issue>3</issue>, S. <fpage>22</fpage>—<lpage>25</lpage>.
<author><surname>Stolz</surname>, <given-names>A</given-names></author>./<author><surname>Erb</surname>, <given-names>R</given-names></author>. (<year>2014</year>): <title>Experimentierverhalten und Lernzuwachs in Experimentiersituationen mit unterschiedlichem Öffnungsgrad</title>. In: <source>MNU (Mathematischer und Naturwissenschaftlicher Unterricht)</source>, Jg. <volume>67</volume>, H.<issue> 7</issue>,<fpage>388</fpage>-<lpage>393</lpage>.
<author><surname>Stonjek</surname>, <given-names>D</given-names></author>. (<year>2005</year>): <title>Beobachtung</title>. In: <editor>Köck, HJ</editor>/ <editor>Stonjek, D</editor>. (Hrsg.): <source>ABC der Geographiedidaktik</source>. <other>Köln</other>, <volume>41</volume>.
<author><surname>Sweller</surname><given-names>J</given-names></author>. (<year>1988</year>): <title>Cognitive load during problemsolving: Effects on learning</title>. In: <source>Cognitive Science</source>, <volume>12</volume>,<fpage>257</fpage>-<lpage>285</lpage>.
<author><surname>Tesch</surname>, <given-names>M</given-names></author>./<author><surname>Duit</surname>, <given-names>R</given-names></author>. (<year>2004</year>): <title>Experimentieren im Physikunterricht - Ergebnisse einer Videostudie</title>. In: <source>ZfDN</source> Jg. <volume>10</volume>,<fpage>51</fpage>-<lpage>69</lpage>.
<author><surname>Vogt</surname>, <given-names>H</given-names></author>./<author><surname>Upmeier zu Beizen</surname>, <given-names>A</given-names></author>./<author><surname>Schröer</surname>, <given-names>T</given-names></author>/ <author><surname>Hoek</surname>, <given-names>I</given-names></author>. (<year>1999</year>): <title>Unterrichtliche Aspekte im Fach Biologie, durch die Unterricht aus Schülersicht als interessant erachtet wird</title>. In: <source>ZfDN</source>, Jg. <volume>5</volume>, <fpage>75</fpage>-<lpage>85</lpage>.
<author><surname>Wilhelmi</surname>, <given-names>V</given-names></author>. (<year>2000</year>): <title>Experimente im Geographieunterricht</title>. In: <source>Praxis Geographie</source> <volume>9</volume>, S. <fpage>4</fpage>-<lpage>7</lpage>.
<author><surname>Wilhelmi</surname>, <given-names>V</given-names></author>. (<year>2014</year>): <title>Physische Geographie im Unterricht - handlungs- und prozessorientiert</title>. In: <source>Praxis Geographie</source> <volume>5</volume>,<fpage>4</fpage>-<lpage>7</lpage>.
<author><surname>Winkelmann</surname>, <given-names>J</given-names></author>./<author><surname>Erb</surname>, <given-names>R</given-names></author>. (<year>2014</year>): <title>Lernzuwachs durch Schüler- und Demonstrationsexperimente. Experimentiervorschläge zur geometrischen Optik</title>. In: <source>MNU (Mathematischer und Naturwissenschaftlicher Unterricht)</source>, Jg. <volume>67</volume>, H. <issue>7</issue>,<fpage>394</fpage>—<lpage>401</lpage>.
<author><surname>Wirth</surname>, <given-names>J</given-names></author>./<author><surname>Thillmann</surname>, <given-names>H</given-names></author>./<author><surname>Künsting</surname>, <given-names>J</given-names></author>./<author><surname>Fischer</surname>, <given-names>H. E.</given-names></author>/<author><surname>Leutner</surname>, <given-names>D</given-names></author>. (<year>2008</year>): <title>Das Schülerexperiment im naturwissenschaftlichen Unterricht. Bedingungen der Lernförderlichkeit einer verbreiteten Lehrmethode aus instruktionspsychologischer Sicht</title>. In: <source>Zeitschrift für Pädagogik</source>, Jg. <volume>54</volume>, H.<issue>3</issue>, <fpage>361</fpage>—<lpage>375</lpage>.