<author><surname>Anderson</surname>, <given-names>A</given-names></author>. und <author><given-names>H</given-names>.<surname> Vieillard-Baron</surname></author> (<year>2003</year>): <title>La politique de la ville. Histoire et organisation</title>. <other>Paris</other>
<author><surname>Avenel</surname>, <given-names>C</given-names></author>. (<year>2004</year>): <title>Sociologie des quartiers sensibles</title>. <other>Paris</other>
<author><surname>Avery</surname>, <given-names>D</given-names></author>. (<year>1997</year>): <title>Civilisations de La Courneuve: images brisées d’une cité</title>. <other>Paris</other>
<author><surname>Basier</surname>, <given-names>L</given-names></author>. und <author><given-names>C</given-names>. <surname>Bachmann</surname></author> (<year>1984</year>): <title>Le verlan: argot d'école ou langue des Keums?</title> In: <source>Mots - Les langages du politique</source> <volume>8</volume> (<issue>1</issue>): <fpage>169</fpage>-<lpage>187</lpage>
<author><surname>Bauhardt</surname>, <given-names>C</given-names></author>. (<year>2005</year>): <title>Die politique de la ville in Frankreich</title>. In: <editor>S. Greiffenhagen</editor> und <editor>K. Neller</editor> (Hrsg.): <source>Praxis ohne Theorie? Wissenschaftliche Diskurse zum Bund-Länder-Programm „Stadtteile mit besonderem Entwicklungsbedarf - die Soziale Stadt"</source>. <other>Wiesbaden</other>: <fpage>393</fpage>—<lpage>406</lpage>
<author><surname>Belina</surname>, <given-names>B</given-names></author>. (<year>2006</year>): <title>Raum, Überwachung, Kontrolle: vom staatlichen Zugriff auf städtische Bevölkerung</title>. <other>Münster</other>
<author><surname>Berthelot</surname>, <given-names>J. W.</given-names></author> <other>et al.</other> (<year>1997</year>): <title>La Courneuve. La cité des „4000"</title>. In: <editor>Collectif</editor> (Hrsg.): <source>En marge de la ville, au coeur de la société: ces quartiers dont on parle</source>. <other>Paris</other>: <fpage>67</fpage>-<lpage>112</lpage>
<author><surname>Bonelli</surname>, <given-names>L</given-names></author>. (<year>2008</year>): <title>La France a peur - Une histoire sociale de l’„insécurité"</title>. <other>Paris</other>
<author><surname>Boyer</surname>, <given-names>J.-C.</given-names></author> (<year>2000</year>): <title>Les banlieues en France: territoires et sociétés</title>. <other>Paris</other>
<author><surname>Castro</surname>, <given-names>R</given-names></author>. (<year>2007</year>): <title>Faut-il passer la banlieue au Kärcher?</title> <other>Paris</other>
<author><surname>Cubero</surname>, <given-names>J</given-names></author>. (<year>2002</year>): <title>L’émergence au coeur de la fracture sociale des banlieues</title>. <other>Toulouse</other>
<author><surname>Dangschat</surname>, <given-names>J</given-names></author>. (<year>1988</year>): <title>Gentrification. Der Wandel innenstadtnaher Wohnviertel</title>. In: <editor>J. Friedrichs</editor> (Hrsg.): <source>Soziologische Stadtforschung</source>. <other>Opladen</other>: <fpage>272</fpage>-<lpage>292</lpage>
<author><surname>Delarue</surname>, <given-names>J.-M.</given-names></author> (<year>1991</year>): <title>Banlieues en difficultés: la relégation</title>. <other>Paris</other>
<editor>Direction des Journaux Officiels</editor> (<year>1996</year>): <title>Loi n° 96-987 du 14 novembre 1996 relative à la mise en oeuvre du pacte de relance pour la ville</title>. In: <source>Journal officiel de la République Française</source> du 15 novembre <year>1996</year>:<fpage>16656</fpage>-<lpage>16667</lpage>
<editor>DIV</editor> (<year>2003</year>): <title>Historique législatif des ZUS - ZRU - ZFU</title>. Internet: <url>httpf/i.ville.gouv.fr/divbib/doc/creationdesZUS.pdf</url> (04.09.2007)
<editor>DIV</editor> (<year>2005</year>): <title>Les politiques de la ville depuis 1977. Chronologie des dispositifs</title>. Internet: <url>http://i.ville.gouv.fr/divbib/doc/chronopolvill4062004.pdf</url> (03.09.2007)
<editor>DIV</editor> (<year>2006</year>a): <title>Contrats urbains de cohésion sociale (CUCS). Fiches thématiques</title>. Internet: <url>http://i.ville.gouv.fr/divbib/doc/CUCS_fiches_thematiques.pdf</url> (05.09.2007)
<editor>DIV</editor> (<year>2006</year>b): <title>La future politique de la ville se met en place</title>. In: <source>La lettre de la DIV</source> <volume>112</volume>:<fpage>1</fpage>-<lpage>3</lpage>
<editor>DIV</editor> (<year>2007</year>): <title>Les CUCS</title>. Internet: <url>http://www.viHe.gouv.fr/politique-de-la-ville/cucs.htm</url> (03.09.2007)
<author><surname>Donzelot</surname>, <given-names>J</given-names></author>. (<year>2004</year>): <title>La ville à trois vitesses: relégation, périurbanisation, gentrification</title>. In: <editor>Esprit</editor> (Hrsg.): <source>La ville à trois vitesses: gentrification, relégation, périurbanisation</source>. <other>Paris</other>: <fpage>14</fpage>-<lpage>39</lpage>
<author><surname>Donzelot</surname>, <given-names>J</given-names></author>. (<year>2006</year>): <title>Quand la ville se défait. Quelle politique face à la crise des banlieues?</title> <other>Paris</other>
<author><surname>Doytcheva</surname>, <given-names>M</given-names></author>. (<year>2007</year>): <title>Une discrimination positive à la française? Ethnicité et territoire dans les politiques de la ville</title>. <other>Paris</other>
<author><surname>Durth</surname>, <given-names>W</given-names></author>. und <author><given-names>N</given-names>. <surname>Gutschow</surname></author> (<year>1988</year>): <title>Träume in Trümmern. Planungen zum Wiederaufbau zerstörter Städte im Westen Deutschlands 1940-1950</title>. <other>Braunschweig</other>
<author><surname>Giraud</surname>, <given-names>B</given-names></author>. (<year>2006</year>): <title>Banlieues: Insurrection ou ras le bol?</title> <other>Le Kremlin-Bicêtre</other>
<author><surname>Glasze</surname>, <given-names>G</given-names></author>., <author><given-names>R</given-names>. <surname>Pütz</surname></author> und <author><given-names>M</given-names>. <surname>Rolfes</surname></author> (<year>2005</year>): <title>Die Verräumlichung von (Un-)sicherheit, Kriminalität und Sicherheitspolitiken</title>. In: <editor>G. Glasze</editor>, <editor>R. Pütz</editor> und <editor>M. Rolfes</editor> (Hrsg.): <source>Stadt - (Un-)Sicherheit - Diskurs</source>. <other>Bielefeld</other> (= <source>Urban Studies</source>): <fpage>13</fpage>-<lpage>58</lpage>
<author><surname>Jacquesson</surname>, <given-names>F</given-names></author>. (<year>2006</year>): <title>Les zones urbaines sensibles franciliennes: des réalités diverses</title>. In: <source>à la page</source> <volume>271</volume>: <fpage>1</fpage>-<lpage>8</lpage>
<author><surname>Jaillet</surname>, <given-names>M.-C.</given-names></author> (<year>2003</year>): <title>La politique de la ville en France: histoire et bilan</title>. In: <source>Regards sur l’actualité</source> <volume>296</volume>: <fpage>5</fpage>-<lpage>24</lpage>
<author><surname>Lagrange</surname>, <given-names>H</given-names></author>. und <author><given-names>M</given-names>. <surname>Oberti</surname></author> (<year>2006</year>): <title>Intégration, ségrégation et justice sociale</title>. In: <editor>H. Lagrange</editor> und <editor>M. Oberti</editor> (Hrsg.):<source> Émeutes urbaines et protestations. Une singularité française</source>. <other>Paris</other>: <fpage>11</fpage>-<lpage>36</lpage>
<author><surname>Lapeyronnie</surname>, <given-names>D</given-names></author>. (<year>2005</year>): <title>La banlieue comme théâtre colonial, ou la fracture coloniale dans les quartiers</title>. In: <editor>P. Blanchard</editor>, <editor>N. Bancel</editor> und <editor>S. Lemaire</editor> (Hrsg.): <source>La fracture coloniale: la société française au prisme de l’héritage colonial</source>. <other>Paris</other>: <fpage>209</fpage>-<lpage>218</lpage>
<author><surname>Le Goaziou</surname>, <given-names>V</given-names></author>. und <author><given-names>C</given-names>. <surname>Rojzman</surname></author> (<year>2001</year>): <title>Les Banlieues</title>. <other>Paris</other>
<author><surname>Lévy</surname>, <given-names>A</given-names></author>. (<year>2002</year>): <title>De l’îlot insalubre au quartier sensible: permanence et continuité dans les politiques urbaines</title>. In: <editor>G. Baudin</editor> und <editor>P. Genestier</editor> (Hrsg.): <source>Banlieues à problèmes - La construction d'un problème social et d’un thème d’action publique</source>. <other>Paris</other>: <fpage>31</fpage>-<lpage>46</lpage>
<author><surname>Mauger</surname>, <given-names>G</given-names></author>. (<year>2006</year>): <title>Les bandes, le milieu et la bohème populaire. Études de sociologie de la déviance des jeunes des classes populaires (1975-2005)</title>. <other>Paris</other>
<author><surname>Mêla</surname>, <given-names>V</given-names></author>. (<year>1991</year>): <title>Le verlan ou le langage du miroir</title>. In: <source>Langages</source> <volume>25</volume> (<issue>101</issue>): <fpage>73</fpage>-<lpage>94</lpage>
<author><surname>Mêla</surname>, <given-names>V</given-names></author>. (<year>1997</year>): <title>Verlan 2000</title>. In: <source>Langue française</source> <volume>114</volume> (<issue>1</issue>): <fpage>16</fpage>—<lpage>34</lpage>
<author><surname>Merlin</surname>, <given-names>P</given-names></author>. (<year>1998</year>): <title>Les banlieues des villes françaises</title>. <other>Paris</other>
<author><surname>Mouhanna</surname>, <given-names>C</given-names></author>. (<year>2008</year>): <title>Police: de la proximité au maintien de l’ordre généralisé?</title> In: <editor>L. Mucchielli</editor> (Hrsg.): <source>La frénésie sécuritaire: retour à l’ordre et nouveau contrôle social</source>. <other>Paris</other>: <fpage>64</fpage>-<lpage>76</lpage>
<author><surname>Mucchielli</surname>, <given-names>L</given-names></author>. (<year>2006</year>): <title>Introduction générale. Les émeutes de novembre 2005: les raisons de la colère</title>. In: <editor>L. Mucchielli</editor> und <editor>V. Le Goaziou</editor> (Hrsg.): <source>Quand les banlieues brûlent. Retour sur les émeutes de novembre 2005</source>. <other>Paris</other>: <fpage>5</fpage>-<lpage>30</lpage>
<author><surname>Mucchielli</surname>, <given-names>L</given-names></author>. (<year>2008</year>): <title>Faire du chiffre: le „nouveau management de la sécurité"</title>. In: <editor>L. Mucchielli</editor> (Hrsg.): <source>La frénésie sécuritaire. Retour à l’ordre et nouveau contrôle social</source>. <other>Paris</other>: <fpage>99</fpage>-<lpage>112</lpage>
<author><surname>Noiriel</surname>, <given-names>G</given-names></author>. (<year>2006</year>): <title>„Color blindness" et construction des identités dans l’espace public français</title>. In: <editor>D. Fassin</editor> und <editor>E. Fassin</editor> (Hrsg.): <source>De la question sociale à la question raciale: représenter la société française?</source> <other>Paris</other>: <fpage>158</fpage>—<lpage>174</lpage>
<author><surname>Paulet</surname>,<given-names> J.-P.</given-names></author> (<year>2004</year>): <title>Les banlieues françaises</title>. <other>Paris </other>
<author><surname>Pietsch</surname>, <given-names>A</given-names></author>. (<year>1997</year>): <title>Allgemeine Kennzeichen der Stadtentwicklung in Frankreich mit Vergleichen zur Bundesrepublik Deutschland</title>. In: <editor>A. Pietsch</editor> (Hrsg.): <source>Paris auf sieben Wegen. Ein geographischer Stadtführer</source>. <other>Darmstadt</other>: <fpage>33</fpage>-<lpage>97</lpage>
<author><surname>Rigouste</surname>, <given-names>M</given-names></author>. (<year>2005</year>): <title>L’armée et la construction de l’immigration comme menace</title>. In: <editor>P. Blanchard</editor> und <editor>N. Bancel</editor> (Hrsg.): <source>Culture post-coloniale 1961-2006. Traces et mémoires coloniales en France</source>. <other>Paris</other>: <fpage>113</fpage>—<lpage>124</lpage>
<author><surname>Rigouste</surname>, <given-names>M</given-names></author>. (<year>2008</year>): <title>La guerre à l’intérieur: la militarisation du contrôle des quartiers populaires</title>. In: <editor>L. Mucchielli</editor> (Hrsg.): <source>La frénésie sécuritaire - Retour à l’ordre et nouveau contrôle social</source>. <other>Paris</other>: <fpage>88</fpage>-<lpage>98</lpage>
<editor>SIG DIV</editor> (<year>2008</year>): <title>Profil Général des Zones Urbaines Sensibles en France</title> Internet: <url>http://sig.ville.gouv.fr/Tableaux/FR</url> (21.08.2008)
<author><surname>Soulignac</surname>, <given-names>F</given-names></author>. (<year>1993</year>): <title>La banlieue parisienne: cent cinquante ans de transformations</title>. <other>Paris</other>
<author><surname>Subra</surname>, <given-names>P</given-names></author>. (<year>2006</year>): <title>Heurs et malheurs d'une loi antiségrégation: les enjeux géopolitiques de la loi Solidarité et renouvellement urbain (SRU)</title>. In: <source>Hérodote</source> <volume>122</volume>:<fpage>138</fpage>-<lpage>171</lpage>
<author><surname>Thinard</surname>, <given-names>F</given-names></author>. (<year>2008</year>): <title>Les banlieues</title>. <other>Paris</other>
<author><surname>Vieillard-Baron</surname>, <given-names>H</given-names></author>. (<year>1994</year>): <title>Les banlieues françaises ou le ghetto impossible</title>. <other>LaTour-d'Aigues</other>
<author><surname>Vieillard-Baron</surname>, <given-names>H</given-names></author>. (<year>1996</year>): <title>Les banlieues. Un exposé pour comprendre</title>. <other>Paris</other>
<author><surname>Vieillard-Baron</surname>, <given-names>H</given-names></author>. (<year>1999</year>): <title>Les Banlieues. Des singularités françaises aux réalités mondiales</title>. <other>Paris</other>
<author><surname>Weber</surname>, <given-names>F</given-names></author>. (<year>2007</year>): <title>La politique de la ville en France et la ville sociale en Allemagne - une étude comparative</title>. <other>Paris/Saint-Denis</other>, Onlinepublikation: <url>http://i.ville.gouv.fr/divbib/doc/EtudeFweber.pdf</url> (07.09.2008)