<author><surname>Bechmann</surname>, <given-names>A</given-names></author>.: <title>Bewertungsverfahren - der handlungsbezogene Kern von Umweltverträglichkeitsprüfungen</title>. In: <editor>Hübler, K.-H.</editor> u. <editor>K. Otto-Zimmermann</editor>: <source>Bewertung der Umweltverträglichkeit</source>. <other>Taunusstein</other>: <publisher>Eberhard Blottner</publisher>, <year>1989</year>, S. <fpage>84</fpage>-<lpage>103</lpage>
<author><surname>Bechmann</surname>, <given-names>A</given-names></author>.: <title>Grundlagen der Bewertung von Umweltauswirkungen</title>. In: <editor>Storm, P.-Chr.</editor> und <editor>Th. Bunge</editor> (Hrsg.): <source>Handbuch der Umweltverträglichkeitsprüfung</source>. <other>Berlin</other>: <publisher>E. Schmidt</publisher>, <year>1988</year><other>ff</other>
<author><surname>Bechmann</surname>, <given-names>A</given-names></author>.: <title>Die Nutzwertanalyse</title>. In: <editor>Storm, P.-Chr.</editor> und <editor>Th. Bunge</editor> (Hrsg.): <source>Handbuch der Umweltverträglichkeitsprüfung</source>. <other>Berlin</other>: <publisher>E. Schmidt</publisher>, <year>1988</year><other>ff</other>
<author><surname>Buchwald</surname>, <given-names>K</given-names></author>. u. <author><given-names>W</given-names> <surname>Engelhardt</surname></author>: <title>Bewertung und Planung im Umweltschutz</title>. <other>Bonn</other>: <publisher>Economica-Verlag</publisher>, <year>1996</year>
<author><surname>Claus</surname>, <given-names>F</given-names></author>. u. <author><given-names>P</given-names>. <surname>Wiedemann</surname></author>: <title>Umweltkonflikte. Vermittlungsverfahren zu ihrer Lösung</title>. <other>Taunusstein</other>: <publisher>Eberhard Blottner</publisher>, <year>1994</year>
<author><surname>Dörner</surname>, <given-names>D</given-names></author>.: <title>Die Logik des Misslingens. Strategisches Denken in komplexen Situationen</title>. <other>Reinbek bei Hamburg</other>, <year>1989</year>
<editor>Enquete-Kommission „Schutz des Menschen und der Umwelt“ des Deutschen Bundestages</editor> (Hrsg.): <source>Umweltverträgliches Stoffmanagement</source>. Bd. <volume>3</volume> <title>Bewertung</title>. <other>Bonn</other>: <publisher>Economica-Verlag</publisher>, <year>1995</year>
<author><surname>Finke</surname>, <given-names>L</given-names></author>.: <title>Landschaftsökologie</title>. <other>Braunschweig</other>: <publisher>Westermann</publisher>, <year>1993</year>
<author><surname>Fürst</surname>, <given-names>D</given-names></author>.: <title>Stellenwert von Umweltqualitätszielen innerhalb der Umweltplanung</title>. In: <source>UVP-report</source>, H.<issue>3</issue>, <year>1990</year>, S. <fpage>56</fpage>-<lpage>60</lpage>
<author><surname>Gatzemeier</surname>, <given-names>M</given-names></author>.: <title>Verantwortung in Wissenschaft und Technik</title>. <other>Mannheim/Wien/Zürich</other>: <publisher>Bl-Wissenschaftsverlag</publisher>, <year>1989</year>
<author><surname>Hübler</surname>, <given-names>K.-H</given-names></author>: <title>Bewertungsanspruch zwischen Qualitätsanspruch, Angebot und Anwendbarkeit</title>. In: <editor>Hübler, K.-H.</editor> u. <editor>K. Otto-Zimmermann</editor> (Hrsg.): <source>Bewertungsmaßstäbe und Bewertungsverfahren für die Umweltverträglichkeitsprüfung</source>. <other>Taunusstein</other>: <publisher>Eberhard Blottner</publisher>, <year>1989</year>
<editor>Hübler, K.-H.</editor> u. <editor>K. Otto-Zimmermann</editor> (Hrsg.): <title>Bewertung der Umweltverträglichkeit. Bewertungsmaßstäbe und Bewertungsverfahren für die Umweltverträglichkeitsprüfung</title>. <other>Taunusstein</other>: <publisher>Eberhard Blottner</publisher>, <year>1989</year>
<editor>Hübler, K.-H.</editor> u. <editor>M. Zimmermann</editor> (Hrsg.): <title>UVP am Wendepunkt - Wege zu einer vorsorgenden Umweltpolitik</title>. <other>Bonn</other>: <publisher>Economica</publisher>, <year>1992</year>
<author><surname>Knauer</surname>, <given-names>P</given-names></author>: <title>Umweltqualitätsziele, Umweltstandards und „ökologische Eckwerte“</title>. In: <editor>Hübler, K.-H.</editor> u. <editor>K. Otto-Zimmermann</editor> (Hrsg.): <source>Bewertung der Umweltverträglichkeit</source>. <other>Taunusstein</other>: <publisher>Eberhard Blottner</publisher>, <year>1989</year>, S. <fpage>45</fpage>-<lpage>67</lpage>
<author><surname>Leser</surname>, <given-names>H</given-names></author>: <title>Landschaftsökologie</title>. <other>Stuttgart</other>: <publisher>Ulmer</publisher>, <year>1991</year> (<publisher>UTB</publisher> <volume>Nr. 521</volume>)
<author><surname>Otto-Zimmermann</surname>, <given-names>K</given-names></author>.: <title>Beispiele angewandter Bewertungsverfahren</title>. In: <editor>Hübler, K.-H.</editor> u. <editor>K. Otto-Zimmermann</editor> (Hrsg.): <source>Bewertungsmaßstäbe und Bewertungsverfahren für die Umweltverträglichkeitsprüfung</source>. <other>Taunusstein</other>: <publisher>Eberhard Blottner</publisher>, <year>1989</year>, S. <fpage>143</fpage>-<lpage>198</lpage>
<author><surname>Poschmann</surname>, <given-names>Chr</given-names></author>, <author><surname>Riebenstahl</surname>, <given-names>Chr</given-names></author>. und <author><surname>Schmidt-Kallert</surname>, <given-names>E</given-names></author>.: <title>Umweltplanung und -bewertung</title>. <other>Gotha</other>: <publisher>Klett-Perthes</publisher>, <year>1998</year>
<author><surname>Priebs</surname>, <given-names>A</given-names></author>.: <title>Von der Planung zur Moderation</title>. In: <source>Geographische Rundschau</source> Jg. <volume>47</volume> (<year>1995</year>), H. <issue>10</issue>, S. <fpage>546</fpage>-<lpage>550</lpage>
<author><surname>Schemel</surname>, <given-names>H.-J.</given-names></author>. <title>Thesen zur Glaubwürdigkeit von UVP-Gutachtern</title>. In: <source>UVP-report</source>, H. <issue>2</issue>, <year>1992</year>
<author><surname>Schneeweiß</surname>, <given-names>Chr</given-names></author>.: <source>Planung</source>. Bd.<volume>l</volume>: <title>Systematische und entscheidungstheoretische Grundlagen</title>: Bd. <volume>2</volume>: <title>Konzepte der Prozeß- und Modellgestaltung</title>. <other>Berlin</other>: <publisher>Springer</publisher>, <year>1991</year> und <year>1992</year>
<author><surname>Scholles</surname>, <given-names>F</given-names></author>: <title>Umweltqualitätsziele und -standards: Begriffsdefinitionen</title>. In: <source>UVP-report</source>, H. <issue>3</issue>, <year>1990</year>, S. <fpage>35</fpage>-<lpage>37</lpage>
<author><surname>Summerer</surname>, <given-names>S</given-names></author>: <title>Umweltethik und UVP</title>. In: <editor>Hübler, K.-H.</editor> u. <editor>K. Otto-Zimmermann</editor>: <source>Bewertung der Umweltverträglichkeit</source>. <other>Taunusstein</other>: <publisher>Eberhard Blottner</publisher>, <year>1989</year>, S. <fpage>18</fpage>-<lpage>30</lpage>
<author><surname>Weber</surname>, <given-names>K</given-names></author>.: <title>Mehrkriterielle Entscheidungen</title>. <other>München</other>: <publisher>Oldenbourg</publisher>, <year>1993</year>
<author><surname>Zimmermann</surname>, <given-names>H.-J.</given-names></author> u. <author><given-names>L</given-names>. <surname>Gutsche</surname></author>: <title>Multi-Criteria Analyse. Einführung in die Theorie der Entscheidungen bei Mehrfachzielsetzungen</title>. <other>Berlin</other>: <publisher>Springer</publisher>, <year>1991</year>