<author><surname>Becker</surname>, <given-names>N</given-names></author>. (<year>2006</year>): <title>Die neurowissenschaftliche Herausforderung der Pädagogik</title>. <other>Bad Heilbrunn</other>, 244 S.
<author><surname>Becker</surname>, <given-names>N</given-names></author>. (<year>2014</year>): <title>Mehr verstehen, besser handeln? Zum Verhältnis von Pädagogik und Neurowissenschaften</title>. <source>Z. f. Pädagogik, Beiheft</source> <volume>60</volume>, S. <fpage>208</fpage>—<lpage>225</lpage>.
<author><surname>Beyer</surname>, <given-names>L</given-names></author>. (<year>1989</year>): <title>Erdkundeunterricht im Gelände</title>. In: <editor>Arbeitskreis Südtiroler Mittelschullehrer</editor> (Hg.): <source>Erdkundeunterricht im Gelände</source>. <other>Bozen</other>, S. <fpage>147</fpage>-<lpage>150</lpage>.
<author><surname>Beyer</surname>, <given-names>L</given-names></author>./<author><surname>Hemmer</surname>, <given-names>M</given-names></author>. (<year>1997</year>): <title>Perspektivenwechsel - Geographische Exkursionen im Lehramtsstudiengang</title>. <source>Rundbrief Geogr. April</source> <year>1997</year>, S. <fpage>1</fpage>—<lpage>4</lpage>.
<author><surname>Böhn</surname>, <given-names>D</given-names></author>./<author><surname>Obermaier</surname>, <given-names>G</given-names></author>. (<year>2013</year>): <title>Lernen mit allen Sinnen</title>. In <other>Dies</other>. (Hg): <source>Wörterbuch der Geographiedidaktik. Begriffe von A-Z</source>. <other>Braunschweig</other>, S. <fpage>178</fpage>—<lpage>179</lpage>.
<author><surname>Daum</surname>, <given-names>E</given-names></author>. (<year>1988</year> a): <title>Lernen mit allen Sinnen. Zur Konkretisierung eines handlungsorientierten Unterrichts</title>. <source>Praxis Geographie</source> <volume>18</volume>, Heft <issue>7/8</issue>, S. <fpage>18</fpage>—<lpage>21</lpage>.
<author><surname>Daum</surname>, <given-names>E</given-names></author>. (<year>1988</year> b): <title>Der neue Gefühlskult in der Umwelterziehung</title>. <other>Oldenburg</other>, 24 S. (<source>Oldenburger Vor-Drucke</source> H. <issue>32</issue>).
<author><surname>Daum</surname>, <given-names>E</given-names></author>. (<year>1993</year>): <title>Geographie mit allen Sinnen</title>. <source>GW-Unterricht</source> H. <issue>49</issue>, S. <fpage>1</fpage>-<lpage>7</lpage>.
<author><surname>Dickel</surname>, <given-names>M</given-names></author>. (<year>2006</year>): <title>Reisen. Zur Erkenntnistheorie, Praxis und Reflexion für die Geographiedidaktik</title>. <other>Berlin</other>, 431S. (<source>Praxis Neue Kulturgeographie</source> Bd. <volume>2</volume>).
<author><surname>Dittmann</surname>, <given-names>A</given-names></author>. (<year>2009</year>): <title>Blind durch Berlin</title>. In: <editor>Budke, A.</editor>/<editor>M. Wienecke, M.</editor> (Hg.): <source>Exkursion selbst gemacht. Innovative Exkursionsmethoden für den Geographieunterricht</source>. <other>Potsdam</other>, S. <fpage>85</fpage>-<lpage>98</lpage> (<source>Praxis Kultur- und Sozialgeographie</source> Bd. <volume>47</volume>).
<author><surname>Engelhardt</surname>, <given-names>W</given-names></author>. (<year>1991</year>): <title>Lernen mit allen Sinnen - im Erdkundeunterricht</title>, <source>geographie heute</source> <volume>12</volume>, Heft <issue>96</issue>, S. <fpage>4</fpage>-<lpage>7</lpage>.
<author><surname>Hasse</surname>, <given-names>J</given-names></author>. (<year>2005</year>): <title>Fundsachen der Sinne. Eine phänomenologische Revision alltäglichen Erlebens</title>. <other>Freiburg, München</other>, 432 S. (<source>Neue Phänomenologie</source> Bd. <volume>4</volume>).
<author><surname>Hasse</surname>, <given-names>J</given-names></author>. (<year>2010</year>a): <title>Ästhetische Bildung. „Lernen mit allen Sinnen“ und vollem Verstand. Mit einem Exkurs zur geographischen Exkursionsdidaktik</title>. In: <editor>Egger, R.</editor>/<editor>Hack, B.</editor> (Hg.): <source>Sinnliche Bildung? Pädagogische Prozesse zwischen vorprädikativer Situierung und reflexivem Anspruch</source>. <other>Wiesbaden</other>, S. <fpage>37</fpage>-<lpage>56</lpage>.
<author><surname>Hasse</surname>, <given-names>J</given-names></author>. (<year>2010</year>b): <title>Umwelt und Pädagogik</title>. In: <editor>Rießland, M.</editor>/<editor>Borst, E.</editor>/<editor>Bernhard, A.</editor> (Hg.): <source>Die Wiedergewinnung des Pädagogischen</source>. <other>Baltmannsweiler</other>, S. <fpage>118</fpage>-<lpage>130</lpage> (<source>Pädagogik und Politik</source> Bd. <volume>3</volume>).
<author><surname>Haubrich</surname>, <given-names>H</given-names></author>. (<year>1984</year>): <title>Geographische Erziehung für die Welt von morgen</title>. <source>Geogr. Rdsch.</source> <volume>36</volume> (<issue>10</issue>), S. <fpage>520</fpage>—<lpage>526</lpage>.
<author><surname>Hemmer</surname>, <given-names>M</given-names></author>. (<year>1996</year>): <title>Grundzüge der Exkursionsdidaktik und -methodik</title>. In: <editor>Bauch,J.</editor>/<editor>Bezold, A.</editor> <editor>u.a.</editor>: <source>Exkursionen im Naturpark Altmühltal</source>. <other>Eichstätt</other>, S. <fpage>9</fpage>-<lpage>16</lpage>.
<author><surname>Hemmer</surname>, <given-names>M</given-names></author>. (<year>1997</year>): <title>Einstiege ins Gelände</title>. <source>Geographie heute</source> <volume>18</volume>, H. <issue>157</issue>, S. <fpage>39</fpage>-<lpage>41</lpage>.
<author><surname>Hemmer</surname>, <given-names>M</given-names></author>. (<year>1999</year>): <title>Aktives lernen auf Schülerexkursionen</title>. In: <editor>Hemmer, I.</editor>/<editor>Selzer, H. M.</editor> (Hg): <source>Für eine Schule der Zukunft</source>. <other>Dettelbach</other>, S. <fpage>167</fpage>—<lpage>172</lpage>.
<author><surname>Hemmer</surname>, <given-names>M</given-names></author>. (<year>2004</year>): <title>Schülerexkursionen in Berlin und Umgebung - Grundlagen, Konzepte, Beispiele</title>. <source>Berliner Geogr. Arbeiten</source> <volume>97</volume>, S. <fpage>213</fpage>-<lpage>217</lpage>.
<author><surname>Hemmer</surname>, <given-names>M</given-names></author>. (<year>2011</year>): <title>Schülerexkursionen im Geographieunterricht - Grundzüge der Exkursionsdidaktik und -methodik</title>. In: <editor>Gehring, W.</editor>/ <editor>Michler, A.</editor> (Hg.): <source>Außerschulische Lernorte bilingual</source>. <other>Göttingen</other>, S. <fpage>85</fpage>-<lpage>100</lpage>.
<author><surname>Hemmer</surname>, <given-names>M</given-names></author>./<author><surname>Mehren</surname>, <given-names>R</given-names></author>. (<year>2014</year>): <title>Konzeptionelle Ansätze der Exkursionsdidaktik - aufgezeigt am Studienprojekt „Zwischen Kiez und Metropole: Geographische Schülerexkursionen in Berlin“</title>. In: <editor>Brovelli, D.</editor>/<editor>Fuchs,K.</editor>/<editor>Rempfler, A.</editor>/<editor>Sommer Haller, B.</editor> (Hg.): <source>Außerschulische Lernorte - Impulse aus der Praxis.</source> <other>Münster, Wien, Zürich</other>, S. <fpage>15</fpage>-<lpage>39</lpage>.
<author><surname>Hemmer</surname>, <given-names>M</given-names></author> /<author><surname>Miener</surname>, <given-names>K</given-names></author>. (<year>2013</year>): <title>Exkursionsdidaktik</title>. In: <editor>Böhn, D.</editor>/<editor>Obermaier, G.</editor> (Hg.): <source>Wörterbuch der Geographiedidaktik. Begriffe von A bis Z</source>. <other>Braunschweig</other>, S. <fpage>72</fpage>-<lpage>74</lpage>.
<author><surname>Hemmer</surname>, <given-names>M</given-names></author>./<author><surname>Uphues</surname>, <given-names>R</given-names></author>. (<year>2006</year>): <title>Mallorca zwischen Massen- und Qualitätstourismus. Konzepte und Erprobung einer geographisch ausgerichteten Studienfahrt für die Sek. II</title>. <other>Münster</other> (<editor>Institut für Didaktik der Geographie</editor>).
<author><surname>Hemmer</surname>, <given-names>M</given-names></author>./<author><surname>Uphues</surname>, <given-names>R</given-names></author>. (<year>2009</year>): <title>Zwischen passiver Rezeption und aktiver Konstruktion. Varianten der Standortarbeit aufgezeigt am Beispiel der Großwohnsiedlung Berlin-Marzahn</title>. In: <editor>Dickel, M.</editor>/<editor>Glasze, G.</editor> (Hg.):<source>Vielperspektivität und Teilnehmerzentrierung - Richtungsweiser der Exkursionsdidaktik</source>. <other>Münster</other> (<source>Praxis Neue Kulturgeographie</source> Bd. <volume>6</volume>), S. <fpage>39</fpage>-<lpage>51</lpage>.
<editor>ISB - Staatsinstitut für Schulpädagogik und Bildungsforschung</editor> (Hg.) (<year>1995</year>): <title>Handreichungen zur Exkursionsdidaktik Erdkunde am Gymnasium</title>. <other>München</other>, 323 S.
<author><surname>Kahlert</surname> <given-names>J</given-names></author>. (<year>1997</year>): <title>Vielseitigkeit statt Ganzheit. Zur erkenntnistheoretischen Kritik an einer pädagogischen Illusion</title>. In: <editor>Duncker, L.</editor>/<editor>Popp, W.</editor> (Hg.): <source>Über Fachgrenzen hinaus: Chancen und Schwierigkeiten des fächerübergreifenden Lehrens und Lernens. Bd.l: Grundlagen und Begründungen</source>. <other>Heinsberg</other>, S. <fpage>92</fpage>-<lpage>118</lpage>.
<author><surname>Kahlert</surname> <given-names>J</given-names></author>. (<year>2000</year>): <title>Ganzheitliches Lernen mit allen Sinnen? Plädoyer für einen Abschied von unergiebigen Begriffen</title>. <source>Grundschulmagazin</source> Heft <issue>12</issue>, S. <fpage>37</fpage>—<lpage>40</lpage>.
<author><surname>Kestler</surname>, <given-names>F</given-names></author>. (<year>2005</year>): <title>Der Tölzer Lobus des würmeiszeitlichen Isar-Loisach-Gletschers als Gegenstand einer geodidaktischen Exkursion</title>. <other>München</other>, 260 S. (Dissertation Ludwig-Maximilians-Universität München).
<author><surname>Klein</surname>, <given-names>S</given-names></author>./<author><surname>Menton</surname>, <given-names>E</given-names></author>./<author><surname>Falk</surname>, <given-names>G. C.</given-names></author> (<year>2009</year>): <title>Schülerinnen und Schüler lernen physisch geographische Aspekte ihrer Heimatregion kennen</title>. In <editor>Flath, M.</editor>/<editor>Schockemöhle,J.</editor> (Hg.), <source>Regionales Lernen - Kompetenzen fördern und Partizipation stärken</source>. <other>Weingarten</other>, S. <fpage>63</fpage>-<lpage>70</lpage> (<source>Geographiedidaktische Forschungen</source> Bd. <volume>45</volume>).
<author><surname>Köck</surname>, <given-names>H</given-names></author>. (<year>2004</year>): <title>Ansprüche der Lerner - entwicklungsphysiologische und -psychologische Aspekte</title>. In: <editor>Schallhorn, E.</editor> (Hg.): <source>Erdkunde Didaktik. Praxishandbuch für die Sekundarstufe I und II</source>. <other>Berlin</other>, S. <fpage>77</fpage>-<lpage>92</lpage>.
<author><surname>Köck</surname>, <given-names>H</given-names></author>./<author><surname>Rempfler</surname>, <given-names>A</given-names></author>. (<year>2004</year>): <title>Erkenntnisleitende Ansätze - Schlüssel zur Profilierung des Geographieunterrichts. Mit erprobten Unterrichtsvorschlägen</title>. <other>Köln</other>, 212 S.
<author><surname>Kühnen</surname>, <given-names>F</given-names></author>. (<year>2001</year>): <title>Standorte für Erkundungen in den südlichen Baumbergen</title>. In: <editor>Beyer, L.</editor> (Hg.): <source>Geographische Erkundungen im Umfeld von Münster. Schüler lernen im Gelände</source>. <other>Münster</other>, S. <fpage>161</fpage>-<lpage>213</lpage> (<source>Siedlung und Landschaft in Westfalen</source> Bd. <volume>301</volume>).
<author><surname>Lenz</surname>, <given-names>Th</given-names></author>. (<year>2003</year>): <title>Handlungsorientierung im Geographieunterricht</title>, <source>geographie heute</source> <volume>24</volume>, H. <issue>210</issue>, S. <fpage>2</fpage>—<lpage>7</lpage>.
<author><surname>Looß</surname>, <given-names>M</given-names></author>. (<year>1997</year>): <title>„Man lernt, was Schmerz ist“ - Kritische Anmerkungen zu Frederic Vesters Lerntypentheorie</title>. <source>Päd-Forum</source> Februar <year>1997</year>, S. <fpage>17</fpage>-<lpage>21</lpage>.
<author><surname>Looß</surname>, <given-names>M</given-names></author>. (<year>2001</year>): <title>Lerntypen? Ein pädagogisches Konstrukt auf dem Prüfstand</title>. <source>Die Deutsche Schule</source> <volume>93</volume>, Heft <issue>2</issue>, S. <fpage>186</fpage>-<lpage>198</lpage>.
<author><surname>Looß</surname>, <given-names>M</given-names></author>. (<year>2002</year>): <title>Praxishilfen zum Lernen auf (bio-)logischem Fundament. Das Beispiel „Lerntypen“ kritisch gesehen</title>. <source>Praxis Schule</source> <volume>5-1013</volume>, Heft <issue>5</issue>, S. <fpage>16</fpage>-<lpage>21</lpage>.
<author><surname>Looß</surname>, <given-names>M</given-names></author>. (<year>2007</year>): <title>Lernstrategien, Lernorientierungen, Lern(er)typen</title>. In: <editor>Krüger, D.</editor>/<editor>Vogt, H.</editor> (Hrsg.): <source>Theorien in der biologiedidaktischen Forschung</source>. <other>Berlin, Heidelberg</other>, S. <fpage>141</fpage>-<lpage>152</lpage>.
<author><surname>Lößner</surname>, <given-names>M</given-names></author>. (<year>2010</year>): <title>Exkursionen im Erdkundeunterricht: didaktisch gewünscht und in der Realität verschmäht?</title> <other>Gießen</other>, 189 S. (Dissertation Universität Gießen).
<author><surname>Miener</surname>, <given-names>K</given-names></author>./<author><surname>Hemmer</surname>, <given-names>M</given-names></author>. (<year>2014</year>): <title>The promotion ofteaching competences in fieldwork in geography teacher training</title>. In: <editor>Schmeinck, D.</editor>/<editor>Lidstone, J.</editor> (Eds.): <source>Standards and Research in Geography Education - Current Trends and International Issues</source>. <other>Berlin</other>, pp. <fpage>61</fpage>-<lpage>72</lpage>.
<author><surname>Miller</surname>, <given-names>M</given-names></author>./<author><surname>Drescher</surname>, <given-names>K.-J.</given-names></author> (<year>1995</year>): <title>Zum Bluff der Handlungsorientierung und Ganzheitlichkeit</title>. <source>Hessische Lehrerinnen- und Lehrerzeitung</source> H. <issue>1</issue>, S. <fpage>20</fpage>—<lpage>21</lpage>.
<editor>Müller, M.X.</editor> (Red.) (<year>2013</year>): <title>Geowissenschaftliche Inhalte im Erlebnis-Geotop Lindle handlungsorientiert lernen. Lehrerhandreichung für den Nationalen GeoparkRies</title>. <other>Donauwörth</other>, 61 S.
<author><surname>Neeb</surname>, <given-names>K</given-names></author>. (<year>2010</year>): <title>Exkursionen zwischen Instruktion Instruktion und Konstruktion. Potential und Perspektiven einer kognitivistischen und konstruktivistischen Exkursionsdidaktik für die Schule</title>. <other>Gießen</other>, 486 S. (Dissertation Universität Gießen)
<author><surname>Oelkers</surname><given-names>J</given-names></author>. (<year>1989</year>): <title>Ist Ökologie lehrbar?</title> In: <editor>Cribliz, L.</editor>/<editor>Gonon, P.</editor> (Hq.): <source>Ist Ökologie lehrbar?</source> <other>Bern</other>, S. <fpage>64</fpage>-<lpage>83</lpage>.
<author><surname>Ohl</surname>, <given-names>U</given-names></author>./<author><surname>Neeb</surname>, <given-names>K</given-names></author>. (<year>2012</year>): <title>Exkursionsdidaktik: Methodenvielfalt im Spektrum von Kognitivismus und Konstruktivismus</title>. In: <editor>Haversath, J.-B.</editor> (Mod.): <source>Geographiedidaktik</source>. <other>Braunschweig</other>, S. <fpage>259</fpage>—<lpage>288</lpage>.
<author><surname>Osterwalder</surname>, <given-names>F</given-names></author> (<year>1992</year>):<title>,Kopf Herz Hand’ - Slogan oder Argument?</title> In: <editor>Paschen, H.</editor>/<editor>Wigger, L.</editor> (Hg.): <source>Pädagogisches Argumentieren</source>. <other>Weinheim</other>, S. <fpage>191</fpage>—<lpage>219</lpage>.
<author><surname>Otto</surname>, <given-names>K.-H.</given-names></author> (<year>2001</year>): <title>Boden - die geheimnisvolle Haut unserer Erde</title>. In: <editor>Gärtner, H.</editor>/<editor>Hellberg-Rode, G.</editor> (Hg.): <source>Umweltbildung & nachhaltige Entwicklung, Bd.2: Praxisbeispiele</source>. <other>Hohengehren</other>, S. <fpage>13</fpage>-<lpage>46</lpage>.
<author><surname>Roth</surname>, <given-names>G</given-names></author>. (<year>2004</year>): <title>Warum sind Lehren und Lernen so schwierig?</title> <source>Z. f. Pädagogik</source> <volume>50</volume>, H. <issue>4</issue>, S. <fpage>496</fpage>—<lpage>506</lpage>.
<author><surname>Roth</surname>, <given-names>G</given-names></author>. (<year>2011</year>): <title>Bildung braucht Persönlichkeit. Wie Lernen gelingt</title>. <other>Stuttgart</other>, 356 S.
<author><surname>Scheunpflug</surname>, <given-names>A</given-names></author>. (<year>2001</year>): <title>Biologische Grundlagen des Lernens</title>. <other>Berlin</other>, 208 S. (<source>Studium kompakt</source>).
<author><surname>Stern</surname>, <given-names>E</given-names></author>. (<year>2012</year>): <title>Jenseits von Lerntypen: Unterschiede als Herausforderung - wie kann Differenzierung aussehen?</title> In: <editor>Hellbrügge, Th.</editor>/<editor>Schneeweiss, B.</editor> (Hg.): <source>Kinder im Schulalter. Verhaltensstörungen - Lernprobleme - Normabweichungen</source>. <other>Stuttgart</other>, S. <fpage>25</fpage>-<lpage>35</lpage>.
<author><surname>Stern</surname>, <given-names>E</given-names></author>./<author><surname>Grabner</surname>, <given-names>R</given-names></author>./<author><surname>Schumacher</surname>, <given-names>R</given-names></author>.(<year>2005</year>): <title>Lehr - Lern-Forschung und Neurowissenschaften - Erwartungen, Befunde, Forschungsperspektiven</title>. <other>Berlin</other>, 149 S. (<source>Bildungsreform</source> Bd. <volume>13</volume>)
<author><surname>Uhlenwinkel</surname>, <given-names>A</given-names></author>. (<year>2008</year>): <title>Binnendifferenzierung im Geoqraphieunterricht</title>. <source>Praxis Geoqraphie</source> <volume>38</volume>, Heft <issue>3</issue>, S. <fpage>4</fpage>—<lpage>8</lpage>.
<author><surname>Vester</surname>, <given-names>F</given-names></author> (<year>1978</year>/<year>2014</year>): <title>Denken, Lernen, Vergessen</title>. <other>München</other>, 272 S. (36. Aufl.).
<author><surname>Wilhelmi</surname>, <given-names>V</given-names></author> (<year>1993</year>): <title>Didaktik und Methodik der Umwelterziehung - eine praxisorientierte Gesamtkonzeption</title>. <source>Mitt. Pollichia</source> <volume>80</volume>, S. <fpage>347</fpage>-<lpage>380</lpage>.
<author><surname>Wilhelmi</surname>, <given-names>V</given-names></author>. (<year>2006</year>): <title>Nachhaltigkeit und Umwelterziehung</title>. <source>Praxis Geographie</source> <volume>36</volume>, Heft <issue>2</issue>, S. <fpage>4</fpage>-<lpage>8</lpage>.
<author><surname>Hoffmann</surname>, <given-names>N. M.</given-names></author> (<year>2009</year>): <title>Ganzheitlichkeit der Erlebnispädagogik? Kritik einer Semantik</title>. <url>www.in-tensivo.de</url> (Zugriff: 2014-12-19).
<author><surname>Looß</surname>, <given-names>M</given-names></author>. (<year>2009</year>): <title>Die Lerntypentheorie</title>, <url>http:www.forschung-und-lehre.de/wordpress/?p=3275</url> (Zugriff: 2014-11-05)
<editor>OECD</editor> (<year>2002</year>): <title>Neuromyths</title>. <url>http://oecd.org/fi/sites/educeri/neuromyths.htm</url> (Zugriff: 2014-11-05)