<editor>Bakken, B.</editor> (Hrsg., <year>1998</year>): <title>Migration in China</title>. <other>Copenhagen</other>
<author><surname>Cai</surname>, <given-names>F</given-names></author>. und <author><surname>Du</surname>, <given-names>Y</given-names></author>. (<year>2006</year>): <title>The changing nature of rural poverty and new orientations</title>. In: <source>The Chinese Economy</source> <volume>39</volume> (<issue>4</issue>), S. <fpage>10</fpage>-<lpage>24</lpage>
<author><surname>Chan</surname>, <given-names>K. W.</given-names></author> und <author><given-names>L</given-names>. <surname>Zhang</surname></author> (<year>1999</year>): <title>The Hukou system and rural-urban migration in China: Processes and changes</title>. In: <source>The China Quarterly</source><year> 1999</year>, S. <fpage>818</fpage>-<lpage>855</lpage>
<author><surname>Cheng</surname>, <given-names>Y.-S.</given-names></author> (<year>2006</year>): <title>China’s reform of rural credit cooperatives. Progress and limitations</title>. In: <source>The Chinese Economy</source> <volume>39</volume> (<issue>4</issue>), S. <fpage>25</fpage>-<lpage>40</lpage>
<author><surname>Davin</surname>, <given-names>D</given-names></author>. (<year>1999</year>): <title>Internal migration in contemporary China</title>. <other>Basingstoke u. a.</other>
<author><surname>Fan</surname>, <given-names>C. C.</given-names></author> (<year>2002</year>): <title>The Elite, the Natives, and the Outsiders: Migration and labor market segmentation in urban China</title>. In: <source>Annals of the Association of American Geographers</source> <volume>92</volume> (<issue>1</issue>), <fpage>103</fpage>-<lpage>124</lpage>
<author><surname>Fan</surname>, <given-names>C. C.</given-names></author> (<year>2005</year>): <title>Interprovincial migration, population redistribution and regional development in China: 1990 and 2000 Census comparisons</title>. In: <source>The Professional Geographer</source> <volume>57</volume> (<issue>2</issue>), S. <fpage>295</fpage>-<lpage>311</lpage>
<author><surname>Fleisher</surname>,<given-names> B. M.</given-names></author> und <author><given-names>D</given-names>. <surname>Tao Yang</surname></author> (<year>2006</year>): <title>Problems of China’s rural labor markets and rural-urban migration</title>. In: <source>The Chinese Economy</source> <volume>39</volume> (<issue>3</issue>), S. <fpage>6</fpage>-<lpage>25</lpage>
<author><surname>Guo</surname>, <given-names>F</given-names></author>. und <author><given-names>R</given-names>. <surname>Iredale</surname></author> (<year>2003</year>): <title>Unemployment among the migrant population in Chinese cities: Case study of Beijing</title>. <source>Proceedings of the fifteenth annual conference of the Association for Chinese Economic Studies, Australia</source>. <other>Melbourne</other>
<editor>IMF - International Monetary Fund</editor> (<year>2006</year>): <url>http://www.imf.org</url> (19.09.2008)
<author><surname>Li</surname>, <given-names>S. M.</given-names></author> (<year>1995</year>): <title>Population mobility and urban and rural development in mainland China</title>. In: <source>Issues and Studies</source> <volume>31</volume> (<issue>9</issue>), S. <fpage>37</fpage>-<lpage>54</lpage>
<author><surname>Liang</surname>, <given-names>Z</given-names></author>. (<year>2001</year>): <title>The age of migration in China</title>. In: <source>Population and Development Review</source> <volume>27</volume> (<issue>3</issue>), S. <fpage>499</fpage>—<lpage>528</lpage>
<author><surname>Liefner</surname>, <given-names>I</given-names></author>. (<year>2008</year>): <title>Ausländische Direktinvestitionen und Wissenstransfer nach China</title>. In: <source>Geographische Rundschau</source> <volume>60</volume> (<issue>5</issue>), S. <fpage>4</fpage>-<lpage>11</lpage>
<author><surname>Loughlin</surname>, <given-names>P. H.</given-names></author> und <author><given-names>C. W.</given-names> <surname>Pannell</surname></author> (<year>2001</year>): <title>Growing economic links and regional development in the Central Asian Republics and Xinjiang, China</title>. In: <source>Post Soviet Geography and Economics</source> <volume>42</volume> (<issue>7</issue>), S. <fpage>469</fpage>—<lpage>490</lpage>
<author><surname>Meng</surname>, <given-names>X</given-names></author>. und <author><given-names>J. S.</given-names> <surname>Zhang</surname></author> (<year>2001</year>): <title>The two tier labor market in urban China - occupational segregation and wage differentials between urban residents and rural migrants in Shanghai</title>. In: <source>Journal of Comparative Economics</source> <volume>29</volume> (<issue>3</issue>), S. <fpage>485</fpage>-<lpage>504</lpage>
<editor>Nationales Statistikbüro China</editor> (<year>2008</year>): <url>http://www.stats.gov.cn</url> (19.09.2008)
<author><surname>Nielsen</surname>, <given-names>I</given-names></author>.; <author><surname>Nyland</surname>, <given-names>Ch</given-names></author>.; <author><surname>Smyth</surname>, <given-names>R</given-names></author>.; <author><surname>Zhang</surname>, <given-names>M</given-names></author>. und <author><given-names>Ch. J.</given-names> <surname>Zhu</surname></author> (<year>2005</year>): <title>Which migrants receive social insurance in Chinese cities? Evidence from Jiangsu Survey Data</title>. In: <source>Global Social Policy</source> <volume>5</volume>(<issue>3</issue>), S. <fpage>353</fpage>-<lpage>381</lpage>
<author><surname>Nielsen</surname>, <given-names>I</given-names></author>.; <author><surname>Smith</surname>, <given-names>R</given-names></author>. und <author><given-names>M</given-names>. <surname>Zhang</surname></author> (<year>2006</year>): <title>Unemployment within China’s floating population. Empirical evidence from Jiangsu Survey Data</title>. In: <source>The Chinese Economy</source> <volume>39</volume> (<issue>4</issue>), S. <fpage>41</fpage>-<lpage>56</lpage>
<author><surname>Roberts</surname>, <given-names>K. D.</given-names></author> (<year>2001</year>): <title>The determinants of job choice by rural labor migrants in Shanghai</title>. In: <source>China Economic Review</source> <volume>12</volume>, S. <fpage>15</fpage>-<lpage>39</lpage>
<author><surname>Schiller</surname>, <given-names>D</given-names></author>. und <author><given-names>S</given-names>. <surname>Meyer</surname></author> (<year>2008</year>): <title>Agile Unternehmensorganisationen und Wirtschaftsnetzwerke im Perlflussdelta</title>. In: <source>Geographische Rundschau</source> <volume>60</volume> (<issue>5</issue>), S. <fpage>36</fpage>-<lpage>43</lpage>
<author><surname>Schulze</surname>, <given-names>W</given-names></author>. (<year>2000</year>): <title>Arbeitsmigration in China 1985-1995. Strukturen, Handlungsmuster und Probleme unter besonderer Berücksichtigung der Zuwanderung in die Großstädte des Perlflussdeltas</title>. <source>Mitteilungen des Instituts für Asienkunde Hamburg</source> <volume>329</volume>. <other>Hamburg</other>
<author><surname>Shen</surname>, <given-names>J</given-names></author>. (<year>2002</year>): <title>A study of the temporary population in Chinese cities</title>. In: <source>Habitat International</source> <volume>26</volume>, S. <fpage>363</fpage>-<lpage>377</lpage>
<author><surname>Shen</surname>, <given-names>J</given-names></author>. und <author><given-names>Y</given-names>. <surname>Huang</surname></author> (<year>2003</year>): <title>The working and living space of the floating population’ in China</title>. In: <source>Asia Pacific Viewpoint</source> <volume>44</volume> (<issue>1</issue>), S. <fpage>51</fpage>-<lpage>62</lpage>
<author><surname>Shen</surname>, <given-names>X</given-names></author>. (<year>2001</year>): <title>Regional variations and changes in industrial productivity in China, 1980-1995</title>. In: <source>Asian Geographer</source> <volume>20</volume>, S. <fpage>53</fpage>-<lpage>78</lpage>
<author><surname>Wang</surname>, <given-names>H</given-names></author>. (<year>2007</year>): <title>The forefront of urban China. New Special Development Zones and their impact on the spatial transformation of Chinese cities-A case study of Xi’an</title>. <source>Kölner Geographische Arbeiten</source>, Heft <issue>88</issue>. <other>Köln</other>
<author><surname>Wehrhahn</surname>, <given-names>R</given-names></author>. und <author><given-names>A. L.</given-names> <surname>Bercht</surname></author> (<year>2008</year>): <title>Guangzhou/Perlflussdelta - Konsequenzen der Weltmarktintegration für die mega-urbane Entwicklungsdynamik in China</title>. In: <source>Geographie und Schule</source> <volume>30</volume> (<issue>173</issue>), S. <fpage>18</fpage>-<lpage>27</lpage>
<author><surname>Wehrhahn</surname>, <given-names>R</given-names></author>., <author><surname>Bercht</surname>, <given-names>A. L.</given-names></author>, <author><surname>Krause</surname>, <given-names>C. L.</given-names></author>, <author><surname>Azzam</surname>, <given-names>R</given-names></author>., <author><surname>Kluge</surname>, <given-names>F</given-names></author>, <author><surname>Strohschön</surname>, <given-names>R</given-names></author>., <author><surname>Wiethoff</surname> <given-names>K</given-names></author>. und <author><surname>Baier</surname>, <given-names>K</given-names></author>. (<year>2008</year>): <title>Urban restructuring and social and waterrelated vulnerability in mega-cities - the example of the urban village Xincún, Guangzhou (China)</title>. In: <source>Die ERDE</source> (H. <issue>3</issue>, im Druck)
<author><surname>Wüllner</surname>, <given-names>C</given-names></author>. (<year>2000</year>): <title>Struktureller Wandel und Migrationsprozesse in der VR China. Eine Betrachtung der Arbeitsmigration</title>. In: <source>Pacific News</source> <volume>14</volume> (<issue>8</issue>), S. <fpage>4</fpage>-<lpage>6</lpage>
<author><surname>Zhang</surname>, <given-names>L</given-names></author>.; <author><surname>Renfu</surname>, <given-names>L</given-names></author>.; <author><surname>Liu</surname>, <given-names>Ch</given-names></author>. und <author><given-names>S</given-names>. <surname>Rozelle</surname></author> (<year>2006</year>): <title>Investing in rural China. Tracking China’s commitment to modernization</title>. In: <source>The Chinese Economy</source> <volume>39</volume> (<issue>4</issue>), S. <fpage>57</fpage>—<lpage>84</lpage>
<author><surname>Zhou</surname>, <given-names>K. X.</given-names></author> (<year>1996</year>): <title>How the farmers changed China. Power of the people</title>. <other>Boulder</other>