<author><surname>Albrecht</surname>, <given-names>A</given-names></author>./<author><surname>Kohnle</surname>, <given-names>U</given-names></author>./ <author><surname>Hanewinkel</surname>, <given-names>M</given-names></author>/ <author><surname>Bauhus</surname>, <given-names>J</given-names></author>. (<year>2011</year>): <title>Sturmrisiko von Fichte versus Douglasie auf baden-württembergischen Versuchsflächen</title>. In: <source>Tagungsband der Jahrestagung 2011 des DeutschenVerbands Forstlicher Forschungsanstalten (DVFFA), Sektion Ertragskunde</source>, <fpage>21</fpage>-<lpage>31</lpage>. URL:<url>http://www.nw-fva.de/~nagel/SektionErtragskunde/band201lZTag2011_03.pdf</url> [13.09.2015]
<author><surname>Albrecht</surname>, <given-names>A</given-names></author>./<author><surname>Hanewinkel</surname>, <given-names>M</given-names></author>. /<author><surname>Bauhus</surname>, <given-names>J</given-names></author>/ <author><surname>Kohnle</surname>. <given-names>U</given-names></author>. (<year>2015</year>): <title>Sturmstabilität der Douglasie: schlechter als ihr Ruf</title>. URL: <url>http://www.waldwissen.net/waldwirtschaft/schaden/sturm_schnee_eis/fva_douglasie_windwurf/index_DE</url> [13.09.2015]
<editor>BMEL - Bundesministerium für Ernährung und Landwirtschaft</editor> (Hrsg.) (<year>2014</year>): <title>Der Wald in Deutschland, Ausgewählte Ergebnisse der dritten Bundeswaldinventur</title>. URL: <url>https://www.bundeswaldinventur.de/fileadmin/SITE_MASTER/content/Dokumente/Downloads/BMEL_Wald_Broschuere.pdf</url> [13.09.2015]
<editor>BMEL - Bundesministerium für Ernährung und Landwirtschaft</editor> (Hrsg.) (<year>2015</year>): <title>Entdecke den Wald, die kleine Waldfibel</title>. URL: <url>https://www.bmel.de/SharedDocs/Downloads/Broschueren/WaldfibeLhtmlhttp</url> [13.09.2015]
<editor>BMELV - Bundesministerium für Ernährung, Landwirtschaft und Verbraucherschutz</editor> (Hrsg.) (<year>2011</year>): <title>Waldstrategie 2020, Nachhaltige Waldbewirtschaftung - eine gesellschaftliche Chance und Herausforderung</title>. <url>URL://www.bmel.de/SharedDocs/Downloads/Broschueren/Waldstrategie2020</url>. pdf [13.09.2015]
<author><surname>Bolte</surname>, <given-names>A</given-names></author>./<author><surname>Hertel</surname>, <given-names>D</given-names></author>./<author><surname>Ammer</surname>, <given-names>C</given-names></author>./<author><surname>Schmid</surname>, <given-names>I</given-names></author>./<author><surname>Nörr</surname>, <given-names>R</given-names></author>./<author><surname>Kuhr</surname>, <given-names>M</given-names></author>./<author><given-names>N</given-names>. <surname>Redde</surname></author> (<year>2003</year>): <title>Freilandmethoden zur Untersuchung von Baumwurzeln</title>. In: <source>Forstarchiv</source> <volume>74</volume>, S. <fpage>240</fpage>-<lpage>262</lpage>.
<author><surname>Bräuning</surname>, <given-names>A</given-names></author>./<author><surname>Kaminske</surname>, <given-names>V</given-names></author>. (<year>2007</year>): <title>Die Arbeit an Jahrringen. Dendrochronologie in der Schule</title>. In: <source>Praxis Geographie</source>, Jg. <volume>37</volume>, H. <issue>7/8</issue>,<fpage>48</fpage>-<lpage>51</lpage>.
<author><surname>Brockmüller</surname>, <given-names>S</given-names></author>./<author><surname>Jungkunst</surname>, <given-names>H. F.</given-names></author> (<year>2015</year>): <title>Was tun, wenn der Boden sich vom Acker macht?! Einflussfaktoren erkennen und verstehen, Schutzstrategien beurteilen</title>. In: <source>Praxis Geographie</source> <volume>45</volume>,<issue>5</issue>,<fpage>36</fpage>—<lpage>41</lpage>.
<editor>Bundesregierung</editor> (<year>2008</year>): <title>Deutsche Anpassungsstrategie an den Klimawandel. Vom Bundeskabinett am 17. Dezember 2008 beschlossen</title>, 78 S. URL: <url>www.bmu.de/klimaschutz/downloads/doc/42783.php</url> [13.09.2015]
<author><surname>Eikmeier</surname>, <given-names>C</given-names></author>./<author><surname>Kirchner</surname>, <given-names>W. H.</given-names></author>/<author><surname>Otto</surname>, <given-names>K.-H.</given-names></author> (<year>2015</year>): <title>Der Treibhauseffekt im Becherglas, Experimentieren und Modellieren über die Prozesse der globalen Erwärmung</title>. In: <source>geographie heute</source> H. <issue>332</issue>,<fpage>24</fpage>—<lpage>27</lpage>.
<author><surname>Endlicher</surname>, <given-names>W</given-names></author>. (<year>2007</year>): <title>Das Unbeherrschbare vermeiden und das Unvermeidbare beherrschen - Strategien gegen die gefährlichen Auswirkungen des Klimawandels</title>. In: <editor>Endlicher, W.</editor>/<editor>Gerstengarbe, F.-W.</editor> (Hrsg.): <source>Der Klimawandel - Einblicke, Rückblicke und Ausblicke</source>-, <fpage>119</fpage>-<lpage>131</lpage>. URL: <url>https://www.pik-potsdam.de/services/infbthek/buecher_broschueren/.images/broschuere_cms_100.pdf</url> [13.09.2015]
<author><surname>Fischer</surname>, <given-names>H. W.</given-names></author> (<year>2011</year>): <title>Das Holz der Douglasie - vielseitig verwendbar. -Vortrag im Rahmen des Seminars 2.4.6 „Douglasie-Neophyt oder Baum der Zukunft?“ der Landesforsten Rheinland-Pfalz</title>. URL <url>http://www.wald-rlp.de/fileadmin/website/fawfseiten/fawf/downloads/Veroeffentlichungen/fischer-dougl.pdf</url>[13.09.2015]
<author><surname>Jentsch</surname>, <given-names>A</given-names></author>./<author><surname>Beierkuhnlein</surname>, <given-names>C</given-names></author>. (<year>2010</year>): <title>Simulating the Future - Responses of Ecosystems, Key Species, and European Provenances to Expected Climatic Trends and Events</title>. In: <source>Nova Acta Leopoldina</source>, NF <volume>112</volume>, Nr. <issue>384</issue>,<fpage>89</fpage>-<lpage>98</lpage>. URL: <url>http://www.bayceer.uni-bayreuth.de/bayceer/de/pub/pub/90118/Jentsch_Beierkuhnlein.pdf</url> [13.09.2015]
<author><surname>Kölling</surname>, <given-names>C</given-names></author>. (<year>2007</year>): <title>Klimahüllen fur 27 Waldbaumarten</title>. In: <source>AFZ-Der Wald</source>, H. <issue>23</issue>,<fpage>1242</fpage>-<lpage>1245</lpage>. <url>URL: http://www.Iwf.bayern.de/mam/cms04/boden-klima/dateien/a69_klimah__llen.pdf</url> [13.09.2015]
<author><surname>Kölling</surname>, <given-names>C</given-names></author>./<author><surname>Knoke</surname>, <given-names>T</given-names></author>./<author><surname>Schall</surname>, <given-names>P</given-names></author>./<author><surname>Ammer</surname>, <given-names>C</given-names></author>. (<year>2009</year>): <title>Überlegungen zum Risiko des Fichtenanbaus in Deutschland vor dem Hintergrund des Klimawandels</title>. In: <source>Forstarchiv</source> <volume>80</volume>, S. <fpage>42</fpage>-<lpage>54</lpage>. URL: <url>http://www.waldundklima.de/klima/klima_docs/forstarchiv_2009_fichte_01.pdf</url> [13.09.2015]
<author><surname>Kownatzki</surname>, <given-names>D</given-names></author>./<author><surname>Kriebitzsch</surname>, <given-names>W.-U.</given-names></author> /<author><surname>Bolte</surname>, <given-names>A</given-names></author>./<author><surname>Liesebach</surname>, <given-names>H</given-names></author>./<author><surname>Schmitt</surname>, <given-names>U</given-names></author>./<author><surname>Elsasser</surname>, <given-names>P</given-names></author>. (<year>2011</year>): <title>Zum Douglasienanbau in Deutschland</title>. In: <editor>Johann Heinrich von Thünen Institut</editor> (Hrsg.): <source>Landbauforschung, Sonderheft</source> <volume>344</volume>.
<author><surname>Licht</surname>, <given-names>W</given-names></author>. (<year>2013</year>): <title>Zeigerpflanzen erkennen und bestimmen</title>.
<author><surname>Liebig</surname>, <given-names>G</given-names></author>. (<year>2012</year>): <title>Entdeckendes Lernen - ein Unterrichtsprinzip</title>. In: <editor>Liebig, H.</editor> (Hrsg.): <source>Entdeckendes Lernen</source>. <other>Baltmannsweiler</other>, S. <fpage>1</fpage>-<lpage>15</lpage>.
<editor>LUBW - Landesanstalt für Umwelt, Messungen und Naturschutz Baden-Württemberg</editor> (Hrsg.) (<year>2013</year>): <title>Zukünftige Klimaentwicklung in Baden-Württemberg, Perspektiven aus regionalen Klimamodellen (Kurzfassung)</title>. URL: <url>http://www.lubw.baden-wuerttemberg.de/servlet/is/229985/</url> [13.09.2015]
<author><surname>Mönter</surname>, <given-names>L</given-names></author>./<author><given-names>S</given-names>. <surname>Hof</surname></author> (<year>2012</year>): <title>Experimente</title>. In: <editor>Haversath,J.-B.</editor> (Hrsg.): <source>Geographiedidaktik. Theorie - Themen - Forschung</source>. <other>Braunschweig</other>, S. <fpage>289</fpage>-<lpage>313</lpage>.
<author><surname>Otto</surname>, <given-names>K.-H.</given-names></author> (<year>2009</year>): <title>Experimentieren als Arbeitsweise im Geographieunterricht</title>. In: <source>Geographie und Schule</source> <volume>31</volume>, <issue>180</issue>, S. <fpage>4</fpage>-<lpage>15</lpage>.
<author><surname>Otto</surname>, <given-names>K.-H.</given-names></author>, <author><surname>Mönter</surname>/<given-names>L</given-names></author>, <author><surname>Hof</surname>, <given-names>S</given-names></author>./<author><given-names>J</given-names>. <surname>Wirth</surname></author> (<year>2010</year>): <title>Das geographische Experiment im Kontext empirischer Lehr-/Lemforschung</title>. In: <source>Geographie und ihre Didaktik. Journal of Geography Education</source> <volume>38</volume>, <issue>3</issue>, S. <fpage>133</fpage>-<lpage>145</lpage>.
<author><surname>Otto</surname>, <given-names>K.-H.</given-names></author> /<author><given-names>L</given-names>. <surname>Mönter</surname></author> (<year>2015</year>): <title>Scientific Literacy im Geographieunterricht fördern. Experimentelle Lehr-/Lernformen und Modellexperimente</title>. In: <source>geographie heute</source>, H. <issue>322</issue>, S. <fpage>2</fpage>-<lpage>7</lpage>.
<author><surname>Peter</surname>, <given-names>C</given-names></author>. (<year>2013</year>): <title>Problemlösendes Lernen und Experimentieren in der geographiedidaktischen Forschung: Eine Interventions- und Evaluationsstudie zur naturwissenschaftlichen Kompetenzentwicklung im Geographieunterricht</title>. Dissertation an der Justus-Liebig-Universität <other>Gießen</other>. URL: b <url>http://geb.uni-giessen.de/geb/volltexte/2014/10703/pdf/PeterCarina_2014_01_15.pdf</url> [15.09.2015]
<author><surname>Prietzel</surname>, <given-names>J</given-names></author>./<author><surname>Bachmann</surname>, <given-names>S</given-names></author>. (<year>2011</year>): <title>Verändern Douglasien Wasser und Boden?</title>In: <source>LWF aktuell</source>, H. <issue>84</issue>,<fpage>50</fpage>-<lpage>52</lpage>. URL: <url>http://www.lwf.bayern.de/mam/cms04/service/dateien/a84-bergwaldwirtschaft.pdf</url> [13.09.2015]
<author><surname>Rinschede</surname>, <given-names>G</given-names></author>. (<year>2007</year>): <title>Geographiedidaktik</title>. <other>Paderborn</other>.
<author><surname>Roloff</surname>, <given-names>A</given-names></author>./<author><surname>Grundmann</surname>, <given-names>B</given-names></author>. (<year>2008</year>): <title>Klimawandel und Baumarten-Verwendung für Waldökosysteme (Forschungsstudie)</title>. <other>Dresden</other>. URL: <url>http://www.wald-in-not.de/download/KLAM.pdf</url> [15.09.2015]
<author><surname>Ruthe</surname>, <given-names>C</given-names></author>. (<year>1981</year>): <title>Erstellung einer Handlungsanleitung zur Schadbildanalyse und -bewertung an Bäumen, sowie Beurteilung ihres Gefährdungspotentials im Hinblick auf die Verkehrssicherungspflicht im Zuständigkeitsbereich des Forstamtes Driburg</title>. URL: <url>http://download.ble.de/07BM003/Abschlussbericht_2_Kapitel%202_%20Anlage_l.pdf</url> [15.09.2015]
<editor>SDW - Schutzgemeinschaft Deutscher Wald</editor> (Hrsg. <other>o. J.</other>): <title>Waldlehrpfad Baumarten</title>. URL: <url>http://www.sdw-brandenburg.de/cms/upload/waldlehrpfad/inhalt_baumarten.swf</url>[15.09.2015]
<author><surname>Siegmund</surname>, <given-names>A</given-names></author>. /<author><surname>Volz</surname>, <given-names>D</given-names></author>. (<year>2015</year>): <title>Dem Wandel begegnen - Anpassung an die regionalen Folgen des Klimawandels</title>. In: <source>Praxis Geographie</source> <volume>45</volume>,<issue>5</issue>, S. <fpage>4</fpage>—<lpage>7</lpage>.
<editor>Stiftung Wald in Not</editor> (Hrsg. <year>2008</year>): <title>Wald im Klimastress: Fakten-Folgen-Strategien</title>. URL: <url>http://www.wald-in-not.de/download/Klima_061008.pdf</url> [15.09.2015]
<editor>UBA - Umweltbundesamt</editor> (Hrsg.) (<year>2015</year>a): <title>Monitoringbericht 2015 zur Deutschen Anpassungsstrategie an den Klimawandel, Bericht der Interministeriellen Arbeitsgruppe Anpassungsstrategie der Bundesregierung</title>. URL: <url>http://www.umweltbundesamt.de/sites/default/files/medien/376/publikationen/monitoringbericht_2015_zur_deutschen_anpassungsstrategie_an_den_klimawandel.pdf</url> [13.09.2015]
<editor>UBA - Umweltbundesamt</editor> (Hrsg.) (<year>2015</year>b): <title>Nachhaltige Waldwirtschaft. Die vielfältigen Funktionen des Waldes</title>. URL: <url>http://www.umweltbundesamt.de/daten/land-forstwirtschaft/forstwirtschaft/nachhaltige-waldwirtschaft</url> [15.09.2015]
<editor>UM BW - Ministerium für Umwelt, Klima und Energiewirtschaft Baden-Württemberg</editor> (Hrsg.) (<year>2015</year>): <title>Strategie zur Anpassung an den Klimawandel in Baden-Württemberg, Vulnerabilitäten und Anpassungsmaßnahmen in relevanten Handlungsfeldern</title>. URL: <url>http://um.baden-wuerttemberg.de/fileadmin/redaktion/m-um/intern/Dateien/Dokumente/4_Klima/Klimawandel/Anpassungsstrategie.pdf</url> [13.09.2015]
<author><surname>Unseld</surname>, <given-names>R</given-names></author>. (<year>2013</year>): <title>Anpassungsstrategie Baden-Württemberg an die Folgen des Klimawandels, Fachgutachten für das Handlungsfeld Wald und Forstwirtschaft, Teil A: Langfassung</title>.URL: <url>http://www.fachdokumente.lubw.baden-wuerttemberg.de/servlet/is/109165/U13-W04-N12.pdf?command=downloadContent&filename~U13-W04-N12.pdf</url>
<author><surname>Wullschleger</surname>, <given-names>S.D.</given-names></author>/<author><surname>Strahl</surname>, <given-names>M</given-names></author>. (<year>2010</year>): <title>Erde 3.0, Klimawandel im Freilandexperiment</title>. In: <source>Spektrum der Wissenschaft</source> Juli 2OlO, <fpage>80</fpage>-<lpage>85</lpage>. URL: <url>http://www.spektrum.de/pdf/sdw-10-07-s080-pdf/1036786</url> [13.09.2015]
<author><surname>Zocher</surname>, <given-names>U</given-names></author>. (<year>2000</year>): <title>Entdeckendes Lernen lernen. Zur praktischen Umsetzung eines pädagogischen Konzepts in Unterricht und Lehrerfortbildung</title>. <other>Donauwörth</other>.