<editor>Arbeitskreis Forstliche Landespflege (AFL)</editor> (<year>1993</year>):<title> Biotoppflege im Wald</title>. - <other>Greven</other>
<source>BauGB</source> - <volume>Baugesetzbuch i. d. F. der Neubekanntmachung v. 27.08.1997</volume>. <title>BGBl. I S. 2141</title>
<source>BbgNatSchG</source> - <volume>Brandenburgisches Gesetz über Naturschutz und Landschaftpflege i. d. F. v. 25. Juni 1992</volume>. <title>Gesetz- und Verordnungsblatt für das Land Brandenburg I, Nr. 13</title>
<author><surname>Blab</surname>, <given-names>J</given-names></author>. (<year>1993</year>): <title>Grundlagen des Biotopschutzes für Tiere</title>. - <other>Bonn-Bad Godesberg</other>
<source>BNatSchG - Gesetz über Naturschutz und Landschaftspflege</source> - <volume>Bundesnaturschutzgesetz i. d. F. der Neubekanntmachung v. 21.09.1998</volume>. <title>BGBl. I, S. 2994</title>
<author><surname>Flade</surname>, <given-names>M</given-names></author>. (<year>1994</year>): <title>Die Brutvogelgemeinschaften Mittel- und Norddeutschlands</title>. - <other>Eching</other>
<editor>Landkreis Havelland</editor> (Hrsg.) (<year>1995</year>): <title> Landschaftsrahmenplan des Landkreises Havelland, ehern. Kr. Rathenow</title>. (Band <volume>I</volume> und <volume>II</volume>)
<author><surname>Scheffer</surname>, <given-names>F</given-names></author>/<author><surname>Schachtschabel</surname>, <given-names>P</given-names></author>. (<year>1984</year>): <title>Lehrbuch der Bodenkunde</title>. - <other>Stuttgart</other>