<author><surname>Dollinger</surname>, <given-names>F</given-names></author> (<year>1998</year>): <title>Die Naturräume im Bundesland Salzburg</title> - <other>Flensburg</other>. (<source>Forschungen zur deutschen Landeskunde</source>. Band <volume>245</volume>)
<author><surname>Grunewald</surname>, <given-names>K</given-names></author>./<author><surname>Schulze</surname>, <given-names>W</given-names></author>./<author><surname>Steinhardt</surname>, <given-names>U</given-names></author>. (<year>1995</year>): <title>Döberitzer Heide und Ferbitzer Bruch - Das Naturerbe eines Truppenübungsplatzes</title>. In: <editor>Grunewald, K.</editor>/<editor>Marcinek. J.</editor> (Hrsg. <year>1995</year>): <source>Berlin-Potsdamer Stadtrandlandschaften</source>. <other>Berlin</other>, S. <fpage>63</fpage>-<lpage>75</lpage>.
<author><surname>Gütter</surname>, <given-names>R</given-names></author>. (<year>1993</year>): <title>Pläne oder Projekte</title>. In: <source>Raumplanung</source>, <volume>60</volume>, S. <fpage>56</fpage>-<lpage>62</lpage>.
<author><surname>Haber</surname>, <given-names>W</given-names></author>. (<year>1998</year>): <title>Nachhaltigkeit als Leitbild der Umwelt- und Raumentwicklung in Europa</title>. In. <editor>Heinritz, G.</editor>/<editor>Wiesinger, R.</editor>/<editor>Winiger, M.</editor> (Hrsg.): <source>51. Deutscher Geographentag Bonn 1997. Tagungsbericht und Wissenschaftliche Abhandlungen</source>, Bd. <volume>2</volume>, S. <fpage>11</fpage>-<lpage>30</lpage>.
<author><surname>Hard</surname>, <given-names>G</given-names></author>. (<year>1972</year>): <title>„Landschaft“ - Folgerungen aus einigen Ergebnissen einer semantischen Analyse</title>. In: <source>Landschaft + Stadt</source>, H. <issue>2</issue>, S. <fpage>77</fpage>-<lpage>84</lpage>.
<source>Honorarordnung für Leistungen der Architekten und Ingenieure (HOAI) - in der Fassung der Fünften Änderungsverordnung vom 21. September 1995.</source> Teil <volume>VI</volume>: <title>Landschaftsplanerische Leistungen</title>). <other>Wiesbaden</other> und <other>Berlin</other>.
<editor>IBA Fürst-Pückler-Land Vorbereitungsgesellschaft mbH</editor> (<year>1998</year>): <title>Projekte der Internationalen Bauausstellung Fürst-Pückler-Land</title>. - <other>Großräschen</other>.
<author><surname>Jessel</surname>, <given-names>B</given-names></author>. (<year>1998</year>): <title>Landschaften als Gegenstand von Planung</title>.- <other>Berlin</other>. (<source>Beiträge zur Umweltgestaltung</source> <volume>A 139</volume>)
<author><surname>Leser</surname>, <given-names>H</given-names></author>. (<year>1991</year>): <title>Landschaftsökologie</title>. - <other>Stuttgart</other>. (<source>Uni-Taschenbücher</source> <volume>521</volume>)
<author><surname>Mannsfeld</surname>, <given-names>K</given-names></author>. (<year>1998</year>): <title>Geographische Überlegungen zu einer Nachhaltigkeit sichernden Zukunftsplanung in den Ländern des „Nordens“</title>. In. <editor>Heinritz, G.</editor>/<editor>Wiesinger, R.</editor>/<editor>Winiger, M.</editor> (Hrsg.): <source>51. Deutscher Geographentag Bonn 1997. Tagungsbericht und Wissenschaftliche Abhandlungen</source>, Bd. <volume>2</volume>, S. <fpage>79</fpage>-<lpage>86</lpage>.
<author><surname>Mannsfeld</surname>, <given-names>K</given-names></author>./<author><surname>Richter</surname>, <given-names>H</given-names></author>. (<year>1995</year>): <title>Naturräume in Sachsen</title>. - <other>Trier</other>. (<source>Forschungen zur deutschen Landeskunde</source>. Band <volume>238</volume>)
<editor>Meynen, E.</editor>/<editor>Schmithüsen, J.</editor>/<editor>Gellert, J. F.</editor>/ <editor>Neef, E.</editor>/<editor>Müller-Miny, H.</editor>/<editor>Schultze, J. H.</editor> (Hrsg. <year>1953—1961</year>): <title>Handbuch der naturräumlichen Gliederung Deutschlands</title>. 8 Lieferungen. - <other>Remagen-Bad Godesberg</other>.
<author><surname>Neffe</surname>, <given-names>J</given-names></author>. (<year>1999</year>): <title>Aufbau West im Pott</title>. In: <source>Der Spiegel</source>, H. <issue>16</issue>, S. <fpage>234</fpage>-<lpage>237</lpage>.
<author><surname>Neumann</surname>, <given-names>K</given-names></author>/<author><surname>Sieverts</surname>, <given-names>T</given-names></author> (<year>1997</year>): <title>Vom bösen Bauen und der guten Natur</title>. In: <source>Dokumente und Informationen zur Schweizerischen Orts-, Regional- und Landesplanung (DISP)</source> <volume>128</volume>, S. <fpage>44</fpage>-<lpage>48</lpage>.
<author><surname>Rossé</surname>, <given-names>F</given-names></author> (<year>1993</year>): <title>Das Ruhrgebiet zwischen Industriekultur und Ökologie: Die IBA Emscher Park wird konkret</title>. In: <source>Dokumente und Informationen zur Schweizerischen Orts-, Regional und Landesplanung (DISP)</source> <volume>112</volume>, S. <fpage>18</fpage>-<lpage>22</lpage>.
<author><surname>Saupe</surname>, <given-names>G</given-names></author>./<author><surname>Barsch</surname>. <given-names>H</given-names></author>./<author><surname>Carstensen</surname>, <given-names>I</given-names></author>./<author><surname>Geldmacher</surname>, <given-names>K</given-names></author>./<author><surname>Giering</surname>, <given-names>G</given-names></author>./<author><surname>Hering</surname>, <given-names>F</given-names></author>/<author><surname>Jeserigk</surname>, <given-names>H</given-names></author>./<author><surname>Knothe</surname>, <given-names>D</given-names></author>./<author><surname>Ziener</surname>, <given-names>K</given-names></author>. (<year>1999</year>): <title>Entwicklung und Gestaltung von Erholungsgebieten in Bergbaufolgelandschaften. Abschlußbericht zum Forschungsprojekt</title> <other>(mit Mitteln des Bundesministers für Wissenschaft und Bildung unter dem Förderkennzeichen 033 9682 gefördert)</other> - <other>Potsdam</other>.
<author><surname>Schmid</surname>, <given-names>W. A.</given-names></author> (<year>1997</year>): <title>Grundzüge der ökologischen Planung und Nachhaltigkeit</title>. In: <source>Dokumente und Informationen zur Schweizerischen Orts-, Regional- und Landesplanung (DISP)</source> <volume>128</volume>, S. <fpage>3</fpage>-<lpage>7</lpage>.
<author><surname>Scholles</surname>, <given-names>F</given-names></author> (<year>1998</year>): <title>Stand und Perspektiven der Umweltplanung in Deutschland</title>. In. In. <editor>Heinritz, G.</editor>/<editor>Wiesinger, R.</editor>/<editor>Winiger, M.</editor> (Hrsg.): <source>51. Deutscher Geographentag Bonn 1997. Tagungsbericht und Wissenschaftliche Abhandlungen</source>, Bd. <volume>2</volume>, S. <fpage>181</fpage>-<lpage>195</lpage>.
<author><surname>Sieverts</surname>, <given-names>T</given-names></author>/<author><surname>Ganser</surname>, <given-names>K</given-names></author>. (<year>1993</year>): <title>Vom Aufbaustab Speer bis zur Internationalen Bauaustellung Emscher Park und darüber hinaus - Planungskulturen in der Bundesrepublik Deutschland</title>. In: <source>Dokumente und Informationen zur Schweizerischen Orts-, Regional- und Landesplanung (DISP)</source> <volume>115</volume>, S. <fpage>31</fpage>-<lpage>37</lpage>.
<author><surname>Tomerius</surname>, <given-names>H</given-names></author>. (<year>1995</year>): <title>Informelles Verwaltungshandeln im deutschen Verwaltungsrecht</title>. <other>Baden-Baden</other>.
<editor>WCED: The World Commission on Environment and Development</editor> (<year>1987</year>). <title>Our Common Future (Brundtland Report)</title>. <other>Oxford/New York</other>.
<editor>WIB PlanData</editor> (<year>1998</year>): <title>Entwurf eines Landschaftspflegerischen Begleitplanes für den Ausbau des Flughafens Schönefeld</title>. Unveröffentlicht. <other>Berlin</other>.