<author><surname>Bevan</surname>, <given-names>S</given-names></author>. (<year>2007</year>): <title>Zimbabwe Farmers wait out Robert Mugabe</title>. In: <source>Telegraph.co.uk</source>, online: <url>http://www.telegraph.co.uk/news/worldnews/1558860/Zimbabwe-farmers-wait-out-Robert-Mugabe.html</url> (letzter Zugriff: 18.9.2008).
<author><surname>Bierschenk</surname>, <given-names>T</given-names></author>. und <author><surname>Olivier de Sardan</surname>, <given-names>J</given-names></author>. (<year>2003</year>): <title>Powers in the Village. Rural Benin between Democratisation and Decentralisation</title>. In: <source>Africa</source> (<volume>73</volume>), No. <issue>2</issue>, S. <fpage>145</fpage>-<lpage>173</lpage>.
<author><surname>Bock</surname>, <given-names>J</given-names></author>. (<year>1998</year>): <title>Economic Development and Cultural Change among the Okavango Delta Peoples of Botswana</title>. In: <source>Botswana Notes and Records</source> (<volume>30</volume>), S. <fpage>27</fpage>-<lpage>44</lpage>.
<author><surname>Doevenspeck</surname>, <given-names>M</given-names></author>. (<year>2005</year>): <title>Migration im ländlichen Benin</title>. <source>Studien zur Geographischen Entwicklungsforschung</source> <volume>30</volume>. <other>Saarbrücken</other>.
<author><surname>Duval Smith</surname>, <given-names>A</given-names></author>. (<year>2008</year>): <title>Is this the end of the rainbow nation?</title> In: <source>Mail & Guardian Online</source>, <volume>25.5.2008</volume>. (<url>http://www.mg.co.za/article/2008-05-25-is-thisthe-end-of-rainbow-nation</url>; letzter Zugriff: 16.9.08)
<editor>IDMC (International Displacement Monitoring Centre</editor>; <year>2008</year>): <title>Internal Displacement. Global Overview of Trends and Developments 2007</title>. <other>Châtelaine/Genf</other>. (online verfügbar: <url>www.internal-displacement.org</url> )
<author><surname>Eiwert</surname>, <given-names>G</given-names></author>. (<year>1997</year>): <title>Gewaltmärkte: Beobachtungen zur Zweckrationalität von Gewalt</title>. In: <editor>Von Trotha, T.</editor> (Hrsg.): <source>Soziologie der Gewalt</source>. <other>Wiesbaden</other>, S. <fpage>86</fpage>-<lpage>101</lpage>.
<editor>Hahn, H.</editor> und <editor>Klute, G.</editor> (Hrsg., <year>2007</year>): <title>Cultures of Migration</title>. <other>Münster</other>.
<author><surname>Klepp</surname>, <given-names>S</given-names></author>. (<year>2008</year>): <title>Zwischen Skylla und Charybdis. Der Weg der Flüchtlinge von Libyen nach Europa</title>. In: <source>Geographische Rundschau</source> (<volume>60</volume>), Heft <issue>6</issue>, S. <fpage>48</fpage>-<lpage>52</lpage>.
<author><surname>Knoll</surname>, <given-names>S</given-names></author>. (<year>2008</year>): <title>Das Ende des Regenbogens?</title> In: <source>Afrika Süd</source>, <volume>37</volume>.Jg., Nr. <issue>3</issue>, S. <fpage>8</fpage>-<lpage>11</lpage>.
<author><surname>Krings</surname>, <given-names>T</given-names></author>. und <author><surname>Schneider</surname>, <given-names>H</given-names></author>. (<year>2007</year>): <title>Neue Kriege, Gewaltökonomien und Geographien der Gewalt</title>. In: <source>Zeitschrift für Wirtschaftsgeographie</source>, Jg. <volume>51</volume>, Heft <issue>3—4</issue>, S. <fpage>145</fpage>—<lpage>149</lpage>.
<author><surname>Manzi</surname>, <given-names>T</given-names></author>. und <author><surname>Bond</surname>, <given-names>P</given-names></author>. (<year>2008</year>): <title>Das Elend der Fremden</title>. In: <source>Afrika Süd</source>, <volume>37</volume>.Jg., Nr. <issue>3</issue>, S. <fpage>14</fpage>-<lpage>16</lpage>.
<author><surname>Murphy</surname>, <given-names>Z</given-names></author>. (<year>2008</year>): <title>Zimbabwe farmers struggle in new life</title>. In: <source>BBC News</source>, online: <url>http://news.bbc.co.uk/2/hi/africa/7140428.stm</url> (letzter Zugriff: 19.8.2008).
<author><surname>Pries</surname>, <given-names>L</given-names></author>. (<year>2008</year>): <title>Internationale Migration</title>. In: <source>Geographische Rundschau</source> (<volume>60</volume>), Heft <issue>6</issue>, S. <fpage>4</fpage>-<lpage>10</lpage>.
<author><surname>Samimi</surname>, <given-names>C</given-names></author>. und <author><surname>Krüger</surname>, <given-names>F</given-names></author>. (<year>2006</year>): <title>Miombo - Ökologische und soziale Veränderungen im größten Trockenwald der Erde</title>. In: <source>Geographische Rundschau</source> (<volume>58</volume>), Heft <issue>10</issue>, <year>2006</year>, S. <fpage>40</fpage>-<lpage>47</lpage>.
<editor>UNHCR</editor> (<year>2008</year>.1): <title>UNHCR Statistical Online Population Database</title>, (<url>http://www.unhcr.org</url>; letzter Zugriff: 16.9.08)
<editor>UNHCR</editor> (<year>2008</year>.2): <title>UNHCR Global Report 2007 South Africa</title>. <other>Genf</other>.
<editor>UNHCR</editor> (<year>2008</year>.3): <title>2007 Global Trends-. Refugees, Asylum-seekers, Returnees, Internally Displaced and Stateless Persons</title>. <other>Genf</other>.
<editor>UNHCR</editor> (<year>2008</year>.4): <title>UNHCR - The UN Refugee Agency, Homepage</title>, (<url>http://www.unhcr.org</url>; letzter Zugriff: 16.9.08)