<author><surname>Anzaldúa</surname>, <given-names>G</given-names></author>. (<year>1999</year>): <title>Borderlands/La Frontera: The New Mestiza</title>. 2. Aufl. <other>San Francisco</other>
<author><surname>Berndt</surname>, <given-names>C</given-names></author>. (<year>2004</year>): <title>Stadtgeographien an der Schwelle zwischen Nord und Süd: Globale Bewegungen und territoriale Ordnung in Ciudad Juárez, Mexiko</title>. In: <source>Erdkunde</source> <volume>58</volume> (<issue>3</issue>), S. <fpage>221</fpage>-<lpage>234</lpage>
<author><surname>Berndt</surname></author>, <volume>C</volume>. (<year>2007</year>): <title>Frontera/Borderlands: Labor einer Welt in Bewegung</title>. In: <source>Geographische Rundschau</source> <volume>59</volume> (<issue>1</issue>), S. <fpage>20</fpage>-<lpage>27</lpage>
<author><surname>Freytag</surname>, <given-names>T</given-names></author>. (<year>2003</year>.1): <title>Bildungswesen, Bildungsverhalten und kulturelle Identität: Ursachen für das unterdurchschnittliche Ausbildungsniveau der hispanischen Bevölkerung in New Mexico</title>. <other>Heidelberg</other>. (= <source>Heidelberger Geographische Arbeiten</source>, <volume>118</volume>)
<author><surname>Freytag</surname>, <given-names>T</given-names></author>. (<year>2003</year>.2): <title>Grenzüberschreitendes Bildungsverhalten zwischen Ciudad Juárez (Mexiko) und El Paso (USA)</title>. In: <editor>Schulte, A.</editor>, <editor>Gamerith, W.</editor> und <editor>K. Sachs</editor> (Hrsg., <year>2003</year>): <source>Geographie in Heidelberg: Ein Überblick anläßlich des Jahres der Geowissenschaften 2002</source>. <other>Heidelberg</other>, S. <fpage>74</fpage>-<lpage>75</lpage>
<author><surname>Hofmeister</surname>, <given-names>B</given-names></author>. (<year>1970</year>): <title>Nordamerika</title>. <other>Frankfurt a. M.</other> (= <source>Fischer Länderkunde</source>, <volume>6</volume>)
<author><surname>Hyams</surname>, <given-names>M</given-names></author>. (<year>2002</year>): <title>'Over there’and 'back then’: an odyssey in national subjectivity</title>. In: <source>Environment and Planning D: Society and Space</source> <volume>20</volume> (<issue>4</issue>), S. <fpage>459</fpage>-<lpage>476</lpage>
<author><surname>Kirchner</surname>, <given-names>P</given-names></author>. (<year>2008</year>): <title>¡Viva Tejas! Eine arbeitsteilige Gruppenarbeit über legale und illegale mexikanische Einwanderung nach Texas</title>. In: <source>Geographie heute</source> <volume>29</volume> (<issue>261/262</issue>), S. <fpage>20</fpage>—<lpage>29</lpage>
<author><surname>Parnreiter</surname>, <given-names>C</given-names></author>. (<year>2008</year>): <title>Von Mauern und Löchern: Zuwanderung in die USA</title>. In: <source>Geographische Rundschau</source> <volume>60</volume> (<issue>6</issue>), S. <fpage>40</fpage>—<lpage>47</lpage>
<author><surname>Pries</surname>, <given-names>L</given-names></author>. (<year>1999</year>): <title>Mexikanische Arbeitswanderung in die USA</title>. In: <source>Geographische Rundschau</source> <volume>51</volume> (<issue>7/8</issue>), S. <fpage>382</fpage>-<lpage>387</lpage>