<author><surname>Bohle</surname>, <given-names>H.-G.</given-names></author> (<year>1999</year>): <title>Grenzen der Grünen Revolution in Indien. Wasser als kritischer Faktor der Agrarentwicklung</title>. <source>Geographische Rundschau</source> <volume>51</volume> (<issue>3</issue>),S. <fpage>111</fpage>-<lpage>117</lpage>
<author><surname>Breman</surname>, <given-names>J</given-names></author>. (<year>2014</year>): <title>On labour bondage</title>. <source>Contributions to Indian Sociology</source> <volume>48</volume> <issue>11</issue>), S. <fpage>133</fpage>-<lpage>141</lpage>
<author><surname>Cullather</surname>, <given-names>N</given-names></author>. (<year>2004</year>): <title>Miracles of Modernization. The Green Revolution and the Apotheosis of Technology</title>. <source>Diplomatic History</source> <volume>28</volume> (<issue>2</issue>), S. <fpage>227</fpage>-<lpage>254</lpage>
<author><surname>Dame</surname>, <given-names>J</given-names></author>. und <author><given-names>M</given-names>. <surname>Nüsser</surname></author> (<year>2011</year>): <title>Food security in high mountain regions, agricultural production and the impact of food subsidies in Ladakh, Northern India</title>. <source>Food Security</source> <volume>3</volume> (<issue>2</issue>), S. <fpage>179</fpage>-<lpage>194</lpage>
<author><surname>Dittrich</surname>, <given-names>C</given-names></author>. (<year>2010</year>): <title>Nahrungskrise und Ernährungssicherung im Superschwellenland Indien</title>. <source>Geographische Rundschau</source> <volume>62</volume> (<issue>2</issue>), S. <fpage>12</fpage>-<lpage>18</lpage>
<editor>FAO, Food and Agriculture Organisation of the United Nations</editor>: <title>FAOSTAT. Statistics Division of FAO</title>. Online-Datenbank, <url>http://faostat.fao.org</url> (1.9.2014)
<editor>Government of India</editor> (<year>2014</year>): <title>Agriculture Census 2010-11. All India Report on Number and Area of Operational Holdings</title>. <other>New Delhi</other>
<author><surname>Gupta</surname>, <given-names>A</given-names></author>. (<year>1998</year>): <title>Postcolonial Developments. Agriculture in the Making of Modern India</title>. <other>Durham/NC</other>
<author><surname>Kak</surname>, <given-names>S</given-names></author>. (<year>2007</year>): <title>Agrarian Relations and Growth in Post Independent India. Long Term Logic of the Nehruvian Paradigm</title>. <source>History and Sociology of South Asia</source> <volume>1</volume> (<issue>1</issue>), S. <fpage>46</fpage>-<lpage>66</lpage>
<author><surname>Münster</surname>, <given-names>D</given-names></author>. (<year>2012</year>): <title>Farmers' suicides and the state in India. Conceptual and ethnographic notes from Wayanad, Kerala</title>. <source>Contributions to Indian Sociology</source> <volume>46</volume> (<issue>1-2</issue>), S. <fpage>181</fpage>-<lpage>208</lpage>
<author><surname>Münster</surname>, <given-names>D</given-names></author>. und <author><given-names>U</given-names>. <surname>Münster</surname></author> (<year>2012</year>): <title>Consuming the Forest in an Environment of Crisis. Nature Tourism, Forest Conservation and Neoliberal Agriculture in South India</title>. <source>Development and Change</source> <volume>43</volume> (<issue>1</issue>), S. <fpage>205</fpage>-<lpage>227</lpage>
<author><surname>Nüsser</surname>, <given-names>M</given-names></author>., <author><given-names>S</given-names>. <surname>Schmidt</surname></author> und <author><given-names>J</given-names>. <surname>Dame</surname></author> (<year>2011</year>): <title>Irrigation and Development in the Upper Indus Basin. Characteristics and Recent Changes of a Socio-Hydrological System in Central Ladakh, India</title>. <source>Mountain Research and Development</source> <volume>32</volume> (<issue>1</issue>), S. <fpage>51</fpage>-<lpage>61</lpage>
<author><surname>Patel</surname>, <given-names>R</given-names></author>. (<year>2009</year>): <title>Food sovereignty</title>. <source>Journal of Peasant Studies</source> <volume>36</volume> (<issue>3</issue>), S. <fpage>663</fpage>-<lpage>706</lpage>
<author><surname>Ploeg</surname>, <given-names>J.D.v.d.</given-names></author> (<year>2010</year>): <title>The peasantries of the twenty-first century: the commoditisation debate revisited</title>. <source>Journal of Peasant Studies</source> <volume>37</volume> (<issue>1</issue>), S. <fpage>1</fpage>-<lpage>30</lpage>
<editor>Reddy, D.N.</editor> und <editor>S. Mishra</editor> (Hrsg.) (<year>2009</year>): <title>Agrarian Crisis in India</title>. <other>New Delhi</other>
<author><surname>Shiva</surname>, <given-names>V</given-names></author>. (<year>1991</year>): <title>The Violence of Green Revolution: Third World Agriculture, Ecology and Politics</title>. <other>London</other>
<author><surname>Stang</surname>, <given-names>P</given-names></author> (<year>2002</year>): <title>Indien</title>. <other>Darmstadt</other> (<source>Wissenschaftliche Länderkunden</source>)
<author><surname>Stein</surname>, <given-names>A.J.</given-names></author>, <author><given-names>I</given-names>. <surname>Matuschke</surname></author> und <author><given-names>M</given-names>. <surname>Qaim</surname></author> (<year>2008</year>): <title>„Grüne Gentechnik“ für eine arme Landbevölkerung. Erfahrungen aus Indien</title>. <source>Geographische Rundschau</source> <volume>60</volume> (<issue>4</issue>), S. <fpage>36</fpage>-<lpage>41</lpage>
<author><surname>Stone</surname>, <given-names>G.D.</given-names></author> (<year>2010</year>): <title>The Anthropology of Genetically Modified Crops</title>. <source>Annual Review of Anthropology</source> <volume>39</volume> (<issue>1</issue>), S. <fpage>381</fpage>-<lpage>400</lpage>
<author><surname>van Beek</surname>, <given-names>M</given-names></author>. (<year>2008</year>): <title>Imagineries of Ladakhi Modernity</title>. In: <editor>R. Barnett</editor> und <editor>R. Schwartz</editor> (Hrsg.): <source>Tibetan Modernities</source>. <other>Leiden</other>, S. <fpage>165</fpage>-<lpage>188</lpage>
<author><surname>Véron</surname>, <given-names>R</given-names></author>., <author><given-names>B</given-names>. <surname>Strasser</surname></author> und <author><given-names>U</given-names>. <surname>Geiser</surname></author> (<year>2004</year>): <title>Globalisierung und Agrarproduktmärkte in Kerala. Das Beispiel Cashew und Kautschuk</title>. <source>Geographische Rundschau</source> <volume>56</volume> (<issue>11</issue>), S. <fpage>18</fpage>-<lpage>24</lpage>
<editor>Willer, H.</editor> und <editor>J. Lernoud</editor> (Hrsg.) (<year>2014</year>): <title>The World of Organic Agriculture. Statistics & Emerging Trends 2014</title>. <other>Bonn</other>