<editor>CEA, Central Electricity Authority of India</editor>: <url>www.cea.nic.in</url> (Abruf: 08.09.2014)
<author><surname>Dittrich</surname>, <given-names>C</given-names></author>. (<year>2004</year>): <title>Widerstand gegen das Narmada-Staudammprojekt in Indien.</title> <source>Geographische Rundschau</source> <volume>56</volume> (<issue>12</issue>), S. <fpage>10</fpage>-<lpage>15</lpage>
<author><surname>Hennig</surname>, <given-names>T</given-names></author> (<year>2015</year>): <title>Energy, Hydropower and Geopolitics - Northeast India and its Neighbours. A critical review of the establishment of Indias largest hydropower base</title>. <source>Asien</source> <volume>134</volume>
<author><surname>Hennig</surname>, <given-names>T</given-names></author> (<year>2014</year>): <title>Innerstaatliche und transnationale Wasserkonflikte in China und Indien</title>. <source>Jahresheft Geopolitik 2013, Schriftenreihe Geoinformationsdienst der Bundeswehr</source> (<volume>1</volume>), S. <fpage>20</fpage>-<lpage>29</lpage>
<author><surname>Hennig</surname>, <given-names>T</given-names></author> (<year>2013</year>): <title>Trends, Probleme, Herausforderungen in Indiens Energiesektor</title>. In: <editor>Lennartz</editor> <other>et al.</other> (Hrsg.): <source>Aktuelle Forschungsbeiträge zu Südasien</source>. <other>Heidelberg</other>, S. <fpage>23</fpage>-<lpage>26</lpage>. <url>http://archiv.ub.uni-heidelberg.de/savidok/volltexte/2013/2870</url>
<author><surname>Olivier</surname>, <given-names>J.G.J.</given-names></author> (<year>2013</year>): <title>Trends in Global C02-Emissions. 2013 Report</title>. <editor>PBL Netherlands Environmental Assessment Agency</editor>, <other>Den Haag</other>
<author><surname>Pargal</surname>, <given-names>S</given-names></author>. und <author><given-names>S</given-names>. <surname>Ghosh</surname></author> (<year>2014</year>): <title>More power to India: the challenge of electricity distribution</title>. <other>Washington, DC.</other> <url>http://documents.worldbank.org/curated/en/2014/06/19703395/more-power-india-challenge-electricitydistribution</url>
<author><surname>Westenberger</surname>, <given-names>A</given-names></author> (<year>2014</year>).: <title>Indiens Stromerzeugung setzt starker auf Sonne und Wind</title>. <url>www.gtai.de/GTAI/Navigation/DE/Trade/maerkte,did=1008732. html</url> (Abruf: 10.09.2014)