<author><surname>Baldwin-Edwards</surname>, <given-names>M</given-names></author>. (<year>2011</year>): <title>Labour immigration and labour markets in the GCC countries: national patterns and trends</title>, <url>http://eprints.lse.ac.uk/55239/1/Baldwln-Edwards_2011.pdf</url> [Zugriff am 14.7.2014]
<editor>BMI, Bundesministerium des Inneren</editor>, und <editor>BMF, Bundesamt für Migration und Flüchtlinge</editor> (<year>2013</year>): <title>Migrationsbericht 2012</title>. <other>Berlin</other>
<author><surname>Deffner</surname>, <given-names>V</given-names></author>. (<year>2014</year>): <title>Gelebte Translokalität von indischen Studierenden in Aachen</title>. <source>Geographische Rundschau</source> <volume>66</volume> (<issue>11</issue>), S. <fpage>18</fpage>-<lpage>23</lpage>
<author><surname>Dickinson</surname>, <given-names>J</given-names></author>. und <author><given-names>A.J.</given-names> <surname>Bailey</surname></author> (<year>2007</year>): <title>(Re)membering diaspora: Uneven geographies of Indian dual citizenship</title>. <source>Political Geography</source> <volume>26</volume> (<issue>7</issue>), S. <fpage>757</fpage>-<lpage>774</lpage>
<author><surname>Goel</surname>, <given-names>U</given-names></author>. (<year>2002</year>): <title>Von Freiheitskämpfern zu Computer-Indern. Südasiaten in Deutschland</title>. <source>Südasien</source> <volume>22</volume> H<issue>1</issue>, S. <fpage>70</fpage>-<lpage>7</lpage>
<author><surname>Gottschlich</surname>, <given-names>P</given-names></author>. (<year>2012</year>): <title>Carim-India Research Report 2012/03, German Case Study</title>. <other>San Domenico de Fiseole</other>. <url>http://cadmus.eui.eu/handle/1814/20822</url> (Zugriff am 19.12.2012)
<author><surname>Hunger</surname>. <given-names>U</given-names></author>. (<year>2000</year>): <title>Vom „Brain-Drain" zum „Brain-Gain". Migration, Netzwerkbildung und sozio-ökonomische Entwicklung: das Beispiel der indischen „Software-Migranten”</title>. <source>IMIS-Beiträge</source> <volume>16</volume>, S. <fpage>7</fpage>-<lpage>22</lpage>
<author><surname>Jain</surname>, <given-names>P</given-names></author>. (<year>1982</year>): <title>Indians Abroad: A Current Population Estimate</title>. <source>Economic and Political Weekly</source> <volume>17</volume> (<issue>8</issue>), S. <fpage>299</fpage>-<lpage>304</lpage>
<author><surname>Jain</surname>, <given-names>P</given-names></author>. (<year>2011</year>): <title>British Colonialism and International Migration from India: Four Destinations</title>. In: <editor>R. Irudaya</editor> und <editor>M. Percot</editor> (Hrsg.): <source>Dynamics of Indian Migration</source>. <other>London, New York, New Delhi</other>, S. <fpage>23</fpage>-<lpage>48</lpage>
<author><surname>Jayram</surname>, <given-names>N</given-names></author>. (<year>2004</year>): <title>Introduction: The Study of Indian Diaspora</title>. In: <editor>N. Jayram</editor> (Hrsg.): <source>The Indian Dispora. Dynamics of Migration</source>. <other>New Delhi</other>, S. <fpage>15</fpage>-<lpage>43</lpage>
<author><surname>Khadria</surname>, <given-names>B</given-names></author>. (<year>1999</year>). <title>The Migration of Knowledge Workers: Second-Generation Effects of India's Brain Drain</title>. <other>New Delhi</other>
<editor>MOIA, Ministry of Overseas Indian Affairs</editor> (<year>2012</year>): <title>Population of Nonresident Indians Countrywise</title>. <url>http://moia.gov.in/writereaddata/pdf/NRISPIOSDatal15-06-12lnew.pdf</url> (Zugriff am 12.6.2014)
<author><surname>Oonk</surname>, <given-names>G</given-names></author>. (<year>2007</year>): <title>Global Indian Diasporas: Exploring Trajectories of Migration and Theory</title>. In: <editor>G. Oonk</editor> (Hrsg.): <source>Global Indian diasporas: Exploring trajectories of migration and theory</source>. <other>Amsterdam</other>, S. <fpage>9</fpage>-<lpage>27</lpage>
<editor>Siliconindia</editor> (<year>2012</year>): <title>15 Nations Sending Highest Remittances to India</title>, <url>www.siliconindia.com/news/business/15-Nations-Sending-Highest-Remittances-to-lndia-nid-147478-cid-3.html</url>
<author><surname>Singhvi</surname>, <given-names>L.M.</given-names></author> (<year>2001</year>): <title>Report of the High Level Committee on the Indian Diaspora. Government of India, Ministry of External Affairs, Non-Resident Indian and Persons of Indian Origin Division</title>. <other>New Delhi</other>
<editor>Statistisches Bundesamt</editor> (<year>2005</year>a): <title>Bevölkerung und Erwerbstätigkeit Ausländische Bevölkerung sowie Einbürgerungen</title>. <other>Wiesbaden</other>
<editor>Statistisches Bundesamt</editor> (<year>2005</year>b): <title>Bevölkerung und Erwerbstätigkeit. Vorläufige Wanderungsergebnisse</title>. <other>Wiesbaden</other>
<author><surname>Tinker</surname>, <given-names>H</given-names></author>. (<year>1974</year>): <title>A New System of Slavery: The Export of Indian Labour Overseas</title>. <other>Oxford</other>
<author><surname>Tinker</surname>, <given-names>H</given-names></author>. (<year>1977</year>): <title>The Banayn Tree: Overseas Emigrants form India, Pakistan and Bagladesh</title>. <other>Oxford</other>
<author><surname>Venier</surname>, <given-names>P</given-names></author>. (<year>2011</year>): <title>Development of Entrepreneurial Initiatives in the UAE among Kerala Emigrants</title>. In: <editor>R. Irudaya</editor> und <editor>M. Percot</editor> [Hrsg.]: <source>Dynamics of Indian Migration</source>. <other>London, New York, New Delhi</other>, S. <fpage>164</fpage>-<lpage>194</lpage>
<editor>World Bank</editor> (<year>2014</year>): <title>Remittance Inflows</title>, <url>http://siteresources.worldbank.org/INTPROSPECTS/Resources/334934-1288990760745/RemittanceData_lnflows_Apr2014.xls</url> (Zugriff am 10.07.2014)