<editor>Bankmagazin</editor> (<year>2014</year>): <title>Sparkassenpräsident kämpft für Regionalprinzip</title>. <source>Bankmagazin</source>, <volume>25.08.2014</volume>
<editor>BE, Banco de España</editor> (<year>2014</year>): <title>Boletín Estadístico</title>. <other>Madrid</other>
<author><surname>Cals</surname>, <given-names>J</given-names></author>. (<year>2005</year>): <title>El éxito de las cajas de ahorro</title>. <other>Barcelona</other>
<author><surname>Case</surname>, <given-names>K</given-names></author>. und <author><given-names>R</given-names>. <surname>Shiller</surname></author> (<year>2003</year>): <title>ls there a bubble in the housing market?</title> <source>Brookings Papers on Economic Activity</source> <volume>34</volume> (<issue>2</issue>). S. <fpage>299</fpage>-<lpage>362</lpage>
<editor>CC, Caixa Catalunya</editor> (<year>2005</year>): <title>Expansión territorial y resultados de las cajas de ahorro por CC.AA. 1997-2004</title>. <other>Barcelona</other> (<source>Notas sobre el Sector financiero</source>)
<author><surname>Cuñat</surname>, <given-names>V</given-names></author>. und <author><given-names>L</given-names>. <surname>Garicano</surname></author> (<year>2010</year>): <title>Did good Cajas extend bad loans?</title> <other>Madrid</other> (<source>FEDEA Documento de Trabajo 2010-08</source>)
<author><surname>García</surname>, <given-names>M</given-names></author>. und <author><given-names>I</given-names>. <surname>Muñiz</surname></author> (<year>2005</year>): <title>The spatial effect of intra-metropolitan agglomeration economies</title>. <other>Barcelona</other> (<source>Departament d'Economia Aplicada Working Papers</source> <volume>0513</volume>)
<author><surname>Handke</surname>, <given-names>M</given-names></author>. (<year>2009</year>): <title>Flexible Finanzierung in Industriedistrikten Spaniens? Das Beispiel Alicante</title>. <source>Zeitschrift für Wirtschaftsgeographie</source> <volume>53</volume> (<issue>1-2</issue>), S.<fpage>28</fpage>-<lpage>46</lpage>
<author><surname>Handke</surname>, <given-names>M</given-names></author>. (<year>2011</year>): <title>Die Hausbankbeziehung. Institutionalisierte Finanzierungslösungen für kleine und mittlere Unternehmen in räumlicher Perspektive</title>. <other>Münster</other> (<source>Wirtschaftsgeographie</source> <volume>50</volume>)
<author><surname>Hasse</surname>, <given-names>S</given-names></author>. (<year>2010</year>): <title>Spanien: Das nächste Sorgenkind Europas. Die Auswirkungen der Immobilienblase</title>. <source>Geographische Rundschau</source> <volume>62</volume> (<issue>11</issue>), S. <fpage>60</fpage>-<lpage>65 </lpage>
<author><surname>Heinsohn</surname>, <given-names>G</given-names></author>. und <author><given-names>0</given-names>. <surname>Steiger</surname></author> (<year>2006</year>): <title>Eigentumsökonomik</title>. <other>Marburg</other>
<author><surname>Hernández</surname>, <given-names>M</given-names></author>. (<year>1999</year>): <title>El gobierno de las cajas de ahorros españolas</title>. <source>Cuadernos de Estudios Empresariales</source> <volume>9</volume> (<issue>1</issue>), S. <fpage>265</fpage>-<lpage>279</lpage>
<author><surname>Hujer</surname>, <given-names>M</given-names></author>. (<year>2010</year>): <title>Der Bankraub von Córdoba</title>. <source>Der Spiegel</source> (<volume>25</volume>)
<editor>INE, Instituto Nacional de Estadística</editor> (<year>2013</year>): <title>Censos de población y viviendas 2011. Edificios y viviendas</title>. <other>Madrid</other>
<author><surname>Janoschka</surname>, <given-names>M</given-names></author>. (<year>2009</year>): <title>Europäische Identitäten in räumlich-politischen Konflikten</title>. <other>Stuttgart</other>
<author><surname>Jorda</surname>, <given-names>Ò</given-names></author>., <author><given-names>M</given-names>. <surname>Schularick</surname></author> und <author><given-names>A</given-names>. <surname>Taylor</surname></author> (<year>2013</year>): <title>Sovereigns versus Banks: Credit, Crises, and Consequences</title> (<source>NBER Working Paper</source> No. <volume>19506</volume>)
<author><surname>Mai</surname>, <given-names>H</given-names></author>. (<year>2004</year>): <title>Spaniens Cajas: Wirtschaftlich freier, aber nicht entpolitisiert</title>. <other>Frankfurt a.M.</other> (<source>Deutsche Bank Research</source> <volume>20</volume>)
<author><surname>Méndez</surname>, <given-names>R</given-names></author>. (<year>2013</year>): <title>Las escalas de la crisis. Ciudades y desempleo en España</title>. <other>Madrid</other>
<author><surname>Naredo</surname>, <given-names>J</given-names></author>. (<year>2009</year>): <title>La cara oculta de la crisis. El fin del boom inmobiliario y sus consecuencias</title>. <source>Revista de Economía Crítica</source> (<volume>7</volume>), S. <fpage>313</fpage>-<lpage>340</lpage>
<author><surname>Navarro</surname>, <given-names>S</given-names></author>. (<year>2012</year>): <title>La CAM 'maquilló’ 3.500 millones para evitar entrar en pérdidas</title>. <source>El País</source>, <volume>14.02.2012</volume>
<author><surname>Restoy</surname>, <given-names>F</given-names></author> (<year>2005</year>): <title>El mercado de la vivienda. Realidades e incertidumbres</title>. <source>Economistas</source> <volume>24</volume> (<issue>108</issue>), S. <fpage>89</fpage>-<lpage>97</lpage>
<author><surname>Shiller</surname>, <given-names>R</given-names></author>. (<year>2000</year>): <title>Irrationaler Überschwang: Warum eine lange Baisse an der Börse unvermeidlich ist</title>. <other>Frankfurt a.M.</other>
<author><surname>Stiele</surname>, <given-names>M</given-names></author>. (<year>2008</year>): <title>Wettbewerb im Bankensektor. Eine Untersuchung unter besonderer Berücksichtigung des Wettbewerbsverhaltens der Sparkassen</title>. <other>Wiesbaden</other>