<author><surname>Akhtar</surname>, <given-names>M</given-names></author>., <author><given-names>N</given-names>. <surname>Ahmad</surname></author> und <author><given-names>MJ</given-names>. <surname>Booij</surname></author> (<year>2008</year>): <title>The impact of climate change on the water resources of Hindukush-Karakorum-Himalaya region under different glacier coverage scenarios</title>. <source>Journal of Hydrology</source> <volume>355</volume> (<issue>1-4</issue>), S. <fpage>148</fpage>-<lpage>163</lpage>
<author><surname>Arnold</surname>, <given-names>J.G.</given-names></author>, <author><given-names>R</given-names>. <surname>Srinivasan</surname></author>, <author><given-names>R.S.</given-names> <surname>Muttiah</surname></author> und <author><given-names> J.R.</given-names> <surname>Williams</surname></author> (<year>1998</year>): <title>Large area hydrologic modeling and assessment - Part 1: Model development</title>. <source>Journal of the American Water Resources Association</source> <volume>34</volume>, S. <fpage>73</fpage>-<lpage>89</lpage>
<author><surname>Chauhan</surname>, <given-names>H.B.</given-names></author> und <author><given-names>S</given-names>. <surname>Nayak</surname></author> (<year>2005</year>): <title>Land use/land cover changes near Hazira Region, Gujarat using remote sensing satellite data</title>. <source>Journal of the Indian Society of Remote Sensing</source> <volume>33</volume>, S. <fpage>413</fpage>-<lpage>420</lpage>
<author><surname>Cruz</surname>, <given-names>R.V.</given-names></author>, <author><given-names>H</given-names>. <surname>Harasawa</surname></author>, <author><given-names>M</given-names>. <surname>Lal</surname></author>, <author><given-names>S</given-names>. <surname>Wu</surname></author>, <author><given-names>Y</given-names>. <surname>Anokhin</surname></author>, <author><given-names>B</given-names>. <surname>Punsalmaa</surname></author>, <author><given-names>Y</given-names>. <surname>Honda</surname></author>, <author><given-names>M</given-names>. <surname>Jafari</surname></author>, <author><given-names>C</given-names>. <surname>Li</surname></author> und <author><given-names>N</given-names>. <surname>Huu Ninh</surname></author> (<year>2007</year>): <title>Asia. Climate Change 2007: Impacts, Adaptation and Vulnerability</title>. In: <editor>M.L. Parry</editor>, <editor>O.F. Canziani</editor>, <editor>J. P Palutikof</editor>, <editor>P.J. van der Linden</editor> und <editor>C.E. Hanson</editor> (Hrsg.): <source>Contribution of Working Group II to the Fourth Assessment Report of the Intergovernmental Panel on Climate Change</source>. <other>Cambridge</other>, S. <fpage>469</fpage>-<lpage>506</lpage>
<author><surname>Döös</surname>, <given-names>B.R.</given-names></author> (<year>2002</year>): <title>Population growth and loss of arable land</title>. <source>Global Environmental Change</source> <volume>12</volume>, S. <fpage>303</fpage>-<lpage>311</lpage>
<author><surname>Foley</surname>,<given-names> J.A.</given-names></author>, <author><given-names>R</given-names>. <surname>DeFries</surname></author>, <author><given-names>G.P.</given-names> <surname>Asner</surname></author>, <author><given-names>C</given-names>. <surname>Barford</surname></author>, <author><given-names>G</given-names>. <surname>Bonan</surname></author>, <author><given-names>S.R.</given-names> <surname>Carpenter</surname></author>, <author><given-names> F.S.</given-names> <surname>Chapin</surname></author>, <author><given-names>M.T.</given-names> <surname>Coe</surname></author>, <author><given-names>G.C.</given-names> <surname>Daily</surname></author>, <author><given-names>H.K.</given-names> <surname>Gibbs</surname></author>, <author><given-names>J.H.</given-names> <surname>Helkowski</surname></author>, <author><given-names>T</given-names>. <surname>Holloway</surname></author>, <author><given-names>E.A.</given-names> <surname>Howard</surname></author>, <author><given-names>C.J.</given-names> <surname>Kucharik</surname></author>, <author><given-names>C</given-names>. <surname>Monfreda</surname></author>, <author><given-names>J.A.</given-names> <surname>Patz</surname></author>, <author><given-names>I.C.</given-names> <surname>Prentice</surname></author>, <author><given-names>N</given-names>. <surname>Ramankutty</surname></author> und <author><given-names>PK</given-names>. <surname>Snyder</surname></author> (<year>2005</year>): <title>Global consequences of land use</title>. <source>Science</source> <volume>309</volume> (<issue>5734</issue>), S. <fpage>570</fpage>-<lpage>574</lpage>
<author><surname>Garg</surname>,<given-names> K.K.</given-names></author>, <author><given-names>L</given-names>. <surname>Karlberg</surname></author>, <author><given-names>J</given-names>. <surname>Barron</surname></author>, <author><given-names>S.P</given-names> <surname>Wani</surname></author> und <author><given-names>J</given-names>. <surname>Rockstrom</surname></author> (<year>2012</year>): <title>Assessing impacts of agricultural water interventions in the Kothapally watershed, Southern India</title>. <source>Hydrological Processes</source> <volume>26</volume>, S. <fpage>387</fpage>-<lpage>404</lpage>
<author><surname>Gosain</surname>, <given-names>A.K.</given-names></author>, <author><given-names>S</given-names>. <surname>Rao</surname></author> und <author><given-names>A</given-names>. <surname>Arora</surname></author> (<year>2011</year>): <title>Climate change impact assessment of water resources of India</title>. <source>Current Science</source> <volume>101</volume> (<issue>3</issue>), S. <fpage>356</fpage>-<lpage>371</lpage>
<author><surname>Gosain</surname> <given-names>A.K.</given-names></author>, <author><given-names>S</given-names>. <surname>Rao</surname></author> und <author><given-names>D</given-names>. <surname>Basuray</surname></author> (<year>2006</year>): <title>Climate change impact assessment on hydrology of Indian river basins</title>. <source>Current Science</source> <volume>90</volume> (<issue>3</issue>), S. <fpage>346</fpage>-<lpage>353</lpage>
<author><surname>Jain</surname>, <given-names>S.K.</given-names></author> und <author><given-names>V</given-names>. <surname>Kumar</surname></author> (<year>2012</year>): <title>Trend analysis of rainfall and temperature data for India</title>. <source>Current Science</source> <volume>102</volume>, S. <fpage>37</fpage>-<lpage>49</lpage>
<author><surname>Jayakumar</surname>, <given-names>S</given-names></author>. und <author><given-names>D</given-names>. <surname>Arockiasamy</surname></author> (<year>2003</year>): <title>Land use/land cover mapping and change detection in part of Eastern Ghats of Tamil Nadu using remote sensing and GIS</title>. <source>Journal of the Indian Society of Remote Sensing</source> <volume>31</volume>, S.<fpage>251</fpage>-<lpage>260</lpage>
<author><surname>Jha</surname>,<given-names> C.S.</given-names></author>, <author><given-names>C.B.S.</given-names> <surname>Dutt</surname></author> und <author><given-names>K.S.</given-names> <surname>Bawa</surname></author> (<year>2000</year>):<title> Deforestation and land use changes in Western Ghats, India</title>. <source>Current Science</source> <volume>79</volume>, S. <fpage>231</fpage>-<lpage>238</lpage>
<author><surname>Lal</surname>, <given-names>M</given-names></author>. (<year>2003</year>): <title>Global climate change: India's monsoon and its variability</title>. <source>Journal of Environmental Studies and Policy</source> <volume>6</volume>, S. <fpage>1</fpage>-<lpage>34</lpage>
<author><surname>Mishra</surname>, <given-names>A</given-names></author>., <author><given-names>S</given-names>. <surname>Kar</surname></author> und <author><given-names>V.P.</given-names> <surname>Singh</surname></author> (<year>2007</year>): <title>Prioritizing structural management by quantifying the effect of land use and land cover on watershed runoff and sediment yield</title>. <source>Water Resources Management</source> <volume>21</volume>, S. <fpage>1899</fpage>-<lpage>1913</lpage>
<author><surname>Mujumdar</surname>, <given-names>PP</given-names></author>. und <author><given-names>S</given-names>. <surname>Ghosh</surname></author> (<year>2008</year>): <title>Modeling GCM and scenario uncertainty using a possibilistic approach: Application to the Mahanadi River, India</title>. <source>Water Resources Research</source> <volume>44</volume>, <issue>W06407</issue>, S. <fpage>1</fpage>-<lpage>15</lpage>
<author><surname>Nakicenovic</surname>, <given-names>N</given-names></author>., <author><given-names>J</given-names>. <surname>Alcamo</surname></author>, <author><given-names>G</given-names>. <surname>Davis</surname></author>, <author><given-names>B</given-names>. <surname>de Vries</surname></author>, <author><given-names>J</given-names>. <surname>Fenhann</surname></author>, <author><given-names>S</given-names>. <surname>Gaffin</surname></author>, <author><given-names>K</given-names>. <surname>Gregory</surname></author>, <author><given-names>A</given-names>. <surname>Grübler</surname></author>, <author><given-names>T.Y.</given-names> <surname>Jung</surname></author>, <author><given-names>T</given-names> <surname>Kram</surname></author>, <author><given-names>E.L.</given-names> <surname>La Rovere</surname></author>, <author><given-names>L</given-names>. <surname>Michaelis</surname></author>, <author><given-names>S</given-names>. <surname>Mori</surname></author>, <author><given-names>T</given-names>. <surname>Morita</surname></author>, <author><given-names>W</given-names>. <surname>Pepper</surname></author>, <author><given-names>H</given-names>. <surname>Pitcher</surname></author>, <author><given-names>L</given-names>. <surname>Price</surname></author>, <author><given-names>K</given-names>. <surname>Riahi</surname></author>, <author><given-names>A</given-names>. <surname>Roehrl</surname></author>, <author><given-names>H.-H.</given-names> <surname>Rogner</surname></author>, <author><given-names>A</given-names>. <surname>Sankovski</surname></author>, <author><given-names>M</given-names>. <surname>Schlesinger</surname></author>, <author><given-names>P</given-names> <surname>Shukla</surname></author>, <author><given-names>S</given-names>. <surname>Smith</surname></author>, <author><given-names>R</given-names>. <surname>Swart</surname></author>, <author><given-names>S</given-names>. <surname>van Rooijen</surname></author>, <author><given-names>N</given-names>. <surname>Victor</surname></author> und <author><given-names>Z</given-names>. <surname>Dadi</surname></author> (<year>2000</year>): <title>Special report on emissions scenarios. A special report of Working Group III of the Intergovernmental Panel on Climate Change</title>. <other>Cambridge</other>
<author><surname>Silva</surname>, <given-names>E.A.</given-names></author> und <author><given-names>K.C.</given-names> <surname>Clarke</surname></author> (<year>2002</year>): <title>Calibration of the SLEUTH urban growth model for Lisbon and Porto, Portugal</title>. <source>Computers, Environment and Urban Systems</source> <volume>26</volume>(<issue>6</issue>), S. <fpage>525</fpage>-<lpage>552</lpage>
<author><surname>Simonovic</surname>, <given-names>S.P.</given-names></author> (<year>2002</year>): <title>World water dynamics: global modeling of water resources</title>. <source>Journal of Environmental Management</source> <volume>66</volume>, S. <fpage>249</fpage>-<lpage>267</lpage>
<author><surname>Singh</surname>, <given-names>P</given-names></author>. und <author><given-names>L</given-names>. <surname>Bengtsson</surname></author> (<year>2005</year>): <title>Impact of warmer climate on melt and evaporation for the rainfed, snowfed and glacierfed basins in the Himalayan region</title>. <source>Journal of Hydrology</source> <volume>300</volume> (<issue>1-4</issue>), S. <fpage>140</fpage>-<lpage>154</lpage>
<author><surname>Vörösmarty</surname>, <given-names>C.J.</given-names></author>, <author><given-names>P.B.</given-names> <surname>McIntyre</surname></author>, <author><given-names>M.O.</given-names> <surname>Gessner</surname></author>, <author><given-names>D</given-names>. <surname>Dudgeon</surname></author>, <author><given-names>A</given-names>. <surname>Prusevich</surname></author>, <author><given-names>P</given-names>. <surname>Green</surname></author>, <author><given-names>S</given-names>. <surname>Glidden</surname></author>, <author><given-names>S.E.</given-names> <surname>Bunn</surname></author>, <author><given-names>C.A.</given-names> <surname>Sullivan</surname></author>, <author><given-names>C</given-names>. <surname>Reidy Liermann</surname></author> und <author><given-names>PM</given-names>. <surname>Davies</surname></author> (<year>2010</year>): <title>Global threats to human water security and river biodiversity</title>. <source>Nature</source> <volume>467</volume>, S. <fpage>555</fpage>-<lpage>561</lpage>
<author><surname>Wagner</surname>, <given-names>P.D.</given-names></author>, <author><given-names>S</given-names>. <surname>Kumar</surname></author>, <author><given-names>P</given-names>. <surname>Fiener</surname></author> und <author><given-names>K</given-names>. <surname>Schneider</surname></author> (<year>2011</year>): <title>Hydrological modeling with SWAT in a monsoon-driven environment - experience from the Western Ghats, India</title>.<source> Transactions of the ASABE</source> <volume>54</volume>, S. <fpage>1783</fpage>-<lpage>1790</lpage>
<author><surname>Wagner</surname>, <given-names>P.D.</given-names></author>, <author><given-names>P</given-names> <surname>Fiener</surname></author>, <author><given-names>F</given-names>. <surname>Wilken</surname></author>, <author><given-names>S</given-names>. <surname>Kumar</surname></author> und <author><given-names>K</given-names>. <surname>Schneider</surname></author> (<year>2012</year>): <title>Comparison and evaluation of spatial interpolation schemes for daily rainfall in data scarce regions</title>. <source>Journal of Hydrology</source> <volume>464-465</volume>, S. <fpage>388</fpage>-<lpage>400</lpage>
<author><surname>Wagner</surname>, <given-names>P.D.</given-names></author>, <author><given-names>S</given-names>. <surname>Kumar</surname></author> und <author><given-names>K</given-names>. <surname>Schneider</surname></author> (<year>2013</year>a): <title>An assessment of land use change impacts on the water resources of the Mula and Mutha Rivers catchment upstream of Pune, India</title>. <source>Hydrology and Earth System Sciences</source> <volume>17</volume>, S. <fpage>2233</fpage>-<lpage>2246</lpage>
<author><surname>Wagner</surname>, <given-names>P.D.</given-names></author>, <author><given-names>T.G.</given-names> <surname>Reichenau</surname></author>, <author><given-names>S</given-names>. <surname>Kumar</surname></author> und <author><given-names>K</given-names>. <surname>Schneider</surname></author> (<year>2013</year>b): <title>Development of a new downscaling method for hydrologic assessment of climate change impacts in data scarce regions and its application in the Western Ghats, India</title>. <source>Regional Environmental Change</source>, S. <fpage>1</fpage>-<lpage>13</lpage>; doi: <identifier>10.1007/s10113-013-0481-z</identifier>
<author><surname>Wagner</surname>, <given-names>P.D.</given-names></author>, <author><given-names>S.M.</given-names> <surname>Bhallamudi</surname></author>, <author><given-names>B</given-names>. <surname>Narasimhan</surname></author>, <author><given-names>L</given-names>. <surname>Kantakumar</surname></author>, <author><given-names>K.P</given-names> <surname>Sudheer</surname></author>, <author><given-names>S</given-names>. <surname>Kumar</surname></author>, <author><given-names>K</given-names>. <surname>Schneider</surname></author> und <author><given-names>P</given-names> <surname>Fiener</surname></author> (<year>2015</year>): <title>Modeling future impacts of dynamic land use change on catchment hydrology in India</title>. Eingereicht
<author><surname>Wilk</surname>, <given-names>J</given-names></author>. und <author><given-names>D.A.</given-names> <surname>Hughes</surname></author> (<year>2002</year>): <title>Simulating the impacts of land-use and climate change on water resource availability for a large south Indian catchment</title>. <source> Hydrological Sciences Journal</source> <volume>47</volume>, S. <fpage>19</fpage>-<lpage>30</lpage>