<author><surname>Bischoff</surname>, <given-names>J</given-names></author>. (<year>2006)</year>: <title>Zukunft des Finanzmarkt-Kapitalismus. Strukturen, Widersprüche, Alternativen</title>. <other>Hamburg</other>
<author><surname>Dörry</surname>, <given-names>S</given-names></author>. (<year>2010</year>): <title>Europäische Finanzzentren im Sog der Finanzialisierung. Büromärkte und Stadtpolitik in Frankfurt, London und Paris</title>. <source>Informationen zur Raumentwicklung</source> <volume>5-6</volume>, S. <fpage>351</fpage>-<lpage>364</lpage>
<author><surname>Dörry</surname>, <given-names>S</given-names></author>. (<year>2014</year>): <title>Strategie nodes in investment fund global production networks: The example of the financial centre Luxembourg</title>. <source>Journal of Economic Geography</source>. Online first (28 Julyl. doi: <identifier>10.1093/jeg/lbu031</identifier>
<author><surname>Dörry</surname>, <given-names>S</given-names></author>. und <author><given-names>S</given-names>. <surname>Heeg</surname></author> (<year>2009</year>): <title>Intermediäre und Standards in der Immobilienwirtschaft. Zum Problem der Transparenz in Büromärkten von Finanzzentren</title>. <source>Zeitschrift für Wirtschaftsgeographie</source> <volume>53</volume> (<issue>3</issue>), S. <fpage>172</fpage>-<lpage>190</lpage>
<author><surname>Elsas</surname>, <given-names>R</given-names></author>. und <author><given-names>J.P</given-names> <surname>Krahnen</surname></author> (<year>2004</year>): <title>Universal Banks and Relationships with Firms</title>. In: <editor>J.P. Krahnen</editor> und <editor>R.H. Schmidt</editor> (Hrsg.): <source>The German Financial System</source>. <other>Oxford</other>, S. <fpage>197</fpage>-<lpage>232</lpage>
<author><surname>Gärtner</surname>, <given-names>S</given-names></author>. und <author><given-names>F</given-names>. <surname>Flögel</surname></author> (<year>2013</year>): <title>Dezentrale vs. zentrale Banksysteme? Geographische Marktorientierung und Ort der Entscheidungsfindung als Dimensionen zur Unterteilung von Banksystemen</title>. <source>Zeitschrift für Wirtschaftsgeographie</source> <volume>57</volume> <issue>3</issue>, S. <fpage>104</fpage>-<lpage>121</lpage>
<author><surname>Grote</surname>, <given-names>M.H.</given-names></author>, <author><given-names>V</given-names>. <surname>Lo</surname></author> und <author><given-names>S</given-names>. <surname>Harrschar-Ehrnborg</surname></author> (<year>2002</year>): <title>Avatue Chain approach to financial centres - The case of Frankfurt</title>. <source>Tijdschrift voor economische en sociale geografie</source> <volume>93</volume> (<issue>4</issue>), S. <fpage>412</fpage>-<lpage>423</lpage>
<author><surname>Grote</surname>,<given-names> M.H.</given-names></author> (<year>2003</year>): <title>Distance in Finance: an OverView</title>. In: <editor>A. Thierstein</editor> und <editor>E.W. Schamp</editor> (Hrsg.): <source>Innovation, Finance and Space</source>. <other>Frankfurt a. M.</other>, S.<fpage>45</fpage>-<lpage>57</lpage>
<author><surname>Grote</surname>, <given-names>M.H.</given-names></author> (<year>20041</year>: <title>Die Entwicklung des Finanzplatzes Frankfurt seit dem Zweiten Weltkrieg - Eine evolutionsökonomische Untersuchung</title>. <other>Berlin</other> (<source>Untersuchungen über das Spar-, Giro- und Kreditwesen Abteilung A Wirtschaftswissenschaften</source> <volume>177</volume>)
<author><surname>Handke</surname>. <given-names>M</given-names></author>. (<year>2011</year>): <title>Die Hausbankbeziehung. Institutionalisierte Finanzierungslösungen für kleine und mittlere Unternehmen in räumlicher Perspektive</title>. <other>Münster</other>
<author><surname>Handke</surname>, <given-names>M</given-names></author>. und <author><given-names>E.W.</given-names> <surname>Schamp</surname></author> (<year>2011</year>): <title>Finanzgeographie</title>. In: <editor>H. Gebhardt</editor>, <editor>R. Glaser</editor>, <editor>U. Radtke</editor> und <editor>P. Reuber</editor> (Hrsg.l: <source>Geographie. Physische Geographie und Humangeographie</source>. <other>Heidelberg</other>, S. <fpage>951</fpage>-<lpage>959</lpage>
<author><surname>Heeg</surname>, <given-names>S</given-names></author>. (<year>2013</year>): <title>Wohnungen als Finanzanlage. Auswirkungen und Folgen von Responsibilisierung und Finanzialisierung im Bereich des Wohnens</title>. <source>sub\urban. Zeitschrift für kritische Stadtforschung</source> (<volume>1</volume>), S. <fpage>75</fpage>-<lpage>99</lpage>
<editor>Heires, M.</editor> und <editor>A. Nölke</editor> (Hrsg.) (<year>2014</year>): <title>Politische Ökonomie der Finanzialisierung</title>. <other>Heidelberg</other>
<author><surname>Klagge</surname>, <given-names>B</given-names></author>. (<year>1995</year>): <title>Strukturwandel im Bankwesen und regionalwirtschaftliche Implikationen: Konzeptionelle Ansätze und empirische Befunde</title>. <source>Erdkunde</source> <volume>49</volume> (<issue>4</issue>), S. <fpage>285</fpage>-<lpage>304</lpage>
<author><surname>Klagge</surname>, <given-names>B</given-names></author>. (<year>2009</year>): <title>Finanzmärkte, Unternehmensfinanzierung und die aktuelle Finanzkrise</title>. <source>Zeitschrift für Wirtschaftsgeographie</source> <volume>53</volume> (<issue>1-2</issue>), S. <fpage>1</fpage>-<lpage>13</lpage>
<author><surname>Klagge</surname>, <given-names>B</given-names></author>. (<year>2010</year>): <title>Das deutsche Banken- und Finanzsystem im Spannungsfeld von internationalen Finanzmärkten und regionaler Orientierung</title>. In: <editor>E. Kulke</editor> (Hrsg.): <source>Wirtschaftsgeographie Deutschlands</source>. <other>Heidelberg</other>, S. <fpage>287</fpage>-<lpage>302</lpage>
<author><surname>Klagge</surname>, <given-names>B</given-names></author>. und <author><given-names>J</given-names>. <surname>Anz</surname></author> (<year>2014</year>): <title>Finanzialisierung der Windenergienutzung in Deutschland? Entwicklungen im Spannungsfeld von Finanzsektor und Energiepolitik</title>. In: <editor>M. Heires</editor> und <editor>A. Nölke</editor> (Hrsg.): <source>Politische Ökonomie der Finanzialisierung</source>. <other>Heidelberg</other>, S. <fpage>241</fpage>-<lpage>257</lpage>
<author><surname>Klagge</surname>, <given-names>B</given-names></author>. und <author><given-names>C</given-names>. <surname>Peter</surname></author> (<year>2009</year>): <title>Wissensmanagement in Netzwerken unterschiedlicher Reichweite. Das Beispiel des Private Equity-Sektors in Deutschland</title>. <source>Zeitschrift für Wirtschaftsgeographie</source> <volume>53</volume> (<issue>1-2</issue>), S. <fpage>69</fpage>-<lpage>88</lpage>
<author><surname>König</surname>, <given-names>W</given-names></author>, <author><given-names>E.W.</given-names> <surname>Schamp</surname></author>, <author><given-names>R</given-names>. <surname>Beck</surname></author>, <author><given-names>M</given-names>. <surname>Handke</surname></author>, <author><given-names>J</given-names>. <surname>Vykoukal</surname></author>, <author><given-names>M</given-names>. <surname>Prifling</surname></author> und <author><given-names>S.H.</given-names> <surname>Späthe</surname></author> (<year>2007</year>): <title>Finanzcluster Frankfurt. Eine Clusteranalyse am Finanzzentrum Frankfurt/Rhein-Main</title>. <other>Norderstedt</other>
<author><surname>Lo</surname>, <given-names>V</given-names></author>. und <author><given-names>E.W.</given-names> <surname>Schamp</surname></author> (<year>2001</year>) <title>Finanzplätze auf globalen Märkten - das Beispiel Frankfurt/Rhein-Main</title>. <source>Geographische Rundschau</source> <volume>52</volume> (<issue>7-8</issue>), S. <fpage>26</fpage>-<lpage>31</lpage>
<author><surname>Lo</surname>, <given-names>V</given-names></author>. (<year>2003</year>): <title>Wissensbasierte Netzwerke im Finanzsektor. Das Beispiel des Mergers & Acquisitions-Geschäfts</title>. <other>Wiesbaden</other>
<author><surname>Oßenbrügge</surname>, <given-names>J</given-names></author>. (<year>2011</year>): <title>Economic Crisis and Reshaping of Geography</title>. <source>Die Erde. Zeitschrift der Gesellschaft für Erdkunde</source> <volume>142</volume> (<issue>4</issue>), S. <fpage>357</fpage>-<lpage>376</lpage>
<author><surname>Pike</surname>, <given-names>A</given-names></author>. und <author><given-names>J</given-names>. <surname>Pollard</surname></author> (<year>2010</year>): <title>Economic geographies of financialization</title>. <source>Economic Geography</source> <volume>86</volume> (<issue>1</issue>), S. <fpage>29</fpage>-<lpage>51</lpage>
<author><surname>Reinhart</surname>, <given-names>C.M.</given-names></author> und <author><given-names>K.S.</given-names> <surname>Rogoff</surname></author> (<year>2009</year>): <title>This Time is Different: Eight Centuries of Financial Folly</title>. <other>Princeton</other>
<author><surname>Schamp</surname>, <given-names>E.W.</given-names></author> (<year>1999</year>): <title>The system of German financial centres at the crossroads: from national to European scale</title>. In: <editor>E. Wever</editor> (Hrsg.): <source>Cities in perspective I. Economy, planning and the environment</source>. <other>Assen</other>, S. <fpage>83</fpage>-<lpage>98</lpage>
<author><surname>Schmidt</surname>, <given-names>R.H.</given-names></author> und <author><given-names>M</given-names>. <surname>Tyrell</surname></author> (<year>2004</year>): <title>What Constitutes a Financial System in General and the German Financial System in Particular?</title> In: <editor>J.P. Krahnen</editor> und <editor>R.H. Schmidt</editor> (Hrsg.): <source>The German Financial System</source>. <other>Oxford</other>. S. <fpage>17</fpage>-<lpage>67</lpage>
<author><surname>Stolz</surname>, <given-names>D</given-names></author>. (<year>2014</year>): <title>Nachhaltiges Kalkül. Zur sozial-räumlichen Konstruktion einer Finanzmarkt-Rationalität für Sustainable Investments</title>. <source>Forum Humangeographie</source> <volume>13</volume>, S. <fpage>1</fpage>-<lpage>115</lpage>. <url>www.uni-frankfurt.de/50946575/FH-13.pdf</url> (12.09.2014)
<author><surname>Windolf</surname>, <given-names>P</given-names></author>. (<year>2005</year>): <title>Was ist Finanzmarkt-Kapitalismus?</title> In: <editor>P. Windolf</editor> [Hrsg.]: <source>Finanzmarkt-Kapitalismus. Analysen zum Wandel von Produktionsregimen</source>. <other>Wiesbaden</other>, S. <fpage>20</fpage>-<lpage>57</lpage> (<volume>Sonderheft 45</volume> der <source>Kölner Zeitschrift für Soziologie und Sozialpsychologie</source>)
<author><surname>Zademach</surname>, <given-names>H.-M.</given-names></author> (<year>2014</year>): <title>Finanzgeographie</title>. <other>Darmstadt</other>
<editor>Zademach, H.-M.</editor>, und <editor>S. Hillebrand</editor> (Hrsg.) (<year>2013</year>): <title>Alternative Economies and Spaces. New Perspectives for a Sustainable Economy</title>. <other>Bielefeld</other>
<author><surname>Zeller</surname>, <given-names>C</given-names></author>. (<year>2003</year>): <title>Innovationssysteme in einem finanzdominierten Akkumulationsregime - Befunde und Thesen</title>, <source>Geographische Zeitschrift</source> <volume>91</volume> (<issue>3-4</issue>), S. <fpage>133</fpage>-<lpage>155</lpage>