<author><surname>Anderson</surname>, <given-names>B</given-names></author>. (<year>1991</year>): <title>Imagined Communities: Reflections on the Origin and Spread of Nationalism</title>. <other>London</other>
<author><surname>Bagchi</surname>, <given-names>R</given-names></author>. <year>(2012)</year>: <title>Gorkhaland: Crises of Statehood</title>, <other>New Delhi</other>
<author><surname>Baruah</surname>, <given-names>S</given-names></author>. <year>(1997)</year>): <title>Politics of Subnationalism: Society versus State in Assam</title> In: <editor>P. Chatterjee</editor> (ed.): <source>State and Politics in India</source>. <other>New Delhi</other>, S. <fpage>496</fpage>-<lpage>520</lpage>
<author><surname>Dhillon</surname>, <given-names>S</given-names></author>. (<year>2007</year>): <title>The Sikh Diaspora and the Quest for Khalistan: A Search for Statehood or for Self-preservation?</title> <editor> Institute of Peace and Conflict Studies IIPCS)</editor> <source>Research Papers</source> (<volume>121</volume>. <other>New Delhi</other>
<author><surname>Golay</surname>, <given-names>B</given-names></author>. (<year>2009</year>): <title>Rethinking Gorkha Identity: Outside the Imperium of Discourse, Hegemony, and History</title>. In: <editor>T. Subba</editor> (ed.): <source>Indian Nepalis: Issues and Perspectives</source>. <other>New Delhi</other>, S. <fpage>73</fpage>-<lpage>86</lpage>
<editor>Herb, G.</editor> und <editor>D. Kaplan</editor> (eds.) (<year>1999</year>): <title>Nested Identities: Nationalism, Territory, and State</title>, <other>Lanham</other>
<author><surname>Jetly</surname>, <given-names>R</given-names></author>. (<year>2008</year>): <title>The Khalistan Movement in India: The Interplay of Politics and State Power</title>. <source>International Review of Modern Sociology</source> <volume>34</volume> (<issue>1</issue>), S. <fpage>61</fpage>-<lpage>75</lpage>
<author><surname>Jodhka</surname>, <given-names>S</given-names></author>. (<year>2001</year>): <title>Looking Back at the Khalistan Movement: Some Recent Researches on Its Rise and Decline</title>. <source>Economic and Political Weekly</source> <volume>36</volume> (<issue>16</issue>),S. <fpage>1311</fpage>-<lpage>1318</lpage>
<author><surname>Khan Banerjee</surname>, <given-names>B</given-names></author>. und <author><given-names>G</given-names>. <surname>Stöber</surname></author> (<year>2013</year>): <title>Gorkhaland Movement in India: A Case of Indigeneity and/or a Struggle over Space?</title> In: <editor>T. Lennartz</editor>, <editor>C. Butsch</editor>, <editor>M. Franz</editor> und <editor>M. Kroll</editor> (Hrsg): <source>Aktuelle Forschungsbeiträge zu Südasien: 3. Jahrestagung des AK Südasien, 25,/2b. Januar 2013</source>, <other>Heidelberg</other>, S. <fpage>5</fpage>-<lpage>8</lpage>
<author><surname>Krishnan</surname>, <given-names>G</given-names></author>. (<year>2011</year>): <title>Demography of Punjab</title>. <source>Journal of Punjab Studies</source> <volume>11</volume> (<issue>1</issue>), S. <fpage>77</fpage>-<lpage>89</lpage>. <url>www.global.ucsb.edu/punjab/journal_11_1/6_krishan.pdf</url> (12.05.2013)
<author><surname>Mitra</surname>, <given-names>S</given-names></author>. (<year>2012</year>): <title>Subnational Movements, Cultural Flow, the Modern State and the Malleability of Political Space: From Rational Choice to Transcultural Perspective and Back Again</title>. <source>Transcultural Studies</source>, S. <fpage>8</fpage>-<lpage>47</lpage>. <url>http://journals.ub.uni-heidelberg.de/index.php/transcultural/article/view/9155/3528</url> (12.03.2014)
<author><surname>Paasi</surname>, <given-names>A</given-names></author>. (<year>2003</year>): <title>Region and Place: Regional Identity in Question</title>. <source>Progress in Human Geography</source> <volume>27</volume> (<issue>4</issue>), S. <fpage>475</fpage>-<lpage>485</lpage>
<author><surname>Singh</surname>, <given-names>K</given-names></author>. (<year>2014</year>): <title>A History of the Sikhs 1839-2004</title>. <other>Delhi</other>
<author><surname>Smith</surname>, <given-names>A</given-names></author>. (<year>1996</year>): <title>The Resurgence of Nationalism? Myth and Memory in the Renewal of Nations</title>. <source>British Journal of Sociology</source> <volume>47</volume>, S. <fpage>575</fpage>-<lpage>598</lpage>
<author><surname>Smith</surname>, <given-names>N</given-names></author>, (<year>1992</year>): <title>Geography, Difference and the Politics of Scale</title>. In: <editor>J. Doherty</editor>, <editor>E. Graham</editor> und <editor>M. Malek</editor> (eds.): <source>Postmodernism and the Social Sciences</source>. <other>London</other>, S. <fpage>57</fpage>-<lpage>79</lpage>
<author><surname>Oberoi</surname>, <given-names>H</given-names></author>, (<year>1994</year>): <title>Construction of Religious Boundaries: Culture Identity and Diversity in the Sikh Tradition</title>. <other>Delhi</other>
<author><surname>Van Dyke</surname>, <given-names>K</given-names></author> (<year>2009</year>): <title>The Khalistan Movement in India, and the Post Militancy Era: Structural Change and New Political Compulsions</title>. <source>Asian Survey</source> <volume>49</volume> (<issue>6</issue>), S. <fpage>975</fpage>-<lpage>997</lpage>
<author><surname>Wenner</surname>, <given-names>M</given-names></author>. (<year>2013</year>): <title>Challenging the State by Reproducing its Principles. The Demand for "Gorkhaland" between Regional Autonomy and the National Belonging</title>. <source>Asian Ethnology</source> <volume>72</volume> (<issue>2</issue>), S. <fpage>199</fpage>-<lpage>220</lpage>