<author><surname>Acharya</surname>, <given-names>S</given-names></author>. (<year>2014</year>): <title>Understanding Modi government's economic priorities</title>. <publisher>Rediff Business</publisher>. 20 August 2014. <other>Mumbai</other>, <url>www.rediff.com/business/column/column-understanding-modi-govemments-economic-priorities/20140820.htm</url>
<author><surname>Bhagwati</surname>, <given-names>J</given-names></author>. und <author><given-names>A</given-names>. <surname>Panagariya</surname></author> (<year>2013</year>) <title>Why growth matters. How economic growth in India reduced poverty and the lessons for other developing countries</title>. <other>New York</other>
<editor>BTI, Bertelsmann Stiftung</editor> (Hrsg.) (<year>2012</year>): <title>Transformationsindex BTI 2012</title>. <other>Gütersloh</other>
<editor>Debroy, B.</editor>, <editor>A.J. Tellis</editor> und <editor>R. Trevor</editor> (eds.) (<year>2014</year>): <title>Getting India back on track. An action agenda for reform</title>. <other>Washington, D.C</other>
<editor>Economist</editor>: <title>India as a Great Power</title>. <source>The Economist</source>, <volume>March 30th 2013</volume>, S. <fpage>20</fpage>-<lpage>22</lpage> 
<source>Forbes</source>: <title>How Indians Defied Gravity and Achieved Success in Silicon Valley</title>. <other>New York</other>, <volume>15 October 2012</volume>. <url>www.forbes.com/sites/singularity/2012/10/15/how-indians-defied-gravity-and-achieved-success-in-silicon-valley/</url>
<author><surname>Gupta</surname>, <given-names>R</given-names></author>. <other>et al.</other> (<year>2014</year>): <title>From poverty to empowerment: India's imperative for jobs, growth, and effective basic services</title>. <other>Mumbai</other>, <url>www.mckinsey.com/insights/asia-pacific/indias_path_from_poverty_to_empowerment</url>
<editor>Institute for Conflict Management</editor> (<year>2014</year>): <title>India Data Sheets. South Asia Terrorist Portal</title>. <other>New Delhi</other>, <url>www.satp.org/satporgtp/countries/india/database/index.html</url> (20.8.2014)
<author><surname>Kaplan</surname>, <given-names>R</given-names></author>. (<year>2012</year>): <title>The revenge of geography</title>. <other>New York</other>
<author><surname>Maddison</surname>, <given-names>A</given-names></author>. (<year>2006</year>): <source>The world economy</source>. Volume <volume>1</volume>: <title>A millenial perspective</title>. Volume <volume>2</volume>: <title>Historical statistics</title>. <other>Paris</other>
<editor>Ministry of Finance, Government of India</editor> (<year>2013</year>): <title>Economic Survey 2012-13</title>. <other>New Delhi</other>, <url>http://indiabudget.nic.in/sunzey.asp</url>
<author><surname>Modi</surname>, <given-names>N</given-names></author>.: <title>Narendra Modi (Web-Seite)</title>. <url>www.narendramodi.in</url>
<source>Rediff</source>: <title>50% of Indian engineers lack basic English skills</title>. <other>Mumbai</other>, <volume>24 July 24 2012</volume>. <url>www.rediff.com/getahead/slide-show/slide-show-1-career-50-per-cent-of-indian-engineers-lack-basic-english-skills/20120724.htm</url>
<author><surname>Rothermund</surname>, <given-names>D</given-names></author>. (<year>1985</year>): <title>Indiens Wirtschaftsgeschichte. Von der Kolonialherrschaft bis zur Gegenwart</title>. <other>Paderborn</other> (<source>Uni-Taschenbücher</source> <volume>1378</volume>)
<author><surname>Sivasubramonian</surname>, <given-names>S</given-names></author>. (<year>2000</year>): <title>The national income of India in the twentieth century</title>. <other>New Delhi</other>
<editor>Tata Services</editor> (<year>2012</year>): <title>Statistical outline of India 2013-14</title>. <other>Mumbai</other>
<editor>UNDP</editor> (<year>2013</year>): <title>Human Development Report</title>. <other>New York</other>
<editor>WTO, World Trade Organization</editor> (<year>2013</year>): <title>International Trade Statistics 2013</title>. <other>Geneva</other>, <url>www.wto.org/english/res_e/statis_e/its2013_e/its2013_e.pdf</url>
<author><surname>Zingel</surname>, <given-names>W.P</given-names></author> (<year>2004</year>): <title>Indien auf dem Weg zur postindustriellen Gesellschaft: Infrastruktur, Dienstleistungen und Deregulierung</title>. In: <editor>W. Draguhn</editor> (Hrsg.): <source>Indien 2004: Politik, Wirtschaft, Gesellschaft</source>. <other>Hamburg</other>, S. <fpage>319</fpage>-<lpage>338</lpage>
<author><surname>Zingel</surname>, <given-names>W.-P.</given-names></author> (<year>2009</year>): <title>Indien auf dem Weg vom Schwellenland zur globalen Wirtschaftsmacht</title>. <source>Zur Debatte - Themen der Katholischen Akademie in Bayern</source>. <volume>39</volume> (<issue>4</issue>). S. <fpage>9</fpage> <lpage>f.</lpage>
<author><surname>Zingel</surname>, <given-names>W.-P.</given-names></author> (<year>2011</year>): <title>Indien zwischen wirtschaftlichem Aufstieg und sozialen Herausforderungen</title>. In: <editor>G. Willing</editor> (Hrsg.): <source>Die neuen Weltmächte? China und Indien im Verhältnis zu Europa</source>. <other>Neu-Isenburg</other>, S. <fpage>55</fpage>-<lpage>80</lpage>
<author><surname>Zingel</surname>, <given-names>W.-P.</given-names></author> (<year>2013</year>): <title>On the political economy of India's environmental policy</title>. In: <editor>M. von Hauff</editor> und <editor>A. Kundu</editor> (eds.): <source>Imperatives of sustainability and India's development path</source>. <other>Marburg</other>. S. <fpage>65</fpage>-<lpage>87</lpage>