<editor>BBSR</editor> (Hrsg.) (<year>2011</year>): <title>Wohnungs- und Immobilienmärkte in Deutschland</title>. <other>Bonn</other> (<source>Analysen Bau. Stadt. Raum</source>, Band <volume>5</volume>)
<editor>BMVBS</editor> (Hrsg.) (<year>2013</year>): <title>Bericht über die Wohnungs- und Immobilienwirtschaft in Deutschland</title>. <other>Berlin</other>
<author><surname>Claßen</surname>, <given-names>G</given-names></author>., und <author><given-names>C</given-names>. <surname>Zander</surname></author> (<year>2010</year>): <title>Handel mit Mietwohnungsportfolios in Deutschland. Umfang und Auswirkungen vor dem Hintergrund von Internationalisierung und Professionalisierung</title>. <source>Informationen zur Raumentwicklung</source> (<volume>5/6</volume>), S. <fpage>377</fpage>-<lpage>390</lpage>
<editor>Deutsche Bundesbank</editor> (<year>2013</year>): <title>Monatsbericht Februar 2013</title>. <other>Frankfurt/Main</other>. <url>www.bundesbank.de/Redaktion/DE/Downloads/Veroeffentlichungen/Monatsberichte/2013/2013_02_monatsbericht.pdf?__blob=publicationFile</url> (letzter Abruf 08.03.2013)
<editor>DESTATIS</editor> (<year>2014</year>): <title>Verbraucherpreisindex</title>,<url> www.destatis.de</url> (letzter Abruf 2.07.2013)
<author><surname>Dörry</surname>, <given-names>S</given-names></author>. (<year>2010</year>): <title>Europäische Finanzzentren im Sog der Finanzialisierung. Büromärkte und Stadtpolitik in Frankfurt, London und Paris</title>. <source>Informationen zur Raumentwicklung</source> (<volume>5/6</volume>), S. <fpage>351</fpage>-<lpage>364</lpage>
<editor>Empirica</editor> (<year>2013</year>) <title>Miet- und Kaufpreisranking</title>, <url>www.empirica-institut. de/cgi/litsrch2007.pl?searchstring=Ranking&sdaba=1</url> (letzter Abruf 22.04.2013)
<editor>Empirica</editor> (<year>2014</year>): <title>Miet- und Kaufpreis-Ranking 2014q1</title>. <url>www.empiricainstitut. de/cgi/litsrch2007.pl?searchstring=Miet-%20und%20kaufpreis-Ranking%202014&sdaba=1</url> (letzter Abruf 22.04.2014)
<editor>EUROSTAT</editor> (<year>2014</year>): <title>Statistische Datenbank: Verteilung der Bevölkerung nach Wohnbesitzverhältnissen, Haushaltstyp und Einkommensgruppe (ilc_lvho02)</title>. <url>http://epp.eurostat.ec.europa.eu/portal/page/portal/income_social_inclusion_living_conditions/data/database</url> (letzter Abruf 09.04.2014)
<editor>GSW</editor> und <editor>CBRE</editor> (<year>2013</year>): <title>WohnmarktReport mit WohnkostenAtlas 2013</title>. <other>Berlin</other>. <url>www.gsw.de/files/1213/5877/5420/WMR_2013_DE_WWW.pdf</url> (letzter Abruf 02.05.2014)
<author><surname>Haimann</surname>, <given-names>R</given-names></author>. (<year>2013</year>): <title>In vielen Metropolen sinken die Mieten</title>. <source>Die Welt</source>, <volume>16.10.2013</volume>. <url>www.welt.de/finanzen/immobilien/article120935718/lnvielen-Metropolen-sinken-die-Mieten.html</url> (letzter Abruf 11.04.2014)
<author><surname>Hannemann</surname>, <given-names>C</given-names></author>. (<year>2003</year>): <title>Schrumpfende Städte in Ostdeutschland - Ursachen und Folgen einer Stadtentwicklung ohne Wirtschaftswachstum</title>. <source>Aus Politik und Zeitgeschichte</source> (<volume>28</volume>), S. <fpage>16</fpage>-<lpage>24</lpage>
<author><surname>Heeg</surname>, <given-names>S</given-names></author>. (<year>2009</year>): <title>Wie Phönix aus der Asche? Immobilienwirtschaftliche Forschung in der Geographie</title>. <source>Zeitschrift für Wirtschaftsgeographie</source> <volume>53</volume> (<issue>3</issue>), S. <fpage>129</fpage>-<lpage>137</lpage>
<author><surname>Heeg</surname>, <given-names>S</given-names></author>. (<year>2011</year>): <title>Finanzkrise und städtischen Immobilienmärkte: Die räumlichen Auswirkungen in und zwischen Städten</title>. In: <editor>A. Demirovic</editor>, <editor>J. Duck</editor>, <editor>F. Becker</editor> und <editor>P. Bader</editor> (Hrsg.): <source>Vielfach-Krise im finanzdominierten Kapitalismus. In Kooperation mit dem wissenschaftlichen Beirat von Attac</source>. <other>Hamburg</other>, S. <fpage>179</fpage>-<lpage>197</lpage>
<author><surname>Heeg</surname>, <given-names>S</given-names></author>. (<year>2013</year>):<title> Wohnungen als Finanzanlage. Auswirkungen von Responsibilisierung und Finanzialisierung im Bereich des Wohnens</title>. <source>sub\urban Zeitschrift für kritische Stadtforschung</source> (<volume>1</volume>), S. <fpage>75</fpage>-<lpage>99</lpage>
<author><surname>Helbrecht</surname>, <given-names>I</given-names></author>. und <author><given-names>T</given-names> <surname>Geilenkeuser</surname></author> (<year>2012</year>): <title>Demographischer Wandel, Generationeneffekte und Wohnungsmarktentwicklung: Wohneigentum als Altersvorsorge</title>. <source>Raumforschung und Raumordnung</source> (<volume>70</volume>), S.<fpage>425</fpage>-<lpage>436</lpage>
<author><surname>Holm</surname>, <given-names>A</given-names></author>. (<year>2010</year>a): <title>Institutionelle Anbieter auf deutschen Wohnungsmärkten ~ neue Strategien der Wohnungsbewirtschaftung</title>. <source>Informationen zur Raumentwicklung</source> (<volume>5/6</volume>), S. <fpage>391</fpage>-<lpage>402</lpage>
<author><surname>Holm</surname>, <given-names>A</given-names></author>. (<year>2010</year>b): <title>Townhouses, Urban Village, Car Loft. Berliner Luxuswohnanlagen als 'dritte Welle' der Gentrification</title>. <source>Geographische Zeitschrift</source> <volume>98</volume>(<issue>2</issue>), S. <fpage>100</fpage>-<lpage>115</lpage>
<editor>IBB, Investitionsbank Berlin</editor> (<year>2014</year>): <title> Wohnungsmarktbericht 2013</title>. <other>Berlin</other>. <url>www.ibb.de/wohnungsmarktbericht</url> (letzter Abruf 23.04.2014)
<editor>JLL, Jones Lang LaSalle</editor> (<year>2014</year>): <title>on point. Residential City Profile. Wohnungsmarkt Berlin. Update 2. Halbjahr 2013</title>. <url>www.jll.de/germany/de-de/research/304/berlin-residential-city-profile-2-halbjahr-2013</url> (letzter Abruf 02.05.2014)
<author><surname>Just</surname>, <given-names>T</given-names></author>. (<year>2010</year>): <title>Internationalisierung des deutschen Büroimmobilienmarktes</title>. <source>Informationen zur Raumentwicklung</source> (<volume>5/6</volume>), S. <fpage>341</fpage>-<lpage>350</lpage>
<author><surname>Sassen</surname>, <given-names>S</given-names></author>. (<year>2009</year>): <title> When local housing becomes an electronic instrument: The global circulation of mortgages - A research Note</title>. <source>International Journal of Urban and Regional Research</source> <volume>33</volume> (<issue>2</issue>), S. <fpage>411</fpage>-<lpage>426</lpage>
<editor>Savills</editor> (<year>2013</year>): <title>Marktbericht Wohnungsportfolios Deutschland 2013</title>. <url>www.savills.de/deutsche-marktberichte/wohnungsmarktberichte.aspx</url> (letzter Abruf 09.04.2014)
<author><surname>Scharmanski</surname>, <given-names>A</given-names></author>., und <author><given-names>E</given-names>. <surname>Korinke</surname></author> (<year>2010</year>): <title>Globale Immobilienwirtschaft, internationale Immobilienmärkte - ein einführender Überblick</title>. <source>Informationen zur Raumentwicklung</source> (<volume>5/6</volume>), S. <fpage>325</fpage>-<lpage>339</lpage>
<author><surname>Schmitz</surname>, <given-names>M</given-names></author>., und <author><given-names>M</given-names>. <surname>Voigtländer</surname></author> (<year>2012</year>): <title>Grenzüberschreitende Immobilien-Transaktionen - Umfang, Trends, Determinanten</title>. <source>IW-Trends</source> <volume>39</volume> (<issue>4</issue>), S. <fpage>1</fpage>-<lpage>14</lpage>
<author><surname>Uffer</surname>, <given-names>S</given-names></author>. (<year>2013</year>): <title>Uneven development of Berlins housing provision. Institutional investment and its consequences on the city and its tenants</title>. In: <editor>M. Bernt</editor>, <editor>B. Grell</editor> und <editor>A. Holm</editor> (Hrsg.): <source>The Berlin Reader. A compendium of urban change and activism</source>. <other>Berlin</other>, S. <fpage>153</fpage>-<lpage>170</lpage>