<author><surname>Augar</surname>, <given-names>P</given-names></author>. (<year>2000</year>): <title>The Death of Gentlemanly Capitalism: The Rise And Fall of London's Investment Banks</title>. <other>London</other>
<author><surname>Bindemann</surname>, <given-names>K</given-names></author>. (<year>1999</year>): <title>The Future of European Financial Centres</title>. <other>London </other>
<editor>BIS, Bank for International Settlement</editor> (<year>2013</year>): <title>Triennial Central Bank Survey. Foreign exchange turnover in April 2013: preliminary global results</title>. <other>Basel</other>, <url>www.bis.org/publ/rpfx13fx.pdf</url>
<author><surname>Boschma</surname>, <given-names>R</given-names></author>. und <author><given-names>K</given-names>. <surname>Frenken</surname></author> (<year>2011</year>): <title>The emerging empirics of evolutionary economic geography</title>. <source>Journal of Economic Geography</source> <volume>11</volume> (<issue>2</issue>), S. <fpage>295</fpage>-<lpage>307</lpage>
<author><surname>Cassis</surname>, <given-names>Y</given-names></author>. (<year>2006</year>): <title>Capitals of capital. A history of international financial centres, 1780-2005</title>. <other>Cambridge</other>
<author><surname>Dörry</surname>, <given-names>S</given-names></author>. (<year>2014</year>): <title>Strategic nodes in investment fund global production networks: The example of the financial centre Luxembourg</title>. <source>Journal of Economic Geography</source>. Online first (28. Juli), doi: <identifier>10.1093/jeg/lbu031</identifier>
<author><surname>Engelen</surname>, <given-names>E</given-names></author>. und <author><given-names> M.H.</given-names> <surname>Grote</surname></author> (<year>2009</year>): <title>Stock exchange virtualisation and the decline of second-tier financial centres - the cases of Amsterdam and Frankfurt</title>. <source>Journal of Economic Geography</source> <volume>9</volume> (<issue>5</issue>), S.<fpage>679</fpage>-<lpage>696</lpage>
<author><surname>Faulconbridge</surname>, <given-names>J</given-names></author>., <author><given-names>E</given-names>. <surname>Engelen</surname></author>, <author><given-names>M</given-names>. <surname>Hoylerund</surname></author> und <author><given-names>J</given-names>. <surname>Beaverstock</surname></author> (<year>2007</year>): <title>Analysing the Changing Landscape of European Financial Centres: The Role of Financial Products and the Case of Amsterdam</title>. <source>Growth and Change</source> <volume>38</volume> (<issue>2</issue>), S. <fpage>279</fpage>-<lpage>303</lpage>
<editor>Financial Times</editor> (<year>2012</year>): <title>Special Report: Vienna as a Financial Centre</title>, <volume>16. Mai</volume>, S. <fpage>1</fpage>-<lpage>2</lpage>
<author><surname>Franz</surname>, <given-names>N</given-names></author>. (<year>2005</year>): <title>Der Finanzplatz Luxemburg als Ergebnis wirtschaftlichen Bedarfs, politischen Willens und europäischer Integration</title>. In: <editor>C.M. Merki</editor> (Hrsg.): <source>Europas Finanzzentren. Geschichte und Bedeutung im 20. Jahrhundert</source>. <other>Frankfurt am Main</other>, S. <fpage>149</fpage>-<lpage>165</lpage>
<author><surname>Heires</surname>, <given-names>M</given-names></author>. und <author><given-names>A</given-names>. <surname>Nölke</surname></author> (<year>2014</year>): <title>Politische Ökonomie der Finanzialisierung</title>. <other>Wiesbaden</other>
<author><surname>Kindleberger</surname>, <given-names>C.P.</given-names></author> (<year>1974</year>): <title>The Formation of Financial Centers: A Study in a Comparative Economic History</title>. <other>Princeton, NJ</other> (<source>Princeton Studies in International Finance</source> <volume>36</volume>)
<author><surname>Klagge</surname>, <given-names>B</given-names></author>. (<year>1995</year>): <title>Strukturwandel im Bankwesen und regionalwirtschaftliche Implikationen. Konzeptionelle Ansätze und empirische Befunde</title>. <source>Erdkunde</source> <volume>49</volume> (<issue>4</issue>), S. <fpage>285</fpage>-<lpage>304</lpage>
<author><surname>Laulajainen</surname>, <given-names>R</given-names></author>. (<year>2003</year>): <title>Financial Geography: A Bankers View</title>. <other>London</other>
<editor>Merki, C.M.</editor> (Hrsg.) (<year>2005</year>): <title>Europas Finanzzentren. Geschichte und Bedeutung im 20. Jahrhundert</title>. <other>Frankfurt</other>
<author><surname>Michie</surname>, <given-names>R.C.</given-names></author> (<year>2005</year>): <title>Der Aufstieg der City of London als Finanzplatz: Vom Inlandsgeschäft zum Offshore-Zentrum?</title> In: <editor>C.M. Merki</editor> (Hrsg.): <source>Europas Finanzzentren. Geschichte und Bedeutung im 20. Jahrhundert</source>. <other>Frankfurt</other>. S. <fpage>23</fpage>-<lpage>51</lpage>
<author><surname>Musil</surname>, <given-names>R</given-names></author>. (<year>2011</year>): <title>Investitionen aus Wien in Mittel- und Südosteuropa. Atlas Ost- und Südosteuropa, Blatt Nr. 3.6-G11</title>. <other>Berlin, Stuttgart</other>
<editor>ÖNB, Österreichische Nationalbank</editor> (<year>2012</year>): <title>Finanzmarktstabilitätsbericht</title> <volume>24</volume>. <other>Wien</other>
<author><surname>Palan</surname>, <given-names>R</given-names></author>., <author><given-names>R</given-names>. <surname>Murphy</surname></author> und <author><given-names>C</given-names>. <surname>Chavagneux</surname></author> (<year>2010</year>): <title>Tax havens: how globalization really works</title>. <other>Ithaca</other>
<author><surname>Plumpe</surname>, <given-names>W</given-names></author>. (<year>2013</year>): <title>Wirtschaftskrisen. Geschichte und Gegenwart</title>. <other>München</other>
<author><surname>Porteus</surname>, <given-names>D</given-names></author>. (<year>1999</year>): <title>The Development of Financial Centres: location, Information, Externalities and Path Dependence</title>. In: <editor>R. Martin</editor> (Hrsg.): <source>Money and the Space Economy</source>. <other>Chichester</other>, S. <fpage>95</fpage>-<lpage>114</lpage>
<author><surname>Schamp</surname>, <given-names>E.W.</given-names></author> (<year>2008</year>): <title>Globale Finanzmärkte</title>. In: <editor>E.W. Schamp</editor> (Hrsg.): <source>Globale Verflechtungen</source>. <other>Köln</other>, S. <fpage>72</fpage>-<lpage>84</lpage>
<author><surname>Schamp</surname>, <given-names>E.W.</given-names></author> (<year>2011</year>): <title>Europas jüngstes Finanzzentrum. Der Aufstieg Frankfurts zur europäischen Finanz-Metropole</title>. In: <editor>W. Matznetter</editor> und <editor>R. Musil</editor> (Hrsg.) <source>Europa: Metropolen im Wandel</source>. <other>Wien</other>, S. <fpage>53</fpage>-<lpage>66</lpage>
<editor>The CityUK</editor> (<year>2014</year>): <title>Fund Management. Financial Market Series</title>. <other>London</other>
<author><surname>Walther</surname>, <given-names>0</given-names></author>., <author><given-names>C</given-names>. <surname>Schulz</surname></author> und <author><given-names>S</given-names>. <surname>Dörry</surname></author> (<year>2011</year>): <title>Specialized international financial centres and their crisis resilience: the case of Luxembourg</title>. <source>Geographische Zeitschrift</source> <volume>99</volume> (<issue>2/3</issue>), S. <fpage>123</fpage>-<lpage>142</lpage>
<author><surname>Zademach</surname>, <given-names>H.-M.</given-names></author> (<year>2014</year>): <title>Finanzgeographie</title>. <other>Darmstadt</other>
<author><surname>Zademach</surname>, <given-names>H.-M.</given-names></author> und <author><given-names>R</given-names>. <surname>Musil</surname></author> (<year>2012</year>): <title>Global Integration along Historic Pathways: Vienna and Munich in the Changing Financial Geography of Europe</title>. <source>European Urban and Regional Studies</source> (online first), doi:<identifier>10.1177/0969776412457172</identifier>
<author><surname>Zeller</surname>, <given-names>C</given-names></author>. (<year>2003</year>): <title>Innovationssysteme in einem finanzdominierten Akkumulationsregime - Befunde und Thesen</title>. <source>Geographische Zeitschrift</source> <volume>91</volume>(<issue>3/4</issue>), S. <fpage>133</fpage>-<lpage>155</lpage>
<editor>IMF, International Monetary Fund</editor>: <title>Currency Composition of Official Foreign Exchange Reserves ICOFERI 2014</title>. <url>www.imf.org/external/np/sta/cofer/eng/</url> (Online-Zugriff 28.6.2014)
<editor>WFE, World Federation of Exchanges</editor>. <title>Statistical Database 2014</title>: <url>www.world-exchanges.org/statistics/annual-query-tool</url> (Online-Zugriff 28.6.2014)
<editor>Z/Yen Group</editor>. <title>Global Financial Centre Index (GFCI)</title>: <url>www.zyen.com/research/gfci.html</url> (Online-Zugriff 28. 6. 2014)
<editor>bpb. Bundeszentrale für politische Bildung</editor> <year>2010</year>: <title>Globalisierung, Zahlen und Fakten. Währungsreserven und Devisenumsatz</title>: <url>www.bpb.de/nachschlagen/zahlen-undfakten/gtobalisierung/52618/ waehrungsreserven-und-devisenumsatz</url> (Online-Zugriff 28.6.2014)