<author><surname>Ahluwalia</surname>, <given-names>M.S.</given-names></author> <year>2007</year>: <title>Economic Reforms in India since 1991 - Has Gradualism Worked</title>. In: <editor>R. Mukherji</editor> (Hrsg.): <source>India's Economic Transition - The Politics of Reforms</source>. <other>New Delhi</other>, S. <fpage>87</fpage>-<lpage>113</lpage>
<author><surname>Ahmed</surname>, <given-names>W</given-names></author>. (<year>2011</year>): <title>From Mixed Economy to Neoliberalism - Class and Caste in India’s Policy Transition</title>. In: <editor>W. Ahmed</editor>, <editor>A. Kundu</editor> und <editor>R. Peet</editor> (Hrsg.): <source>India's New Economic Policy - A Critical Analysis</source>. <other>New York, Abingdon</other>, S. <fpage>33</fpage>-<lpage>56</lpage>
<author><surname>Ahmed</surname>, <given-names>W.</given-names></author>, <author><given-names>A.</given-names> <surname>Kundu</surname></author> und <author><given-names>R.</given-names> <surname>Peet</surname></author> (<year>2011</year>): <title>Introduction</title>. In: <editor>W. Ahmed</editor>, <editor>A. Kundu</editor> und <editor>R. Peet</editor> (Hrsg.): <source>India's New Economic Policy-A Critical Analysis</source>. <other>New York, Abingdon</other>, S. <fpage>1</fpage>-<lpage>10</lpage>
<author><surname>Betz</surname>, <given-names>J</given-names></author>., <author><given-names>S</given-names>. <surname>Destradi</surname></author> <author><given-names>D</given-names>. <surname>Neff</surname></author> (<year>2014</year>): <title>Wahlen in Indien 2014: Mandat für den Wandel</title>. <source>GIGA Focus</source> Nr. <volume>6</volume>
<author><surname>Bhalla</surname>, <given-names>S.S.</given-names></author> (<year>2003</year>): <title>Recounting the Poor: Poverty in India, 1983-1999</title>. <source>Economic and Political Weekly</source> <volume>37</volume> (<issue>4</issue>), S. <fpage>338</fpage>-<lpage>349</lpage>
<author><surname>Bloom</surname>, <given-names>D.E.</given-names></author> (<year>2011</year>): <title>Population Dynamics in India and Implications for Economic Growth</title>. (<source>PGDA Working Paper</source> No. <volume>65</volume>). <url>www.hsph.harvard.edu/pgda/WorkingPapers/2011/PGDA_WP_65,pdf</url>
<author><surname>Chandramouli</surname>, <given-names>C</given-names></author>. (<year>2011</year>): <title>Census of India 2011 - Rural Urban Distribution Of Population</title>, <url>http://censusindia.gov.ln/2011-prov-resutts/paper2/data_fites/indla/Rural_Urban_2011.pdf</url> 123.05.2014)
<author><surname>DeLong</surname>, <given-names>J.B.</given-names></author> (<year>2003</year>): <title>India since Independence: An Analytic Growth Narrative</title>. In: <editor>D. Rodrik</editor> (Hrsg.): <source>In Search of Prosperity: Analytic Narratives on Economic Growth</source>. <other>New Jersey</other>, S. <fpage>184</fpage>-<lpage>204</lpage>
<author><surname>Deaton</surname>, <given-names>A</given-names></author>. und <author><given-names>V</given-names>. <surname>Kozel</surname></author> (<year>2005</year>): <title>Data and Dogma: The Great Indian Poverty Debate</title>. <source>World Bank Research Observer</source> <volume>20</volume> 8<issue>2</issue>), S. <fpage>177</fpage>-<lpage>199</lpage>
<author><surname>Featherstone</surname>, <given-names>D</given-names></author>. (<year>2011</year>): <title>Thinking Militant Particularism Politically - Resistances to Neoliberalism in India</title>. In: <editor>W. Ahmed</editor>, <editor>A. Kundu</editor> und <editor>R. Peet</editor> (Hrsg.): <source>India's New Economic Policy - A Critical Analysis</source>. <other>New York, Abingdon</other>, S. <fpage>261</fpage>-<lpage>280</lpage>
<author><surname>Franz</surname>, <given-names>M</given-names></author>. (<year>2011</year>): <title>Die Macht des Widerstandes In Prozessen der Globalisierung - Proteste gegen Metro Cash & Carry in Karnataka, Indien</title>. <source>Geographische Zeitschrift</source> <volume>99</volume> (<issue>4</issue>), S. <fpage>220</fpage>-<lpage>236</lpage>
<editor>Government of India</editor>: <title>State-wise Per Capita Income and Gross Domestic Product at current prices</title>, <url>http://pib.nic.ln/archieve/others/2013/dec/d2013121703.pdf 109.0720141</url>
<author><surname>Kulshreshtha</surname>, <given-names>A.C.</given-names></author> (<year>2011</year>): <title>Measuring the unorganized sector in India</title>. <source>Review of Income and Wealth</source> <volume>57</volume> (Special Issue), S. S<fpage>123</fpage>-S<lpage>134</lpage>
<author><surname>Le Mons Walker</surname>, <given-names>K</given-names></author>. (<year>2008</year>): <title>Neoliberalism on the Ground in Rural India: Predatory Growth, Agrarian Crisis, Internal Colonization, and the Intensification of Class Struggle</title>. <source>The Journal of Peasant Studies</source> <volume>35</volume> (<issue>4</issue>), S. <fpage>557</fpage>-<lpage>620</lpage>
<author><surname>Mukherji</surname>, <given-names>R</given-names></author>. (<year>2007</year>): <title>Introduction - The State and Private Initiative in India</title>. In: <editor>R. Mukherji</editor> (Hrsg.): <source>India's Economic Transition - The Politics of Reforms</source>. <other>New Delhi</other>, S. <fpage>1</fpage>-<lpage>24</lpage>
<editor>NASSCOM</editor> (<year>2012</year>): <title>The IT-BPO Sector in India - Strategic Review 2012</title>. <url>http://survey.nasscom.in/sites/default/flles/researchreports/softcopy/SR12_lndlan%20IT-BPO%20Performance.pdf</url> (27.05.20141
<author><surname>Patnaik</surname>, <given-names>U</given-names></author>. (<year>2011</year>): <title>Imperialism, Resources, and Food Security, with Reference to the Inda Experience</title>. In: <editor>W. Ahmed</editor>, <editor>A. Kundu</editor> und <editor>R. Peet</editor> (Hrsg.): <source>India's New Economic Policy - A Critical Analysis</source>. <other>New York, Abingdon</other>, S. <fpage>215</fpage>-<lpage>239</lpage>
<author><surname>Patnaik</surname>, <given-names>P</given-names></author>. und <author><given-names>C.P.</given-names> <surname>Chandrasekhar</surname></author> (<year>2007</year>): <title>The Indian Economy under 'Structural Adjustment'</title>. In: <editor>R. Mukherji</editor> (Hrsg.): <source>India's Economic Transition - The Politics of Reforms</source>. <other>New Delhi</other>, S. <fpage>52</fpage>-<lpage>86</lpage>
<author><surname>Peet</surname>, <given-names>R</given-names></author>. (<year>2011</year>): <title>Neoliberalism, Inequality and Development</title>. In: <editor>W. Ahmed</editor>, <editor>A. Kundu</editor> und <editor>R. Peet</editor> (Hrsg.): <source>India's New Economic Policy - A Critical Analysis</source>. <other>New York, Abingdon</other>, S. <fpage>11</fpage> -<lpage>32</lpage>
<author><surname>Pritchard</surname>,<given-names> B</given-names></author>., <author><given-names>A</given-names>. <surname>Rammohan</surname></author>, <author><given-names>M</given-names>. <surname>Sekher</surname></author>, <author><given-names>S</given-names>. <surname>Parasuraman</surname></author> und <author><given-names>C</given-names>. <surname>Choitani</surname></author> (<year>2014</year>) <title>Feeding India - Livelihoods, entitlements and capabilities</title>. <other>London. New York</other>
<editor>Reserve Bank of India</editor> (<year>2013</year>a): <title>Employment In Public and Organised Private Sectors</title>. <url>http://rbldocs.rbl.org.in/rdocs/Publicatlons/PDFs/014T_BST130913.pdf</url> (8.5.2014)
<editor>Reserve Bank of India</editor> (<year>2013</year>b): <title>India's Foreign Trade - US Dollar</title>. <url>http://rbidocs.rbi.org.in/rdocs/Publicatlons/PDFs/127T_BST130913.pdf</url> (23.5.2014) 
<editor>Reserve Bank of India</editor> (<year>2013</year>c): <title>Centre's Gross Fiscal Deficit and its Financing</title>. <url>http://rbidocs.rbi.org.in/rdocs/Publications/PDFs/105T_BST130913.pdf</url> (23.5.2014)
<editor>Reserve Bank of India</editor> (<year>2013</year>d): <title>Reserve Bank of India - Liabilities and Assets</title>. <url>http://rbidocs.rbi.org.in/rdocs/Pubticatlons/PDFs/042T_BST130913.pdf</url> (23.5.2014)
<editor>The World Bank</editor> (<year>2014</year>a): <title>Data</title>, <source>http://data.worldbank.org/</source> (8.5.2014)
<editor>The World Bank</editor> (<year>2014</year>b): <title>World Development Indicators</title>. <url>http://wdi.worldbank.org/122.05.20141</url>
<editor>The World Bank</editor> (<year>2014</year>c): <title>Poverty and Inequality Database</title>, <url>http://databank.worldbank.org/data/views/varlableSelectlon/selectvariables. aspx?source=poverty-and-inequality-database</url> (22.05.2014)
<author><surname>Wamser</surname>, <given-names>J</given-names></author>. (<year>2008</year>): <title>Wirtschaftsstandort Indien - Wirtschaftliche Öffnung und Folgen des globalen Wettbewerbs</title>. <source>Geographische Rundschau</source> <volume>60</volume> (<issue>4</issue>), S. <fpage>4</fpage>-<lpage>10</lpage>
<author><surname>Zingel</surname>, <given-names>W.-P.</given-names></author> (<year>1998</year>): <title>Indien -Sozlalstruktur</title>.<url>www.sai.uni-heidelberg.de/abt/intwep/zlnget/india-so.htm</url> 109.07.2014)