<author><surname>Abberger</surname>, <given-names>K</given-names></author>., <author><given-names>C</given-names>. <surname>Hainz</surname></author> und <author><given-names>A</given-names>. <surname>Kunkel</surname></author> (<year>2009</year>): <title> Kreditvergabepolitik der Banken: Warum leiden große Unternehmen besonders?</title> <source>ito Schnelldienst</source> <volume>62</volume>(<issue>14</issue>), S. <fpage>3</fpage>-<lpage>5</lpage>
<author><surname>Agarwal</surname>, <given-names>S</given-names></author>. und <author><given-names>R</given-names>. <surname>Hauswald</surname></author> (<year>2007</year>): <title>Distance and Information Asymmetries in Lending</title>. <other>Chicago</other> (<source>Federal Reserve Bank of Chicago Working Paper</source>)
<author><surname>Alessandrini</surname>, <given-names>P</given-names></author>. und <author><given-names>A</given-names>. <surname>Zazzaro</surname></author> (<year>1999</year>): <title>A 'Possibilis´ Approach to Local Financial Systems and Regional Development: The Italian Experience</title>. In: <editor>R. Martin</editor> (Hrsg.): <source>Money and the Space Economy</source>. <other>London</other>, S. <fpage>71</fpage>-<lpage>92</lpage>
<author><surname>Alessandrini</surname>, <given-names>P</given-names></author>, <author><given-names>A.F.</given-names> <surname>Presbitero</surname></author> und <author><given-names>A</given-names>. <surname>Zazzaro</surname></author> (<year>2009</year>): <title>Geographical Organisation of Banking Systems and Innovation Diffusion</title>. In: <editor>P. Alessandrini</editor>, <editor>M. Fratianni</editor> und <editor>A. Zazzaro</editor> (Hrsg.), <source>The changing geography of banking and finance</source>.<other> New York</other>, S. <fpage>75</fpage>-<lpage>108</lpage>
<author><surname>Beck</surname>, <given-names>T</given-names></author>, <author><given-names>H</given-names>. <surname>Hesse</surname></author>, <author><given-names>T</given-names>. <surname>Kick</surname></author> und <author><given-names>N</given-names>. <surname>Westernhagen</surname></author> (<year>2009</year>): <title>Bank ownership and stability: Evidence from Germany</title>. <other>Tiburg</other> (Working Paper, Tilburg Univ.)
<author><surname>Behr</surname>, <given-names>P</given-names></author>, <author><given-names>L</given-names>. <surname>Norden</surname></author> und <author><given-names>F</given-names>. <surname>Noth</surname></author> (<year>2012</year>): <title>Financial Constraints of Private Firms and Bank Lending Behavior</title>. 31.01 2012 (Working Paper). <url>http://papers.ssrn,com/sol3/papers.cfm?abstractjd=1713129</url>
<author><surname>Berger</surname>, <given-names>A</given-names></author>., <author><given-names>N</given-names>. <surname>Miller</surname></author>, <author><given-names>M</given-names>. <surname>Petersen</surname></author>, <author><given-names>R</given-names>. <surname>Raghuram</surname></author> und <author><given-names>J</given-names>. <surname>Stein</surname></author> (<year>2005</year>): <title>Does Function Follow Organizational Form? Evidence from the Lending Practices of Large and Small Banks</title>. <source>Journal of Financial Economics</source> <volume>76</volume>. S. <fpage>237</fpage>-<lpage>269</lpage>
<author><surname>Bülbül</surname>, <given-names>D</given-names></author>., <author><given-names>R.H.</given-names> <surname>Schmidt</surname></author> und <author><given-names>U</given-names>. <surname>Schüwer</surname></author> (<year>2013</year>): <title>Caisses d'Epargne et Banque en Europe</title>. <source>Revue d'Èconomie Financière</source> <volume>111</volume>, S. <fpage>159</fpage>-<lpage>188</lpage> (englische Version erschienen als <source>SAFE-White Paper Series</source> No. <volume>5</volume>. <editor>Universität Frankfurt</editor> <year>2013</year>)
<author><surname>Chick</surname>, <given-names>V</given-names></author>. und <author><given-names>S.C</given-names> <surname>Dow</surname></author> (<year>1988</year>): <title>A post-Keynesian perspective on the relation between Banking and Regional Development</title>. In: <editor>P. Arestis</editor> (Hrsg.): <source>Post-Keynesian monetary economies</source>. <other>Alderhots, Hants</other>, S. <fpage>219</fpage>-<lpage>250</lpage>
<author><surname>Christians</surname>, <given-names>U</given-names></author>. (<year>2010</year>): <title>Zur Ertragslage der Sparkassen und Genossenschaftsbanken in den strukturarmen Regionen Ostdeutschlands</title>. In: <editor>U. Christians</editor> und <editor>K. Hempel</editor> (Hrsg.): <source>Unternehmensfinanzierung und Region. Finanzierungsprobleme mittelständischer Unternehmen und Bankpolitik in peripheren Wirtschaftsräumen</source>. <other>Hamburg</other>, S. <fpage>231</fpage>-<lpage>253</lpage> (<source>Schriftenreihe Finanzmanagement</source> <volume>70</volume>)
<author><surname>Conrad</surname>, <given-names>A</given-names></author>. (<year>2010</year>): <title>Banking in schrumpfenden Regionen. Auswirkungen von Alterung und Abwanderung auf Regionalbanken unter besonderer Berücksichtigung der Sparkassen</title>. <other>Hamburg</other>
<author><surname>Deakins</surname>, <given-names>D</given-names></author>., <author><given-names>G</given-names>. <surname>Whittam</surname></author> und <author><given-names>J</given-names>. <surname>Wyper</surname></author> (<year>2010</year>): <title>SMEs' access to bank finance in Scotland: an analysis of bank manager decision making</title>. <source>Venture Capital</source> <volume>12</volume> (<issue>3</issue>), S. <fpage>193</fpage>-<lpage>209</lpage>
<editor>DSGV</editor> und <editor>BVR</editor> (<year>2013</year>): <title>Daten auf Anfrage beim Deutschen Sparkassen und Giroverband und Bundesverband der Deutschen Volksbanken und Raiffeisenbanken</title>
<author><surname>Engerer</surname>, <given-names>H</given-names></author>. und <author><given-names>M</given-names>. <surname>Schrooten</surname></author> (<year>2004</year>): <title>Untersuchung der Grundlagen und Entwicklungsperspektiven des Bankensektors in Deutschland (Dreisäulensystem) - im Auftrag des Bundesministeriums der Finanzen</title>. <publisher>Deutsches Institut für Wirtschaftsforschung</publisher>, <other>Berlin</other>
<editor>European Central Bank</editor> (<year>2013</year>): <title>Survey on the Access to Finance of Small and Medium-Sized Enterprises in the Euro Area</title>. <other>Frankfurt a.M.</other>
<author><surname>Ferrando</surname>, <given-names>A</given-names></author>. und <author><given-names>N</given-names>. <surname>Griesshaber</surname></author> (<year>2011</year>/<year>2013</year>): <title> Financing obstacles among euro area firms: Who suffers the most?</title> <publisher>Europäische Zentralbank</publisher>, <other>Frankfurt a.M.</other> (<source>EZB Working Paper Series</source>, <volume>1293</volume>)
<author><surname>Gärtner</surname>, <given-names>S</given-names></author>. (<year>2008</year>): <title>Ausgewogene Strukturpolitik: Sparkassen aus regionalökonomischer Perspektive</title>. <other>Münster</other>
<author><surname>Gärtner</surname>, <given-names>S</given-names></author>. (<year>2009</year>): <title>Lehren aus der Finanzkrise: räumliche Nähe als stabilisierender Faktor</title>. Internet-Dokument. <other>Gelsenkirchen</other> (<source>Inst. Arbeit und Technik. Forschung Aktuell</source>, Nr. <volume>08</volume>)
<author><surname>Gärtner</surname>, <given-names>S</given-names></author>.(<year>2011</year>): <title>Die Zukunft von New York London HongKong und Cayman Jersey Schweiz Liechtenstein: eine räumliche Forschungsskizze in Postkrisenzeiten</title>. In: <editor>C. Scheuplein</editor> und <editor>G. Wood</editor> (Hrsg.): <source>Nach der Weltwirtschaftskrise: Neuanfänge in der Region?</source> <other>Berlin</other>, S. <fpage>49</fpage>-<lpage>83</lpage>
<author><surname>Gärtner</surname>, <given-names>S</given-names></author>. (<year>2013</year>) <title>Varianten institutioneller Arrangements am Beispiel regionaler Finanzregime</title>. In: <editor>0. Brand</editor>, <editor>S. Dörhöfer</editor> und <editor>P. Eser</editor> (Hrsg.): <source>Die konflikthafte Konstitution der Region: Kultur, Politik. Ökonomie</source>. <other>Münster</other>. S. <fpage>233</fpage>-<lpage>263</lpage>
<author><surname>Gärtner</surname>, <given-names>S</given-names></author>. und <author><given-names>F</given-names>. <surname>Flögel</surname></author> (<year>2013</year>): <title>Dezentrale versus zentrale Bankensysteme? Geographische Marktorientierung und Ort der Entscheidungsfindung als Dimensionen zur Unterteilung von Bankensystemen</title>. <source>Zeitschrift für Wirtschaftsgeographie</source> <volume>57</volume> (<issue>3</issue>). S. <fpage>34</fpage>-<lpage>50</lpage>
<source>Handelsblatt</source> (<volume>05.08.2012</volume>): <title>Eine Liebeserklärung. Deutschland, deine Sparkassen</title>. <url>www.handelsblatt.com</url> (gesichtet am: 10.10.2012)
<author><surname>Handke</surname>, <given-names>M</given-names></author>. (<year>2011</year>): <title>Die Hausbankbeziehung. Institutionalisierte Finanzlösungen für kleine und mittlere Unternehmen in räumlicher Perspektive</title>. <other>Berlin</other>
<editor>Hardie, I.</editor> und <editor>D. Howarth</editor> (Hrsg.) (<year>2013</year>): <title>Market-Based Banking and the Intern Financial Crisis</title>. <other>Oxford</other>
<author><surname>Hesse</surname>, <given-names>H</given-names></author>. und <author><given-names>M</given-names>. <surname>Cihák</surname></author> (<year>2007</year>): <title>Cooperative Banks and Financial Stability</title>. <other>Washington D.C.</other> (<source>IMF Working Paper</source> <volume>WP/07/2</volume>)
<author><surname>Klagge</surname>, <given-names>B</given-names></author>. und <author><given-names>R</given-names>. <surname>Martin</surname></author> (<year>2005</year>): <title>Decentralized versus centralized financial Systems: is there a case for local Capital markets?</title> <source>Journal of Economics Geography</source> <volume>14</volume> (<issue>3</issue>), S. <fpage>387</fpage>-<lpage>421</lpage>
<author><surname>Klagge</surname>, <given-names>B</given-names></author>. (<year>1995</year>): <title>Strukturwandel im Bankenwesen und Regionalwirtschaftliche Implikationen. Konzeptionelle Ansätze und empirische Befunde</title>. <source>Erdkunde</source> <volume>49</volume> (<issue>1</issue>). S. <fpage>285</fpage>-<lpage>304</lpage>
<author><surname>Klagge</surname>. <given-names>B</given-names></author>. (<year>2010</year>): <title>Das deutsche Banken- und Finanzsystem im Spannungsfeld von internationalen Finanzmärkten und regionaler Orientierung</title>. In: <editor>E. Kulke</editor> (Hrsg.): <source>Wirtschaftsgeographie Deutschlands</source>. <other>Heidelberg</other>, S. <fpage>287</fpage>-<lpage>302</lpage>
<author><surname>Myrdal</surname>, <given-names>G</given-names></author>. (<year>1959</year>): <title>Ökonomische Theorie und unterentwickelte Region</title>. <other>Stuttgart</other>
<author><surname>Stein</surname>, <given-names>J</given-names></author>. (<year>2002</year>): <title>Information Production and Capital Allocation: Decentralized versus Hierarchical Firms</title>. <source>The Journal of Finance</source> <volume>57</volume> (<issue>5</issue>), S. <fpage>1891</fpage>-<lpage>1921</lpage>