<author><surname>Amin</surname>, <given-names>Ash</given-names></author>, <author><given-names>Nigel</given-names> <surname>Thrift</surname></author> <year>1992</year>: <title>Neo-Marshallian Nodes in Global Networks</title>. In: <source>International Journal of Urban and Regional Research</source> <volume>4</volume>. S. <fpage>571</fpage>-<lpage>587</lpage>.
<author><surname>Brenner</surname>, <given-names>Neil</given-names></author> <year>2000</year>: <title>Building „Euro-Regions“. Locational Politics and the Political Geography of Neoliberalism in Post-Unification Germany</title>. In: <source>European Urban and Regional Studies</source>, Vol. <volume>7</volume>. S. <fpage>319</fpage>-<lpage>345</lpage>.
<author><surname>Butzin</surname>, <given-names>Bernhard</given-names></author> <year>1995</year>: <title>Neue Strategien der Regionalentwicklung – Perspektiven für das Ruhrgebiet?</title> In: <editor>Kommunalverband Ruhrgebiet</editor> (Hg.): <source>Wege, Spuren. Festschrift zum 75jährigen Bestehen des Kommunalverbandes Ruhrgebiet</source>. <other>Essen</other>. S. <fpage>145</fpage>-<lpage>187</lpage>.
<author><surname>Candeias</surname>, <given-names>Mario</given-names></author> <year>2000</year>: <title>Restrukturierung der räumlichen Organisation des Staates</title>. In: <source>Das Argument</source> <volume>236</volume>. S. <fpage>355</fpage>-<lpage>373</lpage>.
<author><surname>Döhl</surname>, <given-names>Volker</given-names></author>, <author><given-names>Dieter</given-names> <surname>Sauer</surname></author> <year>1995</year>: <title>Neue Unternehmensstrategien und regionale Entwicklung</title>. In: <source>Jahrbuch sozialwissenschaftliche Technikberichterstattung</source>. <other>Berlin</other>. S. <fpage>103</fpage>-<lpage>157</lpage>.
<editor>Finanzministerium Nordrhein-Westfalen</editor>: <title>Subventionsbericht des Landes Nordrhein-Westfalen (verschiedene Jahrgänge)</title>. <other>Düsseldorf</other>.
<author><surname>Goch</surname>, <given-names>Stefan</given-names></author> <year>1996</year>: <title>Politik zur ökonomischen, sozialen und ökologischen Bewältigung des Strukturwandels im Ruhrgebiet – Ein Überblick</title>. In: <editor>Rainer Bovermann</editor>, <editor>Stefan Goch</editor>, <editor>Heinz-Jürgen Priamus</editor> (Hg.): <source>Das Ruhrgebiet – Ein starkes Stück Nordrhein-Westfalen. Politik in der Region 1946-1996</source>. <other>Essen</other>. S. <fpage>380</fpage>-<lpage>426</lpage>.
<author><surname>Goodwin</surname>, <given-names>Mark</given-names></author>, <author><given-names>Joe</given-names> <surname>Painter</surname></author> <year>1997</year>: <title>Concrete Research, Urban Regimes, and Regulation Theory</title>. In: <editor>Mickey Lauria</editor> (ed.): <source>Reconstructing Urban Regime Theory. Regulating Urban Politics in a Global Economy</source>. <other>Thousand Oaks, London, New Delhi</other>. S. <fpage>13</fpage>-<lpage>29</lpage>.
<author><surname>Grabher</surname>, <given-names>Gernot</given-names></author> <year>1993</year>: <title>Wachstums-Koalitionen und Verhinderungs-Allianzen. Entwicklungsimpulse und -blockierungen durch regionale Netzwerke</title>. In: <source>Informationen zur Raumentwicklung</source> <volume>11</volume>. S. <fpage>749</fpage>-<lpage>758</lpage>.
<editor>Gründungsoffensive</editor> <year>1999</year>: <title>Bilanz der Gründungs-Offensive NRW „GO!“ 1996-1998</title>. <other>o. O.</other>
<author><surname>Günter</surname>, <given-names>Roland</given-names></author> <year>1997</year>: <title>Im Tal der Könige. Ein Reisebuch zu Emscher, Rhein und Ruhr</title>. <other>Essen</other>.
<author><surname>Häußermann</surname>, <given-names>Hartmut</given-names></author>, <author><given-names>Walter</given-names> <surname>Siebel</surname></author> <year>1994</year>: <title>Wie organisiert man Innovation in nicht-innovativen Milieus?</title> In: <editor>Rolf Kreibich</editor>, <editor>Arno S. Schmid</editor>, <editor>Walter Siebel</editor>, <editor>Thomas Sieverts</editor>, <editor>Peter Zlonicky</editor> (Hg.): <source>Bauplatz Zukunft. Dispute über die Entwicklung von Industrieregionen</source>. <other>Essen</other>. S. <fpage>52</fpage>-<lpage>64</lpage>.
<author><surname>Heinze</surname>, <given-names>Rolf G.</given-names></author> <other>u.a.</other> <year>1997</year>: <title>Innovative Standortpolitik auf Länderebene – das Beispiel Nordrhein-Westfalen</title>. In: <editor>Udo Bullmann</editor>, <editor>Rolf G. Heinze</editor> (Hg.): <source>Regionale Modernisierungspolitik. Nationale und internationale Perspektiven</source>. <other>Opladen</other>. S. <fpage>251</fpage>-<lpage>268</lpage>.
<author><surname>Heinze</surname>, <given-names>Rolf G.</given-names></author>, <author><given-names>Christoph</given-names> <surname>Strünck</surname></author>, <author><given-names>Helmut</given-names> <surname>Voelzkow</surname></author> <year>1997</year>: <title>Die Schwelle zur globalen Welt. Silhouetten einer regionalen Modernisierungspolitik</title>. In: <editor>Udo Bullmann</editor>, <editor>Rolf G. Heinze</editor> (Hg.): <source>Regionale Modernisierungspolitik. Nationale und internationale Perspektiven</source>. <other>Opladen</other>. <fpage>317</fpage>-<lpage>347</lpage>.
<author><surname>Hirsch</surname>, <given-names>Joachim</given-names></author> <year>1995</year>: <title>Der nationale Wettbewerbsstaat. Staat, Demokratie und Politik im globalen Kapitalismus</title>. <other>Berlin, Amsterdam</other>.
<author><surname>Hübner</surname>, <given-names>Kurt</given-names></author> <year>1989</year>: <title>Theorie der Regulation. Eine kritische Rekonstruktion eines neuen Ansatzes der Politischen Ökonomie</title>. <other>Berlin</other>.
<editor>IHK NRW (Vereinigung der Industrie- und Handelskammern des Landes Nordrhein-Westfalen)</editor> <year>1985</year>: <title>Wirtschaftspolitik für Nordrhein-Westfalen</title>. <other>Düsseldorf</other>.
<editor>Institut für Mittelstandsforschung</editor> <year>1998</year>: <title>Wissenschaftliche Begleitforschung 1997 zur Gründungsoffensive Nordrhein-Westfalen. Gutachten im Auftrag des Ministeriums für Wirtschaft, Mittelstand, Technologie und Verkehr des Landes Nordrhein-Westfalen</title>. <other>Bonn</other>.
<editor>InWIS (Institut für Wohnungs- und Immobilienwirtschaft, Stadt- und Regionalentwicklung)/MR Regionalberatung</editor> und <editor>Projektentwicklung (Dr. Michael Ridder)/NEI (Netherlands Economic Institute)</editor> <year>1997</year>: <title>Zwischenevaluierung des operationellen NRW-EU-Ziel-2-Programms 1994-1996. Gutachten im Auftrag des Ministeriums für Wirtschaft, Mittelstand, Technologie und Verkehr sowie des Ministeriums für Arbeit, Gesundheit und Soziales des Landes Nordrhein-Westfalen. Endbericht</title>. <other>Bochum, Delmenhorst, Rotterdam</other>.
<author><surname>Jochimsen</surname>, <given-names>Reimut</given-names></author> <year>1983</year>: <title>Politik für das Ruhrgebiet – Kontinuität, Perspektive, Prioritäten</title>. In: <source>Strukturanalyse Ruhrgebiet. Bilanz – Kritik – Perspektiven. Dokumentation einer gemeinsamen Veranstaltung des Kommunalverbandes Ruhrgebiet und des Innovationsförderungs- und Technologietransfer-Zentrums der Hochschulen des Ruhrgebiets am 23./24. März 1983 in Gelsenkirchen</source>. <other>o. O.</other> S. <fpage>11</fpage>-<lpage>19</lpage>.
<author><surname>Jones</surname>, <given-names>Martin</given-names></author> <year>1998</year>: <title>Restructuring the local state: economic governance or social regulation?</title> In: <source>Political Geography</source>, Vol. <volume>17</volume>. S. <fpage>959</fpage>-<lpage>988</lpage>.
<author><surname>Kilper</surname>, <given-names>Heiderose</given-names></author> <year>1999</year>: <title>Die Internationale Bauausstellung Emscher Park. Eine Studie zur Steuerungsproblematik komplexer Erneuerungsprozesse in einer alten Industrieregion</title>. <other>Opladen</other>.
<author><surname>Kilper</surname>, <given-names>Heiderose</given-names></author> <other>u. a.</other> <year>1996</year>: <title>Wegweiser in die Zukunft. Perspektiven und Konzepte für den Strukturwandel im Ruhrgebiet</title>. <other>Essen</other>.
<editor>Kommision Montanregionen</editor> <year>1989</year>: <title>Bericht der Kommission Montanregionen des Landes Nordrhein-Westfalen</title>. <other>Düsseldorf</other>.
<editor>Landesregierung Nordrhein-Westfalen</editor> <year>1979</year>: <title>Die Landesregierung informiert. Politik für das Ruhrgebiet. Dokumentation der Ruhrkonferenz am 8./9. Mai 1979 in Castrop-Rauxel</title>. <other>Düsseldorf</other>.
<editor>Landesregierung Nordrhein-Westfalen</editor> <year>1987</year>: <title>Die Landesregierung Nordrhein-Westfalen informiert. Unsere Politik für die Zukunft der Montanregionen. Regierungserklärung von Ministerpräsident Johannes Rau vor dem Landtag Nordrhein-Westfalen am 10. Juli 1987</title>. <other>Düsseldorf</other>.
<editor>Landesregierung Nordrhein-Westfalen</editor> <year>1996</year>: <title>Landesentwicklungsbericht Nordrhein-Westfalen. Verläßliche Politik in einer Zeit des Umbruchs. Ziele, Perspektiven und Handlungsschwerpunkte in der 12. Legislaturperiode</title>. <other>Düsseldorf</other>.
<author><surname>Mayntz</surname>, <given-names>Renate</given-names></author>, <author><given-names>Fritz W.</given-names> <surname>Scharpf</surname></author> <year>1995</year>: <title>Steuerung und Selbstorganisation in staatsnahen Sektoren</title>. In: <other>dies.</other> (Hg.): <source>Gesellschaftliche Selbstregelung und politische Steuerung</source>. <other>Frankfurt a.M., New York</other>. S. <fpage>9</fpage>-<lpage>38</lpage>.
<editor>MSWV (Ministerium für Stadtentwicklung, Wohnen und Verkehr des Landes Nordrhein-Westfalen)</editor> <year>1988</year>: <title>Internationale Bauausstellung Emscher-Park. Werkstatt für die Zukunft alter Industrieregionen. Memorandum zu Inhalt und Organisation</title>. <other>Düsseldorf</other>.
<author><surname>Müller</surname>, <given-names>Sebastian</given-names></author>, <author><given-names>Rita A.</given-names> <surname>Hermann</surname></author> <year>1999</year>: <title>Vorwort</title>. In: <other>dies.</other> (Hg.): <source>Inszenierter Fortschritt. Die Emscherregion und ihre Bauausstellung</source>. <other>Bielefeld</other>. S. <fpage>7</fpage>-<lpage>8</lpage>.
<editor>MWMT (Ministerium für Wirtschaft, Mittelstand und Technologie des Landes Nordrhein-Westfalen)</editor> <year>1992</year>: <title>Regionalisierung. Neue Wege in der Strukturpolitik Nordrhein-Westfalens</title>. <other>Düsseldorf</other>.
<editor>MWMT (Ministerium für Wirtschaft, Mittelstand und Technologie des Landes Nordrhein-Westfalen)</editor> <year>1995</year>: <title>Strukturwandel in NRW: Fortschritt durch Kooperation und Kreativität. Kongreß am 18. November 1994 im Seidenweberhaus Krefeld</title>. <other>Düsseldorf</other>.
<editor>MWMTV (Ministerium für Wirtschaft, Mittelstand, Technologie und Verkehr des Landes Nordrhein-Westfalen)</editor> <year>1995</year>a: <title>Statement des Ministers für Wirtschaft, Mittelstand, Technologie und Verkehr des Landes Nordrhein-Westfalen, Wolfgang Clement, zum Thema „Die neue Landesregierung Nordrhein-Westfalen – ein verläßlicher Partner für die Wirtschaft“ (Vortrag bei „Pro Ruhrgebiet e.V.“) am 28. September 1995 in Essen, Landtag Nordrhein-Westfalen. 12. Wahlperiode, Vorlage 12/139</title>. <other>Düsseldorf</other>.
<author><surname>Painter</surname>, <given-names>Joe</given-names></author>, <author><given-names>Mark</given-names> <surname>Goodwin</surname></author> <year>1995</year>: <title>Local governance and concrete research: investigating the uneven development of regulation</title>. In: <source>Economy and Society</source>, Vol. <volume>24</volume>. S. <fpage>334</fpage>-<lpage>356</lpage>.
<author><surname>Pieper</surname>, <given-names>Theodor</given-names></author> <year>1985</year>: <title>Regionale Strukturpolitik in altindustrialisierten Gebieten</title>. In: <source>Raumforschung und Raumordnung</source> <volume>4</volume>. S. <fpage>151</fpage>-<lpage>156</lpage>.
<author><surname>Poulantzas</surname>, <given-names>Nicos</given-names></author> <year>1978</year>: <title>Staatstheorie. Politischer Überbau, Ideologie, sozialistische Demokratie</title>. <other>Hamburg</other>.
<title>Ruhr-Memorandum</title> <year>1997</year>. <title>Zu Lage und Perspektiven der Ruhrwirtschaft</title>. Herausgegeben von der <editor>Arbeitnehmerfraktion in der Verbandsversammlung des Kommunalverbandes Ruhrgebiet und dem Deutschen Gewerkschaftsbund, Landesbezirk Nordrhein-Westfalen</editor>. <other>Bochum, Essen</other>.
<author><surname>Sauer</surname>, <given-names>Birgit</given-names></author> <year>1998</year>: <title>Entstaatlichung des Staates im Zeitalter der Globalisierung? Unzeitgemäßes Plädoyer für ein anti-patriarchales Staatskonzept</title>. In: <source>femina politica</source> <volume>1</volume>. S. <fpage>26</fpage>-<lpage>34</lpage>.
<author><surname>Teubner</surname>, <given-names>Gunther</given-names></author>, <author><given-names>Helmut</given-names> <surname>Willke</surname></author> <year>1984</year>: <title>Kontext und Autonomie: Gesellschaftliche Selbststeuerung durch reflexives Recht</title>. In: <source>Zeitschrift für Rechtssoziologie</source> <volume>1</volume>. S. <fpage>4</fpage>-<lpage>35</lpage>.
<author><surname>Tömmel</surname>, <given-names>Ingeborg</given-names></author> <year>1994</year>: <title>Staatliche Regulierung und europäische Integration. Die Regionalpolitik der EG und ihre Implementation in Italien</title>. <other>Baden-Baden</other>.
<author><surname>Voigt</surname>, <given-names>Rüdiger</given-names></author> <year>1996</year>: <title>Des Staates neue Kleider. Entwicklungslinien moderner Staatlichkeit</title>. <other>Baden-Baden</other>.
<author><surname>Voß</surname>, <given-names>Arnold</given-names></author> <year>1999</year>: <title>Städtebau als Regionaldesign. Zum Verhältnis von baulich-räumlicher Gestaltung und regionalem Strukturwandel bei der IBA Emscher-Park</title>. In: <editor>Sebastian Müller</editor>, <editor>Rita A. Hermann</editor> (Hg.): <source>Inszenierter Fortschritt. Die Emscherregion und ihre Bauausstellung</source>. <other>Bielefeld</other>. S. <fpage>50</fpage>-<lpage>60</lpage>.
<author><surname>Willke</surname>, <given-names>Helmut</given-names></author> <year>1987</year>: <title>Entzauberung des Staates. Grundlinien einer systemtheoretischen Argumentation</title>. in: <editor>Thomas Ellwein</editor>, <editor>Joachim Jens Hesse</editor>, <editor>Renate Mayntz</editor>, <editor>Fritz W. Scharpf</editor> (Hg.) <year>1987</year>: <source>Jahrbuch Staats- und Verwaltungswissenschaft</source>, Band <volume>1</volume>. <other>Baden-Baden</other>. S. <fpage>285</fpage>-<lpage>308</lpage>.
<author><surname>Wissen</surname>, <given-names>Markus</given-names></author> <year>2000</year>: <title>Die Peripherie in der Metropole. Zur Regulation sozialräumlicher Polarisierung in Nordrhein-Westfalen</title>. <other>Münster</other>.
<author><surname>Wissen</surname>, <given-names>Markus</given-names></author> <year>2001</year>: <title>Global Cities, urbane Regime und Regulation. Zur Debatte über städtische Transformationsprozesse</title>. In: <source>Peripherie. Zeitschrift für Politik und Ökonomie in der Dritten Welt</source>. (i. E.)