<author><surname>Brenner</surname>, <given-names>Neil</given-names></author> <year>2004</year>: <title>New State Spaces – Urban Governance and the Rescaling of Statehood</title>. <other>Oxford</other>.
<author><surname>Brenner</surname>, <given-names>Neil</given-names></author> (forthcoming): <title>‘A Thousand Leaves: Notes on the Geographies of Uneven Spatial Development’</title>. In: <editor>Roger Keil</editor> and <editor>Rianne Mahon</editor> (eds), <title>The New Political Economy of Scale</title>. <other>Vancouver</other>.
<editor>Christaller, Walter</editor> <year>1968</year> (edn): <title>Die zentralen Orte in Süddeutschland</title>. <other>Darmstadt</other>.
<author><surname>Frank</surname>, <given-names>Andre Gunder</given-names></author> <year>1969</year>: <title>Capitalism and underdevelopment in Latin America: historical studies of Chile and Brazil</title>.<other>  New York</other>.
<author><surname>Harvey</surname>, <given-names>David</given-names></author> <year>1982</year>: <title>Limits to Capital</title>. <other>Chicago</other>.
<author><surname>Hottes</surname>, <given-names>Ruth</given-names></author> <year>1983</year>: <title>‘Walter Christaller’</title>, <source>Annals of the Association of American Geographers</source>, <volume>73</volume>(<issue>1</issue>), <fpage>51</fpage>-<lpage>54</lpage>.
<author><surname>Lefebvre</surname>, <given-names>Henri</given-names></author> <year>1974</year>: <title>La Production de L’espace</title>. <other>Paris</other>.
<editor>Marx, Karl</editor> <year>1969</year> (edn): <title>Resultate des unmittelbaren Produktionsprozesses</title> (<source>Archiv sozialistischer Literatur</source> <volume>17</volume>). <other>Frankfurt am Main</other>.
<editor>Marx, Karl</editor> <year>1972</year> (edn): <title>Das Kapital</title>, <volume>Erster</volume> Band. <other>Berlin (DDR)</other>.
<author><surname>Mizuoka</surname>, <given-names>Fujio</given-names></author>, <author><given-names>Mizuuchi</given-names> <surname>Toshio</surname></author>, <author><given-names>Hisatake</given-names> <surname>Tetsuya</surname></author>, <author><given-names>Tsutsumi</given-names> <surname>Kenji</surname></author> and <author><given-names>Fujita</given-names> <surname>Tetsushi</surname></author> <year>2005</year>: <title>‘The critical heritage of Japanese geography: its tortured trajectory for eight decades’</title>, <source>Environment and Planning D: Society and Space</source>, <volume>23</volume>(<issue>3</issue>), <fpage>453</fpage>-<lpage>473</lpage>.
<author><surname>Mizuoka</surname>, <given-names>Fujio</given-names></author> <year>2006</year>: <title>‘The Demise of a Critical Institution of Economic Geography in Japan’</title>. In: <editor>Toshio Mizuuchi</editor> (ed), <source>Critical and Radical Geographies of the Social, the Spatial and the Political</source>, <other>Osaka</other>, <fpage>22</fpage>-<lpage>34</lpage>.
<author><surname>Maier</surname>, <given-names>Jörg</given-names></author>, <author><given-names>Karl</given-names> <surname>Ruppert</surname></author>, <author><given-names>Reinhard</given-names> <surname>Paesler</surname></author> and <author><given-names>Franz</given-names> <surname>Schaffer</surname></author> <year>1977</year>: <title>Sozialgeographie</title>. <other>Braunschweig</other>.
<author><surname>Schmidt-Renner</surname>, <given-names>Gerhard</given-names></author> <year>1961</year>: <title>Elementare Theorie der Ökonomischen Geographie</title>. <other>Berlin (DDR)</other>.
<author><surname>Smith</surname>, <given-names>Neil</given-names></author> <year>2004</year>: <title>‘Scale Bending and the Fate of the National’</title>. In: <editor>Eric Sheppard</editor> and <editor>Robert B. McMaster</editor> (eds), <source>Scale and Geographic Inquiry: Nature, Society, and Method</source>, <other>Malden</other>,  <fpage>192</fpage>-<lpage>212</lpage>.
<author><surname>Soja</surname>, <given-names>Edward W.</given-names></author> <year>1980</year>: <title>‘The Socio-Spatial Dialectic’</title>, <source>Annals of the Association of American Geographers</source>, <volume>70</volume>(<issue>2</issue>) <fpage>207</fpage>-<lpage>225</lpage>.
<author><surname>Taylor</surname>, <given-names>Peter</given-names></author> <year>1994</year>: <title>‘The State as Container: Territoriality in the Modern World-System’</title>, <source>Progress in Human Geography</source>, <volume>18</volume>(<issue>2</issue>), <fpage>151</fpage>-<lpage>162</lpage>.
<editor>Thünen, Johann Heinrich von</editor> <year>1966</year> (edn): <title>Der isolierte Staat in Beziehung auf Landwirtschaft und Nationalökonomie</title>. <other>Stuttgart</other>.
<author><surname>Wittfogel</surname>, <given-names>Karl August</given-names></author> <year>1929</year>: <title>‘Geopolitik, Geographischer Materialismus und Marxismus’</title>, <source>Unter dem Banner des Marxismus</source>, <volume>3</volume>(<issue>1</issue>) <fpage>17</fpage>-<lpage>51</lpage>, (<issue>4</issue>) <fpage>484</fpage>-<lpage>522</lpage>, (<issue>5</issue>) <fpage>698</fpage>-<lpage>735</lpage> .