<author><surname>Adorno</surname>, <given-names>Theodor W.</given-names></author> <year>1969</year>: <title>Diskussionsbeitrag</title>. In: <editor>Adorno, Theodor W.</editor> (Hg.): <source>Spätkapitalismus oder Industriegesellschaft? Verhandlungen des 16. Deutschen Soziologentages</source>. <other>Stuttgart</other>, S. <fpage>100</fpage>-<lpage>106</lpage>.
<author><surname>Aschauer</surname>, <given-names>Wolfgang</given-names></author> <year>1990</year>: <title>Zum Nutzen von „Ethnizität“ und „Regional-“ oder „Heimatbewusstsein“ als Erklärungskategorien geographischer Theoriebildung. Ein kritischer Beitrag zur laufenden Diskussion über Heimat und Regionalbewußtsein in den Sozialwissenschaften</title>. <source>Kritische Geographie</source>, Bd. <volume>7</volume>. <other>Wien</other>.
<author><surname>Beck</surname>, <given-names>Günther</given-names></author> <year>2006</year>: <title>Einführung: Geographische Nachschlagewerke</title>. In: <source>Geographische Revue</source> <volume>8</volume>/<issue>2</issue>, S. <fpage>5</fpage>-<lpage>36</lpage>.
<author><surname>Beck</surname>, <given-names>Ulrich</given-names></author> <year>1997</year>: <title>Was ist Globalisierung? Irrtümer des Globalismus – Antworten auf die Globalisierung</title>. <other>Frankfurt/M.</other>
<author><surname>Belina</surname>, <given-names>Bernd</given-names></author> <year>2006</year>: <title>Raum, Überwachung, Kontrolle. Vom staatlichen Zugriff auf städtische Bevölkerung</title>. <other>Münster</other>.
<author><surname>Belina</surname>, <given-names>Bernd</given-names></author> <year>2008</year>: <title>Die kapitalistische Produktion des Raumes: zwischen Mobilität und Fixierung</title>. In: <editor>Krumbein, Wolfgang</editor>/<editor>Frieling, Hans-Dieter v.</editor>/<editor>Kröcher, Uwe</editor>/<editor>Sträter, Detlev</editor> (Hg.): <source>Kritische Regionalwissenschaft. Gesellschaft, Politik, Raum. Theorien und Konzepte im Überblick</source>. <other>Münster</other>, S. <fpage>70</fpage>-<lpage>86</lpage>.
<author><surname>Bonß</surname>, <given-names>Wolfgang</given-names></author> <year>2003</year>: <title>Warum ist Kritische Theorie kritisch? Anmerkungen zu alten und neuen Entwürfen</title>. In: <editor>Demirovic, Alex</editor> (Hg.): <source>Modelle kritischer Gesellschaftstheorie. Traditionen und Perspektiven der Kritischen Theorie</source>. <other>Stuttgart, Weimar</other>, S. <fpage>366</fpage>-<lpage>392</lpage>.
<author><surname>Born</surname>, <given-names>Karl Martin</given-names></author> <year>1995</year>: <title>Raumwirksames Handeln von Verwaltungen, Vereinen und Landschaftsarchitekten zur Erhaltung der Historischen Kulturlandschaft und ihrer Einzelelemente. Eine vergleichende Untersuchung in den nördlichen USA (New England) und der Bundesrepublik Deutschland</title>. <other>Göttingen</other>.
<author><surname>Bourdieu</surname>, <given-names>Pierre</given-names></author> <year>1973</year>: <title>Kulturelle Reproduktion und soziale Reproduktion</title>. In: <editor>Bourdieu, Pierre</editor>/<editor>Passeron, Jean-Claude</editor> (Hg.): <source>Grundlagen einer Theorie der symbolischen Gewalt</source>. <other>Frankfurt/M.</other>, S. <fpage>89</fpage>-<lpage>127</lpage>.
<author><surname>Bourdieu</surname>, <given-names>Pierre</given-names></author> <year>1982</year>a: <title>Die feinen Unterschiede</title>. In: <editor>Bourdieu, Pierre</editor> <year>2005</year> (Hg.): <source>Die verborgenen Mechanismen der Macht</source>. <other>Hamburg</other>, S. <fpage>31</fpage>-<lpage>48</lpage>.
<author><surname>Bourdieu</surname>, <given-names>Pierre</given-names></author> <year>1982</year>b: <title>Die verborgenen Mechanismen der Macht enthüllen</title>. In: <editor>Bourdieu, Pierre</editor> <year>2005</year> (Hg.): <source>Die verborgenen Mechanismen der Macht</source>. <other>Hamburg</other>, S. <fpage>81</fpage>-<lpage>87</lpage>.
<author><surname>Bourdieu</surname>, <given-names>Pierre</given-names></author> <year>1985</year>: <title>Sozialer Raum und „Klassen“. Leçon sur la leçon. Zwei Vorlesungen</title>. <other>Frankfurt/M.</other>
<author><surname>Bourdieu</surname>, <given-names>Pierre</given-names></author> <year>1987</year> (<year>1979</year>): <title>Die feinen Unterschiede. Kritik der gesellschaftlichen Urteilskraft</title>. <other>Frankfurt/M.</other>
<author><surname>Bourdieu</surname>, <given-names>Pierre</given-names></author> <year>1991</year>: <title>Physischer, sozialer und angeeigneter physischer Raum</title>. In: <editor>Wentz, Martin</editor> (Hg.): <source>Stadt-Räume. Die Zukunft des Städtischen</source>. <other>Frankfurt/M.</other>, S. <fpage>25</fpage>-<lpage>34</lpage>.
<author><surname>Bourdieu</surname>, <given-names>Pierre</given-names></author> <year>1992</year>a (<year>1984</year>): <title>Homo academicus</title>. <other>Frankfurt/M.</other>
<author><surname>Bourdieu</surname>, <given-names>Pierre</given-names></author> <year>1992</year>b: <title>Keine wirkliche Demokratie ohne wahre kritische Gegenmacht</title>. In: <editor>Bourdieu, Pierre</editor> <year>2005</year> (Hg.): <source>Die verborgenen Mechanismen der Macht</source>. <other>Hamburg</other>, S. <fpage>149</fpage>-<lpage>160</lpage>.
<author><surname>Bourdieu</surname>, <given-names>Pierre</given-names></author> <year>2001</year>: <title>Meditationen. Zur Kritik der scholastischen Vernunft</title>. <other>Frankfurt/M.</other>
<author><surname>Bourdieu</surname>, <given-names>Pierre</given-names></author>/<author><surname>Wacquant</surname>, <given-names>Loïc</given-names></author> <year>1996</year>: <title>Die Ziele der reflexiven Soziologie. Chicago-Seminar 1987</title>. In: <editor>Bourdieu, Pierre</editor>/<editor>Wacquant, Loic</editor> (Hg.): <source>Reflexive Anthropologie</source>. <other>Frankfurt/M</other>, S. <fpage>95</fpage>-<lpage>249</lpage>.
<author><surname>Cosgrove</surname>, <given-names>Dennis E.</given-names></author> <year>1993</year>: <title>The Palladian Landscape: Geographical Change an Its Representation in Sixteenth Century Italy</title>. <other>Leicester</other>.
<author><surname>Crampton</surname>, <given-names>John</given-names></author>/<author><surname>Krygier</surname>, <given-names>Jeremy B.</given-names></author> <year>2006</year>: <title>An Introduction to Critical Cartography</title>. In: <source>ACME: An International E-Journal for Critical Geographies</source> <volume>4</volume>, S. <fpage>11</fpage>-<lpage>33</lpage>.
<author><surname>Dirksmeier</surname>, <given-names>Peter</given-names></author> <year>2007</year>: <title>Mit Bourdieu gegen Bourdieu empirisch denken: Habitusanalyse mittels reflexiver Fotografie</title>. In: <source>ACME: An International E-Journal for Critical Geographies</source> <volume>6</volume>, S. <fpage>73</fpage>-<lpage>97</lpage>.
<author><surname>Eiter</surname>, <given-names>Sebastian</given-names></author> <year>2004</year>: <title>Protected areas in the Norwegian mountains: Cultural landscape conservation – whose landscape?</title> In: <source>Norwegian Journal of Geography</source> <volume>58</volume>, S. <fpage>171</fpage>-<lpage>182</lpage>.
<author><surname>Habermas</surname>, <given-names>Jürgen</given-names></author> <year>1981</year>a: <source>Theorie des kommunikativen Handelns</source>. Bd. <volume>1</volume>: <title>Handlungsrationalität und gesellschaftliche Rationalisierung</title>. <other>Frankfurt/M.</other>
<author><surname>Habermas</surname>, <given-names>Jürgen</given-names></author> <year>1981</year>b: <source>Theorie kommunikativen Handelns</source>. Bd. <volume>2</volume>: <title>Zur Kritik der funktionalistischen Vernunft</title>. <other>Frankfurt/M.</other>
<author><surname>Han</surname>, <given-names>Byung-Chul</given-names></author> <year>2005</year>: <title>Was ist Macht?</title> <other>Stuttgart</other>.
<author><surname>Harvey</surname>, <given-names>David C.</given-names></author> <year>2000</year>: <title>Continuity, authority and the place of heritage in the medieval world</title>. <source>Journal of Historical Geography</source> <volume>26</volume>, S. <fpage>47</fpage>-<lpage>59</lpage>.
<author><surname>Horkheimer</surname>, <given-names>Max</given-names></author> <year>1988</year> (zuerst <year>1937</year>): <title>Traditionelle und kritische Theorie</title>. <source>Gesammelte Schriften</source>, Bd. <volume>4</volume>. <other>Frankfurt/M.</other>
<author><surname>Körner</surname>, <given-names>Stefan</given-names></author>/<author><surname>Eisel</surname>, <given-names>Ulrich</given-names></author> <year>2003</year>: <title>Naturschutz als kulturelle Aufgabe – theoretische Rekonstruktionen und Anregungen für eine inhaltliche Erweiterung</title>. In: <editor>Körner, Stefan</editor>, <editor>Nagel, Annemarie</editor>/<editor>Eisel, Ulrich</editor> (Hg.): <source>Naturschutzbegründungen</source>. <other>Bonn-Bad Godesberg</other>, S. <fpage>5</fpage>-<lpage>50</lpage>.
<author><surname>Kropp</surname>, <given-names>Cordula</given-names></author> <year>2004</year>: <title>Heimat im globalen Zeitalter</title>. In: <editor>Berger, Andrea</editor>/<editor>Hohnhorst, Martin v.</editor> (Hg.): <source>Heimat. Die Wiederentdeckung einer Utopie</source>. <other>Ottweiler</other>, S. <fpage>141</fpage>-<lpage>155</lpage>.
<author><surname>Krumbein</surname>, <given-names>Wolfgang</given-names></author>/<author><surname>Frieling</surname>, <given-names>Hans-Dieter v.</given-names></author>/<author><surname>Kröcher</surname>, <given-names>Uwe</given-names></author>/<author><surname>Sträter</surname>, <given-names>Detlev</given-names></author> <title>2008</title>: <title>Zur Historie einer kritischen Regionalwissenschaft. Auch eine Einleitung</title>. In: <editor>Krumbein, Wolfgang</editor>/<editor>Frieling, Hans-Dieter v.</editor>/<editor>Kröcher, Uwe</editor>/<editor>Sträter, Detlev</editor> (Hg.): <source>Kritische Regionalwissenschaft. Gesellschaft, Politik, Raum. Theorien und Konzepte im Überblick</source>. <other>Münster</other>, S. <fpage>7</fpage>-<lpage>41</lpage>.
<author><surname>Kühne</surname>, <given-names>Olaf</given-names></author> <year>2006</year>: <title>Das Verhältnis von Alteingesessenen und Zugezogenen als Herausforderung für die Regionalentwicklung</title>. In: <source>Ländlicher Raum</source> <volume>57</volume>, S. <fpage>25</fpage>-<lpage>29</lpage>.
<author><surname>Kühne</surname>, <given-names>Olaf</given-names></author> <year>2008</year>: <title>Distinktion – Macht – Landschaft</title>. <other>Wiesbaden</other>.
<author><surname>Kühne</surname>, <given-names>Olaf</given-names></author>/<author><surname>Spellerberg</surname>, <given-names>Annette</given-names></author> <year>2008</year>: <title>Regionale Identitäten und heimatliche Orientierungen – das Beispiel Saarland</title>. <other>Saarbrücken</other>. (unveröffentlichtes Manuskript)
<author><surname>Lefebvre</surname>, <given-names>Henri</given-names></author> <year>1974</year>: <title>La Production de l’Espace</title>. <other>Paris</other>.
<author><surname>Läpple</surname>, <given-names>Dieter</given-names></author> <year>2002</year> (<year>1991</year>): <title>Essay über den Raum: Für ein gesellschaftswissenschaftliches Raumkonzept</title>. In: <editor>Häußermann, Hartmut</editor>/<editor>Ipsen, Detlef</editor>/<editor>Krämer-Badoni, Thomas</editor>/<editor>Läpple, Dieter</editor>/<editor>Rodenstein, Marianne</editor>/<editor>Siebel, Wolfgang</editor> (Hg.): <source>Stadt und Raum</source>. <other>Pfaffenweiler</other>, S. <fpage>157</fpage>-<lpage>207</lpage>.
<author><surname>Lippuner</surname>, <given-names>Roland</given-names></author> <year>2005</year>: <title>Reflexive Sozialgeographie. Bourdieus Theorie der Praxis als Grundlage für sozial- und kulturgeographisches Arbeiten nach dem cultural turn</title>. In: <source>Geographische Zeitschrift</source> <volume>93</volume>, S. <fpage>135</fpage>-<lpage>147</lpage>.
<author><surname>Lossau</surname>, <given-names>Julia</given-names></author> <year>2002</year>: <title>Die Politik der Verortung – eine postkoloniale Reise zu einer „anderen“ Geographie der Welt</title>. <other>Bielefeld</other>.
<author><surname>Marks</surname>, <given-names>Gary</given-names></author> <year>1996</year>: <title>Politikmuster und Einflusslogik in der Strukturpolitik</title>. In: <editor>Jachtenfuchs, Markus</editor>/<editor>Kohler-Koch, Beate</editor> (Hg.): <source>Regieren im dynamischen Mehrebenensystem – Europäische Integration</source>. <other>Opladen</other>, S. <fpage>13</fpage>-<lpage>44</lpage>.
<author><surname>Ó Tuathail</surname>, <given-names>Geraróid</given-names></author> <year>1994</year>: <title>The critical reading/writing of geopolitics: Re-reading/writing Wittfogel, Bowman and Lacoste</title>. In: <source>Progress in Human Geography</source> <volume>18</volume>/<issue>3</issue>, S. <fpage>313</fpage>-<lpage>332</lpage>.
<author><surname>Ó Tuathail</surname>, <given-names>Geraróid</given-names></author> <year>1996</year>: <title>Critical Geopolitics</title>. <other>London</other>.
<author><surname>Popitz</surname>, <given-names>Heinrich</given-names></author> <year>1992</year>: <title>Phänomene der Macht</title>. <other>Tübingen</other>.
<author><surname>Prigge</surname>, <given-names>Wolfgang</given-names></author> <year>1991</year>: <title>Die Revolution der Städte lesen. Raum und Präsentation</title>. In: <editor>Wentz, Martin</editor> (Hg.): <source>Stadt-Räume</source>. <other>Frankfurt am Main, New York</other>, S. <fpage>99</fpage>-<lpage>112</lpage>.
<author><surname>Redepenning</surname>, <given-names>Marc</given-names></author> <year>2006</year>: <title>Wozu Raum? Systemtheorie, critical geopolitics und raumbezogene Semantiken</title>. <other>Leipzig</other>.
<author><surname>Reuber</surname>, <given-names>Paul</given-names></author>/<author><surname>Wolkersdorfer</surname>, <given-names>Günter</given-names></author> <year>2003</year>: <title>Geopolitische Leitbilder und die Neuordnung der globalen Machtverhältnisse</title>. In: <source>Kulturgeographie. Aktuelle Ansätze und Entwicklungen</source>. <other>Heidelberg, Berlin</other>, S. <fpage>47</fpage>-<lpage>66</lpage>.
<author><surname>Rothfuß</surname>, <given-names>Eberhard</given-names></author> <year>2006</year>: <title>Hirtenhabitus, ethnotouristisches Feld und kulturelles Kapital: Zur Anwendung der „Theorie der Praxis“ (Bourdieu) im Entwicklungskontext – Himba-Rindernomaden in Namibia unter dem Einfluss des Tourismus</title>. <source>Geographica Helvetica</source> <volume>61</volume>, S. <fpage>32</fpage>-<lpage>40</lpage>.
<author><surname>Schimank</surname>, <given-names>Uwe</given-names></author> <year>2006</year>: <title>Teilsystemische Autonomie und politische Gesellschaftssteuerung</title>. <other>Wiesbaden</other>.
<author><surname>Thieleking</surname>, <given-names>Karolin</given-names></author> <year>2006</year>: <title>Erhaltung der Kulturlandschaft braucht regionale Identität. Aus der Praxis der Regionalentwicklung in Niedersachsen</title>. In: <editor>Hornung, Dieter</editor>/<editor>Grotzmann, Inge</editor> (Hg.): <source>Erhaltung der Natur- und Kulturlandschaft und regionale Identität</source>. <other>Bonn</other>, S. <fpage>51</fpage>-<lpage>55</lpage>.
<author><surname>Wayand</surname>, <given-names>Gerhard</given-names></author> <year>1998</year>: <title>Pierre Bourdieu: Das Schweigen der Doxa aufbrechen</title>. In: <editor>Imbusch, Peter</editor> (Hg.): <source>Macht und Herrschaft – sozialwissenschaftliche Konzeptionen und Theorien</source>. <other>Opladen</other>, S. <fpage>221</fpage>-<lpage>237</lpage>.
<author><surname>Weber</surname>, <given-names>Max</given-names></author> <year>1976</year> (zuerst <year>1922</year>): <title>Wirtschaft und Gesellschaft. Grundriss der verstehenden Soziologie</title>. <other>Tübingen</other>.
<author><surname>Werlen</surname>, <given-names>Benno</given-names></author> <year>1995</year>: <source>Sozialgeographie alltäglicher Rationalisierungen</source>. Band <volume>1</volume>: <title>Zur Ontologie von Gesellschaft und Raum</title>. <other>Stuttgart</other>.
<author><surname>Werlen</surname>, <given-names>Benno</given-names></author> <year>1997</year>: <source>Sozialgeographie alltäglicher Rationalisierungen</source>. Band <volume>2</volume>: <title>Globalisierung, Region und Regionalisierung</title>. <other>Stuttgart</other>.