<author><surname>Adorno</surname>, <given-names>Theodor W.</given-names></author> <year>1970</year>: <title>Negative Dialektik</title>. In: <other>Ders.</other>, <source>Gesammelte Schriften</source>, Bd. <volume>6</volume>, <other>Frankfurt a. M.</other>
<editor>Bohrer, Karl-Heinz</editor>, <editor>Kurt Scheel</editor> (Hg.) <year>1998</year>: <title>Postmoderne – Eine Bilanz</title>. <source>Merkur Sonderheft</source> <volume>52</volume> (<year>1998</year>) <issue>9/10</issue> [<issue>594/595</issue>]
<author><surname>Butler</surname>, <given-names>Judith</given-names></author> <year>1991</year> [<year>1990</year>]: <title>Das Unbehagen der Geschlechter</title>. <other>Frankfurt a. M.</other> [<title>Gender trouble</title>. <other>Oxfort/New York</other>]
<author><surname>Derrida</surname>, <given-names>Jacques</given-names></author> <year>1979</year> [<year>1967</year>]: <title>Die Stimme und das Phänomen</title>. <other>Frankfurt a. M.</other>
<author><surname>Derrida</surname>, <given-names>Jacques</given-names></author> <year>1988</year> [<year>1972</year>]: <title>Randgänge der Philosophie</title>. <other>Wien</other>.
<author><surname>Derrida</surname>, <given-names>Jacques</given-names></author> <year>1988</year>a [<year>1972</year>]: <title>Tympanon</title>. In:<other> Ders.</other>, <source>Randgänge der Philosophie</source>. <other>Wien</other>, S. <fpage>13</fpage>-<lpage>27</lpage>.
<author><surname>Derrida</surname>, <given-names>Jacques</given-names></author> <year>1991</year> [<year>1990</year>]: <title>Gesetzeskraft. Der ‘mythische’ Grund der Autorität</title>. <other>Frankfurt a. M.</other> [<title>Deconstruction and the possibility of justice</title>. <other>New York</other>]
<author><surname>Derrida</surname>, <given-names>Jacques</given-names></author> <year>1992</year> [<year>1991</year>]: <title>Das andere Kap/Die vertagte Demokratie. Zwei Essays zu Europa</title>. <other>Frankfurt a. M.</other>
<author><surname>Derrida</surname>, <given-names>Jacques</given-names></author> <year>1993</year>: <title>Falschgeld. Zeit geben I</title>. <other>München</other>.
<author><surname>Derrida</surname>, <given-names>Jacques</given-names></author> <year>1996</year> [<year>1967</year>]: <title>Grammatologie</title>. <other>Frankfurt a. M.</other> [<title>De la grammatologie</title>. <other>Paris</other>]
<author><surname>Derrida</surname>, <given-names>Jacques</given-names></author> <year>1997</year> [<year>1967</year>]: <title>Die Schrift und die Differenz</title>. <other>Frankfurt a. M.</other> [<title>L’écriture et la différence</title>. <other>Paris</other>]
<author><surname>Derrida</surname>, <given-names>Jacques</given-names></author>, <year>1997</year>a [<year>1967</year>]: <title>Die Struktur, das Zeichen und das Spiel im Diskurs der Wissenschaften vom Menschen</title>. In: <other>Ders.</other>, <source>Die Schrift und die Differenz</source>. <other>a.a.O.</other>, S. <fpage>422</fpage>-<lpage>442</lpage>.
<author><surname>Derrida</surname>, <given-names>Jacques</given-names></author> <year>1997</year>b [<year>1967</year>]: <title>Kraft und Bedeutung</title>. In: <other>Ders.</other>, <source>Die Schrift und die Differenz</source>. <other>A.a.O.</other>, S. <fpage>9</fpage>-<lpage>52</lpage>.
<author><surname>Derrida</surname>, <given-names>Jacques</given-names></author> <year>1997</year>c [<year>1986</year>]: <title>Einige Statements und Binsenweisheiten über Neologismen, New-Ismen, Post-Ismen, Parasitismen und andere kleine Seismen</title>. <other>Berlin</other>.
<author><surname>Derrida</surname>, <given-names>Jacques</given-names></author> <year>2001</year> [<year>1972</year>]: <title>Limited Inc.</title> <other>Wien</other> [vormals Signatur, Ereignis, Kontext. In: <other>Ders.</other>, <source>Randgänge der Philosophie</source>. <other>A.a.O.</other>]
<author><surname>Derrida</surname>, <given-names>Jacques</given-names></author> <year>2003</year> [<year>1954</year>]: <title>The Problem of Genesis in Husserl’s Philosophy</title>. <other>Chicago</other>.
<author><surname>Derrida</surname>, <given-names>Jacques</given-names></author> und <author><given-names>Hans-Georg</given-names> <surname>Gadamer</surname></author> <year>2004</year>: <title>Der ununterbrochene Dialog</title>. <other>Frankfurt a. M.</other>
<author><surname>Dörhöfer</surname>, <given-names>Kerstin</given-names></author>, <author><given-names>Ulla</given-names> <surname>Terlinden</surname></author> <year>1998</year>: <title>Verortungen. Geschlechterverhältnisse und Raumstrukturen</title>. <other>Basel</other>.
<author><surname>Fleischmann</surname>, <given-names>Katharina</given-names></author>, <author><given-names>Ulrike</given-names> <surname>Meyer-Hanschen</surname></author> <year>2005</year>: <title>Stadt Land Gender. Einführung in feministische Geographien</title>. <other>Königstein</other>.
<author><surname>Foucault</surname>, <given-names>Michel</given-names></author> <year>1979</year> [<year>1969</year>]: <title>Was ist ein Autor?</title> In: <other>Ders.</other>, <source>Schriften zur Literatur</source>. <other>Frankfurt</other>, S. <fpage>7</fpage>-<lpage>31</lpage> [<title>Qu’ est que c’est un auteur?</title> In: <source>Bulletin de la Societe francaise de la philosophie</source> <volume>63</volume> (<year>1969</year>) <issue>3</issue>, S. <fpage>73</fpage> - <lpage>104</lpage>]
<author><surname>Gebhardt</surname>, <given-names>Hans</given-names></author>, <author><given-names>Paul</given-names> <surname>Reuber</surname></author>, <author><given-names>Günter</given-names> <surname>Wolkersdorfer</surname></author> <year>2003</year>: <title>Kulturgeographie. Aktuelle Ansätze und Entwicklungen</title>. <other>Heidelberg</other>.
<author><surname>Gehring</surname>, <given-names>Petra</given-names></author> <year>1994</year>: <title>Innen des Aussen – Aussen des Innen. Foucault, Derrida, Lyotard</title>. <other>München</other>.
<author><surname>Hahn</surname>, <given-names>Hans P.</given-names></author> <year>2004</year>: <title>Rezension von Gebhardt/Reuber/Wolkersdorfer, Kulturgeographie</title>.<other> A.a.O.</other> In: <source>Geographische Zeitschrift</source> <volume>92</volume> (<year>2004</year>) <issue>3</issue>, S. <fpage>185</fpage>-<lpage>187</lpage>.
<author><surname>Hasse</surname>, <given-names>Jürgen</given-names></author>, <author><given-names>Sabine</given-names> <surname>Malecek</surname></author> <year>2000</year>: <title>Postmodernismus und Poststrukturalismus in der Geographie</title>. In: <source>Geographica Helvetica</source> <volume>55</volume> (<year>2000</year>) <issue>2</issue>, S. <fpage>103</fpage>-<lpage>106</lpage>.
<author><surname>Heidegger</surname>, <given-names>Martin</given-names></author> <year>1957</year>: <title>Identität und Differenz</title>. <other>Pfullingen</other>.
<author><surname>Heidegger</surname>, <given-names>Martin</given-names></author> <year>1957</year>a: <title>Der Satz der Identität</title>. In: <other>Ders.</other>, <source>Identität und Differenz</source>. <other>A.a.O.</other>, S. <fpage>9</fpage>-<lpage>30</lpage>.
<author><surname>Heidegger</surname>, <given-names>Martin</given-names></author> <year>1957</year>b: <title>Die onto-theo-logische Verfassung der Metaphysik</title>. In: <other>Ders.</other>, <source>Identität und Differenz</source>.<other> A.a.O.</other>, S. <fpage>31</fpage>-<lpage>67</lpage>.
<author><surname>Heidegger</surname>, <given-names>Martin</given-names></author> <year>1971</year> [<year>1957</year>]: <title>Der Satz vom Grund</title>. <other>Stuttgart</other>.
<author><surname>Heidegger</surname>, <given-names>Martin</given-names></author> <year>1993</year> [<year>1927</year>]: <title>Sein und Zeit</title>. <other>Pfullingen</other>.
<author><surname>Kimmerle</surname>, <given-names>Heinz</given-names></author> <year>1997</year>: <title>Jacques Derrida</title>. <other>Hamburg</other>.
<author><surname>Kristeva</surname>, <given-names>Julia</given-names></author> <year>1990</year> [<year>1988</year>]: <title>Fremde sind wir uns selbst</title>. <other>Frankfurt a. M.</other> [<title>Etranges á nous-mêmes</title>]
<author><surname>Lacan</surname>, <given-names>Jacques</given-names></author> <year>1986</year> [<year>1966</year>]: <title>Das Drängen des Buchstabens im Unbewußten oder die Vernunft seit Freud</title>. In: <other>Ders.</other>, <source>Schriften II</source>. <other>Weinheim</other>. [<title>Ècrits</title>. <other>Paris</other>]
<author><surname>Lossau</surname>, <given-names>Julia</given-names></author> <year>2000</year>a: <title>Für eine Verunsicherung des geographischen Blicks</title>. In: <source>Geographica Helvetica</source> <volume>55</volume> (<year>2000</year>) <issue>1</issue>, S. <fpage>23</fpage>-<lpage>30</lpage>.
<author><surname>Lossau</surname>, <given-names>Julia</given-names></author> <year>2000</year>b: <title>Anders denken. Postkolonialismus, Geopolitik und Politische Geographie</title>. In: <source>Erdkunde</source> (<year>2000</year>) <volume>54</volume>, S.<fpage>157</fpage>-<lpage>168</lpage>.
<author><surname>Lossau</surname>, <given-names>Julia</given-names></author> <year>2002</year>: <title>Die Politik der Verortung. Eine postkoloniale Reise zu einer anderen Geographie der Welt</title>. <other>Bielefeld</other>.
<author><surname>Lossau</surname>:, <given-names>Julia</given-names></author> <year>2003</year>: <title>Geographische Repräsentationen. Skizze einer anderen Geographie</title>. In: <editor>Gebhardt</editor>/<editor>Reuber</editor>/<editor>Wolkersdorfer</editor>, <source>Kulturgeographie</source>. <other>A.a.O.</other>
<author><surname>Massey</surname>, <given-names>Doreen</given-names></author> <year>2003</year>: <title>Spaces of politics – Raum und Politik</title>. In: <editor>Gebhardt</editor>/<editor>Reuber</editor>/<editor>Wolkersdorfer</editor>, <source>Kulturgeographie</source>. <other>A.a.O.</other>, S. <fpage>31</fpage>-<lpage>46</lpage>.
<author><surname>Wolkersdorfer</surname>, <given-names>Günter</given-names></author> <year>2000</year>: <title>Politische Geographie und Geopolitik zwischen Moderne und Postmoderne</title>. <other>Heidelberg</other>.
<author><surname>Zizek</surname>, <given-names>Slavoj</given-names></author> <year>2005</year>: <title>Die politische Suspension des Ethischen</title>. <other>Frankfurt a. M.</other>