<editor>Empirica, Gesellschaft für Stadtforschung</editor> <year>1993</year>: <title>Große Wohnbaugebiete der neunziger Jahre</title>. <other>Bonn</other>. Textband.
<author><surname>Glaeser</surname>, <given-names>Edward</given-names></author> <year>2011</year>: <title>Triumph of the City: How Our Greatest Invention Makes Us Richer, Smarter, Greener, Healthier, and Happier</title>. <other>New York</other> .
<author><surname>Glaeser</surname>, <given-names>Edward</given-names></author> <year>2010</year>: <title>Temperate and Bounded</title>. In:<editor> Mohsen Mostafavi</editor> (Hg.): <source>Ecological Urbanism</source>. Harvard University Graduate School of Design. <other>Baden</other>.
<author><surname>Hoffmann-Axthelm</surname>, <given-names>Dieter</given-names></author> <year>2011</year>: <title>Das Berliner Stadthaus. Geschichte und Typologie 1200-2010</title>. <other>Berlin</other>.
<author><surname>Koolhaas</surname>, <given-names>Rem</given-names></author> <year>2010</year>: <title>Advancement versus Apokalypse</title>. In: <editor>Mohsen Mostafavi</editor> (Hg.): <source>Ecological Urbanism</source>. Harvard University Graduate School of Design. <other>Baden</other>.
<author><surname>Rifkin</surname>, <given-names>Jeremy</given-names></author> <year>2000</year>: <title>Access. Das Verschwinden des Eigentums</title>. <other>Frankfurt/New York</other>.
<author><surname>Saunders</surname>, <given-names>Doug</given-names></author> <year>2011</year>: <title>Arrival City</title>. <other>München</other>.
<author><surname>Schumacher</surname>, <given-names>Fritz</given-names></author> <year>1904</year>: <title>Architektonische Aufgaben der Städte</title>.In: <editor>Robert Wuttke</editor>: <source>Die deutschen Städte: geschildert nach den Ergebnissen der ersten deutschen Städteausstellung zu Dresden, 1903</source>. <other>Leipzig</other> <year>1904</year>.