<author><surname>Alba</surname>, <given-names>Alicia de</given-names></author> <other>u. a.</other> <year>2000</year>: <title>Curriculum in the Postmodern Condition</title>. (= <source>Studies in the Postmodern Theory of Education</source> <volume>103</volume>) <other>Frankfurt/M., New York</other>.
<author><surname>Antal</surname>,<given-names> Ariane Bertoi</given-names></author>, <author><given-names>Meinolf</given-names> <surname>Dierkes</surname></author> <year>2000</year>: <title>Organizational learning: Where do we stand? Where do we want to go?</title> (= <source>WZB-Papers FS</source><volume> II</volume> <issue>00-105</issue>) <other>Berlin</other>.
<author><surname>Bartels</surname>, <given-names>Dietrich</given-names></author> <year>1968</year>: <title>Zur wissenschaftstheoretischen Grundlegung einer Geographie des Menschen</title>. (= <source>Erdkundliches Wissen</source> <volume>10</volume>) <other>Wiesbaden</other>.
<author><surname>Bartels</surname>, <given-names>Dietrich</given-names></author> <year>1970</year>: <title>Einleitung</title>. In: <other>Ders.</other> (Hg.) <year>1970</year>: <source>Wirtschafts- und Sozialgeographie</source>.<other> Köln, Berlin</other>. S. <fpage>13</fpage>-<lpage>45</lpage>.
<author><surname>Bartels</surname>, <given-names>Dietrich</given-names></author>, <author><given-names>Gerhard</given-names> <surname>Hard</surname></author> <year>1975</year>: <title>Lotsenbuch für das Lehrfach Geographie</title>. 2. Aufl., <other>Bonn, Kiel</other>.
<editor>Beck, Ulrich</editor> (Hg.) <year>1998</year>: <title>Perspektiven der Weltgesellschaft</title>.<other> Frankfurt/M.</other>
<author><surname>Becker</surname>, <given-names>Jens</given-names></author>, <author><given-names>Dorothea</given-names> <surname>Hartmann</surname></author>, <author><given-names>Susanne</given-names> <surname>Huth</surname></author>, <author><given-names>Marion</given-names> <surname>Möhle</surname></author> <year>2001</year>: <title>Diffusion und Globalisierung. Migration, Klimawandel und AIDS – Empirische Befunde</title>. <other>Wiesbaden</other>.
<author><surname>Beyer</surname>, <given-names>Susanne</given-names></author> <year>2000</year>: <title>Die Kränkung der Diva</title>. In: <source>Der Spiegel</source> Nr. <volume>14</volume>, <other>17.4.2000</other>, S. <fpage>220</fpage>-<lpage>224</lpage>.
<author><surname>Cloke</surname>, <given-names>Paul</given-names></author>, <author><given-names>Philip</given-names> <surname>Crang</surname></author>, <author><given-names>Mark</given-names> <surname>Goodwin</surname></author> (Hg.) <year>1999</year>: <title>Introducing Human Geographies</title>. <other>London</other>.
<author><surname>Dangschat</surname>, <given-names>Jens</given-names></author> <year>1998</year>: <title>Warum ziehen Gegensätze sich nicht an?</title> In: <editor>Wilhelm Heitmeyer</editor> <other>u.a.</other> (Hg.) <year>1998</year>: <source>Die Krise der Städte</source>. (= <source>es</source><volume> 2036</volume>) <other>Frankfurt/M.</other>  S. <fpage>21</fpage>-<lpage>96</lpage>.
<author><surname>Dürr</surname>, <given-names>Heiner</given-names></author> <year>2001</year>a: <title>Eintrag „Humangeographie“</title>. In: <source>Lexikon der Geographie</source>. Bd. <volume>2</volume>. <other>Heidelberg</other> (im Erscheinen).
<author><surname>Dürr</surname>, <given-names>Heiner</given-names></author> <year>2001</year>b: <title>Eintrag „Raumwissenschaften“</title>. In: <source>Lexikon der Geographie</source>. Bd. <volume>3</volume> <other>Heidelberg</other> (im Erscheinen).
<author><surname>Dürr</surname>, <given-names>Heiner</given-names></author> <year>2001</year>c: <title>Studienreform in der Praxis – jenseits der Schlagworte</title>. In: <source>Rundbrief Geographie</source>. <other>Leipzig</other> (im Erscheinen).
<author><surname>Evers</surname>, <given-names>Hans-Dieter</given-names></author>, <author><given-names>Rüdiger</given-names> <surname>Korff</surname></author> <year>2000</year>: <title>Southeast Asian Urbanism</title>. (= <source>Market, Culture and Society</source> <volume>7</volume>) <other>Hamburg</other>.
<author><surname>Fliedner</surname>, <given-names>Dietrich</given-names></author> <year>2001</year>: <title>Der anthropogene Raum, Gegenstand einer handlungs- oder einer prozeßorientierten Sozialgeographie?</title> Zur Diskussion gestellt in: <url>www.geographische-revue.de</url>. Verwendet am 24.08.2001.
<author><surname>Freis</surname>, <given-names>Britta</given-names></author>, <author><given-names>Marlon</given-names> <surname>Jopp</surname></author> <year>2001</year>: <title>Spuren der deutschen Einheit</title>. <other>Frankfurt</other>.
<author><surname>Freis</surname>, <given-names>Britta</given-names></author>; <author><given-names>Marlon</given-names> <surname>Jopp</surname></author> <year>2001</year>a (Ms.-Druck <year>1998</year>): <title>Messen und Verstehen in der Wissenschaft</title>. <editor>Geographisches Institut</editor> (= <source>Materialien zur Raumentwicklung</source> <volume>58</volume>) <other>Bochum</other>.
<author><surname>Glaeser</surname>, <given-names>Bernhard</given-names></author> <year>2001</year>: <title>The changing human-nature relationship (HNR) in the context of GEC</title>. (= <source>WZB-Papers FS</source> <volume>II</volume> <issue>01-301</issue>) <other>Berlin</other>.
<author><surname>Haggett</surname>, <given-names>Peter</given-names></author> <year>2001</year>: <title>Geography. A global synthesis</title>. <other>Harlow</other>.
<author><surname>Hard</surname>, <given-names>Gerhard</given-names></author> <year>1973</year>: <title>Die Geographie. Eine wissenschaftstheoretische Einführung</title>. (= <source>Sammlung Göschen</source> <volume>9001</volume>) <other>Berlin, New York</other>.
<author><surname>Harvey</surname>, <given-names>David</given-names></author> <year>1973</year>: <title>Social Justice and the City</title>. <other>London</other>.
<author><surname>Hasse</surname>, <given-names>Jürgen</given-names></author> <year>1993</year>: <title>Ästhetische Rationalität und Geographie</title>. <other>Oldenburg</other> (= <source>Wahrnehmungsgeographische Studien zur Regionalentwicklung</source> <volume>12</volume>).
<author><surname>Heckscher</surname>, <given-names>August</given-names></author> <year>1977</year>: <title>Open spaces. The life of American cities</title>. <other>New York u. a.</other>
<editor>Johnston, Ronald J.</editor>, <editor>Derek Gregory</editor>, <editor>Geraldine Pratt</editor>, <editor>Michael Watts</editor> (Hg.) <year>2000</year>: <title>The Dictionary of Human Geography</title>. <other>Oxford u. a.</other>
<editor>Köberle, Sabine</editor>, <editor>Fritz Gloede</editor>, <editor>Leonhard Hennen</editor> (Hg.) <year>1997</year>: <title>Diskursive Verständigung? Mediation und Partizipation in Technikkontroversen</title>. <other>Baden-Baden</other>.
<author><surname>Lenk</surname>, <given-names>Hans</given-names></author> <year>1993</year>: <title>Interpretationskonstrukte</title>. <other>Frankfurt/M.</other>
<author><surname>Löw</surname>, <given-names>Martina</given-names></author> <year>2001</year>: <title>Raumsoziologie</title>. (= <source>stw</source> <volume>1506</volume>) <other>Frankfurt/M.</other>
<author><surname>Lübbe</surname>, <given-names>Hermann</given-names></author> <year>1978</year>: <title>Praxis der Philosophie, Praktische Philosophie, Geschichtstheorie</title>. (= <source>Universal-Bibliothek</source> <volume>9895</volume>) <other>Stuttgart</other>.
<author><surname>Maddox</surname>, <given-names>John</given-names></author> <year>1998</year>: <title>Die Wissenschaft steht noch immer am Anfang</title>. In: <source>Süddeutsche Zeitung</source>, <volume>29.12.1998</volume>.
<editor>Meusburger, Peter</editor> (Hg.) <year>1999</year>: <title>Handlungszentrierte Sozialgeographie</title>. (= <source>Erdkundliches Wissen</source> <volume>130</volume>) <other>Stuttgart</other>.
<editor>Michel, Paul</editor> (Hg.) <year>1997</year>: <title>Symbolik von Ort und Raum</title>. (= <source>Schriften zur Symbolforschung</source> <volume>11</volume>). <other>Frankfurt/M.</other>
<author><surname>Miller</surname>, <given-names>Roberta Balstad</given-names></author> <year>1994</year>: <title>Interactions and collaboration in global change across the social and natural sciences</title>. In: <source>Ambio</source> <volume>23</volume>, <issue>1</issue> (February). S. <fpage>19</fpage>-<lpage>24</lpage>
<author><surname>Münch</surname>, <given-names>Richard</given-names></author> <year>2001</year>: <title>Offene Räume</title>. (= <source>stw</source> <volume>1515</volume>) <other>Frankfurt/M.</other>
<author><surname>Poser</surname>, <given-names>Hans</given-names></author> <year>2001</year>: <title>Wissenschaftstheorie</title>. (= <source>Universal Bibliothek</source> <volume>18125</volume>) <other>Stuttgart</other>.
<author><surname>Putnam</surname>, <given-names>Hilary</given-names></author> <year>1997</year>: <title>Für eine Erneuerung der Philosophie</title>. (= <source>Universal Bibliothek</source> <volume>9660</volume>) <other>Stuttgart</other>.
<author><surname>Reichart</surname>, <given-names>T</given-names></author>.; <author><given-names>C</given-names>. <surname>v.Seidlein</surname></author> <year>2000</year>: <title>Brandenburger Ballett</title>. In: <source>Süddeutsche Zeitung</source>, <volume>27.6.2000</volume>.
<editor>Reichert, Dagmar</editor> (Hg.) <year>1996</year>:<title> Räumliches Denken</title>. <other>Zürich</other>.
<author><surname>Reichert</surname>, <given-names>Dagmar</given-names></author> <year>1997</year>: <title>Zur Vorgeschichte einer Geographie von Menschen</title>. Diss. Universität Wien: Grund und Integrativwissenschaftliche Fakultät (unveröff.)
<author><surname>Reichert</surname>, <given-names>Dagmar</given-names></author> <year>1999</year>: <title>Das Denken: der Raum der Geographie</title>. In: <source>2590032</source>. <other>Wien</other>: <publisher>TU, Institut für künstlerische Gestaltung</publisher>. S. <fpage>14</fpage>-<lpage>21</lpage>.
<author><surname>Reuber</surname>, <given-names>Paul</given-names></author> <year>1999</year>: <title>Raumbezogene politische Konflikte</title>. (= <source>Erdkundliches Wissen</source> <volume>131</volume>) <other>Stuttgart</other>.
<author><surname>Rusch</surname>, <given-names>Gebhard</given-names></author> <year>1999</year>: <title>Stichwort „Konstruktivismus“</title>. In: <editor>Nünning, Ansgar</editor> (Hg.) <year>1998</year>: <source>Metzler Lexikon Literatur- und Kulturtheorie</source>. <other>Stuttgart, Weimar</other>.
<author><surname>Seel</surname>, <given-names>Martin</given-names></author> <year>1999</year>: <title>Die Residenz des Radiergummis. Zu John Searle: „Die Konstruktion der gesellschaftlichen Wirklichkeit“</title>. In: <source>Die Zeit</source>, <volume>27.5.1999</volume>.
<author><surname>Stichweh</surname>, <given-names>Rudolf</given-names></author> <year>2000</year>: <title>Die Weltgesellschaft</title>.(= <source>stw</source> <volume>1500</volume>) <other>Frankfurt/M.</other>
<author><surname>Sturm</surname>, <given-names>Gabriele</given-names></author> <year>2000</year>: <title>Wege zum Raum. Methodologische Annäherungen an ein Basiskonzept raumbezogener Wissenschaften</title>. <other>Opladen</other>.
<author><surname>Tighe</surname>, <given-names>Chris</given-names></author> <year>2000</year>: <title>English border town where nationality is far from simple</title>. In: <source>Financial Times</source>, <volume>May 3, 2000</volume>.
<author><surname>Vielhaber</surname>, <given-names>Christian</given-names></author> <year>2001</year>: <title>So spannend kann Sozialgeographie sein</title>. – <url>http://www.amazon.de/exec/obidos/ASIN/38...qid0996837423/sr=8-1/028-3589726-6896531</url>. Verwendet am 3.8.2001.
<author><surname>Werlen</surname>, <given-names>Benno</given-names></author> <year>1998</year>: <title>Wolfgang Hartke – Begründer der sozialwissenschaftlichen Geographie</title>. In: <editor>Günter Heinritz</editor>, <editor>Ilse Helbrecht</editor> (Hg.) <year>1998</year>: <source>Sozialgeographie und Soziologie</source>. (= <source>Münchener Geographische Hefte</source> <volume>78</volume>) <other>Passau</other>.  S. <fpage>15</fpage>-<lpage>41</lpage>.
<author><surname>Werlen</surname>, <given-names>Benno</given-names></author> <year>2000</year>: <title>Sozialgeographie. Eine Einführung</title>. <other>Bern, Stuttgart, Wien</other>.
<author><surname>Willke</surname>, <given-names>Helmut</given-names></author> <year>2001</year>: <title>Atopia. Studien zur atopischen Gesellschaft</title>. <other>Frankfurt/M.</other>
<author><surname>Wolkersdorfer</surname>, <given-names>Günter</given-names></author> <year>2001</year>: <title>Politische Geographie und Geopolitik zwischen Moderne und Postmoderne</title>. (= <source>Heidelberger Geographische Arbeiten</source> <volume>111</volume>). <other>Heidelberg</other>.