<author><surname>Adorno</surname>, <given-names>T. W.</given-names></author> <other>et al.</other> (Hg.) <year>1968</year>: <title>Der Positivismusstreit in der deutschen Soziologie</title>. <other>Darmstadt</other>.
<author><surname>Andersen</surname>, <given-names>N</given-names></author>. <year>1961</year>: <title>Die Stadt als Objekt und als Paradigma</title>. In: <editor>R. König</editor> (Hg.): <source>Handbuch der empirischen Sozialforschung</source>. Band <volume>1</volume>. <other>Stuttgart</other>.
<editor>Atteslander, P.</editor>, <editor>B. Hamm</editor> (Hg.) <year>1974</year>: <title>Materialien zur Siedlungssoziologie</title>. <other>Köln</other>.
<author><surname>Bartels</surname>, <given-names>D</given-names></author>. <year>1970</year>: <title>Einleitung</title>. <other>In. Ders.</other> (Hg.): <source>Wirtschafts- und Sozialgeographie</source>. <other>Köln</other>.
<author><surname>Bogue</surname>, <given-names>D</given-names></author>. <year>1948</year>: <title>The Structure of the Metropolitan Community: A Study of Dominance and Subdominance</title>. <other>Ann Arbor</other>.
<author><surname>Burgess</surname>,<given-names> E. W.</given-names></author> <year>1925</year>: <title>The Growth of the City</title>. In: <editor>R. E. Park</editor>, <editor>E. W. Burgess</editor>, <editor>R. D. McKenzie</editor> (Hg.): <title>The City</title>. <other>Chicago</other>.
<author><surname>Castells</surname>, <given-names>M</given-names></author>. <year>1973</year>: <title>La question urbaine</title>. <other>Paris</other>.
<author><surname>Dangschat</surname>, <given-names>J</given-names></author>. <year>1998</year>: <title>Segregation</title>. In: <editor>H. Häußermann</editor> (Hg.): <source>Großstadt – soziologische Stichworte</source>. <other>Opladen</other>.
<editor>Dangschat, J.</editor> (Hg.) <year>1999</year>: <title>Modernisierte Stadt – gespaltene Gesellschaft</title>. <other>Opladen</other>.
<author><surname>Duncan</surname>, <given-names>O. D.</given-names></author> <year>1959</year>: <title>Human Ecology and Population Studies</title>. In: <editor>P. M. Hauser</editor> (Hg.): <source>The Study of Population</source>. <other>Chicago</other>.
<author><surname>Friedmann</surname>, <given-names>J</given-names></author>., <author><given-names>G</given-names>. <surname>Wolff</surname></author> <year>1982</year>: <title>World City Formation: An agenda for research and action</title>. <source>International Journal for Urban and Regional Research</source> <volume>6</volume>. S. <fpage>309</fpage>-<lpage>344</lpage>.
<author><surname>Friedmann</surname>, <given-names>J</given-names></author>., <year>1986</year>: <title>The World City Hypothesis</title>. <source>Development and Change</source> <volume>17</volume>. S. <fpage>69</fpage>-<lpage>83</lpage>.
<editor>Gerstein, D.R.</editor> <other>et al.</other> (Hg.) <year>1988</year>: <title>Sozialwissenschaften für morgen</title>. <other>Berlin</other>.
<author><surname>Gibbs</surname>, <given-names>J. P.</given-names></author>, <author><given-names>W. T.</given-names> <surname>Martin</surname></author> <year>1958</year>: <title>Urbanization and Natural Ressources</title>. <source>American Sociological Review</source> <volume>23</volume>. S. <fpage>266</fpage>-<lpage>277</lpage>.
<author><surname>Gibbs</surname>, <given-names>J. P.</given-names></author>, <author><given-names>W. T.</given-names> <surname>Martin</surname></author> <year>1959</year>: <title>Toward a Theoretical System of Human Ecology</title>. <source>Pacific Sociological Review</source> <volume>2</volume>. S. <fpage>29</fpage>-<lpage>36</lpage>.
<author><surname>Gibbs</surname>, <given-names>J. P.</given-names></author>, <author><given-names>W. T.</given-names> <surname>Martin</surname></author> <year>1962</year>: <title>Urbanization, Technology, and the Division of Labor</title>. <source>American Sociological Review</source> <volume>27</volume>. S. <fpage>667</fpage>-<lpage>677</lpage>.
<author><surname>Hall</surname>, <given-names>P</given-names></author>. <year>1966</year>: <title>World Cities</title>. <other>London</other>.
<author><surname>Hamm</surname>, <given-names>B</given-names></author>. <year>1982</year>: <title>Social Area Analysis and Factorial Ecology: A Review of Substantive Findings</title>. In: <editor>G. A. Theodorson</editor> (Hg.): <source>Urban Patterns</source>. <other>University Park</other>.
<author><surname>Hamm</surname>, <given-names>B</given-names></author>. <year>1984</year>: <title>Aktuelle Probleme sozialökologischer Analyse</title>. <source>Kölner Zeitschrift für Soziologie und Sozialpsychologie</source> <volume>36</volume>. S. <fpage>277</fpage>-<lpage>292</lpage>.
<author><surname>Hamm</surname>, <given-names>B</given-names></author>. <year>1987</year>: <title>Soziale Segregation im internationalen Vergleich</title>. (=<source>SRP Arbeitspapier</source> Nr. <volume>12</volume>) <other>Trier</other>.
<author><surname>Hamm</surname>, <given-names>B</given-names></author>. <year>1996</year>: <title>Struktur moderner Gesellschaften</title>. <source>Ökologische Soziologie</source>. Band <volume>1</volume>. <other>Opladen</other>.
<author><surname>Hamm</surname>, <given-names>B</given-names></author>. <year>1998</year>a: <title>Internationale Verflechtung und Globalisierung</title>. In: <editor>B. Schäfers</editor> und <editor>W. Zapf</editor> (Hg.): <source>Handwörterbuch zur Gesellschaft Deutschlands</source>. <other>Opladen</other>.
<author><surname>Hamm</surname>, <given-names>B</given-names></author>. <year>1998</year>b: <title>Ökologie und die Zukunft der Stadt</title>. In: <editor>U. E. Simonis</editor> <other>et al.</other> (Hg.): <source>Jahrbuch Ökologie 1999</source>. <other>München</other>.
<author><surname>Hamm</surname>, <given-names>B</given-names></author>. <year>1999</year>: <title>Globale Entwicklungstendenzen und Krisen</title>. In: <editor>W. Glatzer</editor>, <editor>I. Ostner</editor> (Hg.): <source>Deutschland im Wandel – sozialstrukturelle Analysen</source>. <other>Opladen</other>.
<author><surname>Hamm</surname>, <given-names>B</given-names></author>., <author><given-names>I</given-names>. <surname>Neumann</surname></author> <year>1996</year>: <title>Siedlungs-, Umwelt- und Planungssoziologie</title>. <source>Ökologische Soziologie</source> Band <volume>2</volume>. <other>Opladen</other>.
<editor>Harth, A.</editor>, <editor>U. Herlyn</editor>, <editor>G. Scheller</editor> (Hg.) <year>1998</year>: <title>Segregation in ostdeutschen Städten</title>. <other>Opladen</other>.
<author><surname>Harvey</surname>, <given-names>D</given-names></author>. <year>1973</year>: <title>Social Justice and the City</title>. <other>Baltimore</other>
<editor>Hauchler, I.</editor> (Hg.): <title>Globale Trends 1998</title>. <other>Frankfurt/M.</other>
<author><surname>Häußermann</surname>, <given-names>H</given-names></author>., <author><given-names>F</given-names>. <surname>Roost</surname></author>, <year>1998</year>: <title>Globalisierung, Global City</title>. In: <editor>H. Häußermann</editor> (Hg.): <source>Großstadt – soziologische Stichworte</source>. <other>Opladen</other>.
<editor>INURA (International Network for Urban Research and Action)</editor> (Hg.) <year>1998</year>: <title>Possible Urban Worlds. Urban Strategies at the Ende of the 20th Century</title>. <other>Basel</other>.
<author><surname>Läpple</surname>, <given-names>D</given-names></author>. <year>1998</year>: <title>Ökonomie</title>. In: <editor>H. Häußermann</editor> (Hg.): <source>Großstadt – soziologische Stichworte</source>. <other>Opladen</other>.
<author><surname>Masini</surname>, <given-names>E. B.</given-names></author> <year>1993</year>: <title>Why Futures Studies?</title> <other>London</other>.
<author><surname>Myrdal</surname>, <given-names>G</given-names></author>. <year>1974</year>: <title>Ökonomische Theorie und unterentwickelte Regionen</title>. <other>Frankfurt/M.</other>
<author><surname>Oswald</surname>, <given-names>H</given-names></author>. <year>1962</year>: <title>Die überschätzte Stadt</title>. <other>Freiburg</other>.
<author><surname>Quinn</surname>, <given-names>J. A.</given-names></author> <year>1950</year>: <title>Human Ecology</title>. <other>New York</other>.
<author><surname>Portes</surname>, <given-names>A</given-names></author>., <author><given-names>H. L.</given-names> <surname>Browning</surname></author> <year>1976</year>: <title>Current Perspectives in Latin American Urban Research</title>. <other>Austin</other>.
<author><surname>Riemer</surname>,<given-names> S. A.</given-names></author> <year>1952</year>: <title>The Modern City</title>. <other>New York</other>.
<author><surname>Sassen</surname>, <given-names>S</given-names></author>. <year>1991</year>: <title>The Global City</title>. <other>Princeton</other>.
<author><surname>Saunders</surname>, <given-names>P</given-names></author>. <year>1981</year>: <title>Social Theory and the Urban Question</title>. <other>New York</other>.
<author><surname>Scheuch</surname>, <given-names>E. W.</given-names></author>, <author><given-names>U</given-names>. <surname>Scheuch</surname></author> <year>1992</year>: <title>Cliquen, Klüngel und Karrieren</title>. <other>Reinbek</other>.
<author><surname>Schwarte</surname>, <given-names>M</given-names></author>., <author><given-names>C</given-names>. <surname>Winkelkötter</surname></author> <year>1999</year>: <title>Perspektivenwechsel in der Geographie? Eine qualitative Studie zum Verhältnis von Wissenschaft und Praxis in der räumlichen Planung</title>. (Diplomarbeit Uni Trier) <other>Trier</other>.
<author><surname>Sly</surname>, <given-names>D. F.</given-names></author> <year>1972</year>: <title>Migration and the Ecological Complex</title>. <source>American Sociological Review</source> <volume>37</volume>. S. <fpage>615</fpage>-<lpage>628</lpage>.
<editor>Stiftung Entwicklung und Frieden</editor> (Hg.) <year>1996</year>: <title>Globale Trends 1996</title>. <other>Frankfurt/M.</other>
<editor>Theodorson, G. A.</editor> (Hg.) <year>1961</year>: <title>Studies in Human Ecology</title>. <other>Evanston</other>.
<editor>Theodorson, G. A.</editor> (Hg.) <year>1982</year>: <title>Urban Patterns</title>. <other>University Park</other>.
<editor>UNDP (United Nations Development Programme)</editor> <year>1996</year>: <title>Human Development Report</title>. <other>Geneva</other>.
<author><surname>Wackernagel</surname>, <given-names>M</given-names></author>., <author><given-names>W. B.</given-names> <surname>Rees</surname></author> <year>1997</year>: <title>Der ökologische Fußabdruck</title>. <other>Basel</other>.
<author><surname>Wallerstein</surname>, <given-names>I</given-names></author>. <year>1995</year>: <title>Die Sozialwissenschaften „kaputtdenken”</title>. <other>Weinheim</other>.
<author><surname>Wolff</surname>, <given-names>R</given-names></author>. <year>1999</year>: <title>Popular Planning in King’s Cross, London. Kommunikative Vernunft im Stadtentwicklungsprozess</title>. (Diss. ETH Zürich) <other>Zürich</other>.