<author><surname>Banerjee-Guha</surname>, <given-names>Swapna</given-names></author> <year>1997</year>: <title>Spatial Dynamics of International Capital: A Study of Multinational Corporations in India</title>. <other>Hyderabad</other>.
<author><surname>Byles</surname>, <given-names>Jeff</given-names></author> <year>2001</year>: <title>Maps and Chaps</title>. <source>Village Voice</source> <volume>August 7</volume>. S. <fpage>72</fpage>.
<author><surname>Bodman</surname>, <given-names>Andrew A.</given-names></author> <year>1992</year>: <title>Holes in the Fabric</title>. <source>Transactions of the Institute of British Geographers</source> <volume>17</volume>. S. <fpage>108</fpage>-<lpage>119</lpage>.
<author><surname>Bondi</surname>, <given-names>Liz</given-names></author> <year>1990</year>. <title>Feminism, Postmodernism and Geography: Space for Women?</title> <source>Antipode</source> <volume>22</volume>. S. <fpage>156</fpage>-<lpage>167</lpage>.
<editor>Braun, Bruce</editor> und <editor>Noel Castree</editor> (Hg.) <year>1998</year>: <title>Remaking Reality: Nature at the Millennium</title>. <other>London</other>.
<author><surname>Brenner</surname>, <given-names>Neil</given-names></author> <year>1998</year>: <title>Between Fixity and Motion: Accumulation, Territorial Organization and the Historical Geography of Spatial Scales</title>. <source>Environment and Planning D: Society and Space</source> <volume>16</volume>. S. <fpage>459</fpage>-<lpage>481</lpage>.
<author><surname>Cassidy</surname>, <given-names>John</given-names></author> <year>1997</year>: <title>The Return of Marx</title>. <source>New Yorker</source> <volume>20 and 27 October</volume>. S. <fpage>248</fpage>-<lpage>259</lpage>.
<author><surname>Curry</surname>, <given-names>James</given-names></author> und <author><given-names>Martin</given-names> <surname>Kenney</surname></author> <year>1999</year>: <title>The paradigmatic City: Post-industrial Illusion and the Los Angeles School</title>. <source>Antipode</source> <volume>31</volume>. S. <fpage>1</fpage>-<lpage>28</lpage>.
<author><surname>Desbiens</surname>, <given-names>Caroline</given-names></author> und <author><given-names>Neil</given-names> <surname>Smith</surname></author> <year>1999</year>:  <title>The International Critical Geography Group: „Forbidden Optimism?“</title>  <source>Environment and Planning D: Society and Space</source> <volume>17</volume>. S. <fpage>379</fpage>-<lpage>382</lpage>.
<author><surname>Eagleton</surname>, <given-names>Terry</given-names></author> <year>1997</year>: <title>International Books of the Year</title>. <source>Times Literary Supplement</source>, <volume>5 December</volume>. S. <fpage>11</fpage>.
<author><surname>Eliot Hurst</surname>, <given-names>Micchael E.</given-names></author> <year>1973</year>. <title>Establishment Geography, Or, How to be Irrelevant in Three easy Lessons</title>.  <source>Antipode</source> <volume>2</volume>. S. <fpage>40</fpage>-<lpage>59</lpage>.
<author><surname>Fannin</surname>, <given-names>Maria</given-names></author>, <author><given-names>Sarah</given-names> <surname>Fort</surname></author>, <author><given-names>Jeanine</given-names> <surname>Marley</surname></author>, <author><given-names>Joe</given-names> <surname>Miler</surname></author>, <author><given-names>Sarah</given-names> <surname>Wright</surname></author> <year>2000</year>: <title>The Battle in Seattle: A Response from Local Geographers in the Midst of the WTO Meetings</title>. <source>Antipode</source> <volume>32</volume>. S. <fpage>15</fpage>-<lpage>221</lpage>.
<author><surname>Galois</surname>, <given-names>Bob</given-names></author> <year>1976</year>: <title>Ideology and the Idea of Nature: The Case of Peter Kropotkin</title>. <source>Antipode</source> <volume>8</volume>. S. <fpage>1</fpage>-<lpage>16</lpage>.
<author><surname>Hardt</surname>, <given-names>Michael</given-names></author> und <author><given-names>Antonio</given-names> <surname>Negri</surname></author> <year>2000</year>: <title>Empire</title>. <other>Cambridge</other>.
<author><surname>Harvey</surname>, <given-names>David</given-names></author> <year>1973</year>: <title>Social Justice and the City</title>. <other>London</other>.
<author><surname>Harvey</surname>, <given-names>David</given-names></author> <year>1989</year>: <title>The Condition of Postmodernity</title>. <other>Oxford</other>.
<author><surname>Harvey</surname>, <given-names>David</given-names></author> <year>2000</year>: <title>Spaces of Hope</title>. <other>Edinburgh</other>.
<author><surname>Harvey</surname>, <given-names>David</given-names></author> und <author><given-names>Neil</given-names> <surname>Smith</surname></author> <year>1984</year>: <title>Geography: From Capitals to Kapital</title>. In: <editor>Bertell Ollman</editor> and <editor>Edward Vernoff</editor> (Hg.): <source>The Left Academy.  Marxist Scholarship on American Campuses</source>. <other>New York</other>. S.  <fpage>99</fpage>-<lpage>121</lpage>.
<author><surname>Herod</surname>, <given-names>Andrew</given-names></author> <year>1991</year>: <title>The Production of Scale in United States Labour Relations</title>. <source>Area</source> <volume>23</volume>. S. <fpage>82</fpage>-<lpage>88</lpage>.
<author><surname>Herod</surname>, <given-names>Andrew</given-names></author> <year>1997</year>: <title>From a Geography of Labor to a Labor Geography: labor’s Spatial Fix and the Geography of Capitalism</title>. <source>Antipode</source> <volume>29</volume>. S. <fpage>1</fpage>-<lpage>31</lpage>.
<editor>Herod, Andrew</editor> <year>1998</year> (Hg.): <title>Organizing the Landscape</title>. <other>Minneapolis</other>.
<author><surname>Johns</surname>, <given-names>Rebecca</given-names></author> <year>1994</year>: <title>International Solidarity:  Space and Class in the U.S. Labor Movement</title>. Ph.D. Dissertation, Rutgers University.
<author><surname>Katz</surname>, <given-names>Cindi</given-names></author> <year>1999</year>: <title>The politics of research: the struggle for an emancipatory geography</title>. <source>Paper presented to the Mapping the Millennium Conference, Seattle WA, 5 February</source>.
<author><surname>Katz</surname>, <given-names>Cindi</given-names></author> <year>2001</year>: <title>Vagabond Capitalism and the Necessity of Social Reproduction</title>. <source>Antipode</source> <volume>33</volume>. S. <fpage>708</fpage>-<lpage>727</lpage>.
<author><surname>Marston</surname>, <given-names>Sallie</given-names></author> <year>2000</year>: <title>The Social Construction of Scale</title>. <source>Progress in Human Geography</source> <volume>24</volume>. S. <fpage>229</fpage>-<lpage>242</lpage>.
<author><surname>McDowell</surname>, <given-names>Linda</given-names></author> <year>1999</year>: <title>Gender, Place and Identity: Understanding Feminist Geographies</title>. <other>Minneapolis</other>.
<author><surname>Mitchell</surname>, <given-names>Don</given-names></author> <year>1996</year>:  <title>The Lie of the Land</title>. <other>Minneapolis</other>.
<author><surname>Peck</surname>, <given-names>Jamie</given-names></author> <year>1996</year>: <title>Work-Place: The Social Regulation of Labor Markets</title>. <other>New York</other>.
<author><surname>Peck</surname>, <given-names>Jamie</given-names></author>, <author><given-names>Frances Fox</given-names> <surname>Piven</surname></author> und <author><given-names>Richard</given-names> <surname>Cloward</surname></author> <year>2001</year>: <title>Workfare States</title>. <other>New York</other>.
<author><surname>Peet</surname>, <given-names>Richard</given-names></author> <year>1978</year>: <title>Radical Geography</title>. <other>Chicago</other>.
<author><surname>Ramirez</surname>, <given-names>Blanca</given-names></author> <year>2000</year>: <title>The Politics of Constructing an International Group of Critical Geographers and a Common Space of Action</title>. <source>Environment and Planning D: Society and Space</source> <volume>18</volume>. S. <fpage>537</fpage>-<lpage>543</lpage>.
<author><surname>Smith</surname>, <given-names>Neil</given-names></author> <year>1984</year>: <title>Uneven Development: Nature, Capital and the Production of Space</title>. <other>Oxford</other>.
<author><surname>Smith</surname>, <given-names>Neil</given-names></author> <year>1992</year>a: <title>Geography, Difference and the Politics of scale</title>. In: <editor>Joe Doherty</editor>, <editor>Elspeth Graham</editor> und <editor>Mo Malek</editor> (Hg.): <source>Postmodernism and the Social Sciences</source>. <other>London</other>. S. <fpage>57</fpage>-<lpage>79</lpage>.
<author><surname>Smith</surname> <given-names>Neil</given-names></author> <year>1992</year>b: <title>Contours of a Spatialized Politics: Homeless Vehicles and the Production of Geographical Space</title>. <source>Social Text</source> <volume>33</volume>. S. <fpage>54</fpage>-<lpage>81</lpage>.
<author><surname>Smith</surname>, <given-names>Neil</given-names></author> <year>1995</year>: <title>Remaking Scale: Competition and Cooperation in Prenational and Postnational Europe</title>. In: <editor>Heikki Eskelinen</editor> and <editor>Folke Snickars</editor> (Hg.) <source>Competitive European Peripheries</source>.  <other>Berlin</other>. S. <fpage>59</fpage>-<lpage>74</lpage>.
<author><surname>Smith</surname>, <given-names>Neil</given-names></author> <year>1997</year>: <title>The Satanic Geographies of Globalization: Uneven Development in the 1990s</title>. <source>Public Culture</source> <volume>10</volume>.<issue>1</issue> S. <fpage>169</fpage>-<lpage>189</lpage>.
<author><surname>Smith</surname>, <given-names>Neil</given-names></author> <year>2000</year>a: <title>Global Seattle</title>.  <source>Environment and Planning D: Society and Space</source> <volume>18</volume>. S. <fpage>1</fpage>-<lpage>5</lpage>.
<author><surname>Smith</surname>, <given-names>Neil</given-names></author> <year>2000</year>b: <title>Who Rules this Sausage Factory</title>. <source>Antipode</source> <volume>32</volume>. S. <fpage>330</fpage>-<lpage>339</lpage>.
<author><surname>Smith</surname>, <given-names>Neil</given-names></author> <year>2002</year>: <title>Mapping the American Century: Isaiah Bowman and the Prelude to Globalization</title>. <other>Los Angeles</other> and <other>Berkeley</other> (im Ersch.).
<author><surname>Soja</surname>, <given-names>Edward</given-names></author>. <year>1989</year>: <title>Postmodern Geographies</title>. <other>London</other>.
<author><surname>Soja</surname>, <given-names>Edward</given-names></author>. <year>1996</year>:  <title>Third Space</title>. <other>Oxford</other>.
<author><surname>Soja</surname>, <given-names>Edward</given-names></author>. <year>2000</year>: <title>Postmetropolis</title>.  <other>Oxford</other>.
<author><surname>Storper</surname>, <given-names>Michaael</given-names></author> <year>2001</year>: <title>The Poverty of Radical Theory: From the False Promises of Marxsim to the Mirage of the Cultural Turn</title>. <source>International Journal of Urban and Regional Research</source> <volume>25</volume>. S. <fpage>155</fpage>-<lpage>179</lpage>.
<author><surname>Swyngedouw</surname>, <given-names>Erik</given-names></author> <year>1997</year>: <title>Neither Global nor Local: ‘Glocalisation’ and the Politics of Scale’</title>. In: <editor>Kevin Cox</editor> (Hg.): <source>Spaces of Globalization: Reasserting the Power of the Local</source>. <other>New York</other>.
<author><surname>Swyngedouw</surname>, <given-names>Erik</given-names></author> <year>1999</year>: <title>Marxism and Historical-Geographical Materialism: A Spectre is Haunting Geography</title>. <source>Scottish Geographical Journal</source> <volume>115</volume>. S.  <fpage>91</fpage>-<lpage>102</lpage>.
<author><surname>Swyngedouw</surname>, <given-names>Erik</given-names></author> <year>2000</year>: <title>Authoritarian Governance, Power, and the Politics of Rescaling</title>. <source>Environment and Planning D: Society and Space</source> <volume>18</volume>. S. <fpage>63</fpage>-<lpage>76</lpage>.
<author><surname>Tonkin</surname>, <given-names>Liza</given-names></author> <year>2000</year>: <title>Women of steel: Constructing and Contesting New Gendered Geographies of Work in the Australian Steel Industry</title>. <source>Antipode</source> <volume>32</volume>. S. <fpage>115</fpage>-<lpage>134</lpage>.
<author><surname>Vural</surname>, <given-names>Leyla</given-names></author> <year>1994</year>: <title>Unionism as a way of life:  The Community Orientation of the International Ladies’ Garment Workers’ Union and the Amalgamated Clothing Workers of America</title>.  Ph.D. Dissertation, Rutgers University.
<author><surname>Wainright</surname>, <given-names>Joel</given-names></author>, <author><given-names>Scott</given-names> <surname>Prudham</surname></author>, <author><given-names>Jim</given-names> <surname>Glassman</surname></author> <year>2000</year>: <title>The Battle in Seattle: Microgeographies of Resistance and the Challenge of Building Alternative Futures</title>. <source>Environment and Planning D: Society and Space</source> <volume>18</volume>. S. <fpage>5</fpage>-<lpage>13</lpage>.
<author><surname>Watts</surname>, <given-names>Michael</given-names></author> <year>2000</year>: <title>Development at the Millennium: Malthus, Marx and the Politics of Alternatives</title>. <source>Geographische Zeitschrift</source> <volume>88</volume>. S. <fpage>67</fpage>-<lpage>93</lpage>
<author><surname>Watts</surname>, <given-names>Michael</given-names></author> <year>2001</year>: <title>1968 and all that ....</title>  <source>Progress in Human Geography</source> <volume>25</volume>. S. <fpage>157</fpage>-<lpage>188</lpage>.
<author><surname>Wills</surname>, <given-names>Jane</given-names></author> <year>1996</year>: <title>Geographies of Trade Unionism: Translating Traditions Across Space and Time</title>. <source>Antipode</source> <volume>28</volume>. S. <fpage>352</fpage>-<lpage>378</lpage>.