<author><surname>Bartels</surname>, <given-names>Dietrich</given-names></author> <year>1968</year>a: <title>Zur wissenschaftstheoretischen Grundlegung einer Geographie des Menschen</title>. <other>Wiesbaden</other>.
<author><surname>Bartels</surname>, <given-names>Dietrich</given-names></author> <year>1968</year>b: <title>Die Zukunft der Geographie als Problem ihrer Standortbestimmung</title>. In: <source>Geographische Zeitschrift</source>. S. <fpage>124</fpage>-<lpage>142</lpage>.
<author><surname>Bartels</surname>, <given-names>Dietrich</given-names></author> <year>1970</year>: <title>Wirtschafts- und Sozialgeographie. Einleitung</title>. In: <editor>Bartels, Dietrich</editor> (Hg.): <source>Wirtschafts- und Sozialgeographie</source>. <other>Köln u. a.</other> S. <fpage>13</fpage>-<lpage>45</lpage>.
<author><surname>Bartels</surname>, <given-names>Dietrich</given-names></author>, <author><given-names>Gerhard</given-names> <surname>Hard</surname></author> <year>1975</year>: <title>Lotsenbuch für das Studium der Geographie als Lehrfach</title>. <other>Bonn, Kiel</other>.
<author><surname>Bayer</surname>, <given-names>Otto</given-names></author>, <author><given-names>Erhard</given-names> <surname>Stölting</surname></author> <year>1989/1994</year>: <title>Sozialwissenschaften</title>. In: <editor>Seiffert Helmut</editor>, <editor>Gerard Radnitzky</editor> (Hg.): <source>Handlexikon zur Wissenschaftstheorie</source>. <other>München</other>. S. <fpage>302</fpage>-<lpage>313</lpage>.
<author><surname>Blackbourn</surname>, <given-names>David</given-names></author> <year>2007</year>: <title>Die Eroberung der Natur. Eine Geschichte der deutschen Landschaft</title>. <other>München</other>. (<other>dt. Übers.</other>)
<author><surname>Braun</surname>, <given-names>Hans</given-names></author> <year>1989/1994</year>: <title>Wissenschaftsgeschichte: Sozialwissenschaften</title>. In: <editor>Seiffert, Helmut</editor>, <editor>Gerard Radnitzky</editor> (Hg.): <source>Handlexikon zur Wissenschaftstheorie</source>. <other>München</other>. S. <fpage>440</fpage>-<lpage>447</lpage>.
<author><surname>Carol</surname>, <given-names>Hans</given-names></author> <year>1956</year>: <title>Zur Diskussion um Landschaft und Geographie</title>. In: <source>Geographica Helvetica</source>, Band <volume>11</volume>. S. <fpage>111</fpage>-<lpage>132</lpage>.
<author><surname>Carol</surname>, <given-names>Hans</given-names></author> <year>1963</year>: <title>Zur Theorie der Geographie</title>. In: <editor>Storkebaum, Werner</editor> (Hg. <year>1967</year>): <source>Zum Gegenstand und zur Methode der Geographie</source>. <other>Darmstadt</other>. S. <fpage>387</fpage>-<lpage>414</lpage>.
<author><surname>Dilthey</surname>, <given-names>Wilhelm</given-names></author> <year>1966</year>: <title>Einleitung in die Geisteswissenschaften</title>. <other>Stuttgart u. a.</other>
<author><surname>Eisermann</surname>, <given-names>Gottfried</given-names></author> <year>1967</year>: <title>Soziologie und Geschichte</title>. In: <editor>König, René</editor> (Hg.): <source>Handbuch der empirischen Sozialforschung</source>. Bd. <volume>1</volume>. <other>Stuttgart</other>. S. <fpage>601</fpage>-<lpage>640</lpage>.
<author><surname>Hempel</surname>, <given-names>Carl Gustav</given-names></author>, <author><given-names>Paul</given-names> <surname>Oppenheim</surname></author> <year>1948</year>: <title>The logic of explanation</title>. In: <editor>Feigl Herbert</editor>, <editor>May Brodbeck</editor> (Hg. <year>1953</year>): <source>Readings in the philosophy of science</source>. <other>New York</other>. S. <fpage>319</fpage>-<lpage>352</lpage>.
<author><surname>Klug</surname> <given-names>Heinz</given-names></author>, <author><given-names>Robert</given-names> <surname>Lang</surname></author> <year>1983</year>: <title>Einführung in die Geosystemlehre</title>. <other>Darmstadt</other>.
<author><surname>Köck</surname>, <given-names>Helmuth</given-names></author> <year>1987</year>: <title>Chorische Logik – die Grundperspektive geographischer Weltbetrachtung</title>. In: <editor>Bahrenberg, Gerhard</editor> <other>et al.</other> (Hg.): <source>Geographie des Menschen. Dietrich Bartels zum Gedenken</source>. <other>Bremen</other>. S. <fpage>179</fpage>-<lpage>194</lpage>.
<author><surname>Köck</surname>, <given-names>Helmuth</given-names></author> <year>1997</year>: <title>Die Rolle des Raumes als zu erklärender und als erklärender Faktor. Zur Klärung einer methodologischen Grundrelation in der Geographie</title>. In: <source>Geographica Helvetica</source>, Band <volume>52</volume>, Heft <issue>3</issue>. S. <fpage>89</fpage>-<lpage>96</lpage>.
<author><surname>Köck</surname>, <given-names>Helmuth</given-names></author> <year>2004</year>: <title>Der Raum – die Mitte der Geographie</title>. In: <editor>Köck, Helmuth</editor>, <editor>Armin Rempfler</editor> <year>2004</year>: <source>Erkenntnisleitende Ansätze – Schlüssel zur Profilierung des Geographieunterrichts</source>. <other>Köln</other>. S. <fpage>12</fpage>-<lpage>18</lpage>.
<author><surname>Köck</surname>, <given-names>Helmuth</given-names></author> <year>2007</year>: <title>Zum Spannungsverhältnis von Geistes- und Naturwissenschaften</title>. In: <editor>Jäkel, Lissy</editor> <other>et al.</other> (Hg.): <source>Der Wert der naturwissenschaftlichen Bildung</source>. <other>Heidelberg</other>. S. <fpage>177</fpage>-<lpage>203</lpage>.
<author><surname>Mittelstraß</surname>, <given-names>Jürgen</given-names></author> <year>1995</year>: <title>Natur</title>. In: <editor>Mittelstraß, Jürgen</editor> (Hg.): <source>Enzyklopädie Philosophie und Wissenschaftstheorie</source>, Bd. <volume>2</volume>. <other>Stuttgart, Weimar</other>. S. <fpage>961</fpage>-<lpage>964</lpage>.
<author><surname>Neef</surname>, <given-names>Ernst</given-names></author> <year>1956</year>: <title>Die axiomatischen Grundlagen der Geographie</title>. In: <source>Geographische Berichte</source>. S. <fpage>85</fpage>-<lpage>91</lpage>.
<author><surname>Neef</surname>, <given-names>Ernst</given-names></author> <year>1967</year>: <title>Die theoretischen Grundlagen der Landschaftslehre</title>. <other>Gotha</other>.
<author><surname>Popper</surname>, <given-names>Karl Raimund</given-names></author> <year>1935/1973</year>: <title>Logik der Forschung</title>. <other>Tübingen</other>.
<author><surname>Popper</surname>, <given-names>Karl Raimund</given-names></author> <year>1972/1974</year>: <title>Objektive Erkenntnis</title>. <other>Hamburg</other>.
<author><surname>Seiffert</surname>, <given-names>Helmut</given-names></author> <year>1997</year>: <source>Einführung in die Wissenschaftstheorie</source>. Bd. <volume>4</volume>: <title>Wörterbuch der wissenschaftstheoretischen Terminologie</title>. <other>München</other>.
<author><surname>Weichhart</surname>, <given-names>Peter</given-names></author> <year>1999</year>: <title>Die Räume zwischen den Welten und die Welt der Räume. Zur Konzeption eines Schlüsselbegriffs der Geographie</title>. In: <editor>Meusburger, Peter</editor> (Hg.): <source>Handlungszentrierte Sozialgeographie</source>. <other>Stuttgart</other>. S. <fpage>67</fpage>-<lpage>94</lpage>.
<author><surname>Weichhart</surname>, <given-names>Peter</given-names></author> <year>2003</year>: <title>Physische Geographie und Humangeographie – eine schwierige Beziehung</title>. In: <editor>Heinritz, Günter</editor> (Hg.): <source>Integrative Ansätze in der Geographie – Vorbild oder Trugbild?</source> <other>Passau</other>. S. <fpage>17</fpage>-<lpage>34</lpage>.
<author><surname>Weichhart</surname>, <given-names>Peter</given-names></author> <year>2005</year>: <title>Auf der Suche nach der „dritten Säule“. Gibt es Wege von der Rhetorik zur Pragmatik?</title> In: <editor>Müller-Mahn Detlef</editor>, <editor>Ute Wardenga</editor> (Hg.): <source>Möglichkeiten und Grenzen integrativer Forschungsansätze in Physischer Geographie und Humangeographie</source>. <other>Leipzig</other>. S. <fpage>109</fpage>-<lpage>136</lpage>.
<author><surname>Weingartner</surname>, <given-names>Paul</given-names></author> <year>1978</year>: <title>Wissenschaftstheorie I: Einführung in die Hauptprobleme</title>. <other>Stuttgart</other>.
<author><surname>Wild</surname>, <given-names>Wolfgang</given-names></author> <year>1987</year>: <title>Naturwissenschaften und Geisteswissenschaften – immer noch zwei getrennte Kulturen?</title> In: <source>Universitas</source>, H. <issue>1</issue>. S. <fpage>25</fpage>-<lpage>36</lpage>.
<author><surname>Zimmerli</surname>, <given-names>Walther Christoph</given-names></author> <year>1988</year>: <title>Einheit oder Vielheit der Kulturen? Geistes- und Naturwissenschaften in einer techno-logischen Welt</title>. In: <source>Physikalische Blätter</source>, H. <issue>3</issue>. S. <fpage>57</fpage>-<lpage>62</lpage>.
<author><surname>Zimmerli</surname>, <given-names>Walther Christoph</given-names></author> <year>1994</year>: <title>Geisteswissenschaften</title>. In: <editor>Seiffert, Helmut</editor>, <editor>Gerard Radnitzky</editor> (Hg.): <source>Handlexikon der Wissenschaftstheorie</source>. <other>München</other>. S. <fpage>88</fpage>-<lpage>101</lpage>.