<author><surname>Berndt</surname>, <given-names>Chr</given-names></author>. <year>1998</year>: <title>Ruhr firms between dynamic change and structural perspektive-globalization, the ‘German Model’ and regional place-dependence</title>. In: <source>Transactions Institute of Britisch Geographers  NS</source> <volume>23</volume>, S. <fpage>331</fpage>-<lpage>352</lpage>.
<editor>Kohler-Koch, B.</editor> (Hg.) <year>1998</year>: <title>Regieren in entgrenzten Räumen</title>. <other>Opladen</other> (= <title>PVS-Sonderheft</title> <volume>29/1998</volume>). 
<author><surname>Paasi</surname>, <given-names>A</given-names></author>. <year>1996</year>: <title>Territories, Boundaries and Consciousness</title>. <other>Chichster usw.</other> 
<author><surname>Storper</surname>, <given-names>M</given-names></author>. <year>1997</year>: <title>The regional world</title>. <other>New York, London</other>.