<editor>Academia Sinica</editor> <year>1977</year>: <title>China Tames Her Deserts</title>. <other>Beijing</other>.
<author><surname>Breslin</surname>, <given-names>Shaun</given-names></author> <year>2008</year>: <title>Vier Modernisierungen</title>. In: <editor>Staiger, Brunhild</editor>, <editor>Stefan Friedrich</editor>, <editor>Hans-Wilm Schütte</editor> (Hg.): <source>Das große China-Lexikon</source>. <other>Darmstadt</other>, S. <fpage>812</fpage>-<lpage>814</lpage>.
<author><surname>Cheng</surname>, <given-names>Xiangkun</given-names></author>, <author><given-names>Dongmei</given-names> <surname>Cai</surname></author>, <author><given-names>Shigong</given-names> <surname>Wang</surname></author> <year>2007</year>: <title>Zhongguo shachenbao tianqi yanjiu jinzhan ji zhuyao kexue wenti (Advance in study on sand-dust storm and its key scientific tasks in China)</title>. In: <source>Qixiang yu huanjing xuebao</source> <volume>6</volume>. S. <fpage>51</fpage>-<lpage>56</lpage>.
<author><surname>Dschang</surname>, <given-names>Dji-niän</given-names></author> <year>1958</year>: <title>Sieg über den Sand</title>. In: <source>China im Bild</source> <volume>90</volume>. S. <fpage>4</fpage><lpage>f</lpage>.
<author><surname>Economy</surname>, <given-names>Elizabeth C.</given-names></author> <year>2002</year>: <title>China’s Go West Campaign: Ecological Construction or Ecological Exploitation</title>. In: <source>China Environment Series</source> <volume>5</volume>. S. <fpage>1</fpage>-<lpage>10</lpage>.
<author><surname>Fang</surname>, <given-names>Jun</given-names></author> <year>2008</year>: <title>Chongxin renshi shachenbao [Sand- und Staubstürme neu verstehen]</title>. In: <source>Minfangfan</source> <volume>2</volume>. S. <fpage>12</fpage><lpage>f</lpage>.
<editor>Fang, Zongyi</editor>, <editor>Fukang Zhu</editor>, <editor>Jiexi Jiang</editor>, <editor>Zheng’an Qian</editor> (Hg.) <year>1997</year>: <title>Zhongguo shachenbao yanjiu [Sand- und Staubsturmforschung in China]</title>. <other>Beijing</other>.
<author><surname>Fei</surname>, <given-names>Jie</given-names></author>, <author><given-names>Jie</given-names> <surname>Zhou</surname></author>, <author><given-names>Qingyao</given-names> <surname>Zhang</surname></author>, <author><given-names>Huizhong</given-names> <surname>Chen</surname></author> <year>2005</year>: <title>Dust weather records in Beijing during 1860–1898 AD based on the Diary of Tonghe Weng</title>. In: <source>Atmospheric Environment</source> <volume>39</volume>. S. <fpage>3943</fpage>-<lpage>3946</lpage>.
<author><surname>Feichtenberger</surname>, <given-names>Klaus</given-names></author>, <author><given-names>Ingo</given-names> <surname>Herbst</surname></author> <year>2008</year>: <source>Wüsten im Vormarsch</source>. DVD <volume>1</volume>: <title>Chinas Kampf gegen den Sand</title>. <other>Hamburg</other>.
<author><surname>Gluckman</surname>, <given-names>Ron</given-names></author> <year>2000</year>: <title>The Desert Storm</title>. In: <source>Asiaweek</source> <volume>40</volume>, 13.10.2000. <url>http://www.cnn.com/ASIANOW/asiaweek/magazine/2000/1013/is.china.html</url> (zuletzt eingesehen am 05.11.2012).
<author><surname>Goudie</surname>, <given-names>Andrew S.</given-names></author> <year>2009</year>: <title>Dust Storms. Recent Developments</title>. In: <source>Journal of Environmental Management</source> <volume>1</volume>. S. <fpage>89</fpage>-<lpage>94</lpage>.
<author><surname>Goudie</surname>, <given-names>Andrew S.</given-names></author>, <author><given-names>Nicholas J.</given-names> <surname>Middleton</surname></author> <year>2006</year>: <title>Desert Dust in the Global System</title>. <other>Berlin</other>.
<author><surname>Guo</surname>, <given-names>Jianyue</given-names></author>, <author><given-names>Shibin</given-names> <surname>Wang</surname></author>, <author><given-names>Jie</given-names> <surname>Tan</surname></author>, <author><given-names>Ruihong</given-names> <surname>Guo</surname></author> <year>2002</year>: <title>Huangmohua li Beijing you duo yuan? [Wie weit ist die Desertifikation noch von Beijing entfernt?]</title>. In: <source>Jiefang junbao</source> <volume>18.03.2002</volume> (Online-Ausgabe).
<author><surname>Guo</surname>, <given-names>Yunlong</given-names></author> <year>2006</year>: <title>Yi lin wei zhu zonghe zhili shi genzhi fengsha de genben tujing [Eine umfassende Regulierung mit dem Fokus auf Bewaldung ist grundlegend, um Sandstürme endgültig unter Kontrolle zu bringen]</title>. In: <source>Hebei linye</source> <volume>3</volume>. S. <fpage>25</fpage>.
<author><surname>Guo</surname>, <given-names>Zizhao</given-names></author> <year>2000</year>: <title>Weiqing, chengshi! [Gefahrensituation, Städte!]</title>. In: <source>Chengshi yu jianzai</source> <volume>3</volume>. S. <fpage>42</fpage><lpage>f</lpage>.
<editor>Guojia linye zongju</editor> <year>1979</year>: <title>Guanyu zai Xibei, Huabei, Dongbei fengsha weihai he shuitu liushi zhongdian diqu jianshe daxing fanghulin de guihua [Über die Pläne in den von Sandstürmen und Bodenerosion betroffenen Kerngebieten in Nordwest-, Nord- und Nordostchina einen großen Schutzwald aufzubauen]</title>. <source>Xinjiang linye</source> <volume>5</volume>. S. <fpage>6</fpage>-<lpage>8</lpage>.
<author><surname>Han</surname>, <given-names>Shuyun</given-names></author> <year>2006</year>: <title>Chunji jujiao shachenbao (Focus on dust-storm in spring)</title>. In: <source>Chengshi yu jianzai</source> <volume>3</volume>. S. <fpage>35</fpage>-<lpage>38</lpage>.
<author><surname>He</surname>, <given-names>Daliang</given-names></author> <year>1992</year>: <title>Beijing diqu fengsha huodong de jiance (Wind-sand Activity Monitoring in Beijing Region)</title>. In: <source>Zhongguo shamo</source> <volume>2</volume>. S. <fpage>27</fpage>-<lpage>33</lpage>.
<author><surname>Huang</surname>, <given-names>Zhenggen</given-names></author> <year>2011</year>: <title>Caixie „Fengsha jinbi Beijing cheng“. Yi pian mei zuo wan de da wenzhang [Das Verfassen von „Sandstürme belagern die Stadt Beijing“. Ein unvollendeter großer Artikel]</title>. In: <source>Jingji cankao bao</source> <volume>01.07.2011</volume>. <url>http://www.people.com.cn/h/2011/0701/c25408-1277216011.html</url> (zuletzt eingesehen am 05.11.2012).
<author><surname>Huo</surname>, <given-names>Yujia</given-names></author> <year>2009</year>: <title>„Jiankang shashou“ shachenbao [Sand- und Staubstürme – die „Gesundheits-Killer“]</title>. In: <source>Shengming yu zaihai</source> <volume>4</volume>. S. <fpage>31</fpage><lpage>f</lpage>.
<author><surname>Jiang</surname>, <given-names>Hong</given-names></author> <year>2010</year>: <title>Desertification in China. Problems with Policies and Perceptions</title>. In: <editor>Joel Jay Kassiola</editor>, <editor>Sujian Guo</editor> (Hg.): <source>China’s Environmental Crisis. Domestic and Global Political Impacts and Responses</source>. <other>New York</other>. S. <fpage>13</fpage>-<lpage>40</lpage>.
<author><surname>Jin</surname>, <given-names>Cheng</given-names></author> <year>2007</year>: <title>Renshi shachenbao [Sand- und Staubstürme verstehen]</title>. In: <source>Minfangfan</source> <volume>2</volume>. S.<fpage>13</fpage>.
<author><surname>Kuchelmeister</surname>, <given-names>Guido</given-names></author> <year>2006</year>: <title>Wüstenbekämpfung in China – ein Erfolgsrezept?</title> In: <source>entwicklung & ländlicher raum</source> <volume>4</volume>. S. <fpage>16</fpage>-<lpage>19</lpage>.
<author><surname>Kun</surname>, <given-names>Lun</given-names></author> <year>2011</year>: <title>Shachenbao zaihai yu shachen tianqi de fanghu (Protection of sand storm and sandy weather)</title>. In: <source>Chengshi yu jianzai</source> <volume>1</volume>. S. <fpage>40</fpage><lpage>f</lpage>.
<author><surname>Li</surname>, <given-names>Jianshu</given-names></author> <year>1978</year>: <title>Yulin shamo ji qi zhisha zaolin [Die Wüste in Yulin und die dortige Aufforstung zur Sandbefestigung]</title>. In: <source>Shaanxi linye keji</source> <volume>6</volume>, S. <fpage>8</fpage>-<lpage>19</lpage>.
<author><surname>Li</surname>, <given-names>Yigong</given-names></author>, <author><given-names>Zhengen</given-names> <surname>Huang</surname></author>, <author><given-names>Shanglun</given-names> <surname>Fu</surname></author>, <author><given-names>Zhongcheng</given-names> <surname>Li</surname></author> <year>1979</year>: <title>Fengsha jinbi Beijing Cheng [Sandstürme belagern die Stadt Beijing]</title>. In: <source>Renmin Ribao</source>, <volume>06.03.1979</volume>. S. <fpage>2</fpage>.
<author><surname>Liu</surname>, <given-names>Jingtao</given-names></author>, <author><given-names>Mingqian</given-names> <surname>Zheng</surname></author> <year>1996</year>: <title>Guanyu „heifengbao“ dingyi de yijian [Vorschläge zur Definition von „Schwarzen Stürmen“]</title>. In: <source>Nei Menggu qixiang</source> <volume>4</volume>. S. <fpage>5</fpage><lpage>f</lpage>.
<author><surname>Liu</surname>, <given-names>Yi</given-names></author> <year>2002</year>: <title>Zai tan shachenbao (Talking again about sand-dust storms)</title>. In: <source>Chengshi yu jianzai</source> <volume>3</volume>. S. <fpage>28</fpage>-<lpage>30</lpage>.
<author><surname>Lu</surname>, <given-names>Dejun</given-names></author> <year>2000</year>: <title>Jinchun woguo duo shachenbao de yuanyin tanxi ji duice zhanwang [Untersuchung und Analyse der Gründe für die häufigen Sand- und Staubstürme in China in diesem Frühjahr und ein Ausblick auf Gegenmaßnahmen]</title>. In: <source>Zhongxue dili jiaoxue cankao</source> Z<volume>2</volume>. S. <fpage>123</fpage><lpage>f</lpage>.
<author><surname>Ma</surname>, <given-names>Yanxia</given-names></author> <year>2003</year>: <title>Woguo shachenbao de shikong fenbu [Die zeitlich-räumliche Verteilung der Sand- und Staubstürme in China]</title>. In: <source>Zhongxue dili jaixue cankao</source> Z<volume>2</volume>. S. <fpage>116</fpage><lpage>f</lpage>.
<author><surname>Miggelbrink</surname>, <given-names>Judith</given-names></author> <year>2009</year>: <title>Verortung im Bild. Überlegungen zu ‘visuellen Geographien’</title>. In: <editor>Jörg Döring</editor>, <editor>Tristan Thielmann</editor> (Hg.): <source>Mediengeographie. Theorie, Analyse, Diskussion</source>. <other>Bielefeld</other>. S. <fpage>179</fpage>-<lpage>202</lpage>.
<author><surname>Millward</surname>, <given-names>James A.</given-names></author> <year>1999</year>: <title>„Coming Onto the Map“. „Western Regions“ Geography and Cartographic Nomenclature in the Making of Chinese Empire in Xinjiang</title>. In: <source>Late Imperial China</source> <volume>2</volume>. S. <fpage>61</fpage>-<lpage>98</lpage>.
<other>O. Verf.</other> <year>1952</year>: <title>A New „Great Wall“ of Trees</title>. In: <source>China Reconstructs</source> <volume>3</volume>. S. <fpage>42</fpage>-<lpage>44</lpage>.
<other>O. Verf.</other> <year>1978</year>: <title>Yao zai quanguo dada tichang zhishu zaolin [Die Aufforstung muss im gesamten Land stark gefördert werden]</title>. In: <source>Xinjiang linye</source> <volume>1</volume>. S. <fpage>1</fpage><lpage>f</lpage>.
<other>O. Verf.</other> <year>2006</year>: <title>Miandui shachenbao, women yinggai zuo shenme? [Was sollen wir angesichts der Sand- und Staubstürme tun?]</title>. In: <source>Zhongguo jianzai</source> <volume>5</volume>. S. <fpage>19</fpage><lpage>f</lpage>.
<author><surname>Pan</surname>, <given-names>Xiaochuan</given-names></author> <year>2010</year>: <title>Shachenbao jiankang xiaoying de yanjiu jinzhan yu zhanwang [Die Erforschung der gesundheitlichen Auswirkungen von Sand- und Staubstürmen. Fortschritte und Ausblicke]</title>. In: <source>Huanjing yu jiankang zazhi</source> <volume>9</volume>. S. <fpage>753</fpage><lpage>f</lpage>.
<author><surname>Qiu</surname>, <given-names>Si’e</given-names></author> <year>2007</year>: <title>Zaihai dai lai de zhengmian xiaoying [Die positiven Nebeneffekte von Katastrophen]</title>. In: <source>Minfangfan</source> <volume>3</volume>. S. <fpage>27</fpage><lpage>f</lpage>.
<author><surname>Reimers</surname>, <given-names>Ariane</given-names></author> <year>2012</year>: <title>China: Kampf gegen die Verwüstung</title>, 28.08.2012. <url>http://www.ndr.de/fernsehen/sendungen/weltbilder/media/weltbilder2433.html</url> (zuletzt eingesehen am 05.11.2012).
<title>Sandsturm hüllt Peking in gelben Staub</title>. In: <source>Spiegel Online</source>, <volume>20.03.2010</volume>. <url>http://www.spiegel.de/panorama/china-sandsturm-huellt-peking-in-gelben-staub-a-684749.html</url> (zuletzt eingesehen am 06.11.2012).
<author><surname>Shi</surname>, <given-names>Peijun</given-names></author>, <author><given-names>Ping</given-names> <surname>Yan</surname></author>, <author><given-names>Shangyu</given-names> <surname>Gao</surname></author>, <author><given-names>Si</given-names> <surname>Ha</surname></author>, <author><given-names>Yunjiang</given-names> <surname>Yu</surname></author> <year>2000</year>: <title>Woguo shachenbao zaihai ji qi yanjiu jinzhan yu zhanwang [Sand- und Staubsturmkatastrophen in China. Forschungsfortschritte und -perspektiven]</title>. In: <source>Ziran zaihai xuebao</source> <volume>3</volume>. S. <fpage>71</fpage>-<lpage>77</lpage>.
<author><surname>Shi</surname>, <given-names>Zhongyuan</given-names></author> <year>2003</year>: <title>Shachenbao li Beijing yuan qu? (Have Sand-dust Storms Gone Far Away From Beijing?)</title>. In: <source>Chengshi yu jianzai</source> <volume>1</volume>. S. <fpage>33</fpage>-<lpage>36</lpage>.
<author><surname>Squires</surname>, <given-names>Victor</given-names></author> <year>2002</year>: <title>Dust and Sandstorms: An Early Warning of Impending Disaster</title>. In: <editor>Youlin Yang</editor>, <editor>Victor Squires</editor>, <editor>Qi Lu</editor> (Hg.): <source>Global Alarm</source>. <other>New York</other>. S. <fpage>15</fpage>-<lpage>28</lpage>.
<author><surname>Tai</surname>, <given-names>Haiqi</given-names></author> <year>2005</year>: <title>Huan ge jiaodu kan „zaihai“ [„Katastrophen“ aus einer anderen Perspektive betrachtet]</title>. In: <source>Zhongxue dili jiaoxue cankao</source> Z<volume>2</volume>. S. <fpage>124</fpage><lpage>f</lpage>.
<author><surname>Wang</surname>, <given-names>Tao</given-names></author> <year>2000</year>. <title>Xibu da kaifa zhong de shamohua yanjiu ji qi zaihai fangzhi (Research on Desertification and Control to its Calamity in the Large-scale Development of the Western China)</title>. In: <source>Zhongguo shamo</source> <volume>4</volume>. S. <fpage>345</fpage>-<lpage>348</lpage>.
<author><surname>Wang</surname>, <given-names>Hui-Jun</given-names></author>, <author><given-names>Jian-Qi</given-names> <surname>Sun</surname></author>, <author><given-names>Huo-Po</given-names> <surname>Chen</surname></author>, <author><given-names>Ya-Li</given-names> <surname>Zhu</surname></author>, <author><given-names>Ying</given-names> <surname>Zhang</surname></author>, <author><given-names>Da-Bang</given-names> <surname>Jiang</surname></author>, <author><given-names>Xian-Mei</given-names> <surname>Lang</surname></author>, <author><given-names>Ke</given-names> <surname>Fan</surname></author>, <author><given-names>En-Tao</given-names> <surname>Yu</surname></author>, <author><given-names>Song</given-names><surname> Yang</surname></author> <year>2012</year>: <title>Extreme Climate in China. Facts, Simulation and Projection</title>. In: <source>Meteorologische Zeitschrift</source> <volume>3</volume>. S. <fpage>279</fpage>-<lpage>304</lpage>.
<author><surname>Wang</surname>, <given-names>Shigong</given-names></author>, <author><given-names>Guangrong</given-names> <surname>Dong</surname></author>, <author><given-names>Kezheng</given-names> <surname>Sheng</surname></author>, <author><given-names>Huizhong</given-names> <surname>Chen</surname></author> <year>2002</year>: <title>Progress of Research on Understanding Sand and Dust Storms in the World</title>. In: <editor>Youlin Yang</editor>, <editor>Victor Squires</editor>, <editor>Qi Lu</editor> (Hg.): <source>Global Alarm</source>. <other>New York</other>. S. <fpage>29</fpage>-<lpage>48</lpage>.
<author><surname>Wang</surname>, <given-names>Wei</given-names></author> <year>2003</year>: <title>Shachenbao mianmian guan [Eine umfassende Sicht auf Sand- und Staubstürme]</title>. In: <source>Zhongguo guojia dili</source> <volume>4</volume>. S. <fpage>44</fpage>-<lpage>57</lpage>.
<author><surname>Wang</surname>, <given-names>Xunming</given-names></author>, <author><given-names>Zhibao</given-names> <surname>Dong</surname></author>, <author><given-names>Jiawu</given-names> <surname>Zhang</surname></author>, <author><given-names>Lichao</given-names> <surname>Liu</surname></author> <year>2004</year>: <title>Modern dust storms in China: an overview</title>. In: <source>Journal of Arid Environments</source> <volume>58</volume>. S. <fpage>559</fpage>-<lpage>574</lpage>.
<author><surname>Weingart</surname>, <given-names>Peter</given-names></author>, <author><given-names>Anita</given-names> <surname>Engels</surname></author>, <author><given-names>Petra</given-names> <surname>Pansegrau</surname></author> <year>2002</year>: <title>Von der Hypothese zur Katastrophe. Der anthropogene Klimawandel im Diskurs zwischen Wissenschaft, Politik und Massenmedien</title>, <other>Opladen</other>.
<author><surname>Wu</surname>, <given-names>Yueming</given-names></author> <year>1984</year>: <title>Fuchen tianqi de xingcheng yu guance [Die Entstehung und Beobachtung von Staubdunst-Wetter]</title>. In: <source>Ganhan qixiang</source> <volume>1</volume>. S. <fpage>35</fpage>-<lpage>37</lpage>.
<author><surname>Xi</surname>, <given-names>Wen</given-names></author> <year>2010</year>: <title>Jiduan qihou yuanhe pin xian [Warum Extremwetter häufig auftritt]</title>. In: <source>Xibu da kaifa</source> <volume>4</volume>. S. <fpage>11</fpage>-<lpage>13</lpage>.
<author><surname>Xiao</surname>, <given-names>Shi</given-names></author> <year>2002</year>: <title>Shachenbao qiaoxiang de jingzhong (Alarm Bell Which Sand-Dust Storms Sound)</title>. In: <source>Chengshi yu jianzai</source> <volume>2</volume>. S. <fpage>30</fpage>-<lpage>33</lpage>.
<editor>Xinjiang Talimu huanjing kexue kaochazu</editor> <year>1980</year>: <title>Gaishan Talimu de shengtai huanjing ke bu rong huan [Die Verbesserung der ökologischen Umwelt des Tarim duldet keinen Aufschub]</title>. In: <source>Zhongguo nongcun guancha</source> <volume>4</volume>. S. <fpage>42</fpage>, <other>16</other>.
<author><surname>Xu</surname>, <given-names>Guo-chang</given-names></author>, <author><given-names>Min-lian</given-names> <surname>Chen</surname></author>, <author><given-names>Guo-xiong</given-names> <surname>Wu</surname></author> <year>1979</year>: <title>Gansu Sheng „4.22“ teda shabao fenxi (On an Extraordinary Heavy Sandstorm on April 22nd in Gansu)</title>. In: <source>Qixiang xuebao</source> <volume>4</volume>. S. <fpage>26</fpage>-<lpage>35</lpage>.
<author><surname>Yan</surname>, <given-names>Hong</given-names></author> <year>1993</year>: <title>Quanguo shachenbao tianqi yantaohui huiyi zongjie [Konferenzbericht zum Nationalen Symposium zu Sand- und Staubsturmwetter]</title>. In: <source>Ganhan qixiang</source> <volume>3</volume>. S. <fpage>6</fpage>-<lpage>12</lpage>.
<author><surname>Yang</surname>, <given-names>Dayuan</given-names></author> <year>1989</year>: <title>Chengshi ziran zaihai de yanjiu (Research on Urban Natural Hazards)</title>. In: <source>Zaihaixue</source> <volume>4</volume>. S. <fpage>27</fpage>-<lpage>32</lpage>.
<author><surname>Yang</surname>, <given-names>Gengsheng</given-names></author>, <author><given-names>Honglang</given-names> <surname>Xiao</surname></author>, <author><given-names>Wanquan</given-names> <surname>Tuo</surname></author> <year>2002</year>a: <title>Black Windstorm in Northwest China. A Case Study of the Strong Sand-Dust Storm on May 5th 1993</title>. In: <editor>Youlin Yang</editor>, <editor>Victor Squires</editor>, <editor>Qi Lu</editor> (Hg.): <source>Global Alarm</source>. <other>New York</other>. S. <fpage>49</fpage>-<lpage>73</lpage>.
<editor>Yang, Youlin</editor>, <editor>Victor Squires</editor>, <editor>Qi Lu</editor> (Hg.) <year>2002</year>: <title>Global Alarm. Dust and Sandstorms from the World’s Drylands</title>. <other>New York</other>.
<author><surname>Zhang</surname>, <given-names>Qingyang</given-names></author>, <author><given-names>Xi-you</given-names> <surname>Zhao</surname></author>, <author><given-names>Yuan</given-names> <surname>Zhang</surname></author>, <author><given-names>Li</given-names> <surname>Li</surname></author> <year>2002</year>: <title>Preliminary Study on Sand-Dust Storm Disaster and Countermeasures in China</title>. In: <source>Chinese Geographical Science</source> <volume>1</volume>. S. <fpage>9</fpage>-<lpage>13</lpage>.
<author><surname>Zhang</surname>, <given-names>Qingyang</given-names></author>, <author><given-names>Yuan</given-names> <surname>Zhang</surname></author>, <author><given-names>Li</given-names> <surname>Li</surname></author> <year>2002</year>a: <title>Woguo beifang shachenbao ji qi fangzhi chutan (Preliminary Study on Sand-Dust Storm in the Northern China and its Prevention and Control)</title>. In: <source>Chengshi huanjing yu chengshi shengtai</source> <volume>5</volume>. S. <fpage>48</fpage>-<lpage>50</lpage>.
<author><surname>Zhao</surname>, <given-names>Chun-xia</given-names></author>, <author><given-names>Zhen-quan</given-names> <surname>Wang</surname></author>, <author><given-names>Su-qin</given-names> <surname>Lian</surname></author>, <author><given-names>Jing-ping</given-names> <surname>Niu</surname></author>, <author><given-names>Shi-gong</given-names> <surname>Wang</surname></author>, <author><given-names>Qi</given-names> <surname>Wang</surname></author> <year>2010</year>: <title>Shachenbao dui chengren jiankang xiaoying de yingxiang (Effect of Sandstorm on Health of Adults)</title>. In: <source>Huanjing yu jiankang zazhi</source> <volume>9</volume>. S. <fpage>776</fpage>-<lpage>779</lpage>.
<author><surname>Zheng</surname>, <given-names>Xinjiang</given-names></author>, <author><given-names>Zheng</given-names> <surname>Liu</surname></author> <year>1992</year>: <title>Liyong qixiang weixing ziliao jiance shachenbao [Die Verwendung der Daten von Wettersatelliten zur Beobachtung und Messung von Sand- und Staubstürmen]</title>. In: <source>Yaogan xinxi</source> <volume>4</volume>. S. <fpage>10</fpage><lpage>f</lpage>.
<editor>Zhongguo Qixiangju</editor> (Hg.) <year>2009</year>: <title>Shachen tianqi nianjian 2008 nian (Sand-Dust Weather Almanac 2008)</title>. <other>Beijing</other>.
<author><surname>Zhu</surname>, <given-names>Kang</given-names></author>, <author><given-names>Xu</given-names> <surname>Tang</surname></author> <year>1994</year>: <title>Woguo shachenbao tianqi de yanjiu. Quanguo shachenbao tianqi yantaohui zongshu [Forschung zu Sand- und Staubsturmwetter in China. Zusammenfassender Bericht über das Erste Nationale Symposium zu Sand- und Staubsturmwetter]</title>. In: <source>Qixiang keji</source> <volume>1</volume>. S. <fpage>10</fpage>-<lpage>13</lpage>.