<author><surname>Ang</surname>, <given-names>Ien</given-names></author> <year>1996</year>: <title>Living Room Wars. Rethinking Media Audiences for a Postmodern World</title>. <other>London</other>.
<editor>Aitken, Stuart</editor> / <editor>Leo Zonn</editor> (Hg.) <year>1994</year>: <title>Place, Power, Situation and Spectacle. A Geography of Film</title>. <other>Lanham</other>.
<author><surname>Barthes</surname>, <given-names>Roland</given-names></author> <year>1988</year>: <title>Das semiologische Abenteuer</title>. <other>Frankfurt/M.</other>
<author><surname>Beermann</surname>, <given-names>Frank</given-names></author> <year>2001</year>: <title>Regionale Effekte von Filmproduktionen im Münsterland. Gutachten am Institut für Siedlungs- und Wohnungswesen der WWU im Auftrag der IHK Münster</title>.
<author><surname>Bollhöfer</surname>, <given-names>Björn</given-names></author> <year>2003</year>: <title>Stadt und Film – Neue Herausforderungen für die Kulturgeographie</title>. In: <source>Petermanns Geographische Mitteilungen</source> <volume>147</volume> (<issue>2</issue>). S. <fpage>54</fpage>-<lpage>59</lpage>.
<author><surname>Carey</surname>, <given-names>James</given-names></author> <year>1989</year>: <title>Communication as Culture. Essays on Media and Society</title>. <other>London</other>.
<author><surname>Certeau</surname>, <given-names>Michel de</given-names></author> <year>1988</year>: <title>Kunst des Handelns</title>. <other>Berlin</other>.
<editor>Clarke, David B.</editor> (Hg.) <year>1997</year>: <title>The Cinematic City</title>. <other>London</other>.
<editor>Cresswell, Tim</editor> / <editor>Deborah Dixon</editor> (Hg.) <year>2002</year>: <title>Engaging Film. Geographies of Mobility and Identity</title>. <other>Lanham</other>.
<author><surname>Da Costa</surname>, <given-names>Maria H. B. V.</given-names></author> <year>2003</year>: <title>Cinematic Cities. Researching Films as Geographical Texts</title>. <editor>Alison Blunt</editor> <other>et al.</other> (Hg.): <source>Cultural Geography in Practice</source>. <other>London</other>. S. <fpage>191</fpage>-<lpage>201</lpage>.
<author><surname>Du Gay</surname>, <given-names>Paul</given-names></author> <other>et al.</other> <year>1997</year>: <title>Doing Cultural Studies. The Story of the Sony Walkman</title>. <other>London</other>.
<author><surname>Fiske</surname>, <given-names>John</given-names></author> <year>1993</year>: <title>Populärkultur. Erfahrungshorizont im 20. Jahrhundert. Ein Gespräch mit John Fiske</title>. In: <source>Montage/AV</source>, <volume>2</volume> (<issue>1</issue>). S. <fpage>5</fpage>-<lpage>18</lpage>.
<author><surname>Fiske</surname>, <given-names>John</given-names></author> <year>1999</year>: <title>Populäre Texte, Sprache und Alltagskultur</title>. In: <editor>Andreas Hepp</editor>, <editor>Rainer Winter</editor> (Hg.): <source>Kultur – Medien – Macht. Cultural Studies und Medienanalyse</source>. <other>Darmstadt</other>. S. <fpage>67</fpage>-<lpage>86</lpage>.
<author><surname>Hall</surname>, <given-names>Stuart</given-names></author> <year>1992</year>: <title>The rediscovery of ‘ideology’: return of the repressed in media studies</title>. In: <editor>Michael Gurevitch</editor> <other>et al.</other> (Hg.): <source>Culture, Society and the Media</source>. <other>London</other>. S. <fpage>56</fpage>-<lpage>90</lpage>.
<editor>Hall, Stuart</editor> (Hg.) <year>1997</year>: <title>Representation: Cultural Representations and Signifying Practices</title>. <other>London</other>.
<author><surname>Hall</surname>, <given-names>Stuart</given-names></author> <year>1999</year>: <title>Kodieren/Dekodieren</title>. In: <editor>Roger Bromley</editor> <other>et al.</other> (Hg.): <source>Cultural Studies. Grundlagentexte zur Einführung</source>. <other>Lüneburg</other>. S. <fpage>92</fpage>-<lpage>110</lpage>. [<other>Original</other> <year>1980</year>: <title>Encoding/Decoding</title>. In: <editor>Stuart Hall</editor> <other>et al.</other> (Hg.): <source>Culture, Media, Language</source>. <other>London</other>. S. <fpage>128</fpage>-<lpage>138</lpage>.]
<author><surname>Hepp</surname>, <given-names>Andreas</given-names></author> <year>1999</year>: <title>Cultural Studies und Medienanalyse</title>. <other>Wiesbaden</other>.
<author><surname>Hickethier</surname>, <given-names>Knut</given-names></author> <year>2001</year>: <title>Film- und Fernsehanalyse</title>. <other>Stuttgart</other>.
<editor>IHK Nordwestfalen</editor> <year>2004</year>: <title>Mit dem Wilsberg sieht man besser</title>. <url>http://www.ihk-nordwestfalen.de/filmwirtschaft/produktionen_euros.cfm</url> (Zugriff am 31.03.04)
<author><surname>Jurga</surname>, <given-names>Martin</given-names></author> <year>1999</year>: <title>Texte als (mehrdeutige) Manifestation von Kultur: Konzepte von Polysemie und Offenheit in den Cultural Studies</title>. In: <editor>Andreas Hepp</editor>, <editor>Rainer Winter</editor> (Hg.): <source>Kultur – Medien –Macht. Cultural Studies und Medienanalyse</source>. <other>Darmstadt</other>. S. <fpage>129</fpage>-<lpage>144</lpage>.
<author><surname>Kehrer</surname>, <given-names>Jürgen</given-names></author> <year>1991</year>: <title>In alter Freundschaft</title>. <other>Dortmund</other>.
<author><surname>Kennedy</surname>, <given-names>Christina</given-names></author> / <author><given-names>Christopher</given-names> <surname>Lukinbeal</surname></author> <year>1997</year>: <title>Towards a Holistic Approach to Geographic Research on Film</title>. In: <source>Progress in Human Geography</source> <volume>21</volume> (<issue>1</issue>). S. <fpage>33</fpage>-<lpage>50</lpage>.
<author><surname>Krätke</surname>, <given-names>Stefan</given-names></author> <year>2002</year>: <title>Medienstadt. Urbane Cluster und globale Zentren der Kulturproduktion</title>. <other>Opladen</other>.
<author><surname>Mikos</surname>, <given-names>Lothar</given-names></author> <year>2003</year>: <title>Film- und Fernsehanalyse</title>. <other>Konstanz</other>.
<author><surname>Möllemann</surname>, <given-names>Maike</given-names></author> (<year>2004</year>): <title>Television-Series Tourism in Münster</title>. <other>BA-Thesis, University of Brigthon</other>.
<author><surname>Mossig</surname>, <given-names>Ivo</given-names></author> <year>2004</year>: <title>The Networks Producing Television Programmes in the Cologne Media Cluster: New Firm Foundation, Flexible Specialization and Efficient Decision-making Structures</title>. <source>European Planning Studies</source>, Vol. <volume>12</volume>, No. <issue>2</issue>. S. <fpage>155</fpage>-<lpage>171</lpage>.
<author><surname>Rose</surname>, <given-names>Gillian</given-names></author> <year>2001</year>: <title>Visual Methodologies. An Introduction to the Interpretation of Visual Materials</title>. <other>London</other>.
<author><surname>Strüver</surname>, <given-names>Anke</given-names></author> <year>2004</year>: <title>„Everyone creates one’s own borders“: The Dutch-German Borderland as Representation</title>. In: <source>Geopolitics</source><volume> 9</volume> (<issue>3</issue>). S. <fpage>627</fpage>-<lpage>648</lpage>.
<author><surname>Winter</surname>, <given-names>Rainer</given-names></author> <year>1999</year>: <title>Cultural Studies als kritische Medienanalyse: Vom „encoding/decoding“-Modell zur Diskursanalyse</title>. In: <editor>Andreas Hepp</editor>, <editor>Rainer Winter</editor> (Hg.): <source>Kultur – Medien – Macht. Cultural Studies und Medienanalyse</source>. <other>Darmstadt</other>. S. <fpage>49</fpage>-<lpage>65</lpage>.
<author><surname>Wucherpfennig</surname>, <given-names>Claudia</given-names></author>, <author><given-names>Anke</given-names> <surname>Strüver</surname></author>, <author><given-names>Sybille</given-names> <surname>Bauriedl</surname></author> <year>2003</year>: <title>Wesens- und Wissenswelten – Eine Exkursion in die Praxis der Repräsentation</title>. In: <editor>Jürgen Hasse</editor>, <editor>Ilse Helbrecht</editor> (Hg.): <source>Menschenbilder in der Humangeographie. (= Wahrnehmungsgeographische Studien</source> Bd. <volume>21</volume>) <other>Oldenburg</other>. S. <fpage>55</fpage>-<lpage>87</lpage>.
<author><surname>Zehren</surname>, <given-names>Martin</given-names></author> <year>2003</year>: <title>Schöne Tatorte</title>. In: <source>Westfalenspiegel</source> <volume>52</volume>. Jg., No. <issue>5</issue>. S. <fpage>16</fpage>-<lpage>18</lpage>.
<title>Interview mit Nicola Ebel vom Filmservice Münster</title>.<source>Land, Münster, 31.03.04 [Interview Ebel]</source>
<title>Interview mit Anton Moho, Produzent von Wilsberg</title>, <source>Cologne-Gemini Filmproduktion, Köln, 04.05.04 [Interview Moho]</source>