<author><surname>Andree</surname>, <given-names>Karl</given-names></author> <year>1868</year>: <title>Die Veränderungen in der gegenseitigen Stellung der Menschenracen und der wirthschaftlichen Verhältnisse</title>. In: <source>Globus</source> Bd. <volume>14</volume>, S. <fpage>17</fpage>-<lpage>21</lpage>.
<author><surname>De Melo Araújo</surname>, <given-names>André</given-names></author> <year>2012</year>: <title>Weltgeschichte in Göttingen</title> (= <source>Der Mensch im Netz der Kulturen – Humanismus in der Epoche der Globalisierung</source> <volume>16</volume>). <other>Bielefeld</other>.
<author><surname>Diamond</surname>, <given-names>Jared</given-names></author> <year>1998</year>: <title>Arm und Reich. Die Schicksale menschlicher Gesellschaften</title>. <other>Frankfurt a. M.</other>
<author><surname>Egli</surname>, <given-names>Emil</given-names></author> <year>1975</year>: <title>China – Landschaftliches Porträt eines Halbkontinents</title> [zuerst <year>1966</year>]. In: <editor>Egli, E.</editor>: <source>Mensch und Landschaft</source>. <other>München</other> <year>1975</year>, S. <fpage>141</fpage>-<lpage>150</lpage>.
<author><surname>Engelmann</surname>, <given-names>Gerhard</given-names></author>: <title>Die Hochschulgeographie in Preußen 1810-1914</title> (= <source>Erdkundliches Wissen</source> <volume>64</volume>). <other>Wiesbaden</other> <year>1983</year>.
<author><surname>Friedrich</surname>, <given-names>Ernst</given-names></author> <year>1904</year>: <title>Wesen und geographische Verbreitung der „Raubwirtschaft“</title>. In: <source>Petermanns Mitteilungen</source> <volume>50</volume>, S. <fpage>68</fpage>-<lpage>79</lpage> u. <fpage>92</fpage>-<lpage>95</lpage>.
<author><surname>Guthe</surname>, <given-names>Hermann</given-names></author> <year>1868</year>: <title>Lehrbuch der Geographie für die mittleren und oberen Classen höherer Bildungsanstalten sowie zum Selbstunterricht</title>. <other>Hannover</other>
<author><surname>Hettner</surname>, <given-names>Alfred</given-names></author> <year>1929</year>: <title>Der Gang der Kultur über die Erde</title>. <other>Leipzig/Berlin</other>.
<author><surname>Jing</surname>, <given-names>Liu</given-names></author> <year>2003</year>: <title>Wahrnehmung des Fremden: China in deutschen und Deutschland in chinesischen Reiseberichten vom Opiumkrieg bis zum Ersten Weltkrieg</title>. Diss. Phil. Fak. Freiburg/Brsg.
<author><surname>Kapp</surname>, <given-names>Ernst</given-names></author> <year>1845</year>: <title>Philosophische Erdkunde</title>. 2 Bde. <other>Braunschweig</other>.
<author><surname>Kirchhoff</surname>, <given-names>Alfred</given-names></author> <year>1914</year>: <title>Mensch und Erde</title> (= <source>Aus Natur und Geisteswelt</source> <volume>31</volume>). <other>Leipzig/Berlin</other>.
<author><surname>Morris</surname>, <given-names>Ian</given-names></author> <year>2011</year>a: <title>Wer regiert die Welt? Warum Zivilisationen herrschen oder beherrscht werden?</title> <other>Frankfurt a. M.</other>
<author><surname>Morris</surname>, <given-names>Ian</given-names></author> <year>2011</year>b: <title>„Angst treibt voran.“</title> In: <source>Der Spiegel</source> Nr. <volume>25</volume>, <fpage>128</fpage>-<lpage>133</lpage>.
<author><surname>Oppel</surname>, <given-names>Alwin</given-names></author> <year>1884</year>: <title>Landschaftskunde. Versuch einer Physiognomik der gesamten Erdoberfläche</title>. <other>Breslau</other>.
<author><surname>Osterhammel</surname>, <given-names>Jürgen</given-names></author> <year>1987</year>: <title>Forschungsreise und Kolonialprogramm. Ferdinand von Richthofen und die Erschließung Chinas im 19. Jahrhundert</title>. In: <source>Archiv für Kulturgeschichte</source> <volume>69</volume>, S. <fpage>150</fpage>-<lpage>195</lpage>.
<author><surname>Osterhammel</surname>, <given-names>Jürgen</given-names></author> <year>1998</year>: <title>Die Entzauberung Asiens. Europa und die asiatischen Reiche im 18. Jahrhundert</title>. <other>München</other>.
<author><surname>Osterhammel</surname>, <given-names>Jürgen</given-names></author> <year>2011</year>: <title>Die Verwandlung der Welt. Die Geschichte des 19. Jahrhunderts</title>. <other>München</other>.
<author><surname>Peschel</surname>, <given-names>Oskar</given-names></author> <year>1867</year>: <title>Die Rückwirkung der Ländergestaltung auf die menschliche Gesittung</title>. In: <source>Das Ausland</source> <volume>40</volume>/Nr. <issue>39</issue>, S. <fpage>913</fpage>-<lpage>918</lpage>
<author><surname>Peschel</surname>, <given-names>Oskar</given-names></author> <year>1870</year>: <title>Einfluß der Ländergestalten auf die menschliche Gesittung</title>. In: <source>Das Ausland</source> <volume>43</volume>/Nr. <issue>22</issue>, S. <fpage>505</fpage>-<lpage>512</lpage>
<author><surname>Peschel</surname>, <given-names>Oskar</given-names></author> <year>1871</year>: <title>Ueber den Einfluß der Gliederungen Europa’s auf das Fortschreiten der Gesittung</title>. In: <source>Das Ausland</source> <volume>44</volume>, S. <fpage>313</fpage>-<lpage>319</lpage>.
<author><surname>Peschel</surname>, <given-names>Oskar</given-names></author> <year>1877</year>: <title>Völkerkunde</title>. <other>Leipzig</other> [Zuerst: <year>1874</year>].
<author><surname>Radkau</surname>, <given-names>Joachim</given-names></author> <year>2011</year>: <title>Die Ära der Ökologie. Eine Weltgeschichte</title>. <other>München</other>.
<author><surname>Ratzel</surname>, <given-names>Friedrich</given-names></author> <year>1876</year>: <title>Die chinesische Auswanderung. Ein Beitrag zur Cultur- und Handelsgeographie</title>. <other>Breslau</other>.
<author><surname>Ratzel</surname>, <given-names>Friedrich</given-names></author> <year>1897</year>: <title>Politische Geographie</title>. <other>München/Leipzig</other>.
<author><surname>Rein</surname>, <given-names>Johann Justus</given-names></author> <year>1894</year>: <title>Asien</title>. In: <title>Geographisches Handbuch zu Andrees Handatlas</title>. <other>Bielefeld/Leipzig</other>, S. <fpage>496</fpage>-<lpage>611</lpage>.
<author><surname>Reuschle</surname>, <given-names>Karl Gustav</given-names></author> <year>1858-1859</year>: <title>Handbuch der Geographie oder Neueste Erdbeschreibung mit besonderer Rücksicht auf Statistik, Topographie und Geschichte</title>. 2 Bde. <other>Stuttgart</other>.
<author><surname>Richthofen</surname>, <given-names>Ferdinand v.</given-names></author> <year>1874</year>: <title>Die Gebirgsprovinz Sz’-tshwan in China</title>. In: <source>Tageblatt der 47. Versammlung Deutscher Naturforscher und Ärzte in Breslau vom 18. bis 24. Sept. 1874</source>. <other>Breslau</other>, S. <fpage>160</fpage>-<lpage>172</lpage>.
<author><surname>Richthofen</surname>, <given-names>Ferdinand v.</given-names></author> <year>1877</year>: <source>China. Ergebnisse eigener Reisen und darauf gegründeter Studien</source>. Bd. <volume>1</volume>: <title>Einleitender Theil</title>. <other>Berlin</other>.
<author><surname>Richthofen</surname>, <given-names>Ferdinand v.</given-names></author> <year>1882</year>: <source>China. Ergebnisse einer Reise</source> Bd. <volume>2</volume>: <title>Das nördliche China</title>. <other>Berlin</other>.
<author><surname>Richthofen</surname>, <given-names>Ferdinand v.</given-names></author> <year>1895</year>: <title>Der Friede von Schimonoseki in seinen geographischen Beziehungen</title>. In: <source>Geographische Zeitschrift</source> <volume>1</volume>, S. <fpage>19</fpage>-<lpage>39</lpage>.
<author><surname>Richthofen</surname>, <given-names>Ferdinand v.</given-names></author> <year>1897</year>: <title>Kiautschou. Seine Weltstellung und voraussichtliche Bedeutung</title>. <other>Berlin</other>.
<author><surname>Richthofen</surname>, <given-names>Ferdinand v.</given-names></author> <year>1907</year>: <title>Tagebücher aus China</title>, ausgewählt und hrsg. v. <editor>Ernst Tiessen</editor>. 2 Bde. <other>Berlin</other>.
<author><surname>Richthofen</surname>, <given-names>Ferdinand v.</given-names></author> <year>1912</year>: <title>Chinas Binnenverkehr in seinen Beziehungen zur Natur des Landes</title>. In: <source>Mitteilungen des Ferdinand von Richthofen-Tages 1912</source>. <other>Berlin</other>, S. <fpage>1</fpage>-<lpage>18</lpage>.
<author><surname>Richthofen</surname>, <given-names>Ferdinand v.</given-names></author> <year>1928</year>: [<title>Briefe an Alfried Krupp</title>.] In: <editor>W. Berdrow</editor> (Hrsg.): <source>Alfried Krupps Briefe 1826-1887</source>. <other>Berlin</other>.
<author><surname>Ritter</surname>, <given-names>Car1</given-names></author> <year>1806</year>: <title>Einige Bemerkungen über den methodischen Unterricht in der Geographie</title>. In: <source>GuthMuths Neue Bibliothek für Pädagogik</source> <volume>2</volume>, S. <fpage>198</fpage>-<lpage>219</lpage>.
<author><surname>Ritter</surname>, <given-names>Carl</given-names></author> <year>1822</year>: <title>Die Erdkunde im Verhältniß zur Natur und zur Geschichte des Menschen, oder Allgemeine, vergleichende Geographie</title>. <other>Berlin</other>. [Die Erstauflage 1817/18 wurde nach den ersten beiden Bänden abgebrochen.]
<author><surname>Ritter</surname>, <given-names>Carl</given-names></author> <year>1834</year>: <source>Die Erdkunde … Teil 4</source>, Buch <issue>2</issue>, Bd. <volume>3</volume>: <title>Asien</title>. <other>Berlin</other>.
<author><surname>Ritter</surname>, <given-names>Carl</given-names></author> <year>1850</year>: <source>Die Erdkunde … Teil 15/1.3</source>: <title>Vergleichende Erdkunde der Sinai-Halbinsel, von Palästina und Syrien</title> Bd. <volume>2/1</volume>. <other>Berlin</other>.
<author><surname>Ritter</surname>, <given-names>Carl</given-names></author> <year>1852</year>: <title>Einleitung zur allgemeinen vergleichenden Geographie, und Abhandlungen zur Begründung einer mehr wissenschaftlichen Behandlung der Erdkunde</title>. <other>Berlin</other>.
<author><surname>Ritter</surname>, <given-names>Car1</given-names></author> <year>1862</year>: <title>Allgemeine Erdkunde</title>, hrsg. v. <editor>Hermann Adalbert Daniel</editor>. <other>Berlin</other>.
<author><surname>Ritter</surname>, <given-names>Car1</given-names></author> <year>1863</year>: <title>Europa</title>, hrsg. v. <editor>Hermann Adalbert Daniel</editor>. <other>Berlin</other>.
<author><surname>Schlüter</surname>, <given-names>Otto</given-names></author> <year>1912</year>: <title>Die Erde als Wohnraum des Menschen</title>. In: <editor>Rothe, Karl Cornelius</editor>/<editor>Weyrich, Edgar</editor> (Hrsg.): <source>Der moderne Erdkunde-Unterricht. Beiträge zur Kritik und Ausgestaltung</source>. <other>Wien/Leipzig</other>. S. <fpage>379</fpage>-<lpage>429</lpage>.
<author><surname>Schröder</surname>, <given-names>Iris</given-names></author> <year>2011</year>: <title>Das Wissen von der ganzen Welt. Globale Geographien und räumliche Ordnungen Afrikas und Europas 1790-1870</title>. <other>Paderborn</other>.
<author><surname>Sonderegger</surname>, <given-names>Arno</given-names></author> 2004:<title> „Wölfe im Schafspelz.“ Wenn Biologen Geschichte schreiben</title>. In: <source>Stichproben. Wiener Zeitschrift für kritische Afrikastudien</source> <volume>4</volume>/Nr. <issue>6</issue>, S. <fpage>131</fpage>-<lpage>160</lpage>.
<author><surname>Wardenga</surname>, <given-names>Ute</given-names></author> <year>1990</year>: <title>Ferdinand von Richthofen als Erforscher Chinas</title>. In: <source>Berichte zur Wissenschaftsgeschichte</source> <volume>13</volume>, S. <fpage>141</fpage>-<lpage>155</lpage>.
<author><surname>Wegener</surname>, <given-names>Georg</given-names></author> <year>1937</year>: <title>Das chinesische Reich</title>. In: <source>Nordasien, Zentral- und Ostasien in Natur, Kultur und Wirtschaft</source> (= <source>Handbuch der geographischen Wissenschaft</source>, hrsg. v. <editor>F. Klute</editor>). <other>Potsdam</other>, S. <fpage>243</fpage>-<lpage>434</lpage>.