<author><surname>Crawford</surname>, <given-names>Elisabeth</given-names></author>, <author><given-names>Terry</given-names> <surname>Shinn</surname></author>, <author><given-names>Sverker</given-names> <surname>Sörlin</surname></author> <year>1993</year>: <title>The Nationalization and Denationalization of the Sciences: An Introductory Essay</title>. In: <editor>dies.</editor> (Hg.): <source>Denationalizing Science: The Contexts of International Scientific Practice</source>. <other>Dordrecht</other>. S. <fpage>1</fpage>-<lpage>42</lpage>.
<author><surname>Eisenberg</surname>, <given-names>Rebecca A.</given-names></author> <year>1987</year>: <title>Proprietary Rights and the Norms of Science in Biotechnology Research</title>. <source>The Yale Law Journal</source> <volume>97</volume>. S. <fpage>177</fpage>-<lpage>231</lpage>.
<author><surname>Elzinga</surname>, <given-names>Aant</given-names></author> <year>1993</year>: <title>Antarctica: The Construction of a Continent by and for Science</title>. In: <editor>Elisabeth Crawford</editor> <other>et al.</other> (Hg.): <source>Denationalizing Science. The Contexts of International Scientific Practice</source>. <other>Dordrecht</other>. S. <fpage>73</fpage>-<lpage>106</lpage>.
<author><surname>Elzinga</surname>, <given-names>Aant</given-names></author> <year>1996</year>: <title>Shaping Worldwide Consensus: The Orchestration of Global Climate Change Research</title>. In: <editor>Aant Elzinga</editor>, <editor>Catharina Landström</editor> (Hg.): <source>Internationalism and Science</source>. <other>London</other>. S. <fpage>223</fpage>-<lpage>255</lpage>.
<author><surname>Frame</surname>, <given-names>J. Davidson</given-names></author>, <author><given-names>Francis</given-names> <surname>Narin</surname></author> <year>1988</year>: <title>The National Self-Preoccupation of American Scientists: An Empirical View</title>. <source>Research Policy</source> <volume>17</volume>. S. <fpage>203</fpage>-<lpage>212</lpage>.
<author><surname>Hahn</surname>, <given-names>Alois</given-names></author> <year>1993</year>: <title>Identität und Nation in Europa</title>. <source>Berliner Journal für Soziologie</source> <volume>3</volume>.  S. <fpage>193</fpage>-<lpage>203</lpage>.
<author><surname>Hanke</surname>, <given-names>Stefanie</given-names></author> <year>1996</year>: <title>Weiß die Weltbank, was sie tut? Über den Umgang mit Unsicherheit in einer Organisation der Entwicklungsfinanzierung</title>. <source>Soziale Systeme</source> <volume>2</volume>. S. <fpage>331</fpage>-<lpage>359</lpage>.
<author><surname>Kerr</surname>, <given-names>Clark</given-names></author> <year>1991</year>: <title>International Learning and National Purposes in Higher Education</title>. <source>American Behavioral Scientist</source> <volume>35</volume>. S <fpage>17</fpage>-<lpage>42</lpage>.
<author><surname>Krück</surname>, <given-names>Carsten P.</given-names></author> <year>1995</year>: <title>Antagonistische Kooperation in der europäischen Forschung. Das Halbleiter-Forschungsprogramm JESSI</title>. <other>Diss. Universität Bielefeld</other>.
<author><surname>Leclerc</surname>, <given-names>M</given-names></author>., <author><given-names>J</given-names>. <surname>Gagné</surname></author>, <year>1994</year>: <title>International Scientific Cooperation: The Continentalization of Science</title>. <source>Scientometrics</source> <volume>31</volume>. S. <fpage>261</fpage>-<lpage>292</lpage>.
<author><surname>Lewis</surname>, <given-names>Ricki</given-names></author> <year>1997</year>: <title>To Effectively Discuss Evolution, First Define „Theory“</title>. <source>The Scientist</source> <volume>11</volume>, H. <issue>10</issue>. S. <fpage>13</fpage>-<lpage>14</lpage>.
<author><surname>Luhmann</surname>, <given-names>Niklas</given-names></author> <year>1990</year>: <title>Die Wissenschaft der Gesellschaft</title>. <other>Frankfurt am Main</other>.
<author><surname>Masood</surname>, <given-names>Ehsan</given-names></author> <year>1999</year>: <title>Call for greater recognition of „indigenous knowledge“</title>. <source>Nature</source> (<url>http://helix.nature.com/wcs/1news/28-1a.html.</url>), 28. Juni.
<author><surname>Meister</surname>, <given-names>Richard</given-names></author> <year>1946</year>: <title>Die Idee einer österreichischen Nationalerziehung unter Maria Theresia</title>. <source>Anzeiger der Akademie der Wissenschaften in Wien, Philosophisch-historische Klasse</source>. S. <fpage>1</fpage>-<lpage>16</lpage>.
<author><surname>Meyer</surname>, <given-names>John W.</given-names></author> <other>et al.</other> <year>1992</year>: <title>School Knowledge for the Masses: World Models and National Primary Curricular Categories in the Twentieth Century</title>. <other>Washington, DC/London</other>.
<author><surname>Narin</surname>, <given-names>F</given-names></author>., <author><given-names>K</given-names>. <surname>Stevens</surname></author>, <author><given-names>E. S.</given-names> <surname>Whitlow</surname></author> <year>1991</year>: <title>Scientific Co-operation in Europe and the Citation of Multinationally Authored Papers</title>. <source>Scientometrics</source> <volume>21</volume>. S. <fpage>313</fpage>-<lpage>323</lpage>.
<author><surname>Niosi</surname>, <given-names>Jorge</given-names></author>, <author><given-names>Bertrand</given-names> <surname>Bellon</surname></author> <year>1994</year>: <title>The Global Interdependence of National Innovation Systems: Evidence, Limits, and Implications</title>. <source>Technology in Society</source> <volume>16</volume>. S.<fpage>173</fpage>-<lpage>197</lpage>.
<author><surname>Palevitz</surname>, <given-names>Barry A.</given-names></author>, <author><given-names>Ricki</given-names> <surname>Lewis</surname></author> <year>1999</year>: <title>Short Shrift to Evolution?</title> <source>The Scientist</source> (<url>http://165.123.33.33</url>) <volume>13</volume>, H. <issue>3</issue>.
<author><surname>Simon</surname>, <given-names>Herbert A.</given-names></author> <year>1983</year>: <title>Reason in Human Affairs</title>. <other>Stanford</other>.
<author><surname>Stichweh</surname>, <given-names>Rudolf</given-names></author> <year>1984</year>: <title>Zur Entstehung des modernen Systems wissenschaftlicher Disziplinen. Physik in Deutschland 1740-1890</title>. <other>Frankfurt/M.</other>
<author><surname>Stichweh</surname>, <given-names>Rudolf</given-names></author> <year>1987</year>: <title>Die Autopoiesis der Wissenschaft</title>. <other>Wiederabdruck in: ders. 1994</other>: <other>Frankfurt/M.</other> S. <fpage>52</fpage>-<lpage>83</lpage>.
<author><surname>Stichweh</surname>, <given-names>Rudolf</given-names></author> <year>1990</year>: <title>Self-Organization and Autopoiesis in the Development of Modern Science</title>. In: <editor>Wolfgang Krohn</editor> <other>et al.</other> (Hg.): <source>Selforganization. Portrait of a Scientific Revolution. (= Sociology of the Sciences</source>, Vol. <volume>14</volume>) <other>Dordrecht</other>. S. <fpage>195</fpage>-<lpage>207</lpage>.
<author><surname>Stichweh</surname>, <given-names>Rudolf</given-names></author> <year>1991</year>: <title>Der frühmoderne Staat und die europäische Universität. Zur Interaktion von Politik und Erziehungssystem im Prozeß ihrer Ausdifferenzierung (16.-18. Jahrhundert)</title>. <other>Frankfurt</other>.
<author><surname>Stichweh</surname>, <given-names>Rudolf</given-names></author> <year>1994</year>: <title>Wissenschaft, Universität, Professionen. Soziologische Analysen</title>. <other>Frankfurt/M.</other>
<author><surname>Stichweh</surname>, <given-names>Rudolf</given-names></author> <year>1994</year>a: <title>Nation und Weltgesellschaft</title>. In: <editor>Bernd Estel</editor>, <editor>Tilman Mayer</editor> (Hg.): <source>Das Prinzip Nation in modernen Gesellschaften. Länderdiagnosen und theoretische Perspektiven</source>. <other>Opladen</other>. S. <fpage>83</fpage>-<lpage>96</lpage>.
<author><surname>Thomas</surname>, <given-names>George M.</given-names></author> <other>et al.</other> <year>1987</year>: <title>Institutional Structure. Constituting  State, Society, and the Individual</title>. <other>Newbury Park</other>.
<author><surname>Thomas</surname>, <given-names>Lewis</given-names></author> <year>1984</year>: <title>Scientific Frontiers and National Frontiers: A Look Ahead</title>. <source>Foreign Affairs</source> <volume>62</volume>. S. <fpage>966</fpage>-<lpage>994</lpage>.
<editor>U.S. Congress, Office of Technology Assessment</editor> <year>1991</year>: <title>Federally Funded Research: Decisions for a Decade</title>. <other>Washington, DC</other>. 
<author><surname>Williams</surname>, <given-names>Nigel</given-names></author> <year>1996</year>: <title>Britain’s Big Science in a Bind</title>. <source>Science</source> <volume>271</volume>. S. <fpage>898</fpage>-<lpage>899</lpage>.