<author><surname>AMMERL</surname>, <given-names>T</given-names></author>. (<year>1997</year>): <title>Untersuchungen zu Bodenerosion in einem landwirtschaftlich intensivgenutzten Gebiet in der Provinz Ciudad de La Habana/Cuba</title>. Diplomarbeit an der Bayerischen Julius-Maximilian-Universität Würzburg.
<author><surname>AMMERL</surname>, <given-names>T</given-names></author>., <author><surname>BAUME</surname>, <given-names>O</given-names></author>. <other>u. a.</other> (<year>1998</year>): <title>Ökologische und ökonomische Fragen ausgewählter Landschaften auf Cuba</title>. In: <source>Arbeitsberichte Geographisches Institut der Humboldt-Universität zu Berlin</source>, H. <issue>32</issue>.
<author><surname>BAUME</surname>, <given-names>O</given-names></author>. (<year>1991</year>): <title>Zur Erfassung und Kennzeichnung der Landschaftsdynamik in intensiv und mehrfach genutzten Landschaften des norddeutschen Jungmoränengebietes</title>. In: <source>Peterm. Geogr. Mitt.</source>, <volume>135</volume>: <fpage>113</fpage> - <lpage>120</lpage>.
<author><surname>BAUME</surname>, <given-names>O</given-names></author>., <author><surname>BASTIAN</surname>, <given-names>O</given-names></author>. und <author><given-names>M</given-names>. <surname>RÖDER</surname></author> (<year>1994</year>): <title>Entwicklung und Stand der geographischen Landschaftsforschung in Kuba</title>. In: <source>Peterm. Geogr. Mitt.</source>, <volume>138</volume>: <fpage>235</fpage> - <lpage>244</lpage>.
<author><surname>BOLLO</surname>, <given-names>M</given-names></author>. (<year>1997</year>): <title>Degradacion Geoecologica de Areas Periurbanas de la Habana</title>. In: <source>Ordenamiento Geoecologico de los Paisajes, II. Taller</source>. <other>Habana</other>. S. <fpage>80</fpage>-<lpage>91</lpage>.
<author><surname>BURCHARDT</surname>, <given-names>H.-J.</given-names></author> (<year>1996</year>): <title>Kuba - Der lange Abschied von einem Mythos</title>, <other>Stuttgart</other>.
<author><surname>FEBLES</surname>, <given-names>J.M.</given-names></author> (<year>1988</year>): <title>La erosión de los suelos en las regiones carsicas de la provincia La Habana</title>. <other>Instituto Superior de Ciencias Agropecuarias de La Habana (ISCAH)</other>. <other>Ciudad de La Habana</other>. 
<author><surname>HENKEL</surname>, <given-names>K</given-names></author>. (<year>1996</year>): <title>Kuba zwischen Plan und Markt. Die Transformation zur „dualen Wirtschaft" seit 1985</title>, <other>Hamburg</other>.
<publisher>INSTITUTO DE GEOGRAFIA DE LA ACADEMİA DE CIENCIAS DE CUBA</publisher> (<year>1989</year>): <title>Nuevo Atlas Nacional de Cuba</title>. Edit. <editor>Instituto Geográfico Nacional de España</editor>. <other>Madrid</other>.
<author><surname>MATEO</surname>, <given-names>J</given-names></author>. (<year>1996</year>): <title>Situacion medioambiental de Cuba y Perspectivas de Aplikacion de los Principos del Desarrollo Sustentable</title>. In: <source>Estudios Geograficos</source>, Tomo <volume>LVII</volume> Nr. <issue>223</issue>. <other>Madrid</other> S. <fpage>219</fpage>-<lpage>243</lpage>.
<editor>MINISTERIO DE AGRICULTURA - MINAGRI</editor> (<year>1984</year>): <title>Manual de Interpretación de los suelos de Cuba</title>. <other>Ciudad de La Habana</other>.
<author><surname>RODRIGUEZ GARCIA</surname>, <given-names>J.L.</given-names></author> (<year>1992</year>): <title>La economía de Cuba ante la cambiante conyuntura internacional II</title>. <source>Boletin de información sobre economía Cubana</source>, <volume>2</volume>: <fpage>2</fpage>-<lpage>12</lpage>.
<author><surname>VETTER</surname>, <given-names>M</given-names></author>. (<year>1998</year>): <title>Untersuchungen zur vertikalen und horizontalen Nährstoffdynamik in einem agrarisch genutzten Gebiet der Provinz Ciudad de la Habana/Cuba</title>. In: <source>Terra Nostra. Schriften der Alfred-Wegener-Stiftung</source>, H. <issue>5</issue>.
<author><surname>ZUIDAM</surname>, <given-names>R.A.</given-names></author> (<year>1986</year>): <title>Aerial Photo-Interpretation in Terrain Analysis and Geomorphologie Mapping</title>. <other>The Hague</other>.