<author><surname>BUSCHE</surname>, <given-names>D</given-names></author>. & <author><surname>STENGEL</surname>, <given-names>I</given-names></author>. (<year>1993</year>): <title>Rezente und vorzeitliche äolische Abtragung in der Sahara von Ost-Niger</title>. <source>Petermanns Geogr. Mitteilungen</source>, <volume>137</volume>: <fpage>195</fpage>-<lpage>218</lpage>.
<author><surname>CORBETT</surname>, <given-names>I.B.</given-names></author> (<year>1996</year>): <title>A review of diamondiferous marine deposits off westem Southern Africa</title>. <source>Africa Geoscience Review</source>, <volume>3</volume> (<issue>2</issue>): <fpage>157</fpage>-<lpage>174</lpage>.
<editor>GEOL. SURVEY OF NAMIBIA</editor> [ed.] (<year>1999</year>): <title>Geological Map of South West Africa / Namibia 1:250.000: Blatt 2615</title> <other>Luderitz</other>.
<author><surname>HAGEDORN</surname>, <given-names>H</given-names></author>. (<year>1968</year>): <title>Über äolische Abtragung und Formung in der Südost-Sahara</title>. <source>Erdkunde</source>, <volume>22</volume>: <fpage>257</fpage>-<lpage>269</lpage>.
<author><surname>JASPER</surname>, <given-names>M.J.U.</given-names></author>; <author><surname>CHARLESWORTH</surname>, <given-names>E.G.</given-names></author> & <author><surname>STANISTREET</surname>, <given-names>I.G.</given-names></author> (<year>1995</year>): <title>Evidence for the Pan-African Adamastor Orogeny from the Gariep Belt (Damara Orogen) in Southern Namibia</title>. <source>25th Congr. Geol. Soc. S. Afr. Johannesburg</source>, Abstr.-Bd. <volume>2</volume>: <fpage>1150</fpage>-<lpage>1153</lpage>.
<author><surname>KAISER</surname>, <given-names>E</given-names></author>. (<year>1926</year>): <title>Höhenschichtenkarte der Deflationslandschaft in der Namib Südwestafrikas</title>. <editor>Abh. Bayer. Akad. Wiss., Math. Phys. Kl. 30</editor>, <source>Mitt. der Geogr. Gesellschaft</source> <other>München</other>.
<author><surname>KAISER</surname>, <given-names>E</given-names></author>. (<year>1928</year>): <title>Die Diamantenwüste Südwest-Afrikas</title>. <other>Berlin</other>, <publisher>Reimer</publisher>. 2 Bde.
<author><surname>MAINGUET</surname>, <given-names>M</given-names></author>. (<year>1968</year>): <title>Le Borkou. Aspects d’un modelé éolien</title>. - <source>Ann. de Géogr.</source>, <volume>77</volume>: <fpage>296</fpage>-<lpage>322</lpage>. 
<editor>PALLETT, J.</editor> [ed.] (<year>1995</year>): <title>The Sperrgebiet: Namibia’s least known wilderness. An environmental profile of the Sperrgebiet or Diamond Area 1, in south-weste Namibia</title>. <publisher>Desert Research Foundation of Namibia and NAMDEB Diamond Corporation (Pty) Ltd.</publisher> [eds.], <other>Oranjemund</other>.
<author><surname>STENGEL</surname>, <given-names>I</given-names></author>. (<year>1992</year>): <title>Zur äolischen Morphodynamik von Dünen und Sandoberflächen</title>. <source>Würzburger Geographische Arbeiten</source>, <volume>83</volume>, 363 S.
<editor>SURVEYOR GENERAL</editor> [ed.]: <title>Topogr. maps of Namibia</title>. <other>Windhoek. 1:250.000: 2615 Lüderitz; 1.50.000: 2615 CA, CB, CC, CD, DA, DB, DC, DD; 2715 AA/AB, AD, BA, BB, BC, BD</other>.