<author><surname>BILLINGS</surname>, <given-names>W.D.</given-names></author>, <author><surname>LUKEN</surname> <given-names>J.O.</given-names></author>, <author><surname>MORTENSEN</surname> <given-names>D.A.</given-names></author> & <author><surname>PETERSON</surname>, <given-names>K.M.</given-names></author> <year>1982</year>, <title>Arctic Tundra: A source or Sink for Atmospheric Carbon Dioxide in a Changing Environment ?</title>: <source>Oecologia</source>, v. <volume>53</volume>, p. <fpage>7</fpage>-<lpage>11</lpage>.
<author><surname>BLUME</surname>, <given-names>H.-P.</given-names></author> & <author><surname>BOELTER</surname>, <given-names>M</given-names></author>., <year>1996</year>, <title>Wechselwirkungen zwischen Boden- und Vegetationsentwicklung in der Kontinentalen Antarktis</title>: <source>Verh.Ges.Oekol.</source>, v. <volume>25</volume>, p. <fpage>25</fpage>-<lpage>34</lpage>.
<author><surname>DIERSCHKE</surname>, <given-names>H</given-names></author>., <year>1994</year>, <title>Pflanzensoziologie</title>: <other>Stuttgart</other>, <fpage>683</fpage> p.
<author><surname>ELVEBAKK</surname>, <given-names>A</given-names></author>., <year>1990</year>, <title>Verknader av klimaendringer ps terrestrisk flora og vegetasjon</title>, in <editor>Kverndal, A.-L</editor>, <editor>Elvebakk,A.</editor>, <editor>Jaworowski,Z.</editor> and <editor>Hansson,R.</editor>, editor, <source>Norsk Polarinstitutt Rapportserie</source>: <other>Oslo</other>, p. <fpage>55</fpage>-<lpage>101</lpage>.
<editor>ENVIRONMENT CANADA</editor>, ed., <year>1998</year>, <source>Canadian Climate Normals 1961 - 1990: Cambridge Bay A, Northwest Territories</source>. - <url>http://www.cmc.ec.gc.ca/climate/normals/nwtc001.htm</url>.
<author><surname>GORHAM</surname>, <given-names>E</given-names></author>., <year>1991</year>, <title>Northern Peatlands: Role in the carbon cycle and probable responses to climatic warming</title>: <source>Ecol.Applic</source>., v. <volume>1</volume>, p. <fpage>182</fpage>-<lpage>195</lpage>.
<author><surname>LESER</surname>, <given-names>H</given-names></author>., <year>1991</year>, <title>Landschaftsoekologie. Ansatz, Modelle, Methodik, Anwendung</title>,: <other>Stuttgart</other>, <fpage>1</fpage>-<lpage>647</lpage> p.
<author><surname>MILLER</surname>, <given-names>P.C.</given-names></author>, <author><surname>KENDALL</surname>, <given-names>R</given-names></author>. & <author><surname>OECHEL</surname>, <given-names>W.C.</given-names></author> <year>1983</year>, <title>Simulating carbon accumulation in northern ecosystems</title>: <source>Simulation</source>, p. <fpage>119</fpage>-<lpage>131</lpage>.
<author><surname>MITCHELL</surname>, <given-names>J. F. B.</given-names></author>, <author><surname>MANABE</surname>, <given-names>S</given-names></author>., <author><surname>MELESHKO</surname>, <given-names>V</given-names></author>. & <author><surname>TOKIOKA</surname>, <given-names>T. L.</given-names></author>, <year>1990</year>, <title>Equilibrium climate change and its implications for the future</title>, in <editor>Houghton, J. T.</editor>, <editor>Jenkins, G., J</editor>„ and <editor>Ephraums, J. J.</editor>, editors, <source>The IPCC assessment</source>, <publisher>Cambridge University Press</publisher>, p. <fpage>131</fpage>-<lpage>172</lpage>.
<author><surname>MÖLLER</surname>, <given-names>I</given-names></author>, <author><surname>THANNHEISER</surname>, <given-names>D</given-names></author>. & <author><surname>WÜTHRICH</surname>, <given-names>C</given-names></author>., <year>1998</year>, <title>Eine pflanzensoziologische und vegetationsökologische Fallstudie in Westspitzbergen</title>: <source>Geoökodynamik</source>, v. <volume>19</volume>, p. <fpage>1</fpage>-<lpage>18</lpage>.
<author><surname>OECHEL</surname>, <given-names>W. C.</given-names></author>, <author><surname>HASTINGS</surname> <given-names>S.J.</given-names></author>, <author><surname>VOURLITIS</surname> <given-names>G</given-names></author>., <author><surname>JENKINS</surname> <given-names>M</given-names></author>., <author><surname>RIECHERS</surname> <given-names>G</given-names></author>. & <author><surname>GRULKE</surname> <given-names>N</given-names></author>. <year>1993</year>, <title>Recent change of Arctic Tundra ecosystems from a net carbon dioxide sink to a source</title>: <source>Nature</source>, v. <volume>361</volume>, p. <fpage>520</fpage>-<lpage>523</lpage>.
<author><surname>OHMURA</surname>, <given-names>A</given-names></author>., <year>1982</year>, <title>Regional water balance on the Arctic Tundra in summer</title>: <source>Water Resources Research</source>, v. <volume>18</volume>, p. <fpage>301</fpage>-<lpage>305</lpage>.
<author><surname>REMPFLER</surname>, <given-names>A</given-names></author>., <year>1989</year> , <title>Boden und Schnee als Speicher im Wasser- und Naehrstoffhaushalt hocharktischer Geosysteme Raum Ny Alesund, Broeggerhalvoeya, NW-Spitzb.</title>, <source>Mat.z.Physiogeogr.</source>: <other>Basel</other>, <other>Leser,H.</other>, p. <fpage>1</fpage>-<lpage>106</lpage>.
<author><surname>SKYE</surname>, <given-names>E</given-names></author>., <year>1989</year>, <title>Changes to the climate and flora of Hopen Island during the last 110 years</title>: <source>Arctic</source> , p. <fpage>323</fpage>-<lpage>332</lpage>.
<author><surname>STEUBING</surname>, <given-names>L</given-names></author>. & <author><surname>FANGMEIER</surname>, <given-names>A</given-names></author>., <year>1992</year>, <title>Pflanzenökologisches Praktikum</title>: <other>Stuttgart</other>, <publisher>Ulmer</publisher>, <fpage>1</fpage>-<lpage>205</lpage> p.
<author><surname>THANNHEISER</surname>, <given-names>D</given-names></author>., <year>1987</year>, <title>Die Vegetationszonen in der westlichen kanadischen Arktis</title>: <source>Hamburger Geogr. Stud.</source> <volume>43</volume>: <fpage>159</fpage>-<lpage>177</lpage>.
<author><surname>THANNHEISER</surname>, <given-names>D</given-names></author>., <year>1988</year>, <title>Eine landschaftsoekologische Studie bei Cambridge Bay, Victoria Island, Canada</title>: <source>Mitt.Geogr.Ges.Hamburg</source>, p. <fpage>1</fpage>-<lpage>51</lpage>.
<author><surname>THANNHEISER</surname>, <given-names>D</given-names></author>., <year>1994</year>, <title>Vegetationsgeographisch-synsoziologische Untersuchungen am Liefdefjord (NW-Spitzbergen)</title>: <source>Z.Geomorph.N.F.</source>, p. <fpage>205</fpage>-<lpage>214</lpage>.
<author><surname>THANNHEISER</surname>, <given-names>D</given-names></author>., <author><surname>MÖLLER</surname>, <given-names>I</given-names></author>. & <author><surname>WÜTHRICH</surname>, <given-names>C</given-names></author>., <year>1998</year>, <title>Eine Fallstudie über die Vegetationsverhältnisse, den Kohlenstoffkreislauf und mögliche Auswirkungen klimatischer Veränderungen in Westspitzbergen</title>: <source>Verh.Ges.Ökologie</source>, v. <volume>28</volume>, p. <fpage>475</fpage>-<lpage>484</lpage>.
<author><surname>WÜTHRICH</surname>, <given-names>C</given-names></author>., <year>1991</year>, <title>Landschaftsökologische Umweltforschung: Beiträge zu den Wechselwirkungen zwischen biotischen und abiotischen Faktoren im hocharktischen Ökosystem Spitzbergen</title>: <source>Erde</source>, v. <volume>122</volume>, p. <fpage>335</fpage>-<lpage>352</lpage>.
<author><surname>WÜTHRICH</surname>, <given-names>C</given-names></author>., <year>1994</year>, <title>The biological activity of arctic soils with special consideration of omithogenic soils Spitsbergen and Finmark</title>: <source>Physiogeographica</source>, v. <volume>17</volume>, p. <fpage>1</fpage>-<lpage>222</lpage>.
<author><surname>WÜTHRICH</surname>, <given-names>C</given-names></author>., <author><surname>DÖBELI</surname>, <given-names>C</given-names></author>., <author><surname>SCHAUB</surname>, <given-names>D</given-names></author>. & <author><surname>LESER</surname>, <given-names>H</given-names></author>. <year>1994</year>, <title>The pattern of carbon-mineralisation in the high-Arctic tundra (Western and Northern Spitsbergen) as an expression of landscape écologie environment heterogeneity</title>: <source>Z.Geomorph.N.F.Suppl.</source>, v. <volume>97</volume>, p. <fpage>251</fpage>-<lpage>264</lpage>.
<author><surname>WÜTHRICH</surname>, <given-names>C</given-names></author>., <author><surname>MÖLLER</surname>, <given-names>I</given-names></author>. & <author><surname>THANNHEISER</surname>, <given-names>D</given-names></author>., <year>1998</year>, <title>Soil carbon losses due to increased cloudiness in a high Arctic tundra watershed (Spitsbergen)</title>, in <editor>Lewkowicz, A. G.</editor>, and <editor>Allard, M.</editor>, editors, <source>Seventh International Conference on Permafrost: Collection Nordicana: Yellowknife</source>, <publisher>Université Laval</publisher>, p. <fpage>1165</fpage>-<lpage>1172</lpage>.