<author><surname>AARNES</surname>, <given-names>I</given-names></author>., <author><surname>BJUNE</surname>, <given-names>A. E.</given-names></author>, <author><surname>BIRKS</surname>, <given-names>H. H.</given-names></author>, <author><surname>BALASCIO</surname>, <given-names>N. L.</given-names></author>, <author><surname>BAKKE</surname>, <given-names>J</given-names></author>. &c <author><surname>BLAAUW</surname>, <given-names>M</given-names></author>. (<year>2012</year>): <title>Vegetation responses to rapid climatic changes during the last deglaciation 13,500-8,000 years ago on southwest Andøya, arctic Norway</title>. <source>Vegetation History and Archaeobotany</source> <volume>21</volume>: <fpage>17</fpage>-<lpage>35</lpage>.
<author><surname>AAS</surname>, <given-names>B</given-names></author>. &c <author><surname>FAARLUND</surname>, <given-names>T</given-names></author>. (<year>1988</year>): <title>Postglaciale skoggrenser i sentrale sørnorske fjelltrakter. 14C-datering av subfossile furu- og bjørkerester</title>. <source>Norsk Geografisk Tidskrift</source> <volume>42</volume>: <fpage>25</fpage>-<lpage>61</lpage>.
<author><surname>BACKÉUS</surname>, <given-names>I</given-names></author>. (<year>1999</year>): <title>The Quaternary vegetation history of Sweden</title>. <source>Acta Phytogeographica Suecica</source> <volume>84</volume>: <fpage>15</fpage>-<lpage>20</lpage>.
<author><surname>BARNEKOW</surname>, <given-names>L</given-names></author>. (<year>1999</year>): <title>Holocene tree-line dynamics and inferred climatic changes in the Abisko area, northern Sweden, based on macrofossil and pollen records</title>. <source>The Holocene</source> <volume>9</volume>: <fpage>253</fpage>-<lpage>265</lpage>.
<author><surname>BERGLUND</surname>, <given-names>B. E.</given-names></author>, <author><surname>BARNEKOW</surname>, <given-names>L</given-names></author>., <author><surname>HAMMARLUND</surname>, <given-names>D</given-names></author>., <author><surname>SANDGREN</surname>, <given-names>P</given-names></author>. & <author><surname>SNOWBALL</surname>, <given-names>I</given-names></author>. (<year>1996</year>): <title>Holocene forest dynamics and climate changes in the Abisko area, northern Sweden</title>. <source>Ecological Bulletins</source> <volume>45</volume>: <fpage>15</fpage>-<lpage>30</lpage>.
<author><surname>BERGMAN</surname>, <given-names>I</given-names></author>., <author><surname>OLOFSSON</surname>, <given-names>A</given-names></author>. <author><surname>HÖRNBERG</surname>, <given-names>G</given-names></author>., <author><surname>ZACKRISSON</surname>, <given-names>O</given-names></author>. & <author><surname>HELLBERG</surname>, <given-names>E</given-names></author>. (<year>2004</year>): <title>Deglaciation and colonization - pioneer settlements in northern Fennoscandia</title>. <source>Journal of World Prehistory</source> <volume>18</volume>(<issue>2</issue>): <fpage>155</fpage>-<lpage>177</lpage>.
<author><surname>BERGMAN</surname>, <given-names>J</given-names></author>., <author><surname>HAMMARLUND</surname>, <given-names>D</given-names></author>., <author><surname>HANNON</surname>, <given-names>G</given-names></author>., <author><surname>BARNEKOW</surname>, <given-names>L</given-names></author>. & <author><surname>WOHLFARTH</surname>, <given-names>B</given-names></author>. (<year>2005</year>): <title>Deglacial succession and Holocene tree-line dynamics in the Scandes Mountains, west-central Sweden</title>. <source>Review of Palaeobotany & Palynology</source> <volume>134</volume>: <fpage>129</fpage>-<lpage>151</lpage>.
<author><surname>BIRKS</surname>, <given-names>H. H.</given-names></author>, <author><surname>GIESECKE</surname>, <given-names>T</given-names></author>., <author><surname>HEWITT</surname>, <given-names>G. M.</given-names></author>, <author><surname>TZEDAKIS</surname>, <given-names>P. C.</given-names></author>, <author><surname>BAKKE</surname>, <given-names>J</given-names></author>. & <author><surname>BIRKS</surname>, <given-names>H. J. B.</given-names></author> (<year>2012</year>): <title>Comment on “Glacial Survival of Boreal trees in Northern Scandinavia”</title>. <source>Science</source> <volume>338</volume>(<issue>6108</issue>): 742 pp.
<author><surname>BIRKS</surname>, <given-names>H. H.</given-names></author>, <author><surname>LARSEN</surname>, <given-names>E</given-names></author>. &c <author><surname>BIRKS</surname>, <given-names>H. J. B.</given-names></author> (<year>2005</year>): <title>Did tvee-Betula, Pinus and Picea survive the last glaciation along the west coast of Norway? A review of the evidence in light of Kullman (2002)</title>. <source>Journal of Biogeography</source> <volume>32</volume>: <fpage>1461</fpage>-<lpage>1471</lpage>.
<author><surname>CARCAILLET</surname>, <given-names>C</given-names></author>., <author><surname>HORNBERG</surname>, <given-names>G</given-names></author>. & <author><surname>ZACKRISSON</surname>, <given-names>O</given-names></author>. (<year>2012</year>): <title>Woody vegetation, fuel and fire track the melting of the Scandinavian ice-sheet before 9500 cal. yr BP</title>. <source>Quaternary Research</source> <volume>78</volume>: <fpage>540</fpage>-<lpage>548</lpage>.
<author><surname>DONNER</surname>, <given-names>J</given-names></author>. (<year>1995</year>): <title>The Quaternary history of Scandinavia</title>. <publisher>Cambridge University Press</publisher>, <other>Cambridge</other>.
<author><surname>EDLUND</surname>, <given-names>E</given-names></author>. (<year>1966</year>): <title>Den sibiriska lärken i Norrland och Dalarna som skogsträd och industriråvara</title>. <source>Sveriges Skogsvårdsförbunds Tidskrift</source> <volume>64</volume>: <fpage>461</fpage>-<lpage>560</lpage>.
<author><surname>ELVEN</surname>, <given-names>R</given-names></author>., <author><surname>FREMSTAD</surname>, <given-names>E</given-names></author>. & <author><surname>PEDERSEN</surname>, <given-names>O</given-names></author>. (<year>2013</year>): <source>Distribution maps of Norwegian vascular plants</source>. <volume>IV</volume>. <title>The eastern and northeastern elements</title>. <publisher>Akademika Publishing</publisher>, <other>Trondheim</other>.
<author><surname>ENGELMARK</surname>, <given-names>R</given-names></author>. (<year>1996</year>): <title>North Sweden</title>. In: <source>Palaeoecological events during the last 15 000 years; regional syntheses and palaeoecological studies of lakes and mires in Europe</source>. Eds. <editor>Berglund, B.</editor>, <editor>Birks, H.J.B.</editor>, <editor>Ralska-Jasiewiczowa, M.</editor>& <editor> Wright, H.E.</editor> <publisher>John Wiley & Son</publisher>, <other>New York</other>.
<author><surname>FÆGRI</surname>, <given-names>K</given-names></author>. (<year>1950</year>): <title>Studies on the Pleistocene of western Norway. IV. On the immigration of Picea Abies (L.)</title> Karst. Universitetet i Bergen Årbok 1949. <source>Naturvitenskapelig rekke</source> <volume>1</volume>: <fpage>1</fpage>-<lpage>52</lpage>.
<author><surname>FÆGRI</surname>, <given-names>K</given-names></author>. &c <author><surname>IVERSEN</surname>, <given-names>J</given-names></author>. (<year>1989</year>): <title>Textbook of pollen analysis</title>. <publisher>John Wiley & Sons</publisher>, <other>Chichester</other>.
<author><surname>FORSSTRÖM</surname>, <given-names>L</given-names></author>. (<year>1990</year>): <title>Occurrence of larch (Larix) in Fennoscandia during the Eemian interglacial and Brörup interstadial according to pollen analytical data</title>. <source>Boreas</source> <volume>19</volume>: <fpage>241</fpage>-<lpage>248</lpage>.
<author><surname>GIESECKE</surname>, <given-names>T</given-names></author>. & <author><surname>BENNETT</surname>, <given-names>K. D.</given-names></author> (<year>2004</year>): <title>The Holocene spread of Picea abies (L.) Karst, in Fennoscandia and adjacent areas</title>. <source>Journal of Biogeography</source> <volume>31</volume>: <fpage>1523</fpage>-<lpage>1548</lpage>.
<author><surname>HAFSTEN</surname>, <given-names>U</given-names></author>. (<year>1992</year>): <title>The immigration and spread of Norway spruce {Picea abies (L.) Karst.) in Norway</title>. <source>Norwegian Journal of Geography</source> <volume>46</volume>: <fpage>121</fpage>-<lpage>158</lpage>.
<author><surname>HANSEN</surname>, <given-names>B</given-names></author>., <author><surname>MACDONALD</surname>, <given-names>G. M.</given-names></author> & <author><surname>NASER</surname>, <given-names>K. A.</given-names></author> (<year>1996</year>): <title>Identifying the tundraforest border in the stomata record: an analysis of lake surface samples from the Yellowknife area, Northwest Territories, Canada</title>. <source>Canadian Journal of Botany</source> <volume>74</volume>: <fpage>796</fpage>-<lpage>800</lpage>.
<author><surname>HEMBERG</surname>, <given-names>E</given-names></author>. (<year>1899</year>): <title>Sibiriska lärkträdet</title>. <source>Tidskrift för Skogshushållning</source> <volume>27</volume>: <fpage>83</fpage>-<lpage>106</lpage>.
<author><surname>HESSELMAN</surname>, <given-names>H</given-names></author>. (<year>1916</year>): <title>Yttrande med anledning av L. von Post‘s föredrag om skogsträdpollen i sydsvenska torfmosselagerföljder</title>. <source>Geologiska Föreningens i Stockholm Förhandlingar</source> <volume>38</volume>: <fpage>390</fpage>-<lpage>392</lpage>.
<author><surname>HICKS</surname>, <given-names>S</given-names></author>. (<year>2006</year>): <title>When no pollen does not mean no trees</title>. <source>Vegetation History and Archaeobotany</source> <volume>15</volume>: <fpage>253</fpage>-<lpage>261</lpage>.
<author><surname>HÖRNBERG</surname>, <given-names>G</given-names></author>., <author><surname>BOHLIN</surname>, <given-names>E</given-names></author>., <author><surname>HELLBERG</surname>, <given-names>E</given-names></author>., <author><surname>BERGMAN</surname>, <given-names>I</given-names></author>., <author><surname>ZACKRISSON</surname>, <given-names>O</given-names></author>., <author><surname>OLOFSSON</surname>, <given-names>A</given-names></author>., <author><surname>WALLIN</surname>, <given-names>J.-E.</given-names></author> & <author><surname>PÅSSE</surname>, <given-names>T</given-names></author>. (<year>2005</year>): <title>Effects of Mesolithic hunter-gatherers on local vegetation in a non-uniform glacio-isostatic land uplift area, northern Sweden</title>. <source>Vegetation History and Archaeobotany</source> <volume>15</volume>: <fpage>13</fpage>-<lpage>26</lpage>.
<author><surname>HUNTLEY</surname>, <given-names>B</given-names></author>. & <author><surname>BIRKS</surname>, <given-names>H. J. B.</given-names></author> (<year>1983</year>): <title>An atlas of past and present pollen maps for Europe, 0-13 000 years ago</title>. <publisher>Cambridge University Press</publisher>, <other>Cambridge</other>.
<author><surname>KREMENETSKI</surname>, <given-names>C</given-names></author>., <author><surname>VASCHALOVA</surname>, <given-names>T</given-names></author>. & <author><surname>SULERZHITSKY</surname>, <given-names>L</given-names></author>. (<year>1999</year>): <title>Holocene vegetation history of the Khibiny Mountains: implications for the post-Glacial expansion of spruce and alder on the Kola Peninsula, northwestern Russia</title>. <source>Journal of Quaternary Science</source> <volume>14</volume>: <fpage>29</fpage>-<lpage>43</lpage>.
<author><surname>KULLMAN</surname>, <given-names>L</given-names></author>. (<year>2017</year>): <title>Melting glaciers in the Swedish Scandes provide new insights into palaeotreeline performance</title>. <source>International Journal of Current Multidisciplinary Studies</source> <volume>3</volume>: <fpage>607</fpage>-<lpage>618</lpage>.
<author><surname>KULLMAN</surname>, <given-names>L</given-names></author>. (<year>2015</year>a): <title>Recent and past trees and climates at the Arctic/Alpine margin in Swedish Lapland: An Abisko case study review</title>. <source>Journal of Biodiversity Management &C Forestry</source>. <year>2015</year> (<volume>4</volume>:<issue>4</issue>).
<author><surname>KULLMAN</surname>, <given-names>L</given-names></author>. (<year>2015</year>b): <title>När eken vaxte vild i fjällen - en varmare och rikare tid</title>. <source>Svensk Botanisk Tidskrift</source> <volume>109</volume>: <fpage>260</fpage>-<lpage>266</lpage>.
<author><surname>KULLMAN</surname>, <given-names>L</given-names></author>. (<year>2013</year>): <title>Ecological tree line history and palaeoclimate - review of megafossil evidence from the Swedish Scandes</title>. <source>Boreas</source> <volume>42</volume>: <fpage>555</fpage>-<lpage>567</lpage>.
<author><surname>KULLMAN</surname>, <given-names>L</given-names></author>. (<year>2010</year>): <title>One century of treeline change and stability - experiences from the Swedish Scandes</title>. <source>Landscape Online</source> <volume>17</volume>: <fpage>1</fpage>-<lpage>31</lpage>.
<author><surname>KULLMAN</surname>, <given-names>L</given-names></author>. (<year>2008</year>): <title>Early postglacial appearance of tree species in northern Scandinavia: review and perspective</title>. <source>Quaternary Science Reviews</source> <volume>27</volume>: <fpage>2467</fpage>-<lpage>2472</lpage>.
<author><surname>KULLMAN</surname>, <given-names>L</given-names></author>. (<year>2006</year>): <title>Late-glacial trees from arctic coast to alpine tundra. Response to Birks et al. 2005 and 2006. Correspondence</title>. <source>Journal of Biogeography</source> <volume>33</volume>: <fpage>377</fpage>-<lpage>378</lpage>.
<author><surname>KULLMAN</surname>, <given-names>L</given-names></author>. (<year>2004</year>): <title>Tree-limit landscape evolution at the southern fringe of the Swedish Scandes (Dalarna province) - Holocene and 20th century perspectives</title>. <source>Fennia</source> <volume>182</volume>: <fpage>73</fpage>-<lpage>94</lpage>.
<author><surname>KULLMAN</surname>, <given-names>L</given-names></author>. (<year>2002</year>): <title>Boreal tree taxa in the central Scandes during the Late-Glacial: implications for Late-Quaternary forest history</title>. <source>Journal of Biogeography</source> <volume>29</volume>: <fpage>1117</fpage>-<lpage>1124</lpage>.
<author><surname>KULLMAN</surname>, <given-names>L</given-names></author>. (<year>2001</year>): <title>Immigration of Picea abies into North-Central Sweden. New evidence of regional expansion and tree-limit evolution</title>. <source>Nordic Journal of Botany</source> <volume>21</volume>: <fpage>39</fpage>-<lpage>54</lpage>.
<author><surname>KULLMAN</surname>, <given-names>L</given-names></author>. (<year>2000</year>): <title>The geoecological history of Picea abies in northern Sweden and adjacent parts of Norway. A contrarian hypothesis of postglacial immigration patterns</title>. <source>Geo-Öko</source><volume>21</volume>: <fpage>141</fpage>-<lpage>172</lpage>.
<author><surname>KULLMAN</surname>, <given-names>L</given-names></author>. (<year>1999</year>): <title>Early Holocene tree growth at a high elevation site in northernmost Sweden (Lapland): a palaeobiogeographical case study based on megafossil evidence</title>. <source>Geografiska Annaler</source> <volume>A81</volume>: <fpage>63</fpage>-<lpage>74</lpage>.
<author><surname>KULLMAN</surname>, <given-names>L</given-names></author>. (<year>1998</year>a): <title>Non-analogous tree flora in the Scandes Mountains, Sweden, during the early Holocene - macrofossil evidence of rapid geographic spread and response to palaeoclimate</title>. <source>Boreas</source> <volume>27</volume>: <fpage>153</fpage>-<lpage>161</lpage>.
<author><surname>KULLMAN</surname>, <given-names>L</given-names></author>. (<year>1998</year>b): <title>Palaeoecological, biogeographical and palaeoclimatological implications of early Holocene immigration of Larix sibirica into the Scandes Mountains, Sweden</title>. <source>Global Ecology and Biogeography Letters</source> <volume>7</volume>: <fpage>181</fpage>-<lpage>188</lpage>.
<author><surname>KULLMAN</surname>, <given-names>L</given-names></author>. (<year>1980</year>): <title>Trädslagsfördelning i nutid och sen historisk tid i översta Umeälvsdalen</title>. <source>Sveriges Skogsvårdsförbunds Tidskrift</source> <volume>78</volume>: <fpage>52</fpage>-<lpage>75</lpage>.
<author><surname>KULLMAN</surname>, <given-names>L</given-names></author>. & <author><surname>ÖBERG</surname>, <given-names>L</given-names></author>. (<year>2015</year>): <title>New aspects on high-mountain palaeobiogeography: a synthesis of data from forefields of receding glaciers and ice patches in the Tärna and Kebnekaise Mountains, Swedish Lapland</title>. <source>Arctic</source> <volume>68</volume>: <fpage>141</fpage>-<lpage>152</lpage>.
<author><surname>KULLMAN</surname>, <given-names>L</given-names></author>. & <author><surname>ÖBERG</surname>, <given-names>L</given-names></author>. (<year>2013</year>): <title>Melting glaciers and ice patches in Swedish Lapland provide new insight into the Holocene arboreal history</title>. <source>Geo-Öko</source> <volume>33</volume>: <fpage>121</fpage>-<lpage>146</lpage>.
<author><surname>LANG</surname>, <given-names>G</given-names></author>. (<year>1994</year>): <title>Quartäre Vegetationsgeschichte Europas</title>. <publisher>Gustav Fischer Verlag</publisher>, <other>Stuttgart</other>.
<author><surname>LUNDQVIST</surname>, <given-names>J</given-names></author>. (<year>1969</year>): <title>Beskrivning till jordartskarta över Jämtlands län</title>. <source>Sveriges Geologiska Undersökning Ser. C</source>a <volume>4</volume>: <fpage>1</fpage>-<lpage>418</lpage>.
<author><surname>MARTINSSON</surname>, <given-names>O</given-names></author>. & <author><surname>LESINSKI</surname>, <given-names>J. A.</given-names></author> (<year>2007</year>): <title>Siberian larch; forestry and timber in a Scandinavian perspective</title>. <editor>Jämtlands läns institut för landsbygdsutveckling, Ås.</editor>
<author><surname>MOE</surname>, <given-names>D</given-names></author>. (<year>1970</year>): <title>The postglacial immigration of Picea abies in Fennoscandia</title>. <source>Botaniska Notiser</source> <volume>123</volume>: <fpage>61</fpage>-<lpage>66</lpage>.
<author><surname>NORDLUND</surname>, <given-names>C</given-names></author>. (<year>2001</year>): <title>Det upphöjda landet: Vetenskapen, landhöjningsfrågan och kartläggningen av Sveriges förflutna, 1860-1900</title>. <other>Kungliga Skytteanska Samfundets Handlingar. Umeå University, Umeå</other>.
<author><surname>ÖBERG,</surname> <given-names>L</given-names></author>. & <author><surname>KULLMAN</surname>, <given-names>L</given-names></author>. (<year>2011</year>): <title>Recent glacier recession - a new source of postglacial and climate history in the Swedish Scandes</title>. <source>Landscape Online</source> <volume>26</volume>: <fpage>1</fpage>-<lpage>38</lpage>.
<author><surname>PARDUCCI</surname>, <given-names>L</given-names></author>., <author><surname>JØRGENSEN</surname>, <given-names>T</given-names></author>., <author><surname>TOLLEFSRUD</surname>, <given-names>M. M.</given-names></author>, <author><surname>ELVERLAND</surname>, <given-names>E</given-names></author>., <author><surname>ALM</surname>, <given-names>T</given-names></author>., <author><surname>FONTANA</surname>, <given-names>S. L.</given-names></author>, <author><surname>BENNETT</surname>, <given-names>K. D.</given-names></author>, <author><surname>HAILE</surname>, <given-names>J</given-names></author>., <author><surname>MATETOVICI</surname>, <given-names>I</given-names></author>., <author><surname>SUYAMA</surname>, <given-names>Y</given-names></author>., <author><surname>EDWARDS</surname>, <given-names>M. E.</given-names></author>, <author><surname>ANDERSEN</surname>, <given-names>K</given-names></author>., <author><surname>RASMUSSEN</surname>, <given-names>M</given-names></author>., <author><surname>BOESSENKOOL</surname>, <given-names>S</given-names></author>., <author><surname>COISSAC</surname>, <given-names>E</given-names></author>., <author><surname>BROCHMANN</surname>, <given-names>C</given-names></author>., <author><surname>TABERLET</surname>, <given-names>P</given-names></author>., <author><surname>HOUMARK-NIELSEN</surname>, <given-names>M</given-names></author>., <author><surname>KROG LARSEN</surname>, <given-names>N</given-names></author>., <author><surname>ORLANDO</surname>, <given-names>L</given-names></author>., <author><surname>GILBERT</surname>, <given-names>M. T. P.</given-names></author>, <author><surname>KJÆR</surname>, <given-names>K. H.</given-names></author>, <author><surname>ALSOS</surname>, <given-names>I. G.</given-names></author> & <author><surname>WILLERSLEV</surname>, <given-names>E</given-names></author>. (<year>2012</year>): <title>Glacial survival of boreal trees in northern Scandinavia</title>. <source>Science</source> <volume>355</volume>: <fpage>1083</fpage>-<lpage>1086</lpage>.
<author><surname>PAUS</surname>, <given-names>A</given-names></author>., <author><surname>VELLE</surname>, <given-names>G</given-names></author>. & <author><surname>BERGE</surname>, <given-names>J</given-names></author>. (<year>2011</year>): <title>The Lateglacial and early Holocene vegetation and environment in the Dovre mountains, central Norway, as signaled in two Lateglacial nunatak lakes</title>. <source>Quaternary Science Reviews</source> <volume>30</volume>: <fpage>1780</fpage>-<lpage>1796</lpage>.
<author><surname>PAUS</surname>, <given-names>A</given-names></author>. (<year>2010</year>): <title>Vegetation and environment of Rødalen alpine area, Central Norway, with emphasis on the early Holocene</title>. <source>Vegetation History and Archaeobotany</source> <volume>19</volume>: <fpage>29</fpage>-<lpage>51</lpage>.
<author><surname>POST</surname>, <given-names>L. von</given-names></author> (<year>1930</year>): <title>Norrländska torvmossestudier. II. Några synpunkter i skogens och myrarnas postarktiska historia inom södra Norrland</title>. <source>Geologiska Föreningens i Stockholm Förhandlingar</source> <volume>52</volume>: <fpage>63</fpage>-<lpage>90</lpage>.
<author><surname>REIMER</surname>, <given-names>P. J.</given-names></author>, <author><surname>BARD</surname>, <given-names>E</given-names></author>., <author><surname>BAYLISS</surname>, <given-names>A</given-names></author>., <author><surname>BECK</surname>, <given-names>J. W.</given-names></author>, <author><surname>BLACKWELL</surname>, <given-names>P. G.</given-names></author>, <author><surname>BRONK RAMSEY</surname>, <given-names>C</given-names></author>., <author><surname>BUCK</surname>, <given-names>C. E.</given-names></author>, <author><surname>CHENG</surname>, <given-names>H</given-names></author>., <author><surname>EDWARDS</surname>, <given-names>R. L.</given-names></author>, <author><surname>FRIEDRICH</surname>, <given-names>M</given-names></author>., <author><surname>GROOTES</surname>,<given-names> P. M.</given-names></author>, <author><surname>GUILDERSON</surname>,<given-names>T. P</given-names></author>, <author><surname>HAFLIDASON</surname>, <given-names>H</given-names></author>., <author><surname>HAJDAS</surname>, <given-names>I</given-names></author>., <author><surname>HATTÉ</surname>, <given-names>C</given-names></author>., <author><surname>HEATON</surname>, <given-names>T. J.</given-names></author>, <author><surname>HOFFMANN</surname>,<given-names> D. L.</given-names></author>, <author><surname>HOGG</surname>, <given-names>A. G.</given-names></author>, <author><surname>HUGHEN</surname>,<given-names> K. A.</given-names></author>, <author><surname>KAISER</surname>, <given-names>K. F.</given-names></author>, <author><surname>KROMER</surname>, <given-names>B</given-names></author>., <author><surname>MANNING</surname>, <given-names>S. W.</given-names></author>, <author><surname>NIU</surname>, <given-names>M</given-names></author>., <author><surname>REIMER</surname>, <given-names>R. W.</given-names></author>, <author><surname>RICHARDS</surname>, <given-names>D. A.</given-names></author>, <author><surname>SCOTT</surname>, <given-names>E. M.</given-names></author>, <author><surname>SOUTHON</surname>, <given-names>J. R.</given-names></author>, <author><surname>STAFF</surname>, <given-names>R. A.</given-names></author>, <author><surname>TURNEY</surname>, <given-names>C. S. M.</given-names></author> & <author><surname>VAN DER PFLICHT</surname>, <given-names>J</given-names></author>. (<year>2013</year>): <title>IntCal 13 and Marinel3 radiocarbon calibration curves 0-50,000 year scale BP</title>. <source>Radiocarbon</source> <volume>55</volume>(<issue>4</issue>), <fpage>1869</fpage>-<lpage>1887</lpage>.
<author><surname>ROBERTSSON</surname>, <given-names>A.-M.</given-names></author> (<year>1997</year>): <title>Reinvestigation of the interglacial pollen flora at Leveäniemi, Swedish Lapland</title>. <source>Boreas</source> <volume>26</volume>: <fpage>81</fpage>-<lpage>89</lpage>.
<author><surname>SCHOTTE</surname>, <given-names>G</given-names></author>. (<year>1917</year>): <title>Lärken och dess betydelse för svensk skogshushållning</title>. <publisher>Statens Skogsförsöksanstalt</publisher>, <other>Stockholm</other>.
<author><surname>SEGERSTRÖM</surname>, <given-names>U</given-names></author>. & <author><surname>VON STEDINGK</surname>, <given-names>H</given-names></author>. (<year>2003</year>): <title>Early-Holocene spruce, Picea abies (L.) Karst, in west central Sweden as revealed by pollen analysis</title>. <source>The Holocene</source> <volume>13</volume>: <fpage>897</fpage>-<lpage>906</lpage>.
<author><surname>SEPPÄ</surname>, <given-names>H</given-names></author>., <author><surname>ALENIUS</surname>, <given-names>T</given-names></author>., <author><surname>BRADSHAW</surname>, <given-names>R. H. W.</given-names></author>, <author><surname>GIESECKE</surname>, <given-names>T</given-names></author>., <author><surname>HEIKILLÄ</surname>, <given-names>M</given-names></author>. & <author><surname>MUUKKONEN</surname>, <given-names>P</given-names></author>. (<year>2009</year>): <title>Invasion of Norway spruce (Picea abies) and the rise of the boreal ecosystem in Fennoscandia</title>. <source>Journal of Ecology</source> <volume>97</volume>: <fpage>629</fpage>-<lpage>640</lpage>.
<author><surname>SIMAK</surname>, <given-names>M</given-names></author>. (<year>1979</year>): <title>Larix sukaczewii-. naturlig utbredning, biologi, ekologi och frösättningsproblem</title>. <editor>Sveriges Lantbruksuniversitet</editor>. <source>Institutionen för skogsskötsel Rapport</source> <volume>1</volume>: <fpage>1</fpage>-<lpage>76</lpage>.
<editor>SKOGSSTYRELSEN</editor> (<year>2009</year>): <title>Regler om användning av främmande trädslag</title>. <source>Meddelande</source> <volume>7</volume>, <year>2009</year>, <publisher>Skogsstyrelsens Förlag</publisher>, <other>Jönköping</other>.
<author><surname>TALLANTIRE</surname>, <given-names>P. A.</given-names></author> (<year>1977</year>): <title>A further contribution to the problem of the spread of spruce (Picea abies (L.) Karst.) in Fennoscandia</title>. <source>Journal of Biogeography</source> <volume>4</volume>: <fpage>219</fpage>-<lpage>227</lpage>.
<author><surname>VORREN</surname>, <given-names>K.-D.</given-names></author>, <author><surname>ELVERLAND</surname>, <given-names>E</given-names></author>., <author><surname>BLAAUW</surname>, <given-names>M</given-names></author>., <author><surname>RAVNA</surname>, <given-names>E. K.</given-names></author> & <author><surname>JENSEN</surname>, <given-names>C. A. H.</given-names></author> (<year>2009</year>): <title>Vegetation and climate c. 12 300 - 9000 cal. Yr BP at Andoya, NW Norway</title>. <source>Boreas</source> <volume>38</volume>: <fpage>401</fpage>-<lpage>420</lpage>.
<author><surname>VORREN</surname>, <given-names>T. O.</given-names></author>, <author><surname>VORREN</surname>,<given-names> K.-D.</given-names></author>, <author><surname>AASHEIM</surname>, <given-names>O</given-names></author>., <author><surname>DAHLGREN</surname>, <given-names>T</given-names></author>., <author><surname>FORWICK</surname>, <given-names>M</given-names></author>. & <author><surname>HASSEL</surname>, <given-names>K</given-names></author>. (<year>2013</year>): <title>Palaeoenvironment in northern Norway between 22.2 and 14.5 cal. ka BP</title>. <source>Boreas</source> <volume>42</volume>: <fpage>876</fpage>-<lpage>895</lpage>.
<author><surname>ZALE</surname>, <given-names>R</given-names></author>., <author><surname>HUANG</surname>, <given-names>Y.-T.</given-names></author>, <author><surname>BIGLER</surname>, <given-names>C</given-names></author>., <author><surname>WOOD</surname>, <given-names>J. R.</given-names></author>, <author><surname>DALÉN</surname>, <given-names>L</given-names></author>., <author><surname>WANG</surname>, <given-names>X.-R.</given-names></author>, <author><surname>SEGERSTRÖM</surname>, <given-names>U</given-names></author>. & <author><surname>KLAMINDER</surname>, <given-names>J</given-names></author>. (<year>2018</year>): <title>Growth of plants on the Late Weichselian ice-sheet during Greenland interstadial-1 ?</title> <source>Quaternary Science Reviews</source> <volume>185</volume>: <fpage>222</fpage>-<lpage>239</lpage>.
<author><surname>ZANON</surname>, <given-names>M</given-names></author>., <author><surname>DAVIS</surname>, <given-names>B. A. S.</given-names></author>, <author><surname>MARQUER</surname>, <given-names>L</given-names></author>., <author><surname>BREWER</surname>, <given-names>S</given-names></author>. &c <author><surname>KAPLAN</surname>, <given-names>J. O.</given-names></author> (<year>2018</year>): <title>European forest cover during the past 12, 000 years: A palynological reconstruction based on modern analogs and remote sensing</title>. <source>Frontiers in Plant Science</source> <volume>9</volume>: <fpage>253</fpage>.