<author><surname>ALLEN</surname>, <given-names>J.R.M.</given-names></author> & <author><surname>HUNTLEY</surname>, <given-names>B</given-names></author>. <year>1999</year>: <title>Estimating past floristic diversity in montane regions from macrofossil assemblages</title>. <source>Journal of Biogeography</source> <volume>26</volume>:<fpage>55</fpage>-<lpage>73</lpage>.
<author><surname>ALM</surname>, <given-names>T</given-names></author>. <year>1993</year>: <title>Øvre Æråsvatn - palynostratigraphy of a 22,000 to 10,000 BP lacustrine record on Andøya, northern Norway</title>. <source>Boreas</source> <volume>22</volume>:<fpage>171</fpage>-<lpage>188</lpage>.
<author><surname>ANDERS SON</surname>, <given-names>G</given-names></author>. <year>1902</year>: <title>Hasseln i Sverige fordom och nu</title>. <source>Sveriges Geologiska. Undersökning Ser. Ca</source> <volume>3</volume>:<fpage>1</fpage>-<lpage>168</lpage>.
<author><surname>BENNETT</surname>,<given-names> K.D.</given-names></author> <year>1986</year>: <title>The rate of spread and population increase of forest trees during the postglacial</title>. <source>Philosophical Transactions of the Royal Society of London B</source> <volume>314</volume>:<fpage>523</fpage>-<lpage>531</lpage>.
<author><surname>BENNETT</surname>,<given-names> K.D.</given-names></author> <year>1988</year>: <title>Holocene geographic spread and population expansion of Fagus grandifolia in Ontario, Canada</title>. <source>Journal of Ecology</source> <volume>76</volume>:<fpage>547</fpage>-<lpage>557</lpage>.
<author><surname>BERGER</surname>, <given-names>A</given-names></author>. <year>1988</year>: <title>Milankovitch theory and climate</title>. <source>Reviews of Geophysics</source> <volume>26</volume>:<fpage>624</fpage>-<lpage>657</lpage>.
<author><surname>BIRKS</surname>, <given-names>H.H.</given-names></author> <year>1994</year>a: <title>Late-glacial vegetational ecotones and climatic patterns in Western Norway</title>. <source>Vegetation History and Archaeobotany</source> <volume>3</volume>:<fpage>107</fpage>-<lpage>119</lpage>.
<author><surname>BIRKS</surname>,<given-names> H.H.</given-names></author> <year>1994</year>b: <title>Plant macrofossils and the nunatak theory of periglacial survival</title>. <source>Dissertationes Botanicae</source> <volume>234</volume>:<fpage>129</fpage>-<lpage>143</lpage>.
<author><surname>BIRKS</surname>, <given-names>H.J.B.</given-names></author> <year>1993</year>: <title>Is the hypothesis of survival on glacial nunataks necessary to explain the presentday distributions of Norwegian mountain plants?</title> <source>Phytocoenologia</source> <volume>23</volume>:<fpage>399</fpage>-<lpage>426</lpage>.
<author><surname>BJÖRCK</surname>, <given-names>S</given-names></author>. & <other>10 OTHERS</other> <year>1996</year>: <title>Synchronized terrestrial-atmospheric deglacial records around the North Atlantic</title>. <source>Science</source> <volume>274</volume>:<fpage>1155</fpage>-<lpage>1160</lpage>.
<author><surname>BLIKRA</surname>, <given-names>L.H.</given-names></author> & <author><surname>SELVIK</surname>, <given-names>S.F.</given-names></author> <year>1998</year>: <title>Climatic signals recorded in snow avalanche-dominated colluvium in western Norway</title>. <source>The Holocene</source> <volume>8</volume>:<fpage>631</fpage>-<lpage>658</lpage>.
<author><surname>BLÜTHGEN</surname>, <given-names>J</given-names></author>. <year>1960</year>: <title>Der skandinavische Fjällbirkenwald als Landschaftsformation</title>. <source>Petermanns Geographische Mitteilungen</source> <volume>104</volume>:<fpage>119</fpage>-<lpage>144</lpage>.
<author><surname>BOBROV</surname>, <given-names>E.G.</given-names></author> <year>1972</year>: <title>Die introgressive Hybridisation in der Gattung Picea</title>. <source>Symp. Biol. Hung.</source> <volume>12</volume>:<fpage>141</fpage>-<lpage>148</lpage>.
<author><surname>BORGSTRÖM</surname>, <given-names>I</given-names></author>. <year>1989</year>: <title>Terrängformema och den glaciala utvecklingen i södra fjällen</title>. <source>Meddelanden från Naturgeografiska Institutionen, Stockholms Universitet </source> <volume>A234</volume>:<fpage>1</fpage>-<lpage>133</lpage>
<editor>COHMAP MEMBERS</editor> <year>1988</year>: <title>Climatic changes of the last 18000 years: observations and model simulations</title>. <source>Science</source> <volume>241</volume>:<fpage>1043</fpage>-<lpage>1052</lpage>.
<author><surname>COOPE</surname>, <given-names>G.R.</given-names></author>, <author><surname>LEMDAHL</surname>, <given-names>G</given-names></author>., <author><surname>LOWE</surname>, <given-names>J.J.</given-names></author> & <author><surname>WALKING</surname>, <given-names>A</given-names></author>. <title>1998</title>: <title>Temperature gradients in northern Europe during the last glacial - Holocene transition (14-9 14C kyr BP) interpreted from coleopteran assemblages</title>. <source>Journal of Quaternary Science</source> <volume>13</volume>:<fpage>419</fpage>-<lpage>433</lpage>.
<author><surname>DAHL</surname>, <given-names>E</given-names></author>. <year>1998</year>: <title>The Phytogeography of Northern Europe</title>. 295 pp. <publisher>Cambridge University Press</publisher>, <other>Cambridge</other>.
<author><surname>DAHL</surname>, <given-names>E</given-names></author>. & <author><surname>MORK</surname>, <given-names>E</given-names></author>. <year>1959</year>: <title>On the relationships between temperature, respiration and growth in Norway spruce {Picea abies (L.) Karst.)</title>. <source>Meddelelser fra Det Norske Skogforsøksvesen</source> <volume>53</volume>:<fpage>82</fpage>-<lpage>93</lpage>.
<author><surname>DAVIS</surname>, <given-names>M.B.</given-names></author> <year>1976</year>: <title>Pleistocene biogeography of temperate deciduous forests</title>. <source>Geoscience and Man</source> <volume>13</volume>:<fpage>13</fpage>-<lpage>26</lpage>.
<author><surname>DONNER</surname>, <given-names>J</given-names></author>. <year>1995</year>: <title>The Quaternary History of Scandinavia</title>. 200 pp. <publisher>Cambridge University Press</publisher>, <other>Cambridge</other>.
<author><surname>ELLIOTT</surname>, <given-names>D.L.</given-names></author> <year>1979</year>: <title>The current reproductive capacity of the northern Canadian trees, Keewatin, N.W.T., Canada: some preliminary observations</title>. <source>Arctic and Alpine Research</source> <volume>11</volume>:<fpage>243</fpage>-<lpage>251</lpage>.
<author><surname>FÆGRI</surname> <given-names>K</given-names></author>. <year>1950</year>: <title>Studies on the Pleistocene of western Norway. IV. On the immigration of Picea abies (L.)</title> <editor>Karst. Universitetet i Bergen Årbok</editor> <year>1949</year>, <source>Naturvitenskapelig rekke</source> <volume>1</volume>:<fpage>l</fpage>-<lpage>52</lpage>.
<author><surname>FROMM</surname>, <given-names>E</given-names></author>. <year>1965</year>: <title>Beskrivning till jordartskarta över Norrbottens län</title>. <source>Sveriges Geologiska Undersökning Serie Ca</source> <volume>39</volume>:<fpage>1</fpage>-<lpage>236</lpage>.
<author><surname>GRANLUND</surname>, <given-names>E</given-names></author>. <year>1943</year>: <title>Beskrivning till jordartskarta över Västerbottens län nedanför odlingsgränsen</title>. <source>Sveriges Geologiska Undersökning Serie Ca</source> <volume>26</volume>:<fpage>1</fpage>-<lpage>165</lpage>.
<author><surname>HAFSTEN</surname>, <given-names>U</given-names></author>. <year>1987</year>: <title>Vegetation, climate and evolution of the cultural landscape in Trøndelag, Central Norway, after the last ice age</title>. <source>Norsk Geografisk Tidsskrift</source> <volume>1</volume>:<fpage>101</fpage>-<lpage>120</lpage>.
<author><surname>HAFSTEN</surname>, <given-names>U</given-names></author>. <year>1992</year>: <title>The immigration and spread of Norway spruce (Picea abies (L.) Karst.) in Norway</title>. <source>Norsk Geografisk Tidsskrift</source> <volume>46</volume>:<fpage>121</fpage>-<lpage>158</lpage>.
<author><surname>HAGEMANN</surname>, <given-names>A</given-names></author>. <year>1890</year>: <title>Altenskoven</title>. <source>Norske Forstforenings Aarbog</source> <year>1890</year>:<fpage>1</fpage>-<lpage>74</lpage>.
<author><surname>HANSEN-BRISTOW</surname>, <given-names>K.J.</given-names></author> <year>1984</year>: <title>Changes in the forest-alpine tundra ecotone: Colorado Front Range</title>. <source>Physical Geography</source> <volume>5</volume>:<fpage>186</fpage>-<lpage>197</lpage>.
<author><surname>HANSEN-BRISTOW</surname>, <given-names>K.J.</given-names></author> & <author><surname>IVES</surname>, <given-names>J.D.</given-names></author> <year>1985</year>: <title>Composition, form, and distribution of the forest-alpine tundra ecotone, Indian Peaks</title>. <source>Erdkunde</source> <volume>39</volume>:<fpage>286</fpage>-<lpage>295</lpage>.
<author><surname>HØEG</surname>, <given-names>H.I.</given-names></author> <year>1972</year>: <title>En pollenanalytisk undersøkelse i Skaitidalen, Saltdal kommune, Nordland</title>. Unpublished thesis. 67 pp. University of Oslo.
<author><surname>HOLTMEIER</surname>, <given-names>F.-K.</given-names></author> <year>1993</year>: <title>Der Einfluss der generativen und vegetativen Verjüngung auf das Verbreitungsmuster der Bäume und die ökologische Dynamik im Waldgrenzbereich</title>. <source>Geoökodynamik</source> <volume>14</volume>:<fpage>153</fpage>-<lpage>182</lpage>.
<author><surname>HOLTMEIER</surname>, <given-names>F.-K.</given-names></author> <year>1999</year>: <title>Ablegerbildung im Hochlagenwald und an der oberen Waldgrenze in der Front Range, Colorado</title>. <source>Mitteilungen der Deutschen Dendrologischen Gesellschaft</source> <volume>84</volume>:<fpage>39</fpage>-<lpage>61</lpage>
<author><surname>HULTÉN</surname>, <given-names>E</given-names></author>. <year>1949</year>: <title>On the races in Scandinavian flora</title>. <source>Svensk Botanisk Tidskrift</source> <volume>43</volume>:<fpage>383</fpage>-<lpage>406</lpage>. 
<author><surname>HUNTLEY</surname>, <given-names>B</given-names></author>. <year>1988</year>: <title>Europe</title>. In: <editor>HUNTLEY, B</editor> & <editor>WEBB T. Ill</editor> (eds.): <source>Vegetation History</source>, <fpage>341</fpage>-<lpage>383</lpage>. <publisher>Kluwer</publisher>, <other>Dordrecht</other>.
<author><surname>HUNTLEY</surname>, <given-names>B</given-names></author>., <author><surname>BERRY</surname>, <given-names>P.M.</given-names></author>, <author><surname>CRAMER</surname>, <given-names>W</given-names></author>. & <author><surname>MCDONALD</surname>, <given-names>A.P.</given-names></author> <year>1995</year>: <title>Modelling present and potential future ranges of some European higher plants using climate response surfaces</title>. <source>Journal of Biogeography</source> <volume>22</volume>:<fpage>967</fpage>-<lpage>1001</lpage>.
<author><surname>HUNTLEY</surname>, <given-names>B</given-names></author>. & <author><surname>BIRKS</surname>, <given-names>H.J.B.</given-names></author> <year>1983</year>: <title>An Atlas of Past and Present Pollen Maps for Europe 0-13000 years ago</title>. 667 pp. <publisher>Cambridge University Press</publisher>, <other>Cambridge</other>.
<author><surname>HUSTICH</surname>, <given-names>I</given-names></author>. <year>1966</year>: <title>On the forest-tundra and the northern tree-lines</title>. <source>Reports from the Kevo Subarctic Research Station</source> <volume>3</volume>:<fpage>7</fpage>-<lpage>47</lpage>.
<author><surname>JUUL</surname>, <given-names>J.G.</given-names></author> <year>1924</year>: <title>Granens vestgraense i Norge</title>. <source>Tidsskrift for Skogbruk</source> <volume>32</volume>:<fpage>218</fpage>-<lpage>227</lpage>.
<author><surname>JUUL</surname>, <given-names>J.G.</given-names></author> <year>1925</year>: <title>Furuens utbredelse i Finnmark og Troms</title>. <source>Tidsskrift for Skogbruk</source> <volume>33</volume>:<fpage>359</fpage>-<lpage>440</lpage>. 
<author><surname>KALLIO</surname>, <given-names>P</given-names></author>., <author><surname>LAINE</surname>, <given-names>U</given-names></author>. & <author><surname>MÄKINEN</surname>, <given-names>Y</given-names></author>. <year>1971</year>: <title>Vascular flora of Inari Lapland. 2. Pinaceae and Cupressaceae</title>. <source>Reports from the Kevo Subarctic Research Station</source> <volume>8</volume>:<fpage>73</fpage>-<lpage>100</lpage>.
<author><surname>KILANDER</surname>, <given-names>S</given-names></author>. <year>1955</year>: <title>Kärlväxtemas övre gränser på fjäll i sydvästra Jämtland samt angränsande delar av Härjedalen och Norge</title>. <source>Acta Phytogeographica Suecica</source> <volume>35</volume>:<fpage>1</fpage>-<lpage>198</lpage>.
<author><surname>KOC</surname>, <given-names>N</given-names></author>., <author><surname>JANSEN</surname>, <given-names>E</given-names></author>. & <author><surname>HAFLIDASON</surname>, <given-names>H</given-names></author>. <year>1993</year>: <title>Paleoceanographic reconstructions of surface ocean conditions in the Greenland, Iceland and Norwegian seas through the last 14 ka based on diatoms</title>. <source>Quaternary Science Reviews</source> <volume>12</volume>: <fpage>115</fpage>-<lpage>140</lpage>.
<author><surname>KRISTIANSEN</surname>, <given-names>I.L.</given-names></author>, <author><surname>MANGERUD</surname>, <given-names>J</given-names></author>. & <author><surname>LØMO</surname>, <given-names>L</given-names></author>. <year>1988</year>: <title>Late Weichselian/Early Holocene pollen and lithostratigraphy in lakes in the Ålesund area, western Norway</title>. <source>Review of Palaeobotany and Palynology</source> <volume>53</volume>:<fpage>185</fpage>-<lpage>231</lpage>.
<author><surname>KULLMAN</surname>, <given-names>L</given-names></author>. <year>1981</year>: <title>Some aspects of the ecology of the Scandinavian subalpine birch forest belt</title>. <source>Wahlenbergia</source> <volume>7</volume>:<fpage>99</fpage>-<lpage>112</lpage>.
<author><surname>KULLMAN</surname>, <given-names>L</given-names></author>. <year>1986</year>: <title>Recent tree-limit history of Picea abies in the southern Swedish Scandes</title>. <source>Canadian Journal of Forest Research</source> <volume>16</volume>:<fpage>761</fpage>-<lpage>771</lpage>.
<author><surname>KULLMAN</surname>, <given-names>L</given-names></author>. <year>1987</year>: <title>Little Ice Age decline of a cold marginal Pinus sylvestris forest in the Swedish Scandes</title>. <source>New Phytologist</source> <volume>106</volume>:<fpage>567</fpage>-<lpage>584</lpage>.
<author><surname>KULLMAN</surname>, <given-names>L</given-names></author>. <year>1995</year>a: <title>Holocene tree-limit and climate history from the Scandes Mountains, Sweden</title>. <source>Ecology</source> <volume>76</volume>:<fpage>2490</fpage>-<lpage>2502</lpage>.
<author><surname>KULLMAN</surname>, <given-names>L</given-names></author>. <year>1995</year>b: <title>New and firm evidence for Mid-Holocene appearance of Picea abies in the Scandes Mountains, Sweden</title>. <source>Journal of Ecology</source> <volume>83</volume>:<fpage>439</fpage>-<lpage>447</lpage>.
<author><surname>KULLMAN</surname>, <given-names>L</given-names></author>. <year>1996</year>a: <title>Norway spruce present in the Scandes Mountains, Sweden at 8000 BP: new light on Holocene tree spread</title>. <source>Global Ecology and Biogeography Letters</source> <volume>5</volume>:<fpage>94</fpage>-<lpage>101</lpage>.
<author><surname>KULLMAN</surname>, <given-names>L</given-names></author>. <year>1996</year>b: <title>Recent cooling and recession of Norway spruce (Picea abies (L.) Karst.) in the forest-alpine tundra ecotone of the Swedish Scandes</title>. <source>Journal of Biogeography</source> <volume>23</volume>:<fpage>843</fpage>-<lpage>854</lpage>.
<author><surname>KULLMAN</surname>, <given-names>L</given-names></author>. <year>1996</year>c: <title>Rise and demise of cold-climate Picea abies forest in Sweden</title>. <source>New Phytologist</source> <volume>134</volume>:<fpage>243</fpage>-<lpage>256</lpage>.
<author><surname>KULLMAN</surname>, <given-names>L</given-names></author>. <year>1997</year>: <title>Tree-limit stress and disturbance. A 25-year survey of geoecological change in the Scandes Mountains of Sweden</title>. <source>Geografiska Annaler</source> <volume>79A</volume>:<fpage>139</fpage>-<lpage>165</lpage>.
<author><surname>KULLMAN</surname>, <given-names>L</given-names></author>. <year>1998</year>a: <title>Tree-limits and montane forests in the Swedish Scandes: sensitive biomonitors of climate change and variability</title>. <source>Ambio</source> <volume>27</volume>:<fpage>312</fpage>-<lpage>321</lpage>.
<author><surname>KULLMAN</surname>, <given-names>L</given-names></author>. <year>1998</year>b: <title>The occurrence of thermophilous trees in the Scandes Mountains during the early Holocene: evidence for a diverse tree flora from macroscopic remains</title>. <source>Journal of Ecology</source> <volume>86</volume>:<fpage>412</fpage>-<lpage>428</lpage>.
<author><surname>KULLMAN</surname>, <given-names>L</given-names></author>. <year>1998</year>c: <title>Palaeoecological, biogeographical and palaeoclimatological implications of early Holocene immigration of Larix sibirica Ledeb. into the Scandes Mountains, Sweden</title>. <source>Global Ecology and Biogeography Letters</source> <volume>7</volume>:<fpage>181</fpage>-<lpage>188</lpage>.
<author><surname>KULLMAN</surname>, <given-names>L</given-names></author>. <year>1998</year>d: <title>Non-analogous tree flora in the Scandes Mountains, Sweden, during the early Holocene - macrofossil evidence of rapid geographic spread and response to palaeoclimate</title>. <source>Boreas</source> <volume>27</volume>:<fpage>153</fpage>-<lpage>161</lpage>.
<author><surname>KULLMAN</surname>, <given-names>L</given-names></author>. <year>1999</year>: <title>Early Holocene tree growth at a high elevation site in the northernmost Scandes of Sweden (Lapland). A palaeobiogeographical case study based on megafossil evidence</title>. <source>Geografiska Annaler</source> <volume>81A</volume>:<fpage>63</fpage>-<lpage>74</lpage>.
<author><surname>KULLMAN</surname>, <given-names>L</given-names></author>. <year>2000</year>. <title>Tree-limit rise and recent warming: a geoecological case study from the Swedish Scandes</title>. <source>Norwegian Journal of Geography</source> <volume>54</volume>:<fpage>49</fpage>-<lpage>59</lpage>.
<author><surname>KULLMAN</surname>, <given-names>L</given-names></author>. & <author><surname>ENGELMARK</surname>, <given-names>O</given-names></author>. <year>1997</year>: <title>Neoglacial climate control of subarctic Picea abies stand dynamics and range limit in northern Sweden</title>. <source>Arctic and Alpine Research</source> <volume>29</volume>: <fpage>315</fpage>-<lpage>326</lpage>.
<author><surname>KULLMAN</surname>, <given-names>L</given-names></author>. & <author><surname>KJÄLLGREN</surname>, <given-names>L</given-names></author>. <year>2000</year>: <title>A coherent postglacial tree-limit chronology (Pinus sylvestris L.) for the Swedish Scandes. Aspects of paleoclimate and "recent warming”, based on megafossil evidence</title>. <source>Arctic, Antarctic, and Alpine Research</source> <volume>32</volume>:<fpage>000</fpage>-<lpage>000</lpage>.
<author><surname>KUUSELA</surname>, <given-names>K</given-names></author>. <year>1990</year>: <title>The Dynamics of Boreal Coniferous Forest</title>. 172 pp. <publisher>Finnish National Fund for Research and Development</publisher>, <other>Helsinki</other>.
<author><surname>LAGERCRANTZ</surname>, <given-names>U</given-names></author>. & <author><surname>RYMAN</surname>, <given-names>N</given-names></author>. <year>1990</year>: <title>Genetic structure of Norway spruce (Picea abies): concordance of morphological and allozymic variation</title>. <source>Evolution</source> <volume>44</volume>:<fpage>38</fpage>-<lpage>53</lpage>.
<author><surname>LAMB</surname>, <given-names>H.H.</given-names></author> <year>1995</year>: <title>Climate, History and the Modern World</title>. 433 pp. <publisher>Routledge</publisher>, <other>London</other>.
<author><surname>LANG</surname>, <given-names>G</given-names></author>. <year>1994</year>: <title>Quartäre Vegetationsgeschichte Europas</title>. 462 pp. <publisher>Gustav Fischer Verlag</publisher>, <other>Jena</other>. 
<author><surname>LA VOIE</surname>, <given-names>C</given-names></author>. & <author><surname>PAYETTE</surname>, <given-names>S</given-names></author>. <year>1996</year>: <title>The long-term stability of the boreal forest limit in subarctic Québec</title>. <source>Ecology</source> <volume>77</volume>:<fpage>1226</fpage>-<lpage>1233</lpage>.
<author><surname>LEDIG</surname>, <given-names>F.T.</given-names></author> <year>1989</year>: <title>Heterozygosity, heterosis, and fitness in outbreeding plants</title>. In: <editor>SOULÉ, M.E.</editor> (ed.): <source>Conservation Biology</source>, <fpage>77</fpage>-<lpage>104</lpage>. <publisher>Sinauer</publisher>, <other>Sunderland</other>.
<author><surname>LILJEQUIST</surname>, <given-names>G.H.</given-names></author> <year>1974</year>: <title>Notes on meteorological conditions in connection with continental land-ices in the Pleistocene</title>. <source>Geologiska Föreningens i Stockholm Förhandlingar</source> <volume>96</volume>:<fpage>293</fpage>-<lpage>298</lpage>.
<author><surname>LINDQUIST</surname>, <given-names>B</given-names></author>. <year>1932</year>: <title>Om den vildväxande skogsalmens raser och deras utbredning i Nordvästeuropa</title>. <source>Acta Phytogeographica Suecica</source> <volume>4</volume>:<fpage>1</fpage>-<lpage>56</lpage>.
<author><surname>LINDQUIST</surname>, <given-names>B</given-names></author>. <year>1948</year>: <title>The main varieties of Picea abies (L.) Karst, in Europe, with a contribution to the theory of a forest vegetation in Scandinavia during the last Pleistocene glaciation</title>. <source>Acta Horti Bergiani</source> <volume>14</volume>:<fpage>249</fpage>-<lpage>342</lpage>.
<author><surname>LUNDQVIST</surname>, <given-names>G</given-names></author>. <year>1952</year>: <title>Beskrivning till jordartskarta över Kopparbergs län</title>. <source>Sveriges Geologiska Undersökning Serie Ca</source> <volume>21</volume>:<fpage>1</fpage>-<lpage>213</lpage>.
<author><surname>LUNDQVIST</surname>, <given-names>J</given-names></author>. <year>1969</year>: <title>Beskrivning till jordartskarta över Jämtlans län</title>. <source>Sveriges Geologiska Undersökning Serie Ca</source> <volume>45</volume>:<fpage>1</fpage>-<lpage>418</lpage>.
<author><surname>LUNDQVIST</surname>, <given-names>J</given-names></author>. <year>1994</year>: <title>Inlandsisens avsmältning</title>. In: <editor>Fredén, C.</editor> (ed.): <source>Berg och Jord Sveriges Nationalatlas</source>, <fpage>124</fpage>-<lpage>135</lpage>. <publisher>Bra Böcker</publisher>, <other>Höganäs</other>.
<author><surname>MACDONALD</surname>, <given-names>G.M.</given-names></author>, <author><surname>CWYNAR</surname>, <given-names>L</given-names></author>. & <author><surname>WHITLOCK</surname>, <given-names>C</given-names></author>. <year>1998</year>a: In: <editor>RICHARDSON, D.M.</editor> (ed.): <title>The Late Quaternary dynamics of pines in northern North America</title>. <source>Ecology and Biogeography of Pinus</source>, <fpage>122</fpage>-<lpage>136</lpage>. <publisher>Cambridge University Press</publisher>, <other>Cambridge</other>.
<author><surname>MACDONALD</surname>, <given-names>G.M.</given-names></author>, <author><surname>SZEICZ</surname>, <given-names>J.M.</given-names></author>, <author><surname>CLARICOATES</surname>, <given-names>J</given-names></author>. & <author><surname>DALE</surname>, <given-names>K.A.</given-names></author> <year>1998</year>b: <title>Response of central Canadian treeline to recent climatic changes</title>. <source>Annals of the Association of American Geographers</source> <volume>88</volume>:<fpage>183</fpage>-<lpage>208</lpage>.
<author><surname>MANNERFELT</surname>, <given-names>C</given-names></author>. <year>1940</year>: <title>Glacial-morfologiska studier i norska högfjäll</title>. <source>Norsk Geografisk Tidsskrift</source> <volume>8</volume>:<fpage>7</fpage>-<lpage>47</lpage>.
<author><surname>MOE</surname>, <given-names>D</given-names></author>. <year>1970</year>: <title>The post-glacial immigration of Picea abies into Fennoscandia</title>. <source>Botaniska Notiser</source> <volume>123</volume>:<fpage>61</fpage>-<lpage>66</lpage>.
<author><surname>MOE</surname>, <given-names>D</given-names></author>. <year>1994</year>: <title>Climatic variations in western Norway during the last 13,000 years. A review</title>. <source>Geologija</source> <volume>17</volume>:<fpage>159</fpage>-<lpage>165</lpage>.
<author><surname>MÖRNER</surname>,<given-names> N.-A.</given-names></author> <year>1980</year>: <title>The Fennoscandian uplift: geological data and their geodynamical implication</title>. In: <editor>MÖRNER, N.-A.</editor> (ed.):<source> Earth Rheology, Isostasy and Eustasy</source>, <fpage>251</fpage>-<lpage>284</lpage>. <publisher>John Wiley & Sons</publisher>, <other>Chichester</other>.
<author><surname>NESJE</surname>, <given-names>A</given-names></author>. & <author><surname>DAHL</surname>, <given-names>S.O.</given-names></author> <year>1992</year>: <title>Equilibrium-line altitude depressions of reconstructed Younger Dryas and Holocene glaciers in Fosdalen, inner Nordfjord, western Norway</title>. <source>Norsk Geologisk Tidsskrift</source> <volume>72</volume>:<fpage>209</fpage>-<lpage>216</lpage>.
<author><surname>NILSSON</surname>, <given-names>E</given-names></author>. & <author><surname>NILSSON</surname>, <given-names>Ö</given-names></author>. <year>1986</year>: <title>Nordisk Fjällflora</title>. 272 pp. <publisher>Bonniers</publisher>, <other>Stockholm</other>.
<author><surname>OLSSON</surname>, <given-names>I.U.</given-names></author> & <author><surname>POSSNERT</surname>, <given-names>G</given-names></author>. <year>1992</year>: <title>The interpretation of 14C measurements on pre-Holocene samples</title>. <source>Sveriges Geologiska Undersökning</source> <volume>Serie Ca 81</volume>:<fpage>201</fpage>-<lpage>208</lpage>.
<author><surname>ÖRTENBLAD</surname>, <given-names>T</given-names></author>. <year>1895</year>: <title>Har Norrlands skogsflora erhållit några bidrag från Norge?</title> <source>Tidskrift för Skogshushållning</source> <volume>23</volume>:<fpage>25</fpage>-<lpage>34</lpage>.
<author><surname>PAUS</surname>, <given-names>A</given-names></author>. <year>1989</year>: <title>Late Weichselian vegetation, climate, and floral migration at Liastemmen; North Rogaland, south-western Norway</title>. <source>Journal of Quaternary Science</source> <volume>4</volume>:<fpage>223</fpage>-<lpage>242</lpage>.
<author><surname>PAYETTE</surname>, <given-names>S</given-names></author>. <year>1993</year>: <title>The range limit of boreal tree species in Québec-Labrador. An ecological and palaeoecological interpretation</title>. <source>Review of Palaeobotany and Palynology</source> <volume>79</volume>:<fpage>7</fpage>-<lpage>30</lpage>.
<author><surname>PEACOCK</surname>, <given-names>J.D.</given-names></author> & <author><surname>HARKNESS</surname>, <given-names>D.D.</given-names></author> <year>1990</year>: <title>Radiocarbon ages and the full-glacial to Holocene transition in seas adjacent to Scotland and southern Scandinavia: a review. Transactions of the Royal Society of Edinburgh</title>. <source>Earth Sciences</source> <volume>81</volume>:<fpage>385</fpage>-<lpage>396</lpage>.
<author><surname>POST</surname>,<given-names> L. von</given-names></author> <year>1918</year>: <title>Ett finiglacialt granfynd i södra Värmland</title>. <source>Geologiska Föreningens i Stockholm Förhandlingar</source> <volume>40</volume>:<fpage>19</fpage>-<lpage>25</lpage>.
<author><surname>POST</surname>,<given-names> L. von</given-names></author> <year>1930</year>: <title>Norrländska torvmossestudier IL Några huvudpunkter i skogens och myramas postarktiska historia inom södra Norrland</title>. <source>Geologiska Föreningens i Stockholm Förhandlingar</source> <volume>52</volume>:<fpage>63</fpage>-<lpage>90</lpage>.
<author><surname>RESVOLL-HOLMSEN</surname>, <given-names>H</given-names></author>. <year>1917</year>: <title>Lit om granen og birken ved deres hødegrense i Valdresfjeldene</title>. <source>Tidsskrift for Skogbruk</source> <volume>25</volume>:<fpage>148</fpage>-<lpage>154</lpage>.
<author><surname>RIND</surname>, <given-names>D</given-names></author>., <author><surname>PETEET</surname>, <given-names>D</given-names></author>., <author><surname>BROECKER</surname>, <given-names>W</given-names></author>., <author><surname>MCINTYRE</surname>, <given-names>A</given-names></author>. & <author><surname>RUDDIMAN</surname>, <given-names>W</given-names></author>. <year>1986</year>: <title>The impact of cold North Atlantic sea surface temperatures on climate: implications for the Younger Dryas cooling (11-10 ky)</title>. <source>Climate Dynamics</source> <volume>1</volume>:<fpage>3</fpage>-<lpage>33</lpage>.
<author><surname>RUNDGREN</surname>, <given-names>M</given-names></author>. & <author><surname>INGÓLFSSON</surname>, <given-names>Ó</given-names></author>. <year>1999</year>: <title>Plant survival in Iceland during periods of glaciation</title>. <source>Journal of Biogeography</source> <volume>26</volume>:<fpage>387</fpage>-<lpage>396</lpage>.
<author><surname>SANDEGREN</surname>, <given-names>R</given-names></author>. <year>1924</year>: <title>Ragundatraktens postglaciala utvecklingshistoria enligt den subfossila florans vittnesbörd</title>. <source>Sveriges Geologiska Undersökning</source> <volume>Serie Ca 12</volume>:<fpage>1</fpage>-<lpage>55</lpage>.
<author><surname>SELSING</surname>, <given-names>L</given-names></author>. <year>1996</year>: <title>The climatic interpretation of Holocene megafossils of pine (Pinus sylvestris L.) from the mountain area of southern Norway; the importance of the precession in controlling Holocene climate</title>. <source>Palaeoclimate Research</source> <volume>20</volume>:<fpage>147</fpage>-<lpage>156</lpage>.
<author><surname>SERNANDER</surname>, <given-names>R</given-names></author>. <year>1892</year>: <title>Die Einvanderung der Fichte in Skandinavien</title>. <source>Englers Botanische Jahrbücher</source> <volume>15</volume>:<fpage>1</fpage>-<lpage>94</lpage>.
<author><surname>SIEGERT</surname>, <given-names>M.J.</given-names></author>, <author><surname>DOWDESWELL</surname>, <given-names> J.A.</given-names></author> & <author><surname>MELLES</surname>, <given-names>M</given-names></author>. <year>1999</year>: <title>Late Weichselian glaciation of th Russian High Arctic</title>. <source>Quaternary Research</source> <volume>52</volume>:<fpage>273</fpage>-<lpage>285</lpage>.
<author><surname>SMITH</surname>, <given-names>H</given-names></author>. <year>1911</year>: <title>Postglaciala regionförskjutningar i norra Härjedalens och södra Jämtlands fjälltrakter</title>. <source>Geologiska Föreningens i Stockholm Förhandlingar</source> <volume>33</volume>:<fpage>503</fpage>-<lpage>530</lpage>.
<author><surname>SMITH</surname>, <given-names>H</given-names></author>. <year>1920</year>: <title>Vegetationen och dess Utvecklingshistoria i det Centralsvenska Högfjällsområdet</title>. 238 pp. <publisher>Almqvist & Wiksells</publisher>, <other>Uppsala</other>.
<author><surname>SPEAR</surname>, <given-names>R.W.</given-names></author> <year>1989</year>: <title>Late-Quaternary history of high-elevation vegetation in the White Mountains of New Hampshire</title>. <source>Ecological Monographs</source> <volume>59</volume>:<fpage>125</fpage>-<lpage>151</lpage>.
<author><surname>SPEAR</surname>, <given-names>R.W.</given-names></author>, <author><surname>DAVIS</surname>, <given-names>M.B.</given-names></author> & <author><surname>SHANE</surname>,<given-names> L.C.K.</given-names></author> <year>1994</year>: <title>Late Quaternary history of low- and midelevation vegetation in the White Mountains of New Hampshire</title>. <source>Ecological Monographs</source> <volume>64</volume>:<fpage>85</fpage>-<lpage>109</lpage>.
<author><surname>SVENDSEN</surname>, <given-names>J.I.</given-names></author> & <author><surname>MANGERUD</surname>, <given-names>J</given-names></author>. <year>1987</year>: <title>Late Weichselian and Holocene sea-level history for a cross-section of western Norway</title>. <source>Journal of Quaternary Science</source> <volume>2</volume>:<fpage>113</fpage>-<lpage>132</lpage>.
<author><surname>TALLANTIRE</surname>, <given-names>P.A.</given-names></author> <year>1977</year>: <title>A further contribution to the problem of the spread of spruce (Picea abies (L.) Karst.) in Fennoscandia</title>. <source>Journal of Biogeography</source> <volume>4</volume>:<fpage>219</fpage>-<lpage>227</lpage>.
<author><surname>VORREN</surname>, <given-names>T.O.</given-names></author>, <author><surname>VORREN</surname>, <given-names>K.D.</given-names></author>, <author><surname>ALM</surname>, <given-names>T</given-names></author>., <author><surname>GULLIKSEN</surname>, <given-names>S</given-names></author>. & <author><surname>LØVLIE</surname>, <given-names>R</given-names></author>. <year>1988</year>: <title>The last deglaciation (20,000 to 11,000 B.P.) on Andøya, northern Norway</title>. <source>Boreas</source> <volume>17</volume>:<fpage>41</fpage>-<lpage>77</lpage>.
<author><surname>WATTS</surname>, <given-names>W.A.</given-names></author> <year>1973</year>: <title>Rates of change and stability in vegetation in the perspective of long periods of time</title>. In <editor>BIRKS, H.J.B.</editor> & <editor>WEST, R.G.</editor> (eds.): <source>Quaternary Plant Ecology</source>, <fpage>195</fpage>-<lpage>206</lpage>. <publisher>Blackwell</publisher>, <other>Oxford</other>.
<author><surname>WILLIS</surname>, <given-names>K.J.</given-names></author>, <author><surname>BENNETT</surname>, <given-names>K.D.</given-names></author> & <author><surname>BIRKS</surname>, <given-names>H.J.B.</given-names></author> <year>1998</year>: <title>The late Quaternary dynamics of pines in Europe</title>. In: <editor>RICHARDSON, D.M.</editor> (ed.): <source>Ecology and Biogeography of Pinus</source>, <fpage>107</fpage>-<lpage>121</lpage>. <publisher>Cambridge University Press</publisher>, <other>Cambridge</other>.
<author><surname>WILLIS</surname>, <given-names>K.J.</given-names></author>, <author><surname>RUDNER</surname>, <given-names>E</given-names></author>. & <author><surname>SÜMEGI</surname>, <given-names>P</given-names></author>. <year>2000</year>: <title>The full-glacial forests of central and southeastern Europe</title>. <source>Quaternary Research</source> <volume>53</volume>: <fpage>203</fpage>-<lpage>213</lpage>.