<author><surname>NEUMEISTER</surname>; <given-names>H</given-names></author>. <year>1999</year>. <title>Heterogenität - Grundeigenschaft der räumlichen Differenzierung in der Landschaft</title>. <source>Petermanns Geogr. Mitt., Ergänzungsheft</source> <volume>294</volume>, S. <fpage>81</fpage>-<lpage>106</lpage>
<author><surname>NEUMEISTER</surname>, <given-names>H</given-names></author>. <year>1989</year>. <title>Geoökodynamik-Geomorphologie-Geoökologie</title>. In: <source>Geoökodynamik</source>, Bd. <volume>10</volume>, S. <fpage>103</fpage>-<lpage>124</lpage>
<author><surname>O’NEILL</surname>, <given-names>R. O.</given-names></author> <year>1988</year>. <title>Hierarchy and Global Change</title>. In: <source>Scales of Global Changes SCOPE</source>. <publisher>John Wiley and Sons</publisher>, S. <fpage>29</fpage>-<lpage>45</lpage>
<author><surname>ANDREAE</surname>, <given-names>H</given-names></author>. <year>1994</year>. <title>Deposition anorganischer Komponenten</title>. - In: <editor>MATSCHULLAT</editor> <other>u.a.</other> [Hrsg.] <source>Gefahr für Ökosysteme und Wasserqualität</source>, <publisher>Springer-Verlag</publisher> <other>Berlin, Heidelberg, New York</other>, S. <fpage>107</fpage>-<lpage>111</lpage>
<author><surname>ROWELL</surname>, <given-names>D. R.</given-names></author> <year>1997</year>. <title>Bodenkunde - Untersuchungsmethoden und ihre Anwendung</title>. <publisher>Springer</publisher>, <other>Berlin, Heidelberg, New York</other>.
<author><surname>DOMINIK</surname>, <given-names>P</given-names></author>. und <author><surname>PAETZ</surname>, <given-names>A</given-names></author>. <year>1994</year>. <title>Methodenhandbuch Bodenschutz I</title>. <editor>Normenausschuß Wasserwesen (NAW) im DIN Deutsches Institut für Normung e.V.</editor>
<author><surname>WEBSTER</surname>, <given-names>R</given-names></author>. and <author><surname>OLIVER</surname>, <given-names>M. A.</given-names></author> <year>1990</year>. <title>Statistical Methods in Soil and Land Resource Survey</title>. <publisher>Oxford University Press</publisher>.
<author><surname>OTTO</surname>, <given-names>H.-J.</given-names></author> <year>1994</year>. <title>Waldökologie</title>. <other>Stuttgart</other>, S. <fpage>391</fpage>.
<author><surname>MITSCHERLICH</surname>, <given-names>G</given-names></author>. <year>1971</year>/<year>75</year>. <title>Wald, Wachstum und Umwelt</title>. Band <volume>1-3</volume>. <publisher>Sauerländer</publisher>, <other>Frankfurt a. M.</other>
<author><surname>LIKENS</surname>, <given-names>G. E.</given-names></author>; <author><surname>WRIGHT</surname>, <given-names>R. F.</given-names></author>; <author><surname>GALLOWAY</surname>, <given-names>J. N.</given-names></author>; <author><surname>BUTLER</surname>, <given-names>T. J.</given-names></author> <year>1978</year>. <title>Saurer Regen, Spektrum der Wissenschaft</title>, <other>Hamberg</other>, S. <fpage>144</fpage>-<lpage>152</lpage>.
<author><surname>MALESSA</surname>, <given-names>V</given-names></author>. <year>1994</year>. <title>Ökologische Typisierung von Tiefengradienten der Bodenversauerung</title>. In: <editor>Matschullat, J.</editor>; <editor>Heinrichs, H.</editor>; <editor>Schneider, J.</editor>; <editor>Ulrich, B.</editor> <source>Gefahr für Ökosysteme und Wasserqualität</source>, <publisher>Springer Verlag</publisher> <other>Berlin, Heidelberg, New York</other>.
<author><surname>ALCAMO</surname>, <given-names>J</given-names></author>. <year>1987</year>. <title>Acidification in Europe: A simulation model for evaluating control strategies</title>, <source>Ambio</source> <volume>6</volume>, S. <fpage>232</fpage>-<lpage>245</lpage>.
<author><surname>TROEDSSON</surname>, <given-names>T</given-names></author>. <year>1980</year>. <title>Ten years acidification of Swedish forest soils</title>. <source>Proc. Intern. Conf. „Ecological impact of acid precipitation“</source>, <other>Sandefjord, Norway</other>, <volume>184</volume>.
<editor>BUNDESMINISTERIUM für Ernährung, Landwirtschaft und Forsten</editor> [Hrsg.] <year>1994</year>. <title>Bundesweite Bodenzustandserhebung im Wald (BZE), Arbeitsanleitung</title>, 2. Auflage, <other>Bonn</other>
<author><surname>NEUMEISTER</surname>, <given-names>H</given-names></author>.; <author><surname>KRÜGER</surname>, <given-names>A</given-names></author>.; <author><surname>MEYER</surname>, <given-names>L</given-names></author>. und <author><given-names>R</given-names>. <surname>REGBER</surname></author> <year>1995</year>. <title>Räumliche Differenzierung elementarer geoökologischer Eigenschaften im oberen Westerzgebirge/oberen Vogtland</title>. - in: <source>Geoprofil</source>, <other>Freiberg</other>, S. <fpage>43</fpage> - <lpage>81</lpage>
<author><surname>MEYER</surname>, <given-names>L</given-names></author>., und <author><given-names>H</given-names>. <surname>NEUMEISTER</surname></author> <year>1996</year>. <title>Ein Isolinienprogramm zur flächendiffenzierten kartographischen Darstellung geowissenschaftlicher Informationen</title>. <source>Geoökodynamik</source>, <volume>18</volume>: S. <fpage>239</fpage> -<lpage>250</lpage>
<author><surname>BRINGMARK</surname>, <given-names>E</given-names></author>. and <author><surname>BRINGMARK</surname>, <given-names>L</given-names></author>. <year>1998</year>. <title>Improved Soil Monitoring by use of Spatial Patterns</title>. <source>Ambio</source> <volume>27</volume>, S. <fpage>45</fpage> - <lpage>52</lpage>
<editor>LANDESAMT für Umwelt und Geologie des Landes Sachsen</editor> <year>1996</year>. <title>Jahresbericht zur Immissionssituation</title>, <other>Radebeul</other>
<author><surname>HAASE</surname>, <given-names>D</given-names></author>. <year>1999</year>. <title>Beiträge zur Geoökosystemanalyse von Auenlandschaften Säurestatus und Pufferfunktion der Waldböden in den Leipziger Flußauen</title>, Dissertation, <source>UFZ-Bericht</source> <volume>19</volume>/<year>1999</year>, <other>Leipzig</other>
<author><surname>ULLRICH</surname>, <given-names>B</given-names></author>. <year>1981</year>. <title>Ökologische Gruppierung von Böden nach ihrem chemischen Bodenzustand</title>. <source>Ztschr. Pflanzenemährung und Bodenkunde</source> <volume>144</volume>, S.<fpage>289</fpage>-<lpage>305</lpage>.