<author><surname>ATWELL</surname>, <given-names>M. A.</given-names></author>, <author><surname>WUDDIVIRA</surname>, <given-names>M. N.</given-names></author> & <author><surname>WILSON</surname>, <given-names>M</given-names></author>. (<year>2018</year>): <title>Sustainable management of tropical small island ecosystems for the optimization of soil natural capital and ecosystem services: a case of a Caribbean soil ecosystem-Aripo savannas Trinidad</title>. <source>Journal of Soils and Sediments</source> <volume>18</volume>(<issue>4</issue>): <fpage>1654</fpage>-<lpage>1667</lpage>.
<author><surname>BUNKER</surname>, <given-names>D. E.</given-names></author>, <author><surname>DECLERCK</surname>, <given-names>F</given-names></author>, <author><surname>BRADFORD</surname>, <given-names>J. C.</given-names></author>, <author><surname>COLWELL</surname>, <given-names>R. K.</given-names></author>, <author><surname>PERFECTO</surname>, <given-names>I</given-names></author>., <author><surname>PHILLIPS</surname>, <given-names>O. L.</given-names></author> & <author><surname>NAEEM</surname>, <given-names>S</given-names></author>. (<year>2005</year>): <title>Species loss and aboveground carbon storage in a tropical forest</title>. <source>Science</source> <volume>310</volume>(<issue>5750</issue>): <fpage>1029</fpage>-<lpage>1031</lpage>.
<author><surname>CANADELL</surname>, <given-names>J. G.</given-names></author> &c <author><surname>RAUPACH</surname>, <given-names>M. R.</given-names></author> (<year>2008</year>): <title>Managing Forests for Climate Change Mitigation</title>. <source>Science</source><volume>320</volume>:<fpage>1456</fpage>-<lpage>1457</lpage>.
<author><surname>CAPOOR</surname>, <given-names>K</given-names></author>. &c <author><surname>AMBROSI</surname>, <given-names>P</given-names></author> (<year>2008</year>): <title>State and Trends of the Carbon Market 2008</title>. <other>Washington, D.C.</other>: <publisher>World Bank Institute</publisher>, <year>2008</year> May.
<author><surname>CARPENTER</surname>, <given-names>S. R.</given-names></author>, <author><surname>MOONEY</surname>, <given-names>H. A.</given-names></author>, <author><surname>AGARD</surname>, <given-names>J</given-names></author>., <author><surname>CAPISTRANO</surname>, <given-names>D</given-names></author>., <author><surname>DEFRIES</surname>, <given-names>R. S.</given-names></author>, <author><surname>DÍAZ</surname>, <given-names>S</given-names></author>. &C <author><surname>PERRINGS</surname>, <given-names>C</given-names></author>. (<year>2009</year>): <title>Science for managing ecosystem services: Beyond the Millennium Ecosystem Assessment</title>. <source>Proceedings of the National Academy of Sciences</source> <volume>106</volume>(<issue>5</issue>): <fpage>1305</fpage>-<lpage>1312</lpage>.
<author><surname>DAILY</surname>, <given-names>G. C.</given-names></author>, <author><surname>POLASKY</surname>, <given-names>S</given-names></author>., <author><surname>GOLDSTEIN</surname>, <given-names>J</given-names></author>., <author><surname>KAREIVA</surname>, <given-names>P. M.</given-names></author>, <author><surname>MOONEY</surname>, <given-names>H. A.</given-names></author>, <author><surname>PEJCHAR</surname>, <given-names>L</given-names></author>. & <author><surname>SHALLENBERGER</surname>, <given-names>R</given-names></author>. (<year>2009</year>): <title>Ecosystem services in decision making: time to deliver</title>. <source>Frontiers in Ecology and the Environment</source> <volume>7</volume>(<issue>1</issue>): <fpage>21</fpage>-<lpage>28</lpage>.
<author><surname>DAVIDSON</surname>, <given-names>E. A.</given-names></author> (<year>1995</year>): <title>Spatial covariation of soil organic carbon, clay content, and drainage class at a regional scale</title>. <source>Landscape Ecology</source> <volume>10</volume>(<issue>6</issue>): <fpage>349</fpage>-<lpage>362</lpage>.
<author><surname>DONATO</surname>, <given-names>D. C.</given-names></author>, <author><surname>KAUFFMAN</surname>, <given-names>J. B.</given-names></author>, <author><surname>MACKENZIE</surname>,<given-names> R. A.</given-names></author>, <author><surname>AINSWORTH</surname>, <given-names>A</given-names></author>., & <author><surname>PFLEEGER</surname>, <given-names>A. Z.</given-names></author> (<year>2012</year>): <title>Whole-island carbon stocks in the tropical Pacific: Implications for mangrove conservation and upland restoration</title>. <source>Journal of environmental management</source> <volume>97</volume>: <fpage>89</fpage>-<lpage>96</lpage>.
<author><surname>FANG</surname>, <given-names>J</given-names></author>., <author><surname>CHEN</surname>, <given-names>A</given-names></author>., <author><surname>PENG</surname>, <given-names>C</given-names></author>., <author><surname>ZHAO</surname>, <given-names>S</given-names></author>. &c <author><surname>CI</surname>, <given-names>L</given-names></author>. (<year>2001</year>): <title>Changes in forest biomass carbon storage in China between 1949 and 1998</title>. <source>Science</source> <volume>292</volume>(<issue>5525</issue>): <fpage>2320</fpage>-<lpage>2322</lpage>.
<editor>FAO</editor> (<year>2010</year>): <title>Global Forest Resources: Country Report Trinidad and Tobago</title>. <other>Rome</other>.
<author><surname>GEE</surname>, <given-names>G. W.</given-names></author> & <author><surname>BAUDER</surname>, <given-names>J. W.</given-names></author> (<year>1986</year>): <title>Particle-size analysis 1</title> (No. <source>methods of soil an</source> <volume>1</volume>: <fpage>383</fpage>-<lpage>411</lpage>). <editor>Soil Science Society of America, American Society of Agronomy</editor>.
<author><surname>GUO</surname>, <given-names>L. B.</given-names></author>, & <author><surname>GIFFORD</surname>, <given-names>R. M.</given-names></author> (<year>2002</year>): <title>Soil carbon stocks and land use change: a meta analysis</title>. <source>Global change biology</source> <volume>8</volume>(<issue>4</issue>): <fpage>345</fpage>-<lpage>360</lpage>.
<author><surname>GUPTA</surname>, <given-names>R. K.</given-names></author> & <author><surname>RAO</surname>, <given-names>D. L. N.</given-names></author> (<year>1994</year>): <title>Potential of wastelands for sequestering carbon by reforestation</title>. <source>Current science</source>: <fpage>378</fpage>-<lpage>380</lpage>.
<author><surname>HAMILTON</surname>, <given-names>K</given-names></author>., <author><surname>SJARDIN</surname>, <given-names>M</given-names></author>., <author><surname>MARCELLO</surname>, <given-names>T</given-names></author>. & <author><surname>XU</surname>, <given-names>G</given-names></author>. (<year>2008</year>): <title>Forging a Frontier: State of the Voluntary Carbon Markets 2008</title>. <other>Washington, D.C.</other>: <publisher>Ecosystem Marketplace and New Carbon Finance</publisher>; <year>2008</year>.
<editor>IPCC (The Intergovernmental Panel on Climate Change)</editor> (<year>2006</year>): <source>IPCC Guidelines for National Greenhouse Gas Inventories</source>, Volume <volume>4</volume>: <title>Agriculture, Forestry and Other Land Use</title>. <other>Prepared by the National Greenhouse Gas Inventories Programme, EGGLESTON, H. S., BUENDIA, L., MIWA, K., NGARA, T. & TANABE, K. [eds.] Institute for Global Environmental Strategies (IGES), Hayama, Japan.</other> <url><http://:www.ipcc-nggip.iges.or.jp/public/2006gl/vol4.html></url>
<author><surname>JACKSON</surname>, <given-names>R. B.</given-names></author>, <author><surname>LAJTHA</surname>, <given-names>K</given-names></author>., <author><surname>CROW</surname>, <given-names>S. E.</given-names></author>, <author><surname>HUGELIUS</surname>, <given-names>G</given-names></author>., <author><surname>KRAMER</surname>, <given-names>M. G.</given-names></author> & <author><surname>PIŃEIRO</surname>, <given-names>G</given-names></author>. (<year>2017</year>): <title>The Ecology of Soil Carbon: Pools, Vulnerabilities, and Biotic and Abiotic Controls</title>, <source>Annu. Rev. Ecol. Evol.</source> <volume>48</volume>: <fpage>419</fpage>-<lpage>445</lpage>.
<author><surname>JIANG</surname>, <given-names>R</given-names></author>, <author><surname>ANDERSON</surname>, <given-names>S. H.</given-names></author>, <author><surname>KITCHEN</surname>, <given-names>N. R.</given-names></author>, <author><surname>SADLER</surname>, <given-names>E. J.</given-names></author> & <author><surname>SUDDUTH</surname>, <given-names>K. A.</given-names></author> (<year>2007</year>): <title>Landscape and conservation management effects on hydraulic properties of a claypan-soil toposequence</title>. <source>Soil Science Society of America Journal</source> <volume>71</volume>(<issue>3</issue>): <fpage>803</fpage>-<lpage>811</lpage>.
<author><surname>LE BISSONNAIS</surname>, <given-names>Y</given-names></author>. & <author><surname>ARROUAYS</surname>, <given-names>D</given-names></author>. (<year>1997</year>): <title>Aggregate stability and assessment of soil crustability and erodibility: II. Application to humic loamy soils with various organic carbon contents</title>. <source>European Journal of Soil Science</source> <volume>48</volume>(<issue>1</issue>): <fpage>39</fpage>-<lpage>48</lpage>.
<author><surname>PAGIOLA</surname>, <given-names>S</given-names></author>. (<year>2008</year>): <title>Payments for environmental services in Costa Rica</title>. <source>Ecological Economics</source> <volume>65</volume>(<issue>4</issue>): <fpage>712</fpage>-<lpage>724</lpage>.
<author><surname>PANTON</surname>,<given-names> W. P.</given-names></author> (<year>1953</year>): <title>Field and Laboratory Studies of the Soils of the Aripo Savannah District</title> (Doctoral dissertation, Imperial College of Tropical Agriculture, <other>Trinidad and Tobago</other>).
<author><surname>PERCIVAL</surname>, <given-names>H. J.</given-names></author>, <author><surname>PARFITT</surname>, <given-names>R. L.</given-names></author> & <author><surname>SCOTT</surname>, <given-names>N. A.</given-names></author> (<year>2000</year>): <title>Factors controlling soil carbon levels in New Zealand grasslands is clay content important?</title> <source>Soil Science Society of America Journal</source> <volume>64</volume>(<issue>5</issue>): <fpage>1623</fpage>-<lpage>1630</lpage>.
<author><surname>RICHARDSON</surname>, <given-names>W. D.</given-names></author> (<year>1963</year>): <title>Observations on the vegetation and ecology of the Aripo Savannas, Trinidad</title>. <source>The Journal of Ecology</source>: <fpage>295</fpage>-<lpage>313</lpage>.
<author><surname>SCHLEUSS</surname>, <given-names>P.-M.</given-names></author> (<year>2012</year>): “<title>Can forest soil organic carbon storages be better explained by variable tree species diversities or fine soil contents?</title>”, (Diploma thesis, Georg-August Universität <other>Göttingen</other>.
<author><surname>SEIDL</surname>, <given-names>R</given-names></author>., <author><surname>SCHELHAAS</surname>, <given-names>M. J.</given-names></author>, <author><surname>RAMMER</surname>, <given-names>W</given-names></author>, & <author><surname>VERKERK</surname>, <given-names>P. J.</given-names></author> (<year>2014</year>): <title>Increasing forest disturbances in Europe and their impact on carbon storage</title>. <source>Nature climate change</source> <volume>4</volume>(<issue>9</issue>): <fpage>806</fpage>.
<author><surname>SHARP</surname>, <given-names>R</given-names></author>., <author><surname>TALLIS</surname>, <given-names>H. T</given-names></author>, <author><surname>RICKETTS</surname>, <given-names>T</given-names></author>, <author><surname>GUERRY</surname>, <given-names>A. D.</given-names></author>, <author><surname>WOOD</surname>, <given-names>S. A.</given-names></author>, <author><surname>CHAPLIN-KRAMER</surname>, <given-names>R</given-names></author>., <author><surname>NELSON</surname>, <given-names>E</given-names></author>., <author><surname>ENNAANAY</surname>, <given-names>D</given-names></author>., <author><surname>WOLNY</surname>, <given-names>S</given-names></author>., <author><surname>OLWERO</surname>, <given-names>N</given-names></author>., <author><surname>VIGERSTOL</surname>, <given-names>K</given-names></author>., <author><surname>PENNINGTON</surname>, <given-names>D</given-names></author>., <author><surname>MENDOZA</surname>, <given-names>G</given-names></author>., <author><surname>AUKEMA</surname>, <given-names>J</given-names></author>., <author><surname>FOSTER</surname>, <given-names>J</given-names></author>., <author><surname>FORREST</surname>, <given-names>J</given-names></author>., <author><surname>CAMERON</surname>, <given-names>D</given-names></author>., <author><surname>ARKEMA</surname>, <given-names>K</given-names></author>., <author><surname>LONSDORF</surname>, <given-names>E</given-names></author>., <author><surname>KENNEDY</surname>, <given-names>C</given-names></author>., <author><surname>VERUTES</surname>, <given-names>G</given-names></author>., <author><surname>KIM</surname>, <given-names>C. K.</given-names></author>, <author><surname>GUANNEL</surname>, <given-names>G</given-names></author>., <author><surname>PAPENFUS</surname>, <given-names>M</given-names></author>., <author><surname>TOFT</surname>, <given-names>J</given-names></author>., <author><surname>MARSIK</surname>, <given-names>M</given-names></author>., <author><surname>BERNHARDT</surname>, <given-names>J</given-names></author>., <author><surname>GRIFFIN</surname>, <given-names>R</given-names></author>., <author><surname>GLOWINSKI</surname>, <given-names>K</given-names></author>., <author><surname>CHAUMONT</surname>, <given-names>N</given-names></author>., <author><surname>PERELMAN</surname>, <given-names>A</given-names></author>., <author><surname>LACAYO</surname>, <given-names>M</given-names></author>. <author><surname>MANDLE</surname>, <given-names>L</given-names></author>., <author><surname>HAMEL</surname>, <given-names>P</given-names></author>, <author><surname>VOGL</surname>, <given-names>A. L.</given-names></author>, <author><surname>ROGERS</surname>, <given-names>L</given-names></author>., <author><surname>BIERBOWER</surname>, <given-names>W</given-names></author>, <author><surname>DENU</surname>, <given-names>D</given-names></author>. &c <author><surname>DOUGLASS</surname>, <given-names>J</given-names></author>. (<year>2018</year>): <title>InVEST 3.5.0.post358+he23ea3e79185 User’s Guide</title>. <other>The Natural Capital Project, Stanford University, University of Minnesota, The Nature Conservancy, and World Wildlife Fund</other>.
<author><surname>SIX</surname>, <given-names>J</given-names></author>., <author><surname>PAUSTIAN</surname>, <given-names>K</given-names></author>., <author><surname>ELLIOTT</surname>, <given-names>E. T.</given-names></author> & <author><surname>COMBRINK</surname>, <given-names>C</given-names></author>. (<year>2000</year>): <title>Soil structure and organic matter I. Distribution of aggregate-size classes and aggregate-associated carbon</title>. <source>Soil Science Society of America Journal</source> <volume>64</volume>(<issue>2</issue>): <fpage>681</fpage>-<lpage>689</lpage>.
<author><surname>SMITH</surname>, <given-names>T. M.</given-names></author>, <author><surname>LEEMANS</surname>, <given-names>R</given-names></author>. &c <author><surname>SHUGART</surname>, <given-names>H. H.</given-names></author> (<year>1992</year>). <title>Sensitivity of terrestrial carbon storage to CO,-induced climate change: comparison of four scenarios based on general circulation models</title>. <source>Climatic Change</source> <volume>21</volume>(<issue>4</issue>): <fpage>367</fpage>-<lpage>384</lpage>.
<author><surname>STERN</surname>, <given-names>N</given-names></author>. (<year>2007</year>): <title>The Economics of Climate Change: The Stern Review</title>. <other>Cambridge and New York</other>: <publisher>Cambridge University Press</publisher>.