<author><surname>ABDALA</surname>, <given-names>G. C.</given-names></author>, <author><surname>CALDAS</surname>,<given-names> L. S.</given-names></author>, <author><surname>HARIDASAN</surname>, <given-names>M</given-names></author>. & <author><surname>EITEN</surname>, <given-names>G</given-names></author>. (<year>1998</year>): <title>Above and belowground organic matter and root:shoot ratio in a cerrado in Central Brazil</title>. In: <source>Brazilian Journal of Ecology</source> <volume>2</volume>(<issue>1</issue>): <fpage>11</fpage>-<lpage>23</lpage>.
<author><surname>ARANTES</surname>, <given-names>A. E.</given-names></author>, <author><surname>FERREIRA</surname>,<given-names> L. G.</given-names></author> & <author><surname>COE</surname>, <given-names>M. T.</given-names></author> (<year>2016</year>): <title>The seasonal carbon and water balances of the Cerrado environment of Brazil: Past, present, and future influences of land cover and land use</title>. In: <source>ISPRS Journal of Photogrammetry and Remote Sensing</source> <volume>117</volume>: <fpage>66</fpage>-<lpage>78</lpage>.
<author><surname>ARAUJO</surname>, <given-names>L.S.</given-names></author>, <author><surname>SANTOS</surname>, <given-names>J.R.</given-names></author>, <author><surname>KEIL</surname>, <given-names>M</given-names></author>., <author><surname>LACRUZ</surname>,<given-names> M.S.P.</given-names></author> & <author><surname>KRAMER</surname>, <given-names>J.C.M.</given-names></author> (<year>2001</year>): <title>Razáo entre bandas do SIR-C/X SAR para estimativa de biomassa em áreas de contato floresta e cerrado</title>. In: <source>Proceedings of X SBSR. Foz do Igua^u (Brazil), April 21-26, 2001</source>.
<author><surname>BAKER</surname>, <given-names>T. R.</given-names></author>, <author><surname>PHILLIPS</surname>, <given-names>O. L.</given-names></author>, <author><surname>MALHI</surname>, <given-names>Y</given-names></author>., <author><surname>ALMEIDA</surname>, <given-names>S</given-names></author>., <author><surname>ARROYO</surname>, <given-names>L</given-names></author>., <author><surname>DI FIORE</surname>, <given-names>A</given-names></author>., <author><surname>ERWIN</surname>, <given-names>T</given-names></author>, <author><surname>KILLEEN</surname>, <given-names>T. J.</given-names></author>, <author><surname>LAURANCE</surname>, <given-names>S. G.</given-names></author>, <author><surname>LAURANCE</surname>, <given-names>W. F</given-names></author>, <author><surname>LEWIS</surname>, <given-names>S. L.</given-names></author>, <author><surname>LLOYD</surname>, <given-names>J</given-names></author>., <author><surname>MONTEAGUDO</surname>, <given-names>A</given-names></author>., <author><surname>NEILL</surname>, <given-names>D. A.</given-names></author>, <author><surname>PATINO</surname>, <given-names>S</given-names></author>., <author><surname>PITMAN</surname>, <given-names>N. C. A.</given-names></author>,  <author><surname>M. SILVA</surname>, <given-names>J. N.</given-names></author> & <author><surname>VASQUEZ MARTINEZ</surname>, <given-names>R</given-names></author>. (<year>2004</year>): <title>Variation in wood density determines spatial patterns in Amazonian forest biomass</title>. In: <source>Global change biology</source> <volume>10</volume>(<issue>5</issue>): <fpage>545</fpage>-<lpage>562</lpage>.
<author><surname>BALDERAS TORRES</surname>, <given-names>A</given-names></author>. & <author><surname>LOVETT</surname>, <given-names>J. C.</given-names></author> (<year>2013</year>): <title>Using basal area to estimate aboveground carbon stocks in forests: La Primavera Biospheres Reserve, Mexico</title>. In: <source>Forestry</source> <volume>86</volume>(<issue>2</issue>): <fpage>267</fpage>-<lpage>281</lpage>.
<author><surname>BEUCHLE</surname>, <given-names>R</given-names></author>., <author><surname>GRECCHI</surname>, <given-names>R. C.</given-names></author>, <author><surname>SHIMABUKURO</surname>, <given-names>Y. E.</given-names></author>, <author><surname>SELIGER</surname>, <given-names>R</given-names></author>., <author><surname>EVA</surname>, <given-names>H. D.</given-names></author>, <author><surname>SANO</surname>, <given-names>E</given-names></author>. & <author><surname>ACHARD</surname>, <given-names>F</given-names></author>. (<year>2015</year>): <title>Land cover changes in the Brazilian Cerrado and Caatinga biomes from 1990 to 2010 based on a systematic remote sensing sampling approach</title>. In: <source>Applied Geography</source> <volume>58</volume>: <fpage>116</fpage>-<lpage>127</lpage>.
<author><surname>BOY</surname>, <given-names>J</given-names></author>., <author><surname>STREY</surname>, <given-names>S</given-names></author>., <author><surname>SCHÖNENBERG</surname>, <given-names>R</given-names></author>., <author><surname>STREY</surname>, <given-names>R</given-names></author>., <author><surname>WEB ER-SANTOS</surname>, <given-names>O</given-names></author>., <author><surname>NENDEL</surname>, <given-names>C</given-names></author>., <author><surname>KLINGLER</surname>, <given-names>M</given-names></author>., <author><surname>SCHUMANN</surname>, <given-names>C</given-names></author>., <author><surname>HARTBERGER</surname>, <given-names>K</given-names></author>. & <author><surname>GUGGENBERGER</surname>, <given-names>G</given-names></author>. (<year>2018</year>): <title>Seeing the forest not for the carbon: why concentrating on land-use-induced carbon stock changes of soils in Brazil can be climate-unfriendly</title>. <source>Reg Environ Change</source> <volume>18</volume>: <fpage>47</fpage>-61.
<author><surname>BROWN</surname>, <given-names>S</given-names></author>. (<year>1997</year>): <title>Estimating biomass and biomass change of tropical forests: a primer</title>. In: <source>UN FAO forestry paper</source> <volume>134</volume>. URL: <url>http://www.fao.org/docrep/W4095E/w4095e00.htm#Contents</url> (05-22-2017).
<author><surname>BUSTAMANTE</surname>, <given-names>M. M. C.</given-names></author>  &  <author><surname>FERREIRA</surname>, <given-names>L. G.</given-names></author> (<year>2010</year>): <title>Landuse change and the carbon budget in the Brazilian Cerrado</title>. In: <editor>HILL, M. J.</editor> & <editor>HANAN, N. P.</editor> (<year>2010</year>) [Eds.]: <source>Ecosystem function in savannas: measurement and modeling at landscape to global scales</source>. <other>Boca Raton</other>: <fpage>367</fpage>-<lpage>380</lpage>.
<author><surname>CASTRO</surname>, <given-names>E. A. D.</given-names></author> & <author><surname>KAUFFMAN</surname>, <given-names>J. B.</given-names></author> (<year>1998</year>): <title>Ecosystem structure in the Brazilian Cerrado</title>. In: <source>Journal of Tropical Ecology</source> <volume>14</volume>(<issue>3</issue>): <fpage>263</fpage>-<lpage>283</lpage>.
<author><surname>CASTRO DE</surname>, <given-names>E. A.</given-names></author> (<year>1995</year>): <title>Biomass, nutrient pools and response to fire in the Brazilian Cerrado</title>. MSc Thesis, Oregon State University, USA.
<author><surname>CHABI</surname>, <given-names>A</given-names></author>., <author><surname>LAUTENBACH</surname>, <given-names>S</given-names></author>., <author><surname>OREKAN</surname>, <given-names>V. O. A.</given-names></author> & <author><surname>KYEI-BAFFOUR</surname>, <given-names>N</given-names></author>. (<year>2016</year>): <title>Allometric models and aboveground biomass stocks of a West African Sudan Savannah watershed in Benin</title>. In: <source>Carbon balance and management</source> <volume>11</volume>(<issue>1</issue>): <fpage>1</fpage>-<lpage>18</lpage>.
<author><surname>CHAPLIN-KRAMER</surname>, <given-names>R</given-names></author>., <author><surname>RAMLER</surname>, <given-names>I</given-names></author>., <author><surname>SHARP</surname>, <given-names>R</given-names></author>., <author><surname>HADDAD</surname>, <given-names>N. M.</given-names></author>, <author><surname>GERBER</surname>, <given-names>J. S.</given-names></author>, <author><surname>WEST</surname>, <given-names>P. C.</given-names></author>, <author><surname>MANDLE</surname>, <given-names>L</given-names></author>., <author><surname>ENGSTROM</surname>, <given-names>P</given-names></author>., <author><surname>BACCINI</surname>, <given-names>A</given-names></author>., <author><surname>SIM</surname>, <given-names>S</given-names></author>., <author><surname>MUELLER</surname>, <given-names>C</given-names></author>. & <author><surname>KING</surname>, <given-names>H</given-names></author>. (<year>2015</year>): <title>Degradation in carbon stocks near tropical forest edges</title>. In: <source>Nature communications</source> <volume>6</volume>: <fpage>1</fpage>-<lpage>6</lpage>.
<author><surname>CHAVE</surname>, <given-names>J</given-names></author>., <author><surname>RÉJOU-MÉCHAIN</surname>, <given-names>M</given-names></author>., <author><surname>BÚRQUEZ</surname>, <given-names>A</given-names></author>., <author><surname>CHIDUMAYO</surname>, <given-names>E</given-names></author>., <author><surname>COLGAN</surname>, <given-names>M. S.</given-names></author>, <author><surname>DELITTI</surname>, <given-names>W. B. C.</given-names></author>, <author><surname>DUQUE</surname>, <given-names>A</given-names></author>., <author><surname>EID</surname>, <given-names>T</given-names></author>, <author><surname>FEARNSIDE</surname>,<given-names> P. M.</given-names></author>, <author><surname>GOODMAN</surname>, <given-names>R. C.</given-names></author>, <author><surname>HENRY</surname>, <given-names>M</given-names></author>., <author><surname>MARTĺNEZ-YRĺZAR</surname>, <given-names>A</given-names></author>., <author><surname>MUGASHA</surname>,<given-names> W. A.</given-names></author>, <author><surname>MULLER-LANDAU</surname>, <given-names>H. C.</given-names></author>, <author><surname>MENCUCCINI</surname>, <given-names>M</given-names></author>., <author><surname>NELSON</surname>, <given-names>B. W</given-names></author>, <author><surname>NGOMANDA</surname>, <given-names>A</given-names></author>., <author><surname>NOGUEIRA</surname>, <given-names>E. M.</given-names></author>, <author><surname>ORTIZ-MALAVASSI</surname>, <given-names>E</given-names></author>., <author><surname>PÉLISSIER</surname>, <given-names>R</given-names></author>., <author><surname>PLOTON</surname>, <given-names>P</given-names></author>, <author><surname>RYAN</surname>, <given-names>C. M.</given-names></author>, <author><surname>SALDARRIAGA</surname>, <given-names>J. G.</given-names></author> & <author><surname>VIEILLEDENT</surname>, <given-names>G</given-names></author>. (<year>2014</year>): <title>Improved allometric models to estimate the aboveground biomass of tropical trees</title>. In: <source>Global change biology</source> <volume>20</volume>(<issue>10</issue>): <fpage>3177</fpage>-<lpage>3190</lpage>.
<author><surname>CHAVE</surname>, <given-names>J</given-names></author>., <author><surname>ANDALO</surname>, <given-names>C</given-names></author>., <author><surname>BROWN</surname>, <given-names>S</given-names></author>., <author><surname>CAIRNS</surname>, <given-names>M. A.</given-names></author>, <author><surname>CHAMBERS</surname>, <given-names>J. Q.</given-names></author>, <author><surname>EAMUS</surname>, <given-names>D</given-names></author>., <author><surname>FÖLSTER</surname>, <given-names>H</given-names></author>., <author><surname>FROMARD</surname>, <given-names>F</given-names></author>.,  <author><surname>HIGUCHI</surname>, <given-names>N</given-names></author>., <author><surname>KIRA</surname>, <given-names>T</given-names></author>., <author><surname>LESCURE</surname>, <given-names>J.-P.</given-names></author>, <author><surname>NELSON</surname>, <given-names>B. W.</given-names></author>, <author><surname>OGAWA</surname>, <given-names>H</given-names></author>., <author><surname>PUIG</surname>, <given-names>H</given-names></author>., <author><surname>RIÉRA</surname>, <given-names>B</given-names></author>. & <author><surname>YAMAKURA</surname>, <given-names>T</given-names></author>. (<year>2005</year>): <title>Tree allometry and improved estimation of carbon stocks and balance in tropical forests</title>. In: <source>Oecologia</source> <volume>145</volume>(<issue>1</issue>): <fpage>87</fpage>-<lpage>99</lpage>.
<author><surname>CHAVE</surname>, <given-names>J</given-names></author>., <author><surname>CONDIT</surname>, <given-names>R</given-names></author>., <author><surname>AGUILAR</surname>, <given-names>S</given-names></author>., <author><surname>HERNANDEZ</surname>, <given-names>A</given-names></author>., <author><surname>LAO</surname>, <given-names>S</given-names></author>. & <author><surname>PEREZ</surname>, <given-names>R</given-names></author>. (<year>2004</year>): <title>Error propagation and scaling for tropical forest biomass estimates</title>. In: <source>Philosophical transactions of the Royal Society of London. Series B, Biological sciences</source> <volume>359</volume>(<issue>1443</issue>): <fpage>409</fpage>-<lpage>420</lpage>.
<editor>CLIMATE-DATA.ORG</editor> AND <editor>OPENSTREETMAP.ORG</editor> (<year>2012</year>): <title>Klima & Wetter in Nova Mutum</title>. In: <source>Climate-Data.org</source>. URL: <url>https://de.climate-data.org/location/43166/</url> (01-26-2018).
<author><surname>COUTINHO</surname>, <given-names>L. M.</given-names></author> (<year>2002</year>): <title>O bioma do cerrado</title>. In: <editor>KLEIN, A. L.</editor> (<year>2002</year>) [Ed.]: <source>Eugen Warming e o cerrado brasileiro. Um século depois</source>. <other>São Paulo</other>: <fpage>77</fpage>-<lpage>92</lpage>.
<author><surname>DEFRIES</surname>, <given-names>R</given-names></author>., <author><surname>HEROLD</surname>, <given-names>M</given-names></author>., <author><surname>VERCHOT</surname>, <given-names>L</given-names></author>., <author><surname>MACEDO</surname>, <given-names>M. N.</given-names></author> & <author><surname>SHIMABUKU-RO</surname>, <given-names>Y</given-names></author>. (<year>2013</year>): <title>Export-oriented deforestation in Mato Grosso: harbinger or exception for other tropical forests?</title> In: <source>Philosophical Transactions of the Royal Society</source> <volume>368</volume>: <fpage>1</fpage>-<lpage>8</lpage>.
<author><surname>DELITTI</surname>, <given-names>W. B. C.</given-names></author>, <author><surname>MEGURO</surname>, <given-names>M</given-names></author>. & <author><surname>PAUSAS</surname>, <given-names>J. G.</given-names></author> (<year>2006</year>): <title>Biomass and mineralmass estimates in a “cerrado” ecosystem</title>. In: <source>Revista Brasileira de Botânica</source> <volume>29</volume>(<issue>4</issue>): <fpage>531</fpage>-<lpage>540</lpage>.
<author><surname>DI GREGORIO</surname>, <given-names>A</given-names></author>. & <author><surname>JANSEN</surname>,<given-names> L. J. M.</given-names></author> (<year>2000</year>): <title>Land Cover Classification System (LCCS): Classification Concepts and User Manual</title>. In: <source>FAO - Environment and Natural Resources Service, GCP/RAF/287/ITA Africover - East Africa Project and Soil Resources, Management and Conservation Service</source>. URL: <url>http://www.fao.org/docrep/003/x0596e/X0596e01n.htm</url> (02-06-2018).
<author><surname>DODONOV</surname>, <given-names>P</given-names></author>., <author><surname>HARPER</surname>, <given-names>K. A.</given-names></author> & <author><surname>SILVA-MATOS</surname>, <given-names>D. M.</given-names></author> (<year>2013</year>): <title>The role of edge contrast and forest structure in edge influence</title>. In: <source>Plant Ecology</source> <volume>214</volume>(<issue>11</issue>): <fpage>1345</fpage>-<lpage>1359</lpage>.
<author><surname>EITEN</surname>, <given-names>G</given-names></author>. (<year>1972</year>): <title>The Cerrado vegetation of Brazil</title>. In: <source>Botanical Review</source> <volume>38</volume>(<issue>2</issue>): <fpage>201</fpage>-<lpage>341</lpage>.
<author><surname>FEARNSIDE</surname>, <given-names>P. M.</given-names></author> (<year>2018</year>): <title>Brazils Amazonian forest carbon: the key to Southern Amazonia’s significance for global climate</title> <source>Reg Environ Change</source> <volume>18</volume>: <fpage>47</fpage>-<lpage>61</lpage>.
<author><surname>FEARNSIDE</surname>, <given-names>P. M.</given-names></author>, <author><surname>RIGHI</surname>, <given-names>C. A.</given-names></author>, <author><surname>ALENCASTRO GRAÇA</surname>, <given-names>P. M. L. DE</given-names></author>, <author><surname>KEIZER</surname>, <given-names>E. W. H.</given-names></author>, <author><surname>CERRI</surname>, <given-names>C. C.</given-names></author>, <author><surname>NOGUEIRA</surname>,<given-names> E. M.</given-names></author> & <author><surname>BARBOSA</surname>, <given-names>R. I.</given-names></author> (<year>2009</year>): <title>Biomass and greenhouse-gas emissions from land-use change in Brazil’s Amazonian “arc of deforestation”: The states of Mato Grosso and Rondônia</title>. In: <source>Forest Ecology and Management</source> <volume>258</volume>(<issue>9</issue>): <fpage>1968</fpage>-<lpage>1978</lpage>.
<author><surname>FEHRMANN</surname>, <given-names>L</given-names></author>. (<year>2006</year>): <title>Alternative Methoden zur Biomasseschätzung auf Einzelbaumebene unter spezieller Berücksichtigung der k-Nearest Neighbour (k-NN) Methode</title> Dissertation. Georg-August-University Göttingen.
<author><surname>FELFILI</surname>, <given-names>J. M.</given-names></author>, <author><surname>CARVALHO</surname>, <given-names>F. A.</given-names></author> & <author><surname>HAIDAR</surname>, <given-names>R. F.</given-names></author> (<year>2005</year>): <title>Manual para o monitoramento de parcelas permanentes nos biomas cerrado e pantanal</title>. <other>Brasília, DF, Brasil</other>.
<author><surname>FERREIRA</surname>, <given-names>L. V.</given-names></author> & <author><surname>LAURANCE</surname>, <given-names>W. F.</given-names></author> (<year>1997</year>): <title>Effects of Forest Fragmentation on Mortality and Damage of Selected Trees in Central Amazonia</title>. In: <source>Conservation Biology</source> <volume>11</volume>(<issue>3</issue>): <fpage>797</fpage>-<lpage>801</lpage>.
<author><surname>GIAMBELLUCA</surname>, <given-names>T. W.</given-names></author>, <author><surname>SCHOLZ</surname>,<given-names> F. G.</given-names></author>, <author><surname>BUCCI</surname>, <given-names>S. J.</given-names></author>, <author><surname>MEINZER</surname>, <given-names>F. C.</given-names></author>, <author><surname>GOLDSTEIN</surname>, <given-names>G</given-names></author>., <author><surname>HOFFMANN</surname>, <given-names>W. A.</given-names></author>, <author><surname>FRANCO</surname>, <given-names>A. C.</given-names></author> <author><surname>BUCHERT</surname>, <given-names>M. P.</given-names></author> (<year>2009</year>): <title>Evapotranspiration and energy balance of Brazilian savannas with contrasting tree density</title>. In: <source>Agricultural and Forest Meteorology</source> <volume>149</volume>(<issue>8</issue>): <fpage>1365</fpage>-<lpage>1376</lpage>.
<author><surname>GÖPEL</surname>, <given-names>J</given-names></author>., <author><surname>SCHÜNGEL</surname>, <given-names>J</given-names></author>., <author><surname>SCHALDACH</surname>, <given-names>R</given-names></author>., <author><surname>MEURER</surname>, <given-names>K. H. E.</given-names></author>, <author><surname>JUNGKUNST</surname>, <given-names>H. E</given-names></author>, <author><surname>FRANKO</surname>, <given-names>U</given-names></author>., <author><surname>BOY</surname>, <given-names>J</given-names></author>., <author><surname>STREY</surname>, <given-names>R</given-names></author>., <author><surname>STREY</surname>, <given-names>S</given-names></author>., <author><surname>GUGGENBERGER</surname>, <given-names>G</given-names></author>., <author><surname>PARKER</surname>, <given-names>P. S.</given-names></author> & <author><surname>HAMPF</surname>, <given-names>A. C.</given-names></author> (<year>2018</year>): <title>Future land-use and land-cover in southern Amazonia and resulting greenhouse gas emissions from agricultural soils</title>. <source>Reg Environ Chang.</source> <volume>18</volume>(<issue>1</issue>): <fpage>129</fpage>-<lpage>142</lpage>.
<author><surname>GOODLAND</surname>, <given-names>R</given-names></author>. (<year>1971</year>): <title>A Physiognomic Analysis of the 'Cerrado’ Vegetation of Central Brasil</title>. In: <source>Journal of Ecology</source> <volume>59</volume>(<issue>2</issue>): <fpage>411</fpage>-<lpage>419</lpage>.
<author><surname>HENRY</surname>, <given-names>M</given-names></author>., <author><surname>BOMBELLI</surname>, <given-names>A</given-names></author>., <author><surname>TROTTA</surname>, <given-names>C</given-names></author>., <author><surname>ALESSANDRINI</surname>, <given-names>A</given-names></author>., <author><surname>BIRIGAZZI</surname>, <given-names>L</given-names></author>., <author><surname>SOLA</surname>, <given-names>G</given-names></author>., <author><surname>VIEILLEDENT</surname>, <given-names>G</given-names></author>., <author><surname>SANTENOISE</surname>, <given-names>P</given-names></author>, <author><surname>LONGUETAUD</surname>, <given-names>F</given-names></author>, <author><surname>VALENTINE</surname> <given-names>R</given-names></author>., <author><surname>PICARD</surname>, <given-names>N</given-names></author>. & <author><surname>SAINT-ANDRÉ</surname>, <given-names>L</given-names></author>. (<year>2013</year>): <title>GlobAllomeTree: international platform for tree allometric equations to support volume, biomass and carbon assessment</title>. In: <source>iForest — Biogeosciences and Forestry</source> <volume>6</volume>(<issue>5</issue>): <fpage>326</fpage>-<lpage>330</lpage>.
<author><surname>HOFFMANN</surname>, <given-names>W. A.</given-names></author>, <author><surname>ADASME</surname>, <given-names>R</given-names></author>., <author><surname>HARIDASAN</surname>, <given-names>M. T</given-names></author>, <author><surname>DE CARVALHO</surname>, <given-names>M</given-names></author>., <author><surname>GEIGER</surname>, <given-names>E. L.</given-names></author>, <author><surname>PEREIRA</surname>, <given-names>M. A. B.</given-names></author>, <author><surname>GOTSCH</surname>, <given-names>S. G.</given-names></author> & <author><surname>FRANCO</surname>, <given-names>A. C.</given-names></author> (<year>2009</year>): <title>Tree topkill, not mortality, governs the dynamics of savanna-forest boundaries under frequent fire in central Brazil</title>. In: <source>Ecology</source> <volume>90</volume>(<issue>5</issue>): <fpage>1326</fpage>-<lpage>1337</lpage>.
<author><surname>HOLZNER</surname>, <given-names>S</given-names></author>. (<year>2013</year>): <title>Estimation of Aboveground Biomass in Brazilian Gallery Forests</title> Master Thesis. Georg-August-University Göttingen.
<editor>IBGE</editor> (<year>2015</year>): <title>Indicadores de desenvolvimento sustentável - Brasil 2015</title>. In: <source>Estudos e Pesquisas Informaçâo Geográfica</source> <volume>10</volume>: <fpage>348</fpage> in total.
<author><surname>JANDL</surname>, <given-names>R</given-names></author>., <author><surname>LINDNER</surname>, <given-names>M</given-names></author>., <author><surname>VESTERDAL</surname>, <given-names>L</given-names></author>., <author><surname>BAUWENS</surname>, <given-names>B</given-names></author>., <author><surname>BARITZ</surname>, <given-names>R</given-names></author>., <author><surname>HAGEDORN</surname>, <given-names>F</given-names></author>, <author><surname>JOHNSON</surname>, <given-names>D. W.</given-names></author>, <author><surname>MINKKINEN</surname>, <given-names>K</given-names></author>. & <author><surname>BYRNE</surname>, <given-names>K. A.</given-names></author> (<year>2007</year>): <title>How strongly can forest management influence soil carbon sequestration?</title> In: <source>Geoderma</source> <fpage>137</fpage>(<issue>3-4</issue>): <fpage>253</fpage>-<lpage>268</lpage>.
<author><surname>KAUFFMAN</surname>, <given-names>J. B.</given-names></author>, <author><surname>HUGHES</surname>, <given-names>R. F.</given-names></author> & <author><surname>HEIDER</surname>, <given-names>C</given-names></author>. (<year>2009</year>): <title>Carbon pool and biomass dynamics associated with deforestation, land use, and agricultural abandonment in the neotropics</title>. In: <source>Ecological Applications</source> <volume>19</volume>(<issue>5</issue>): <fpage>1211</fpage>-<lpage>1222</lpage>.
<author><surname>KAUFFMAN</surname>, <given-names>J. B.</given-names></author>, <author><surname>CUMMINGS</surname>, <given-names>D. L.</given-names></author> & <author><surname>WARD</surname>, <given-names>D. E.</given-names></author> (<year>1994</year>): <title>Relationships of Fire, Biomass and Nutrient Dynamics along a Vegetation Gradient in the Brazilian Cerrado</title>. In: <source>Journal of Ecology</source> <volume>82</volume>(<issue>3</issue>): <fpage>519</fpage>-<lpage>531</lpage>.
<author><surname>KERSHAW</surname>, <given-names>J. A.</given-names></author>, <author><surname>DUCEY</surname>, <given-names>M. J.</given-names></author>, <author><surname>BEERS</surname>, <given-names>T. W.</given-names></author> & <author><surname>HUSCH</surname>, <given-names>B</given-names></author>. (<year>2017</year>): <title>Forest mensuration</title>. 5rh edition. <other>Chichester, UK, Hoboken, NJ</other>.
<author><surname>KULP</surname>, <given-names>L</given-names></author>. (<year>2018</year>): <title>Estimation of aboveground biomass and carbon stocks in the Cerrado forests, Mato Grosso, Brazil</title>. Master Thesis. Georg-August-Universitat Gottingen.
<author><surname>LAPOLA</surname>, <given-names>D. M.</given-names></author>, <author><surname>MARTINELLI</surname>, <given-names>L. A.</given-names></author>, <author><surname>PERES</surname>, <given-names>C. A.</given-names></author>, <author><surname>OMETTO</surname>, <given-names>J. P</given-names></author>, <author><surname>FERREIRA</surname>, <given-names>M. E.</given-names></author>, <author><surname>NOBRE</surname>, <given-names>C. A.</given-names></author>  &  <author><surname>VIEIRA</surname>, <given-names>I. C.</given-names></author> (<year>2014</year>) <title>Pervasive transition of the Brazilian land-use system</title>. <source>Nature climate change</source> <volume>4</volume>(<issue>1</issue>): <fpage>27</fpage>-<lpage>35</lpage>.
<author><surname>LAURANCE</surname>, <given-names>W. F.</given-names></author>, <author><surname>DELAMÔNICA</surname>, <given-names>P</given-names></author>., <author><surname>LAURANCE</surname>, <given-names>S. G.</given-names></author>, <author><surname>VASCONCELOS</surname>, <given-names>H. L.</given-names></author> & <author><surname>LOVEJOY</surname>, <given-names>T. E.</given-names></author> (<year>2000</year>): <title>Rainforest fragmentation kills big trees</title>. In: <source>Nature</source> <volume>404</volume>(<issue>6780</issue>): <fpage>836</fpage>.
<author><surname>LAURANCE</surname>, <given-names>W. F.</given-names></author>, <author><surname>LAURANCE</surname>, <given-names>S. G.</given-names></author>, <author><surname>FERREIRA</surname>, <given-names>L. V.</given-names></author>, <author><surname>RANKIN-DE MERONA</surname>, <given-names>J. M.</given-names></author>, <author><surname>GASCON</surname>, <given-names>C</given-names></author>. & <author><surname>LOVEJOY</surname>, <given-names>T. E.</given-names></author> (<year>1997</year>): <title>Biomass Collapse in Amazonian Forest Fragments</title>. In: <source>Science</source> <volume>278</volume>(<issue>5340</issue>): <fpage>1117</fpage>-<lpage>1118</lpage>.
<author><surname>LILIENFEIN</surname>, <given-names>J</given-names></author>., <author><surname>WILCKE</surname>, <given-names>W</given-names></author>., <author><surname>VILELA</surname>, <given-names>L</given-names></author>., <author><surname>AYARZA</surname>, <given-names>M. A.</given-names></author>, <author><surname>LIMA</surname>, <given-names>S. D. C.</given-names></author> & <author><surname>ZECH</surname>, <given-names>W</given-names></author>. (<year>2003</year>): <title>Soil fertility under native Cerrado and pasture in the Brazilian savanna</title>. <source>Soil Sci. Soc. Am. J.</source> <volume>67</volume>(<issue>4</issue>): <fpage>1195</fpage>-<lpage>1205</lpage>.
<author><surname>LILIENFEIN</surname>, <given-names>J</given-names></author>., <author><surname>WILCKE</surname>, <given-names>W</given-names></author>., <author><surname>ZIMMERMANN</surname>, <given-names>R</given-names></author>., <author><surname>GERSTBERGER</surname>, <given-names>R</given-names></author>, <author><surname>ARAÚJO</surname>, <given-names>G.M.</given-names></author> & <author><surname>ZECH</surname>, <given-names>W</given-names></author>. (<year>2001</year>): <title>Nutrient storage in soil and biomass of native Brazilian Cerrado</title>. <source>J. Plant Nutr. Soil Sci.</source> <volume>164</volume>: <fpage>487</fpage>-<lpage>495</lpage>.
<author><surname>LOETSCH</surname>, <given-names>F</given-names></author>., <author><surname>ZÖHRER</surname>, <given-names>F</given-names></author>. & <author><surname>HALLER</surname>, <given-names>K. E.</given-names></author> (<year>1973</year>): <title>Forest Inventory</title>. <other>Munich</other>.
<author><surname>MALHADO</surname>, <given-names>A. C. M.</given-names></author>, <author><surname>PIRES</surname>, <given-names>G. F.</given-names></author> & <author><surname>COSTA</surname>, <given-names>M. H.</given-names></author> (<year>2010</year>): <title>Cerrado Conservation is Essential to Protect the Amazon Rainforest</title>. In: <source>AMBIO</source> <volume>39</volume>(<issue>8</issue>): <fpage>580</fpage>-<lpage>584</lpage>.
<author><surname>MALHI</surname>, <given-names>Y</given-names></author>., <author><surname>WOOD</surname>, <given-names>D</given-names></author>., <author><surname>BAKER</surname>, <given-names>T. R.</given-names></author>., <author><surname>WRIGHT</surname>, <given-names>J</given-names></author>., <author><surname>PHILLIPS</surname>, <given-names>O. L.</given-names></author>., <author><surname>COCHRANE</surname>, <given-names>T</given-names></author>., <author><surname>MEIR</surname>, <given-names>P</given-names></author>., <author><surname>CHAVE</surname>, <given-names>J</given-names></author>., <author><surname>ALMEIDA</surname>, <given-names>S</given-names></author>., <author><surname>ARROYO</surname>, <given-names>L</given-names></author>., <author><surname>HIIGUCHI</surname>, <given-names>N</given-names></author>., <author><surname>KILLEEN</surname>, <given-names>T. J.</given-names></author>, <author><surname>LAURANCE</surname>,<given-names> S. G.</given-names></author>, <author><surname>LAURANCE</surname>, <given-names>W. F.</given-names></author>, <author><surname>LEWIS</surname>, <given-names>S. L.</given-names></author>, <author><surname>MONTEAGUDO</surname>, <given-names>A</given-names></author>., <author><surname>NEILL</surname>, <given-names>D. A.</given-names></author>, <author><surname>VARGAS</surname>, <given-names>P. N.</given-names></author>, <author><surname>PITMAN</surname>, <given-names>N. C. A.</given-names></author>, <author><surname>QUESADA</surname>, <given-names>C. A.</given-names></author>, <author><surname>SALOMAO</surname>, <given-names>R</given-names></author>., <author><surname>SILVA</surname>, <given-names>J. N. M.</given-names></author>, <author><surname>LEZAMA</surname>, <given-names>A. T.</given-names></author>, <author><surname>TERBORGH</surname>, <given-names>J</given-names></author>., <author><surname>MARTINEZ</surname>, <given-names>R. V.</given-names></author> & <author><surname>VINCENTI</surname>, <given-names>B</given-names></author>. (<year>2006</year>): <title>The regional variation of aboveground live biomass in old-growth Amazonian forests</title>. In: <source>Global change biology</source> <volume>12</volume>(<issue>7</issue>): <fpage>1107</fpage>-<lpage>1138</lpage>.
<author><surname>MARACAHIPES-SANTOS</surname>, <given-names>L</given-names></author>., <author><surname>LENZA</surname>, <given-names>E</given-names></author>., <author><surname>DOS SANTOS</surname>, <given-names>J. O.</given-names></author>, <author><surname>MARIMON</surname>, <given-names>B. S.</given-names></author>, <author><surname>EISENLOHR</surname>, <given-names>P. V.</given-names></author>, <author><surname>MARIMON JUNIOR</surname>, <given-names>B. H.</given-names></author> & <author><surname>FELDPAUSCH</surname>, <given-names>T. R.</given-names></author> (<year>2015</year>): <title>Diversity, floristic composition, and structure of the woody vegetation of the Cerrado in the Cerrado-Amazon transition zone in Mato Grosso, Brazil</title>. In: <source>Revista Brasileira de Botânica</source> <volume>38</volume>(<issue>4</issue>): <fpage>877</fpage>-<lpage>887</lpage>.
<author><surname>MARIMON</surname>, <given-names>B. S.</given-names></author>, <author><surname>MARIMON-JUNIOR</surname>, <given-names>B. H.</given-names></author>, <author><surname>FELDPAUSCH</surname>, <given-names>T. R.</given-names></author>, <author><surname>OLIVEIRA-SANTOS</surname>, <given-names>C</given-names></author>., <author><surname>MEWS</surname>, <given-names>H. A.</given-names></author>, <author><surname>LOPEZ-GONZALEZ</surname>, <given-names>G</given-names></author>., <author><surname>LLOYD</surname>, <given-names>J</given-names></author>., <author><surname>FRANCZAK</surname>, <given-names>D. D.</given-names></author>, <author><surname>OLIVEIRA</surname>, <given-names>E. A. D.</given-names></author>, <author><surname>MARACAHIPES</surname>, <given-names>L</given-names></author>., <author><surname>MIGUEL</surname>, <given-names>A</given-names></author>., <author><surname>LENZA</surname>, <given-names>E</given-names></author>. & <author><surname>PHILLIPS</surname>, <given-names>O. L.</given-names></author> (<year>2014</year>): <title>Disequilibrium and hyperdynamic tree turnover at the forest-cerrado transition zone in southern Amazonia</title>. In: <source>Plant Ecology & Diversity</source> <volume>7</volume>(<issue>1-2</issue>): <fpage>281</fpage>-<lpage>292</lpage>.
<author><surname>MENDES</surname>, <given-names>F</given-names></author>., <author><surname>BARON</surname>, <given-names>D</given-names></author>., <author><surname>GEROLD</surname>, <given-names>G</given-names></author>., <author><surname>LIESENBERG</surname>, <given-names>V</given-names></author>. & <author><surname>ERASMI</surname>, <given-names>S</given-names></author>. (<year>2018</year>): <title>Optical and radar remote sensing for mapping vegetation type in the transition area of Cerrado and Amazon Biomes (in submission)</title>.
<author><surname>MIGUEL</surname>, <given-names>E. P</given-names></author>, <author><surname>REZENDE</surname>, <given-names>A. V.</given-names></author>, <author><surname>LEAL</surname>, <given-names>F. A.</given-names></author>, <author><surname>MATRICARDI</surname>, <given-names>E. A. T.</given-names></author>, <author><surname>ENCINAS</surname>, <given-names>J. M. I.</given-names></author> & <author><surname>NUNES MIRANDA</surname>, <given-names>J. F.</given-names></author> (<year>2017</year>a): <title>Floristic, structural, and allometric equations to estimate arboreal volume and biomass in a cerradao site</title>. In: <source>Semina: Ciências Agrárias</source> <volume>38</volume>(<issue>4</issue>): <fpage>1691</fpage>-<lpage>1702</lpage>.
<author><surname>MIGUEL</surname>, <given-names>E. P.</given-names></author>, <author><surname>REZENDE</surname>, <given-names>A. V.</given-names></author>, <author><surname>PEREIRA</surname>, <given-names>R. S.</given-names></author>, <author><surname>AZEVEDO</surname>, <given-names>G. B. DE</given-names></author> <author><surname>, MENEZ MOTA</surname>, <given-names>F. C.</given-names></author>, <author><surname>NOGUEIRA DE SOUZA</surname>, <given-names>Á</given-names></author>. & <author><surname>SANTOS JOAQUIM</surname>, <given-names>M</given-names></author>. (<year>2017</year>b): <title>Modeling and prediction of volume and aereal biomass of the tree vegetation in a Cerradao area of Central Brazil</title>. In: <source>Interciencia</source> <volume>42</volume>(<issue>1</issue>): <fpage>21</fpage>-<lpage>27</lpage>.
<author><surname>MINAMI</surname>, <given-names>P</given-names></author>., <author><surname>RIBEIRO</surname>, <given-names>E. S.</given-names></author>, <author><surname>GRÃTAO MARTINS</surname>, <given-names>V</given-names></author>. & <author><surname>MOREIRA</surname>, <given-names>E. L.</given-names></author> (<year>2017</year>): <title>Floristica e fitossociologia em mata de galeria e cerradáo no municÍpio de Nova Mutum — MT, Brasil</title>. In: <source>Biodiversidade</source> <volume>16</volume>(<issue>1</issue>): <fpage>46</fpage>-<lpage>63</lpage>.
<author><surname>MIRANDA</surname>, <given-names>S. DO COUTO DE</given-names></author>, <author><surname>BUSTAMANTE</surname>, <given-names>M</given-names></author>., <author><surname>PALACE</surname>, <given-names>M</given-names></author>., <author><surname>HAGEN</surname>, <given-names>S</given-names></author>., <author><surname>KELLER</surname>, <given-names>M</given-names></author>. & <author><surname>GUIMARÃES FERREIRA</surname>, <given-names>L</given-names></author>. (<year>2014</year>): <title>Review. Regional Variations in Biomass Distribution in Brazilian Savanna Woodland</title>. In: <source>Biotropica</source> <volume>46</volume>(<issue>2</issue>): <fpage>125</fpage>-<lpage>138</lpage>.
<editor>MMA</editor> (<year>2014</year>): <title>Plano de ação para prevenção e controle do desmatamento e das queimadas no Cerrado: 2a fase (2014-2015)</title>. In: <source>INPE</source>. URL: <url>http://www.dpi.inpe.br/tccerrado/index.php?mais=l</url> (01-06-2018).
<editor>MMA</editor> (<year>2006</year>): <title>EMBRAPA CERRADOS. São Luiz: Folha SA-23-Z-A: cobertura vegetal dos biomas brasileños. 1 mapa, color, 118 cm x 84 cm. Escala 1:250.000. Disponível em</title>. In: URL: <url>http://mapas.mma.gov.br/geodados/brasil/vegetacao/vegetacao2002/</url>(03-20-2018).
<editor>MMA</editor> (<year>2002</year>): <title>Mapa interativo. Vegetation coverage in the Cerrado</title>. In: <source>LAPIG. Laboratório de Processamento de Imagens e Geoprocessamento</source>. URL: <url>http://maps.lapig.iesa.ufg.br/lapig.html</url> (01-25-2018).
<author><surname>MORAIS</surname>, <given-names>V. A.</given-names></author>, <author><surname>SCOLFORO</surname>, <given-names>J. R. S.</given-names></author>, <author><surname>SILVA</surname>, <given-names>C. A.</given-names></author>, <author><surname>MELLO</surname>, <given-names>J. M. D.</given-names></author>, <author><surname>GOMIDE</surname>, <given-names>L. R.</given-names></author> & <author><surname>DE OLIVEIRA</surname>, <given-names>A. D.</given-names></author> (<year>2013</year>): <title>Carbon and biomass stocks in a fragment of cerradão in Minas Gerais state, Brazil</title>. In: <source>CERNE</source> <volume>19</volume>(<issue>2</issue>): <fpage>237</fpage>-<lpage>245</lpage>.
<author><surname>NASCIMENTO</surname>, <given-names>H. E. M.</given-names></author> & <author><surname>LAURANCE</surname>, <given-names>W. F.</given-names></author> (<year>2006</year>): <title>Efeitos de área e de borda sobre a estrutura florestal em fragmentos de floresta de terra-firme após 13-17 anos de isolamento</title>. In: <source>Acta Amazonica</source> <volume>36</volume>(<issue>2</issue>): <fpage>183</fpage>-<lpage>192</lpage>.
<author><surname>NASCIMENTO</surname>, <given-names>H. E. M.</given-names></author> & <author><surname>LAURANCE</surname>, <given-names>W. F.</given-names></author> (<year>2004</year>): <title>Biomass dynamics in Amazonian forest fragments</title>. In: <source>Ecological Applications</source> <volume>14</volume>(<issue>4</issue>): <fpage>127</fpage>-<lpage>138</lpage>.
<author><surname>NEPSTAD</surname>, <given-names>D</given-names></author>., <author><surname>MCGRATH</surname>, <given-names>D</given-names></author>., <author><surname>STICKLER</surname>, <given-names>C</given-names></author>., <author><surname>ALENCAR</surname>, <given-names>A</given-names></author>., <author><surname>AZEVEDO</surname>, <given-names>A</given-names></author>., <author><surname>SWETTE</surname>, <given-names>B</given-names></author>., <author><surname>BEZERRA</surname>, <given-names>T</given-names></author>., <author><surname>DIGIANO</surname>, <given-names>M</given-names></author>., <author><surname>SHIMADA</surname>, <given-names>J</given-names></author>., <author><surname>DAMOTTA</surname>, <given-names>R. S.</given-names></author>, <author><surname>ARMIJO</surname>, <given-names>E</given-names></author>., <author><surname>CASTELLO</surname>, <given-names>L</given-names></author>., <author><surname>BRANDO</surname>, <given-names>P</given-names></author>, <author><surname>HANSEN</surname>, <given-names>M. C.</given-names></author>, <author><surname>MCGRATH-HORN</surname>, <given-names>M</given-names></author>., <author><surname>CARVALHO</surname>, <given-names>O</given-names></author>., <author><surname>HESS</surname>, <given-names>L</given-names></author>. (<year>2014</year>): <title>Slowing Amazon deforestation through public policy and interventions in beef and soy supply chains</title>. <source>Science</source> <volume>344</volume>: <fpage>1118</fpage>-<lpage>1123</lpage>.
<author><surname>NOGUEIRA</surname>, <given-names>E. M.</given-names></author>, <author><surname>YANAI</surname>, <given-names>A. M.</given-names></author>, <author><surname>VASCONCELOS</surname>, <given-names>S. S. D.</given-names></author>, <author><surname>ALENCASTRO GRAÇA</surname>, <given-names>P. M. L.</given-names></author> DE & <author><surname>FEARNSIDE</surname>, <given-names>P. M.</given-names></author> (<year>2017</year>): <title>Carbon stocks and losses to deforestation in protected areas in Brazilian Amazonia</title>. In: <source>Regional Environmental Change</source> <volume>18</volume>(<issue>1</issue>): <fpage>261</fpage>-<lpage>270</lpage>.
<author><surname>NOGUEIRA</surname>, <given-names>E. M.</given-names></author>, <author><surname>YANAI</surname>, <given-names>A. M.</given-names></author>, <author><surname>FONSECA</surname>, <given-names>F. O. R.</given-names></author> & <author><surname>FEARNSIDE</surname>, <given-names>P. M.</given-names></author> (<year>2015</year>): <title>Carbon stock loss from deforestation through 2013 in Brazilian Amazonia</title>. In: <source>Global change biology</source> <volume>21</volume>(<issue>3</issue>): <fpage>1271</fpage>-<lpage>1292</lpage>.
<author><surname>NOGUEIRA</surname>, <given-names>E. M.</given-names></author>, <author><surname>FEARNSIDE</surname>, <given-names>P. M.</given-names></author>, <author><surname>NELSON</surname>, <given-names>B. W.</given-names></author>, <author><surname>BARBOSA</surname>, <given-names>R. I.</given-names></author> & <author><surname>KEIZER</surname>, <given-names>E. W. H.</given-names></author> (<year>2008</year>): <title>Estimates of forest biomass in the Brazilian Amazon: New allometric equations and adjustments to biomass from wood-volume inventories</title>. In: <source>Forest Ecology and Management</source> <volume>256</volume>(<issue>11</issue>): <fpage>1853</fpage>-<lpage>1867</lpage>.
<author><surname>OLIVEIRA</surname> <given-names>P. T. S.</given-names></author>, <author><surname>NEARING</surname> <given-names>M. A.</given-names></author>, <author><surname>MORAN</surname><given-names> M. S.</given-names></author>, <author><surname>GOODRICH</surname> <given-names>D. C.</given-names></author>, <author><surname>WENDLAND</surname> <given-names>E</given-names></author>. & <author><surname>GUPTA</surname> <given-names>H. V.</given-names></author> (<year>2014</year>): <title>Trends in water balance components across the Brazilian Cerrado</title>. <source>Water Resour Res.</source> 50: <fpage>7100</fpage>-<lpage>7114</lpage>.
<author><surname>OLIVEIRA-FILHO</surname>, <given-names>A. T.</given-names></author> & <author><surname>RATTER</surname>, <given-names>J. A.</given-names></author> (<year>2002</year>): <title>Vegetation Physiognomies and Woody Flora of the Cerrado Biome</title>. In: <editor>OLIVEIRA P. S.</editor>  &  <editor>MARQUIS, R. J.</editor> (<year>2002</year>) [Eds.]: <source>The Cerrados of Brazil. Ecology and Natural History of a Neotropical Savanna</source>. <other>New York</other>: <fpage>91</fpage>-<lpage>120</lpage>.
<author><surname>OTTMAR</surname>, <given-names>R. D.</given-names></author>, <author><surname>VIHNANEK</surname>, <given-names>R. E.</given-names></author>, <author><surname>MIRANDA</surname>,<given-names> H. S.</given-names></author>, <author><surname>SATO</surname>, <given-names>M. N.</given-names></author> & <author><surname>ANDRADE</surname>, <given-names>S. M. A.</given-names></author> (<year>2001</year>): <title>Séries de estereo-fotografias para quantificar a biomassa da vegetac, a'o do Cerrado do Brasil Central</title> - vol. <volume>I</volume>. In: <editor>USDA</editor>/<editor>USAID</editor>/<editor>UnB</editor>. URL: <url>http://redd.mma.gov.br/images/apresentacoes/gttredd_reuniao6_heloisamiranda_estereofotografias.pdf</url> (04-25-2018).
<author><surname>PAULA</surname>, <given-names>M. D. DE</given-names></author>, <author><surname>COSTA</surname>, <given-names>C. P. A.</given-names></author> & <author><surname>TABARELLI</surname>, <given-names>M</given-names></author>. (<year>2011</year>): <title>Carbon Storage in a Fragmented Landscape of Atlantic Forest: The Role Played by Edge-Affected Habitats and Emergent Trees</title>. In: <source>Tropical Conservation Science</source> <volume>4</volume>(<issue>3</issue>): <fpage>349</fpage>-<lpage>358</lpage>.
<author><surname>PEIXOTO</surname>, <given-names>K. S.</given-names></author>, <author><surname>MARIMON-JUNIOR</surname>, <given-names>B. H.</given-names></author>, <author><surname>MARIMON</surname>, <given-names>B. S.</given-names></author>, <author><surname>ELIAS</surname>, <given-names>F.</given-names></author>, <author><surname>FARIAS</surname>, <given-names>J. DE</given-names></author>, <author><surname>FREITAG</surname>, <given-names>R</given-names></author>., <author><surname>MEWS</surname>, <given-names>H. A.</given-names></author>, <author><surname>DAS NEVES</surname>, <given-names>E. C.</given-names></author>, <author><surname>PRESTES</surname>, <given-names>N. C. C. S.</given-names></author> & <author><surname>MALHI</surname>, <given-names>Y</given-names></author>. (<year>2017</year>): <title>Unravelling ecosystem functions at the Amazonia-Cerrado transition: II. Carbon stocks and CO2, soil efflux in cerradäo forest undergoing ecological succession</title>. In: <source>Acta Oecologica</source> <volume>82</volume>: <fpage>23</fpage>-<lpage>31</lpage>.
<author><surname>PFADENHAUER</surname>, <given-names>J. S.</given-names></author> & <author><surname>KLÖTZLI</surname>, <given-names>F. A.</given-names></author> (<year>2014</year>): <title>Vegetation der Erde. Grundlagen, Ökologie, Verbreitung</title>. <other>Berlin</other>.
<author><surname>PÜTZ</surname>, <given-names>S</given-names></author>., <author><surname>GROENEVELD</surname>, <given-names>J</given-names></author>., <author><surname>HENLE</surname>, <given-names>K</given-names></author>., <author><surname>KNOGGE</surname>, <given-names>C</given-names></author>., <author><surname>MARTENSEN</surname>, <given-names>A. C.</given-names></author>, <author><surname>METZ</surname>, <given-names>M</given-names></author>., <author><surname>METZGER</surname>, <given-names>J. P</given-names></author>, <author><surname>RIBEIRO</surname>,<given-names> M. C.</given-names></author>, <author><surname>PAULA</surname>, <given-names>M. D. DE</given-names></author> & <author><surname>HUTH</surname>, <given-names>A</given-names></author>. (<year>2014</year>): <title>Long-term carbon loss in fragmented Neotropical forests</title>. In: <source>Nature communications</source> <volume>5</volume>: <fpage>1</fpage>-<lpage>8</lpage>.
<author><surname>RATTER</surname>, <given-names>J. A.</given-names></author>, <author><surname>RICHARDS</surname>, <given-names>P. W.</given-names></author>, <author><surname>ARGENT</surname>, <given-names>G</given-names></author>.  &  <author><surname>GIFFORD</surname>, <given-names>D. R.</given-names></author> (<year>1973</year>): <title>Observations on the Vegetation of Northeastern Mato Grosso. I. The Woody Vegetation Types of the Xavantina-Cachimbo Expedition Area</title>. In: <source>Philosophical transactions of the Royal Society of London. Series B, Biological sciences</source> <volume>266</volume>(<issue>880</issue>): <fpage>449</fpage>-<lpage>492</lpage>.
<author><surname>REZENDE</surname>, <given-names>A. V</given-names></author>, <author><surname>VALE</surname>, <given-names>A. T. D.</given-names></author>, <author><surname>SANQUETTA</surname>, <given-names>C. R.</given-names></author>, <author><surname>FIGUEIREDO FILFHO</surname>, <given-names>A</given-names></author>.  & <author><surname> FELFILI</surname>,<given-names> J. M.</given-names></author> (<year>2006</year>): <title>Comparação de modelos matemáticos para estimativa do volume, biomassa e estoque de carbono da vegetação lenhosa de um cerrado sensu stricto em Brasília, DF</title>. In: <source>Scientia Forestalls</source> <volume>71</volume>(<issue>1</issue>): <fpage>65</fpage>-<lpage>76</lpage>.
<author><surname>RIBEIRO</surname>, <given-names>S. C.</given-names></author>, <author><surname>FEHRMANN</surname>, <given-names>L</given-names></author>., <author><surname>SOARES</surname>, <given-names>C. P. B.</given-names></author>, <author><surname>JACOVINE</surname>,<given-names> L. A. G.</given-names></author>, <author><surname>KLEINN</surname>, <given-names>C</given-names></author>. & <author><surname>DE OLIVEIRA GASPAR</surname>, <given-names>R</given-names></author>. (<year>2011</year>): <title>Above- and belowground biomass in a Brazilian Cerrado</title>. In: <source>Forest Ecology and Management</source> <volume>262</volume>(<issue>3</issue>): <fpage>491</fpage>-<lpage>499</lpage>.
<author><surname>RIBEIRO</surname>, <given-names>J. F.</given-names></author>, <author><surname>SANO</surname>, <given-names>S. M.</given-names></author>, <author><surname>MACÊDO</surname>, <given-names>J</given-names></author>. & <author><surname>DA SILVA</surname>, <given-names>J. A.</given-names></author> (<year>1983</year>): <title>Os principals tipos fitofisionõmicos da região dos Cerrados</title>. In: <source>Boletim de Pesquisa</source> <volume>28</volume>(<issue>1</issue>): <fpage>1</fpage>-<lpage>28</lpage>.
<author><surname>SAATCHI</surname>, <given-names>S. S.</given-names></author>, <author><surname>MARLIER</surname>, <given-names>M</given-names></author>., <author><surname>CHAZDON</surname>, <given-names>R. L.</given-names></author>, <author><surname>CLARK</surname>, <given-names>D. B.</given-names></author> & <author><surname>RUSSELL</surname>, <given-names>A. E.</given-names></author> (<year>2011</year>): <title>Impact of spatial variability of tropical forest structure on radar estimation of aboveground biomass</title>. <source>Rem Sens Environ</source> <volume>115</volume>: <fpage>2836</fpage>-<lpage>2849</lpage>.
<author><surname>SANKARAN</surname>, <given-names>M</given-names></author>., <author><surname>HANAN</surname>, <given-names>N. P.</given-names></author>, <author><surname>SCHOLES</surname>, <given-names>R. J.</given-names></author>, <author><surname>RATNAM</surname>, <given-names>J</given-names></author>., <author><surname>AUGUSTINE</surname>, <given-names>D. J.</given-names></author>, <author><surname>CADE</surname>, <given-names>B. S.</given-names></author>, <author><surname>GIGNOUX</surname>, <given-names>J</given-names></author>., <author><surname>HIGGINS</surname>, <given-names>S. I.</given-names></author>, <author><surname>LE ROUX</surname>, <given-names>X</given-names></author>., <author><surname>LUDWIG</surname>, <given-names>F</given-names></author>., <author><surname>ARDO</surname>, <given-names>J</given-names></author>., <author><surname>BANYIKWA</surname>, <given-names>F</given-names></author>., <author><surname>BRONN</surname>, <given-names>A</given-names></author>., <author><surname>BUCINI</surname>, <given-names>G</given-names></author>., <author><surname>CAYLOR</surname>, <given-names>K. K.</given-names></author>, <author><surname>COUCHENOUR</surname>, <given-names>M. B.</given-names></author>, <author><surname>DIOUF</surname>, <given-names>A</given-names></author>., <author><surname>EKAYA</surname>, <given-names>W</given-names></author>., <author><surname>FERAL</surname>, <given-names>C. J.</given-names></author>, <author><surname>FEBRUARY</surname>, <given-names>E. C.</given-names></author>, <author><surname>FROST</surname>, <given-names>P. G. H.</given-names></author>, <author><surname>HIERNAUX</surname>, <given-names>P</given-names></author>, <author><surname>HRABAR</surname>, <given-names>H</given-names></author>., <author><surname>METZGER</surname>, <given-names>K. L.</given-names></author>, <author><surname>PRINS</surname>, <given-names>H. H. T</given-names></author>, <author><surname>RINGROSE</surname>, <given-names>S</given-names></author>., <author><surname>SEA</surname>, <given-names>W</given-names></author>, <author><surname>TEWS</surname>, <given-names>J</given-names></author>., <author><surname>WORDEN</surname>, <given-names>J</given-names></author>.  &  <author><surname>ZAMBATIS</surname>, <given-names>N</given-names></author>. (<year>2005</year>): <title>Determinants of woody cover in African savannas</title>. In: <source>Nature</source> <volume>438</volume>(<issue>7069</issue>): <fpage>846</fpage>-<lpage>849</lpage>.
<author><surname>SANO</surname>, <given-names>E. E.</given-names></author>, <author><surname>ROSA</surname>, <given-names>R</given-names></author>., <author><surname>BRITO</surname>, <given-names>J. L. S.</given-names></author> & <author><surname>FERREIRA</surname>, <given-names>L. G.</given-names></author> (<year>2010</year>): <title>Land cover mapping of the tropical savanna region in Brazil</title>. In: <source>Environmental monitoring and assessment</source> <volume>166</volume>(<issue>1-4</issue>): <fpage>113</fpage>-<lpage>124</lpage>.
<author><surname>SANO</surname>,<given-names> E. E.</given-names></author>, <author><surname>ROSA</surname>, <given-names>R</given-names></author>., <author><surname>BRITO</surname>, <given-names>J. L. S.</given-names></author> & <author><surname>FERREIRA</surname>, <given-names>L. G.</given-names></author> (<year>2007</year>): <title>Mapeamento de Cobertura Vegetal do Bioma Cerrado: estratégias e resultados</title>. In: <source>Embrapa Documentos</source> <volume>190</volume>: <fpage>1</fpage>-<lpage>33</lpage>.
<author><surname>SANTOS</surname>, <given-names>J. R.</given-names></author>, <author><surname>LACRUZ</surname>, <given-names>M. S. P.</given-names></author>, <author><surname>ARAUJO</surname>, <given-names>L. S.</given-names></author> & <author><surname>KEIL</surname>, <given-names>M</given-names></author>. (<year>2002</year>): <title>Savanna and tropical rainforest biomass estimation and spatialization using JERS-1 data</title>. In: <source>International Journal of Remote Sensing</source> <volume>23</volume>(<issue>7</issue>): <fpage>1217</fpage>-<lpage>1229</lpage>.
<author><surname>SCHOLES</surname>, <given-names>R. J.</given-names></author> & <author><surname>ARCHER</surname>, <given-names>S. R.</given-names></author> (<year>1997</year>): <title>Tree-Grass interactions in savannas</title>. In: <source>Annual Review of Ecology and Systematics</source> <volume>28</volume>(<issue>1</issue>): <fpage>517</fpage>-<lpage>544</lpage>.
<author><surname>SCHUMACHER</surname>, <given-names>F. X.</given-names></author> & <author><surname>DOS SANTOS HALL</surname>, <given-names>F</given-names></author>. (<year>1933</year>): <title>Logarithmic expression of timber-tree volume</title>. In: <source>Journal of Agricultural Research</source> <volume>47</volume>(<issue>9</issue>): <fpage>719</fpage>-<lpage>734</lpage>.
<author><surname>SCOLFORO</surname>, <given-names>J. R.</given-names></author>, <author><surname>DE MELLO</surname>, <given-names>J. M.</given-names></author> & <author><surname>DE OLIVEIRA</surname>, <given-names>A. D.</given-names></author> (<year>2008</year>): <title>Inventário florestal de Minas Gerais. Cerrado: florística, estrutura, diversidade, similaridade, distribuição diamética e de altura, volumetria, tendências de crescimento e áreas aptas para manejo florestal</title>. <other>Lavras</other>.
<author><surname>SILVEIRA</surname>, <given-names>S</given-names></author>. (<year>2015</year>): <title>Biomas brasileiros</title>. In: <editor>SANDERLEI SILVEIRA</editor>. URL: <url>http://sanderlei.com.br/PT/Ensino-Fundamental/Santa-Catarina-Historia-Geografia-31</url> (12-12-2017).
<author><surname>SOUZA</surname>, <given-names>P. B. D.</given-names></author>, <author><surname>SAPORETTI JUNIOR</surname>, <given-names>A. W.</given-names></author>, <author><surname>SOARES</surname>, <given-names>M. P.</given-names></author>, <author><surname>VIANA</surname>, <given-names>R. H. O.</given-names></author>, <author><surname>CAMARGOS</surname>, <given-names>V. L. D.</given-names></author> & <author><surname>MEIRA NETO</surname>, <given-names>J. A. A.</given-names></author> (<year>2010</year>): <title>Florística de uma área de cerradão na floresta nacional de Paraopeba - Minas Gerais</title>. In: <source>CERNE</source> <volume>16</volume>(<issue>1</issue>): <fpage>86</fpage>-<lpage>93</lpage>.
<author><surname>STEFFEN</surname>, <given-names>W.</given-names></author>, <author><surname>ROCKSTRÖM</surname>, <given-names>J.</given-names></author>, <author><surname>RICHARDS</surname>, <given-names>K.</given-names></author>, <author><surname>LENTOND</surname>, <given-names>T. M.</given-names></author>, <author><surname>FOLKEA</surname>, <given-names>C.</given-names></author>, <author><surname>LIVERMAN</surname>, <given-names>D. P.</given-names></author>, <author><surname>SUMMERHAYES</surname>, <given-names>C. P.</given-names></author>, <author><surname>BARNOSKY</surname>, <given-names>A. D.</given-names></author>, <author><surname>CORNELLA</surname>, <given-names>S. E.</given-names></author> <author><surname>CRUCIFIXI</surname>, <given-names>M.</given-names></author>, <author><surname>DONGESA</surname>, <given-names>J. F.</given-names></author>, <author><surname>FETZERA</surname>, <given-names>I</given-names></author>, <author><surname>LADEA</surname>, <given-names>S. J.</given-names></author>, <author><surname>SCHEFFERL</surname>, <given-names>M.</given-names></author>, <author><surname>WINKELMANN</surname>, <given-names>R.</given-names></author>, & <author><surname>SCHELLNHUBER</surname>, <given-names>H. J.</given-names></author> (<year>2018</year>): <title>Trajectories of the Earth System in the Anthropocene</title>. <source>PNAS</source> <volume>115</volume>(<issue>33</issue>): <fpage>8252</fpage>-<lpage>8259</lpage>.
<author><surname>STEUBING</surname>, <given-names>L</given-names></author>. & <author><surname>FANGMEIER</surname>, <given-names>A</given-names></author>. (<year>1992</year>): <title>Pflanzenökologisches Praktikum. Gelände- und Laborpraktikum der terrestrischen Pflanzenökologie</title> <source>UTB für Wissenschaft Große Reihe</source>, <volume>8062</volume>. <other>Stuttgart</other>.
<author><surname>TORELLO-RAVENTOS</surname>, <given-names>M</given-names></author>., <author><surname>FELDPAUSCH</surname>,<given-names>T. R.</given-names></author>, <author><surname>VEENENDAAL</surname>, <given-names>E</given-names></author>., <author><surname>SCHRODT</surname>, <given-names>F</given-names></author>., <author><surname>SAIZ</surname>, <given-names>G</given-names></author>., <author><surname>DOMINGUES</surname>, <given-names>T. F.</given-names></author>, <author><surname>DJAGBLETEY</surname>, <given-names>G</given-names></author>., <author><surname>FORD</surname>, <given-names>A</given-names></author>., <author><surname>KEMP</surname>, <given-names>J</given-names></author>., <author><surname>MARIMON</surname>, <given-names>B. S.</given-names></author>, <author><surname>HUR MARIMON JUNIOR</surname>, <given-names>B</given-names></author>., <author><surname>LENZA</surname>, <given-names>E</given-names></author>., <author><surname>RATTER</surname>, <given-names>J. A.</given-names></author>, <author><surname>MARACAHIPES</surname>, <given-names>L</given-names></author>., <author><surname>SASAKI</surname>, <given-names>D</given-names></author>., <author><surname>SONKÉ</surname>, <given-names>B</given-names></author>., <author><surname>ZAPFACK</surname>, <given-names>L</given-names></author>., <author><surname>TAEDOUMG</surname>, <given-names>H</given-names></author>., <author><surname>VILLARROEL</surname>, <given-names>D</given-names></author>., <author><surname>SCHWARZ</surname>, <given-names>M</given-names></author>., <author><surname>QUESADA</surname>, <given-names>C. A.</given-names></author>, <author><surname>YOKO ISHIDA</surname>, <given-names>F</given-names></author>., <author><surname>NARDOTO</surname>, <given-names>G. B.</given-names></author>, <author><surname>AFFUM-BAFFOE</surname>, <given-names>K</given-names></author>., <author><surname>ARROYO</surname>, <given-names>L</given-names></author>., <author><surname>M. J. S. BOWMAN</surname>, <given-names>D</given-names></author>., <author><surname>COMPAORE</surname>, <given-names>H</given-names></author>., <author><surname>DAVIES</surname>, <given-names>K</given-names></author>., <author><surname>DIALLO</surname>, <given-names>A</given-names></author>., <author><surname>FYLLAS</surname>, <given-names>N. M.</given-names></author>, <author><surname>GILPIN</surname>, <given-names>M</given-names></author>., <author><surname>HIEN</surname>, <given-names>F</given-names></author>., <author><surname>JOHNSON</surname>, <given-names>M</given-names></author>., <author><surname>KILLEEN</surname>, <given-names>T. J.</given-names></author>, <author><surname>METCALFE</surname>, <given-names>D</given-names></author>., <author><surname>MIRANDA</surname>, <given-names>H. S.</given-names></author> <author><surname>STEININGER</surname>, <given-names>M</given-names></author>., <author><surname>THOMSON</surname>, <given-names>J</given-names></author>., <author><surname>SYKORA</surname>, <given-names>K</given-names></author>., <author><surname>MOUGIN</surname>, <given-names>E</given-names></author>., <author><surname>HIERNAUX</surname>, <given-names>P</given-names></author>., <author><surname>BIRD</surname>, <given-names>M. I.</given-names></author>, <author><surname>GRACE</surname>, <given-names>J</given-names></author>., <author><surname>LEWIS</surname>, <given-names>S. L.</given-names></author>, <author><surname>PHILLIPS</surname>, <given-names>O. L.</given-names></author> & <author><surname>LLOYD</surname>, <given-names>J</given-names></author>. (<year>2012</year>): <title>On the delineation of tropical vegetation types with an emphasis on forest/savanna transitions</title>. In: <source>Plant Ecology & Diversity</source> <volume>6</volume>(<issue>1</issue>): <fpage>101</fpage>-<lpage>137</lpage>.
<author><surname>VALE</surname>,<given-names> A.T.</given-names></author>, <author><surname>FIEDLER</surname>, <given-names>N.C.</given-names></author> & <author><surname>SILVA</surname>, <given-names>G.F.</given-names></author> (<year>2002</year>): <title>Avaliação energética da biomassa do Cerrado em função do diâmetro das árvores.</title> <source>Cieñe. Florest</source> <volume>12</volume>: <fpage>115</fpage>-<lpage>126</lpage>.
<author><surname>VAN BREUGEL</surname>, <given-names>M</given-names></author>., <author><surname>RANSIJN</surname>, <given-names>J</given-names></author>., <author><surname>CRAVEN</surname>, <given-names>D</given-names></author>., <author><surname>BONGERS</surname>, <given-names>F</given-names></author>. & <author><surname>HALL</surname>, <given-names>J. S.</given-names></author> (<year>2011</year>): <title>Estimating carbon stock in secondary forests: Decisions and uncertainties associated with allometric biomass models</title>. In: <source>Forest Ecology and Management</source> <volume>262</volume> (<issue>8</issue>): <fpage>1648</fpage>-<lpage>1657</lpage>.
<author><surname>ZANNE</surname>, <given-names>A. E.</given-names></author>, <author><surname>LOPEZ-GONZALEZ</surname>, <given-names>G</given-names></author>., <author><surname>COOMES</surname>, <given-names>D. A.</given-names></author>, <author><surname>ILIC</surname>, <given-names>J</given-names></author>., <author><surname>JANSEN</surname>, <given-names>S</given-names></author>., <author><surname>LEWIS</surname>, <given-names>S. L.</given-names></author>, <author><surname>MILLER</surname>, <given-names>R. B.</given-names></author>, <author><surname>SWENSON</surname>, <given-names>N. G.</given-names></author>, <author><surname>WIEMANN</surname>, <given-names>M. C.</given-names></author> & <author><surname>CHAVE</surname>, <given-names>J</given-names></author>. (<year>2009</year>): <title>Global Wood Density Database</title>. In: <source>Dryad</source>. URL: <identifier>http://hdl.handle.net/10255/dryad.235</identifier> (02-23-2018).