<author><surname>ALDANA JAGUE</surname>, <given-names>E</given-names></author>., <author><surname>SOMMER</surname>, <given-names>M</given-names></author>., <author><surname>SABY</surname>, <given-names>N. P. A.</given-names></author>, <author><surname>CORNELIS</surname>, <given-names>J.-T.</given-names></author>, <author><surname>VAN WESEMAEL</surname>, <given-names>B</given-names></author>. &c <author><surname>VAN OOST</surname>, <given-names>K</given-names></author>. (<year>2016</year>): <title>High resolution characterization of the soil organic carbon depth profile in a soil landscape affected by erosion</title>. In: <source>Soil and Tillage Research</source> <volume>156</volume>: <fpage>185</fpage>-<lpage>193</lpage>.
<author><surname>ALVAREZ</surname>, <given-names>L. J.</given-names></author>, <author><surname>EPSTEIN</surname>, <given-names>H. E.</given-names></author>, <author><surname>LI</surname>, <given-names>J</given-names></author>. & <author><surname>OKIN</surname>, <given-names>G. S.</given-names></author> (<year>2012</year>): <title>Aeolian process effects on vegetation communities in an arid grassland ecosystem</title>. In: <source>Ecology and evolution</source> <volume>2</volume>(<issue>4</issue>): S. <fpage>809</fpage>-<lpage>821</lpage>.
<author><surname>BLUME</surname>, <given-names>H. P</given-names></author>, <author><surname>BRÜMMER</surname>, <given-names>G. H.</given-names></author>, <author><surname>HORN</surname>, <given-names>R</given-names></author>., <author><surname>KANDELER</surname>, <given-names>E</given-names></author>., <author><surname>KÖGEL-KNABNER</surname>, <given-names>I</given-names></author>., <author><surname>KRETZSCHMAR</surname>, <given-names>R</given-names></author>., <author><surname>STAHR</surname>, <given-names>K</given-names></author>. & <author><surname>WILKE</surname>, <given-names>B.-M.</given-names></author> (<year>2010</year>): <title>Lehrbuch der Bodenkunde</title>. 16. Auflage. <editor>Scheffer/Schachtschabel</editor> [Hrsg.].
<author><surname>BOIX-FAYOS</surname>, <given-names>C</given-names></author>., <author><surname>VENTE</surname>, <given-names>J. DE</given-names></author>, <author><surname>ALBALADEJO</surname>, <given-names>J</given-names></author>. & <author><surname>MARTĺNEZ-MENA</surname>, <given-names>M</given-names></author>. (<year>2009</year>): <title>Soil carbon erosion and stock as affected by land use changes at the catchment scale in Mediterranean ecosystems</title>. In: <source>Agriculture, Ecosystems & Environment</source> <volume>133</volume>(<issue>1-2</issue>): <fpage>75</fpage>-<lpage>85</lpage>.
<author><surname>BROGNIEZ</surname>, <given-names>D. DE</given-names></author>, <author><surname>BALLABIO</surname>, <given-names>C</given-names></author>., <author><surname>STEVENS</surname>, <given-names>A</given-names></author>., <author><surname>JONES</surname>, <given-names>R. J. A.</given-names></author>, <author><surname>MONTANARELLA</surname>, <given-names>L</given-names></author>. &c <author><surname>VAN WESEMAEL</surname>, <given-names>B</given-names></author>. (<year>2015</year>): <title>A map of the topsoil organic carbon content of Europe generated by a generalized additive model</title>. In: <source>European Journal of Soil Science</source> <volume>66</volume>(<issue>1</issue>): <fpage>121</fpage>-<lpage>134</lpage>.
<author><surname>CHEN</surname>, <given-names>Y</given-names></author>, <author><surname>SONG</surname>, <given-names>M</given-names></author>. & <author><surname>DONG</surname>, <given-names>M</given-names></author>. (<year>2002</year>): <title>Soil properties along a hillslope modified by wind erosion in the Ordos Plateau (semi-arid China)</title>. In: <source>Geoderma</source> <volume>106</volume>(<issue>3-4</issue>): <fpage>331</fpage>-<lpage>340</lpage>.
<author><surname>COLAZO</surname>, <given-names>J. C.</given-names></author> &c <author><surname>BUSCHIAZZO</surname>, <given-names>D. E.</given-names></author> (<year>2010</year>): <title>Soil dry aggregate stability and wind erodible fraction in a semiarid environment of Argentina</title>. In: <source>Geoderma</source> <volume>159</volume>(<issue>1-2</issue>): <fpage>228</fpage>-<lpage>236</lpage>.
<author><surname>DAWSON</surname>, <given-names>J. J. C.</given-names></author> & <author><surname>SMITH</surname>, <given-names>P</given-names></author>. (<year>2007</year>): <title>Carbon losses from soil and its consequences for land-use management</title>. In: <source>The Science of the total environment</source> <volume>382</volume>(<issue>2-3</issue>): <fpage>165</fpage>-<lpage>190</lpage>.
<editor>FAO</editor> (<year>2014</year>): <title>World reference base for soil resources 2014. International soil classification system for naming soils and creating legends for soil maps</title>. <other>Rome</other>: <source>FAO (World soil resources reports)</source>. Online verfügbar unter <url>http%3A//www.worldcat.org/oclc/885436109</url>.
<author><surname>FARSANG</surname>, <given-names>A</given-names></author>., <author><surname>DUTTMANN</surname>, <given-names>R</given-names></author>., <author><surname>BARTUS</surname>, <given-names>M</given-names></author>., <author><surname>SZATMÁRI</surname>, <given-names>J</given-names></author>., <author><surname>BARTA</surname>, <given-names>K</given-names></author>. & <author><surname>BOZSÓ</surname>, <given-names>G</given-names></author>. (<year>2013</year>): <title>Estimation of Soil Material Transportation by Wind Based on in Situ Wind Tunnel Experiments</title>. In: <source>Journal of Environmental Geography</source> <volume>6</volume>(<issue>3-4</issue>): <fpage>13</fpage>-<lpage>20</lpage>.
<author><surname>FISTER</surname>, <given-names>W</given-names></author>., <author><surname>ISERLOH</surname>, <given-names>T</given-names></author>, <author><surname>RIES</surname>, <given-names>J. B.</given-names></author> & <author><surname>SCHMIDT</surname>, <given-names>R.-G.</given-names></author> (<year>2012</year>): <title>A portable wind and rainfall simulator for in situ soil erosion measurements</title>. In: <source>CATENA</source> <volume>91</volume>: <fpage>72</fpage>-<lpage>84</lpage>.
<author><surname>FUNK</surname>, <given-names>R</given-names></author>., <author><surname>SKIDMORE</surname>, <given-names>E</given-names></author>. &c <author><surname>HAGEN</surname>, <given-names>L</given-names></author>. (<year>2004</year>): <title>Comparison of wind erosion measurements in Germany with simulated soil losses by WEPS</title>. In: <source>Environmental Modelling & Software</source> <volume>19</volume>(<issue>2</issue>): <fpage>177</fpage>-<lpage>183</lpage>.
<author><surname>GENIS</surname>, <given-names>A</given-names></author>., <author><surname>VULFSON</surname>, <given-names>L</given-names></author>. & <author><surname>BEN-ASHER</surname>, <given-names>J</given-names></author>. (<year>2013</year>): <title>Combating wind erosion of sandy soils and crop damage in the coastal deserts: Wind tunnel experiments</title>. In: <source>Aeolian Research</source> <volume>9</volume>: <fpage>69</fpage>-<lpage>73</lpage>.
<author><surname>GREGORICH</surname>, <given-names>E.G.</given-names></author>, <author><surname>GREER</surname>, <given-names>K.J.</given-names></author>, <author><surname>ANDERSON</surname>, <given-names>D.W.</given-names></author> & <author><surname>LIANG</surname>, <given-names>B.C.</given-names></author> (<year>1998</year>): <title>Carbon distribution and losses: erosion and deposition effects</title>. In: <source>Soil and Tillage Reserach</source> <volume>47</volume>: <fpage>291</fpage>-<lpage>302</lpage>.
<author><surname>JOBBAGY</surname>, <given-names>E G.</given-names></author> & <author><surname>JACKSON</surname>, <given-names>R. B.</given-names></author> (<year>2000</year>): <title>The Vertical Distribution of Soil Organic Carbon and Its Relation to Climate and Vegetation</title>. In: <source>Ecological Applications</source> <volume>10</volume>(<issue>2</issue>): <fpage>423</fpage>.
<author><surname>KÖRSCHENS</surname>, <given-names>M</given-names></author>. (<year>2010</year>): <title>Der organische Kohlenstoff im Boden (Corg) - Bedeutung, Bestimmung, Bewertung. Soil organic carbon (Corg) - importance, determination, evaluation</title>. In: <source>Archives of Agronomy and Soil Science</source> <volume>56</volume>(<issue>4</issue>): <fpage>375</fpage>-<lpage>392</lpage>.
<author><surname>LI</surname>, <given-names>D</given-names></author>., <author><surname>SCHÄDEL</surname>, <given-names>C</given-names></author>., <author><surname>HADDIX</surname>, <given-names>M. L.</given-names></author>, <author><surname>PAUL</surname>, <given-names>E. A.</given-names></author>, <author><surname>CONANT</surname>, <given-names>R</given-names></author>. &c <author><surname>LI</surname>, <given-names>J</given-names></author>. (<year>2013</year>): <title>Differential responses of soil organic carbon fractions to warming: Results from an analysis with data assimilation</title>. In: <source>Soil Biology and Biochemistry</source> <volume>67</volume>: <fpage>24</fpage>-<lpage>30</lpage>.
<author><surname>LIU</surname>, <given-names>X</given-names></author>., <author><surname>HERBERT</surname>, <given-names>S. J.</given-names></author>, <author><surname>HASHEMI</surname>, <given-names>A. M.</given-names></author>, <author><surname>ZHANG</surname>, <given-names>X</given-names></author>. & <author><surname>GIND</surname>, <given-names>G</given-names></author>. (<year>2006</year>) <title>Effects of agricultural management on soil organic matter and carbon transformation - a review</title>. In: <source>Plant Soil Environment</source> <volume>52</volume>: <fpage>531</fpage>-<lpage>543</lpage>.
<author><surname>PETICZKA</surname>, <given-names>R</given-names></author>. (<year>2010</year>): <title>Endbericht: Forschungsscheck 826022 “In Situ Windkanal”</title> (nicht öffentlich verfügbar).
<author><surname>RITCHIE</surname>, <given-names>J. C.</given-names></author>, <author><surname>MCCARTY</surname>, <given-names>G. W</given-names></author>, <author><surname>VENTERIS</surname>, <given-names>E. R.</given-names></author> & <author><surname>KASPAR</surname>, <given-names>T. C.</given-names></author> (<year>2007</year>): <title>Soil and soil organic carbon redistribution on the landscape</title>. In: <source>Geomorphology</source> <volume>89</volume>(<issue>1-2</issue>): <fpage>163</fpage>-<lpage>171</lpage>.
<author><surname>RUIZ-COLMENERO</surname>, <given-names>M</given-names></author>., <author><surname>BIENES</surname>, <given-names>R</given-names></author>., <author><surname>ELDRIDGE</surname>, <given-names>D. J.</given-names></author> & <author><surname>MARQUES</surname>, <given-names>M. J.</given-names></author> (<year>2013</year>): <title>Vegetation cover reduces erosion and enhances soil organic carbon in a vineyard in the central Spain</title>. In: <source>CATENA</source> <volume>104</volume>: <fpage>153</fpage>-<lpage>160</lpage>.
<author><surname>RYALS</surname>, <given-names>R</given-names></author>., <author><surname>KAISER</surname>, <given-names>M</given-names></author>., <author><surname>TORN</surname>, <given-names>M. S.</given-names></author>, <author><surname>BERHE</surname>, <given-names>A. A.</given-names></author> & <author><surname>SILVER</surname>, <given-names>W. L.</given-names></author> (<year>2014</year>): <title>Impacts of organic matter amendments on carbon and nitrogen dynamics in grassland soils</title>. In: <source>Soil Biology and Biochemistry</source> <volume>68</volume>: <fpage>52</fpage>-<lpage>61</lpage>.
<author><surname>SIX</surname>, <given-names>J</given-names></author>. & <author><surname>PAUSTIAN</surname>, <given-names>K</given-names></author>. (<year>2014</year>): <title>Aggregate-associated soil organic matter as an ecosystem property and a measurement tool</title>. In: <source>Soil Biology and Biochemistry</source> <volume>68</volume>: <fpage>A4</fpage>-<lpage>A9</lpage>.
<author><surname>STARK</surname>, <given-names>C</given-names></author>., <author><surname>CONDRON</surname>, <given-names>L. M.</given-names></author>, <author><surname>STEWART</surname>, <given-names>A</given-names></author>., <author><surname>DI</surname>, <given-names>H. J.</given-names></author> & <author><surname>O’CALLAGHAN</surname>, <given-names>M</given-names></author>. (<year>2007</year>): <title>Influence of organic and mineral amendments on microbial soil properties and processes</title>. In: <source>Applied Soil Ecology</source> <volume>35</volume>(<issue>1</issue>): <fpage>79</fpage>-<lpage>93</lpage>.
<author><surname>TANG</surname>, <given-names>F. K.</given-names></author>, <author><surname>CUI</surname>, <given-names>M</given-names></author>., <author><surname>LU</surname>, <given-names>Q</given-names></author>., <author><surname>LIU</surname>, <given-names>Y. G.</given-names></author>, <author><surname>GUO</surname>, <given-names>H. Y.</given-names></author> & <author><surname>ZHOU</surname>, <given-names>J. X.</given-names></author> (<year>2016</year>): <title>Effects of vegetation restoration on the aggregate stability and distribution of aggregate-associated organic carbon in a typical karst gorge region</title>. In: <source>Solid Earth</source> <volume>7</volume>(<issue>1</issue>): <fpage>141</fpage>-<lpage>151</lpage>.
<author><surname>WANG</surname>, <given-names>L</given-names></author>., <author><surname>SHI</surname>, <given-names>Z. H.</given-names></author>, <author><surname>WU</surname>, <given-names>G. L.</given-names></author> & <author><surname>FANG</surname>, <given-names>N. F.</given-names></author> (<year>2014</year>): <title>Freeze/thaw and soil moisture effects on wind erosion</title>. In: <source>Geomorphology</source> <volume>207</volume>: <fpage>141</fpage>-<lpage>148</lpage>.
<author><surname>WANG</surname>, <given-names>X</given-names></author>., <author><surname>OENEMA</surname>, <given-names>O</given-names></author>., <author><surname>HOOGMOED</surname>, <given-names>W. B.</given-names></author>, <author><surname>PERDOK</surname>, <given-names>U. D.</given-names></author> & <author><surname>CAI</surname>, <given-names>D</given-names></author>. (<year>2006</year>): <title>Dust storm erosion and its impact on soil carbon and nitrogen losses in northern China</title>. In: <source>CATENA</source> <volume>66</volume>(<issue>3</issue>): <fpage>221</fpage>-<lpage>227</lpage>.
<author><surname>WIAUX</surname>, <given-names>E</given-names></author>, <author><surname>CORNELIS</surname>, <given-names>J.-T.</given-names></author>, <author><surname>CAO</surname>, <given-names>W</given-names></author>, <author><surname>VANCLOOSTER</surname>, <given-names>M</given-names></author>. <author><surname>VAN OOST</surname>, <given-names>K</given-names></author>. (<year>2014</year>): <title>Combined effect of geomorphic and pedogenic processes on the distribution of soil organic carbon quality along an eroding hillslope on loess soil</title>. In: <source>Geoderma</source> <volume>216</volume>: <fpage>36</fpage>-<lpage>47</lpage>.
<author><surname>YAN</surname>, <given-names>H</given-names></author>., <author><surname>WANG</surname>, <given-names>S</given-names></author>., <author><surname>WANG</surname>, <given-names>C</given-names></author>., <author><surname>ZHANG</surname>, <given-names>G</given-names></author>. & <author><surname>PATEL</surname>, <given-names>N</given-names></author>. (<year>2005</year>): <title>Losses of soil organic carbon under wind erosion in China</title>. In: <source>Global Change Biol</source> <volume>11</volume>(<issue>5</issue>): <fpage>828</fpage>-<lpage>840</lpage>.
<editor>ZENTRALANSTALT FÜR METEOROLOGIE UND GEODYNAMIK, ZAMG</editor> (<year>2016</year>) <title>Monatsrückblick Juli 2015</title>; <url>http://www.zamg.ac.at/cms/de/klima/klima-aktuell/monatsrueckblick/wetterrueckblick/?jahr=2015&monat=07</url> (abgerufen 01.01.2016).
<author><surname>ZHANG</surname>, <given-names>G. S.</given-names></author> & <author><surname>NI</surname>, <given-names>Z. W.</given-names></author> (<year>2017</year>): <title>Winter tillage impacts on soil organic carbon, aggregation and CO 2 emission in a rainfed vegetable cropping system of the mid—Yunnan plateau, China</title>. In: <source>Soil and Tillage Research</source> <volume>165</volume>: <fpage>294</fpage>-<lpage>301</lpage>.
<author><surname>ZOBECK</surname>, <given-names>T. M</given-names></author>., <author><surname>BADDOCK</surname>, <given-names>M</given-names></author>., <author><surname>SCOTT</surname>, <given-names>V. P</given-names></author>., <author><surname>TATARKO</surname>, <given-names>J</given-names></author>. &c <author><surname>ACOSTA-MARTINEZ</surname>, <given-names>V</given-names></author>. (<year>2013</year>): <title>Soil property effects on wind erosion of organic soils</title>. In: <source>Aeolian Research</source> <volume>10</volume>: <fpage>43</fpage>—<lpage>51</lpage>.