<editor>M. V. BARATTA</editor>, Hrsg.: (<year>1999</year>): <title>Der Fischer-Weltalmanach 2000</title> - <publisher>Fischer Taschenbuch-Verlag</publisher>, <other>Frankfurt am Main</other>
<editor>B. BRUNNER</editor>, Hrsg.: (<year>1999</year>): <title>The Time Almanac 2000</title> - erschienen in: „<source>Information please</source>“ der <publisher>Family Education Company</publisher>, <other>Boston, USA</other>
<editor>I. HAUCHLER</editor>, <editor>D. MESSNER</editor> & <editor>F. NUSCHELER</editor>, <editor>Stiftung Entwicklung und Frieden</editor>, Hrsg.: (<year>1999</year>): <title>Globale Trends 2000, Fakten, Analysen, Prognosen</title> -; <publisher>Fischer Taschenbuch-Verlag</publisher>, <other>Frankfurt am Main</other>