<author><surname>ACOCKS</surname>, <given-names>J.P.H.</given-names></author> (<year>1988</year>): <title>Veld types of South Africa</title>.- 3rd edition, <other>Pretoria</other>.
<editor>AG BODEN</editor> (<year>1994</year>): <title>Bodenkundliche Kartieranleitung</title>.- 4. Aufl., <other>Hannover</other>.
<author><surname>ARNAEZ-VADILLO</surname>, <given-names>J</given-names></author>. & <author><surname>LARREA</surname>, <given-names>V</given-names></author>. (<year>1994</year>): <title>Erosion models and hydrogeomorphological functioning on hill-roads</title> (<editor>Iberian System</editor>, <other>La Rioja, Spain</other>.- <source>Z. Geomorph. N.F.</source>, <volume>38</volume>: <fpage>343</fpage>-<lpage>354</lpage>. 
<author><surname>BECKEDAHL</surname>, <given-names>H.R.</given-names></author> & <author><surname>DARDIS</surname>, <given-names>G.F</given-names></author> (<year>1988</year>): <title>The role of artificial drainage on the development of soil erosion and gullies: some examples from Transkei, South Africa</title>.- In: <editor>DARDIS, G.F.</editor> & <editor>MOON, B.P</editor>: [eds.] (<year>1988</year>): <source>Geomorphological Studies in South Africa</source>. <other>Rotterdam</other>.
<author><surname>BISCI</surname>, <given-names>C</given-names></author>., <author><surname>DRAMIS</surname>, <given-names>F</given-names></author>. & <author><surname>GENTIL</surname>, <given-names>B</given-names></author>. (<year>1992</year>): <title>Recent and present geomorphological evolution of river beds in the southern portion of the Marches Region (Central Italy)</title>.- <source>Geoökoplus</source> <volume>3</volume>: <fpage>83</fpage>-<lpage>96</lpage>.
<author><surname>COOPER</surname>, <given-names>J.A.G.</given-names></author>, <author><surname>MASON</surname>, <given-names>T.R.</given-names></author>, <author><surname>REDDERING</surname>, <given-names>J.S.V.</given-names></author> & <author><surname>ILLENBERGER</surname>, <given-names>W.K.</given-names></author> (<year>1989</year>): <title>Geomorphological Effects of the September 1987 flood on the Mgeni Estuary</title>.- In: <source>Survey of September 1987 Natal Floods</source> (<year>1989</year>). <source>South African National Scientific Programmes Report</source> No. <volume>164</volume>.
<author><surname>DALRYMPLE</surname>, <given-names>J.B.</given-names></author>, <author><surname>BLONG</surname>, <given-names>R,J.</given-names></author> & <author><surname>CONACHER</surname>,<given-names> A.J.</given-names></author> (<year>1968</year>): <title>An hypothetical nine-unit landsurface model</title>.- <source>Z. f. Geomorph. N.F.</source> <volume>12</volume>: <fpage>60</fpage>-<lpage>76</lpage>.
<editor>DWAF</editor> (<year>1993</year>): <title>Hazelmere Dam: Capacity Determination</title>.- <editor>Department of Water Affairs and Forestry</editor>. <other>Pretoria</other>.
<author><surname>ERSKINE</surname>,<given-names> W.D.</given-names></author>, <author><surname>GEARY</surname>, <given-names>P.M.</given-names></author> & <author><surname>OUTHET</surname>,<given-names> D.N.</given-names></author> (<year>1985</year>): <title>Potential impacts of sand and gravel extraction on the Hunter River, New South Wales</title>.-<source> Austral. Geogr. Stud.</source> <volume>23</volume>: <fpage>71</fpage>-<lpage>86</lpage>.
<author><surname>ERSKINE</surname>, <given-names>W.D.</given-names></author> (<year>1996</year>): <title>Response and recovery of a sand-bed stream to a catastrophic flood</title>.- <source>Z. Geomorph. N.F.</source> <volume>40</volume>: <fpage>359</fpage>-<lpage>383</lpage>.
<author><surname>GARLAND</surname>, <given-names>G.G.</given-names></author> & <author><surname>OLIVIER</surname>, <given-names>M</given-names></author>. (<year>1993</year>): <title>Predicting landslides from rainfall in a humid, subtropical region</title>.- <source>Geomorphology</source> <volume>8</volume>: <fpage>165</fpage>-<lpage>173</lpage>.
<author><surname>GOUDIE</surname>, <given-names>A.S.</given-names></author> (<year>1988</year>): <title>The geomorphological role of termites and earth-worms in the tropics</title>.- In: <editor>VILES, H.A.</editor> [ed.]: <source>Biogeomorphology</source>. <other>Oxford</other>: <fpage>166</fpage>-<lpage>192</lpage>.
<author><surname>GOUDIE</surname> <given-names>A.S.</given-names></author> (<year>1994</year>): <title>Mensch und Umwelt</title>. <other>Heidelberg, Berlin</other>.
<editor>HSRC = HUMAN SCIENCE RESEARCH COUNCIL</editor> (<year>1991</year>): <title>Republic of South Africa Census Data</title>. <other>Durban</other>.
<author><surname>JUNGERIUS</surname>,<given-names> P.D.</given-names></author> & <author><surname>VAN DEN BRINK</surname></author> (<year>1991</year>): <title>The Geomorphology of a Gully Wall</title>.-<source>Catena Supplement</source> <volume>19</volume>: <fpage>57</fpage>-<lpage>69</lpage>.)
<author><surname>KING</surname>, <given-names>L</given-names></author>. (<year>1982</year>): <title>The Natal Monocline</title>.- 2nd revised edition, <other>Pietermaritzburg</other>.
<author><surname>LAUER</surname>, <given-names>W</given-names></author>., <author><surname>RAFIQPOOR</surname>, <given-names>M.D.</given-names></author> & <author><surname>FRANKENBERG</surname>, <given-names>P</given-names></author>. (<year>1996</year>): <title>Die Klimate der Erde. Eine Klassifikation auf ökophysiologischer Grundlage</title>. <source>Erdkunde</source> Bd. <volume>50</volume>, H.<issue>4</issue>: <fpage>275</fpage>-<lpage>300</lpage>
<author><surname>LÖFFLER</surname>, <given-names>E</given-names></author>.: (<year>1996</year>): <title>Bioturbation als Faktor der Reliefgenese in den wechselfeuchten Tropen</title>.- <source>Petermanns Geogr. Mitt.</source> <volume>140</volume>: <fpage>301</fpage>-<lpage>313</lpage>.
<author><surname>MANSHARD</surname>, <given-names>W</given-names></author>. (<year>1988</year>). <title>Entwicklungsprobleme in den Agrarräumen des tropischen Afrika</title>. <other>Darmstadt</other>.
<author><surname>MAUD</surname>, <given-names>R.R.</given-names></author> (<year>1968</year>): <title>Quaternary geomorphology and soil formation in coastal Natal</title>.- <source>Z.Geomorph. N.F.</source>, Suppl.-Bd. <volume>7</volume>: <fpage>155</fpage>-<lpage>197</lpage>.
<author><surname>MOLL</surname>, <given-names>E.J.</given-names></author> (<year>1976</year>): <title>The Vegetation of the Three Rivers Region, Natal</title>.- <source>Natal Town and Regional Planning Reports</source> <volume>33</volume>. <editor>Town and Regional Planning Commission</editor>, <other>Pietermaritzburg</other>.
<author><surname>OLLESCH</surname>., <given-names>G</given-names></author>. & <author><surname>SEUFFERT</surname>, <given-names>O</given-names></author>. (<year>1996</year>): <title>Sediment and soluble load from pasture ecosystems in southern Sardinia. Interpretation on a single event level</title>. <source>Tagungsbeitrag, 28th International Geographical Congress, The Hague, August 4-10 1996</source> - unveröffentlicht
<author><surname>PEGRAM</surname>, <given-names>G</given-names></author>. & <author><surname>ADAMSON</surname>, <given-names>P</given-names></author>. (<year>1988</year>): <title>Revised risk analysis for extreme storms and floods in Natal/KwaZulu</title>.- <source>The Civil Engineer in South Africa</source>, <volume>30</volume>: <fpage>15</fpage>-<lpage>20</lpage>.
<author><surname>PULLAN</surname>, <given-names>R.A.</given-names></author> (<year>1979</year>): <title>Termite hills in Africa: their characteristics and evolution</title>. <source>Catena</source> <volume>6</volume>: <fpage>267</fpage>-<lpage>291</lpage>.
<author><surname>REID</surname>,<given-names> L.M.</given-names></author> & <author><surname>DUNNE</surname>, <given-names>T</given-names></author>. (<year>1984</year>): <title>Sediment Production From Forest Road Surfaces</title>.- <source>Water Resources Research</source> <volume>20</volume>: <fpage>1753</fpage>-<lpage>1761</lpage>.
<author><surname>RUSSOW</surname>, <given-names>F</given-names></author>. (<year>1997</year>): <title>Geoökologische Untersuchungen zur Bodenerosion und über das Zustandekommen der Sedimentationsrate des Hazelmere Staudamms im Mdloti-Einzugsgebiet, Provinz KwaZulu-Natal, Südafrika</title>. Mag.-Arb. (unveröff.) am Institut für Geographie, TU Darmstadt.
<author><surname>SCHULTZ</surname>, <given-names>J</given-names></author>. (<year>1995</year>): <title>Die Ökozonen der Erde</title>.- 2. Auflage, <other>Stuttgart</other>.
<author><surname>SEMMEL</surname>, <given-names>A</given-names></author>. (<year>1991</year>): <title>Relief, Gestein, Boden. Grundlagen der Physischen Geographie</title> <volume>L</volume>- <other>Darmstadt</other>.
<author><surname>SEUFFERT</surname>, <given-names>0</given-names></author>., <author><given-names>K</given-names>.<surname>HERRIG</surname></author>, <author><given-names>G</given-names>. <surname>OLLESCH</surname></author> & <author><given-names>D</given-names>. <surname>BUSCHE</surname></author> (<year>1999</year>): <title>REI - An integrated Rainfall Erosivity Index for assessing and corrrelating rainfall structure, runoff and erosion</title>. <source>Geoökodynamik</source> <volume>20</volume>: <fpage>1</fpage>-<lpage>54</lpage>
<author><surname>SEUFFERT</surname>, <given-names>O</given-names></author>., <author><surname>BUSCHE</surname>, <given-names>D</given-names></author>. & <author><surname>LÖWE</surname>, <given-names>P</given-names></author>. (<year>1999</year>b): <title>Rainfall Structure - Rainfall Erosivity: New concepts to solve old problems</title>. <source>Petermanns Geographische Mitteilungen</source> <volume>144</volume>, <fpage>5</fpage>-<lpage>6</lpage>: (in press) 
<author><surname>TRIEGAARDT</surname>, <given-names>D.O.</given-names></author>, <author><surname>TERBLANCHE</surname>, <given-names>D.E.</given-names></author>, <author><surname>VAN HEERDEN</surname>, <given-names>J</given-names></author>. & <author><surname>LAING</surname>,<given-names> M.V.</given-names></author> (<year>1988</year>): <title>The Natal Flood of September 1987</title>.- <source>Technical Paper</source> No. <volume>19</volume>. <editor>Department of Environmental Affairs- Weather Bureau</editor>, <other>Pretoria</other>.
<editor>UMGENI WATER, WATER QUALITY PLANNING</editor> (<year>1993</year>): <title>Historical and current water quality trends in the Hazelmere Impoundment - Implications for water treatment</title>.- <publisher>Umgeni Water</publisher>, <other>P‘maritzburg</other>.
<author><surname>WEIGT</surname>, <given-names>E</given-names></author>. (<year>1963</year>): <title>Natur- und Anthropogeographische Probleme der Entwicklungsländer</title>.- In: <editor>Scholz, F.</editor> [Hrsg.] (<year>1985</year>): <source>Entwicklungsländer: Beiträge der Geographie zur Entwicklungsforschung</source>. <other>Darmstadt</other>.