<author><surname>BELCHER</surname>, <given-names>R. C.</given-names></author> & <author><surname>PARADIS</surname>, <given-names>A. R.</given-names></author> (<year>1991</year>): <title>A mapping approach to three-dimensional modeling</title>. In <editor>Turner, A.K.</editor> (ed.) <source>Three-Dimensional Modeling With Geo-Scientific information Systems, NATO ASI Series C: Mathematical and Physical Sciences</source>, Vol. <volume>354</volume>, <other>Dordrecht</other>: <publisher>Kluwer Academic Publishers</publisher>.
<author><surname>CLARKE</surname>, <given-names>K. C.</given-names></author> (<year>1986</year>): <title>Advances in Geographic information System</title>. <source>Computers, Environment and Urban Systems</source>, <volume>10</volume>: <fpage>175</fpage>-<lpage>184</lpage>.
<other>CONES A GARCÍA</other>, <author><surname>LÓPEZ BERMÚDEZ</surname>, <given-names>F</given-names></author>. & <author><surname>ALONSO SARRIA</surname>, <given-names>F</given-names></author>. (<year>1994</year>. <title>Morfometría de grietas de retracción en un badland del sureste semiárido peninsular</title>. In: <editor>Amáez,J.</editor>, <editor>García Ruiz, J.M.</editor> & <editor>Gómez Villar, A.</editor> (Eds), <source>Geomorfología en España</source>, <publisher>Sociedad Española de Geomorfología</publisher>, <other>Zaragoza</other>, pp. <fpage>41</fpage>-<lpage>54</lpage>.
<author><surname>COWEN</surname>, <given-names>D. J.</given-names></author> (<year>1988</year>): <title>GIS versus CAD versus DBMS: What are the Differences?</title>. <source>Photogrametric Engineering & Remote Sensing</source>, <volume>54</volume>, <issue>11</issue>: <fpage>1551</fpage>-<lpage>1555</lpage>.
<author><surname>EASTMAN</surname>, <given-names>J. R.</given-names></author> (<year>1992</year>): <title>IDRISI (v.4.0), User's Guide</title>. <publisher>Clark University, Graduate School of Geography</publisher>, <other>Massachusetts</other>, 178 p.
<author><surname>FISHER</surname>, <given-names>T. R.</given-names></author> & <author><surname>WALLES</surname>, <given-names>R. Q.</given-names></author> (<year>1991</year>): <title>Three-dimensional solid modelling of geo-objects using non-uniform rational B-splines</title>. In <editor>Turner, A. K.</editor> (ed.) <source>Three-Dimensional Modelling With Geo-Scientific Information Systems, NATO ASI Series C: Mathematical and Physical Sciences</source>, Vol. <volume>354</volume>, <other>Dordrecht</other>: <publisher>Kluwer Academic Publishers</publisher>.
<author><surname>FISHER</surname>, <given-names>T. R.</given-names></author> (<year>1993</year>): <title>Use of 3D Geographic Information Systems in Hazardous Waste Site Investigations</title>. In <editor>Goodchild, M.F.</editor>, <editor>Parks, B.O.</editor> & <editor>Steyaert, L.T.</editor> (eds.) <source>Environmental Modelling with GIS</source>, <publisher>Oxford University Press</publisher>, <other>Oxford</other>, pp. <fpage>238</fpage>-<lpage>247</lpage>.
<author><surname>FRIED</surname>, <given-names>D. C.</given-names></author> & <author><surname>LEONARD</surname>, <given-names>J. E.</given-names></author> (<year>1990</year>): <title>Petroleum 3-D models come in many flavors</title>. <source>Geobyte</source> <volume>5</volume>(<issue>1</issue>): <fpage>27</fpage>-<lpage>30</lpage>
<author><surname>GARCIA</surname>, <given-names>J P.</given-names></author> & <author><surname>DE LA CRUZ</surname>, <given-names>A</given-names></author>.( <year>1992</year>): <title>GIS tridimensional. La solución innovadora para las ciencias de la tierra</title>. <source>Los Sistemas de Información Geográfica en la Gestión Territorial, AESIGIT</source>, <other>Madrid</other>, pp. <fpage>55</fpage>-<lpage>67</lpage>.
<author><surname>HARVEY</surname>, <given-names>A. M.</given-names></author> (<year>1984</year>): <title>Aggradation and dissection sequences on Spanish alluvial fans: influence on morphological development</title>. <source>Catena</source>,<volume>11</volume>: <fpage>289</fpage>-<lpage>304</lpage>.
<author><surname>KAVOURAS</surname>, <given-names>M</given-names></author>. (<year>1987</year>): <title>A spatial information system for the geosciences</title>. PhD Dissertation, Frederiction: University of New Brunswick.
<author><surname>LÓPEZ BERMÚDEZ</surname>, <given-names>F</given-names></author>, <author><surname>ALONSO SARRIA</surname>, <given-names>F</given-names></author>., <author><surname>ROMERO DIAZ</surname>, <given-names>M. A.</given-names></author>, <author><surname>CONESA GARCÍA</surname>, <given-names>C</given-names></author>., <author><surname>MARTÍNEZ FERNÁNDEZ</surname>, <given-names>JOSÉ</given-names></author>, <author><surname>MARTÍNEZ FERNÁNDEZ</surname>, <given-names>JULIA</given-names></author>, (<year>1992</year>): <title>Caracterización y diseño del campo experimental de Los Guillermos (Murcia) para el estudio de los procesos de erosión y desertification en litologías blandas</title>. In: <editor>López Bermúdez, F.</editor>, <editor>Conesa García, C.</editor> & <editor>Romero Díaz, M.A.</editor> (Eds) <source>Estudios de Geomorfología en España</source>, T.l, <publisher>Sociedad Española de Geomorfología</publisher>, <other>Murcia</other>, pp. <fpage>151</fpage>-<lpage>160</lpage>.
<author><surname>MALLET</surname>, <given-names>J-L.</given-names></author> (<year>1991</year>): <title>Gocad: a computer aided design program for geological applications</title>. In <editor>TURNER, A. K.</editor> (ed.) <source>Three-Dimensional Modeling With Geo-Scientific Information Systems, NATO ASI Series C: Mathematical and Physical Sciences</source>, Vol. <volume>354</volume>, <other>Dordrecht</other>: <publisher>Kluwer Academic Publishers</publisher>.
<author><surname>PURCELL</surname>, <given-names>J</given-names></author>. & <author><surname>VARBERG</surname>, <given-names>D</given-names></author>. (<year>1987</year>): <title>Calculus with-Analytic Geometry</title>, <other>Prentice Hall, Mexico</other>, pp. <fpage>683</fpage>-<lpage>704</lpage>.
<author><surname>SAMET</surname>, <given-names>H</given-names></author>. (<year>1990</year>): <title>Applications of Spatial Data Structures</title>, <other>New York</other>, <publisher>Addison-Wesley</publisher>.
<author><surname>SMITH</surname>, <given-names>D. R.</given-names></author> & <author><surname>PARADIS</surname>, <given-names>A. R.</given-names></author> (<year>1990</year>): <title>Three-Dimensional GIS for the Earth Sciences</title>. <source>GIL/LIS</source>, pp. <fpage>324</fpage>-<lpage>335</lpage>.