<editor>AD-HOC-ARBEITSGEMEINSCHAFT BODEN der Geologischen Landesämter und der Bundesanstalt für Geowissenschaften und Rohstoffe der Bundesrepublik Deutschland</editor> (<year>1994</year>): <title>Bodenkundliche Kartieranleitung</title>: <other>392</other> S.; <other>Hannover</other>. 
<author><surname>EICH</surname>, <given-names>A</given-names></author>. (<year>1996</year>): <title>Infiltrationsmessungen auf Testflächen in Aragonien/Spanien mit dem Doppelring- und dem Einringinfiltrometer</title>. - <other>unveröffentlichte Zulassungsarbeit des Geographischen Instituts der Albert-Ludwigs-Universität Freiburg i. Br.</other>: <other>88</other> S.; <other>Freiburg i. Br. </other>
<author><surname>EICH</surname>, <given-names>A</given-names></author>. & <author><surname>WEISE</surname>, <given-names>M</given-names></author>. (<year>1996</year>): <title>Infiltrationsmessungen und Beregnungsversuche auf ausgesuchten Brachflächen bei Valsalada in Aragón/Spanien</title>. - <source>APT-Berichte (Arbeitsbereich Angewandte Physiogeographie der Tropen und Subtropen)</source>, <volume>7</volume>: <fpage>111</fpage>-<lpage>124</lpage>; <other>Freiburg i. Br. </other>
<author><surname>ENDLICHER</surname>, <given-names>W</given-names></author>., <author><surname>MÄCKEL</surname>, <given-names>R</given-names></author>. & <author><surname>SCHRÖDER</surname>, <given-names>U</given-names></author>. (<year>1987</year>): <title>Infiltrationsmessungen zur Erfassung und Erklärung der Landschaftsdegradation in Mittelchile</title>. - <source>Geoökodynamik</source>, <volume>8</volume>: <fpage>79</fpage>-<lpage>96</lpage>; <other>Darmstadt</other>. 
<author><surname>HILLS</surname>, <given-names>R.C.</given-names></author> (<year>1970</year>): <title>The determination of the Infiltration capacity of field soils using the cylinder infiltrometer</title>. - <editor>British Geomorph. Research Group</editor>, <source>Techn. Bull.</source> <volume>3</volume>: <other>24 S. </other>
<author><surname>LINK</surname>, <given-names>M</given-names></author>. (<year>1998</year>): <title>Reliefentwicklung und Oberflächenformung im Linzgau unter besonderer Berücksichtigung von Massenverlagerungen</title>. - <other>Dissertation der Geowissenschaftlichen Fakultät der Albert-Ludwigs-Universität Freiburg i. Br.</other>: <other>236</other> S.; <other>Freiburg i. Br. </other>
<author><surname>SEMMEL</surname>, <given-names>A</given-names></author>. (<year>1991</year>): <title>Würmlöß- und Schuttdeckengliederung im westlichen Mitteleuropa</title> - <source>Vortrag SEQS-Sitzung (Subkommission Europäische Quartärstratigraphie) 26.-27.02.1991 in Hannover</source>; <other>Frankfurt a. M. </other>
<author><surname>MÄCKEL</surname>, <given-names>R</given-names></author>., <author><surname>HAGMANN</surname>, <given-names>J</given-names></author>. & <author><surname>PARLOW</surname>, <given-names>E</given-names></author>.: (<year>1991</year>): <title>Klimaökologische Untersuchungen zur Erfassung und Bewertung des Weidepotentials an der Forschungsstation Nagare Nadare (Distrikt Isiolo, Kenia)</title>. - <source>Freiburger Geographische Hefte</source>, <volume>32</volume>: <fpage>111</fpage>-<lpage>129</lpage>; <other>Freiburg i. Br. </other>
<author><surname>TRICKER</surname>,<given-names> A.S.</given-names></author>: (<year>1978</year>): <title>The Infiltration Cylinder: Some comments on its use</title>. - <source>Journal of Hydrology</source>, <volume>36</volume>: <fpage>383</fpage>-<lpage>391</lpage>; <other>Amsterdam</other>: <publisher>Elsevier</publisher>.