<editor>Alsdirawi, F.</editor> [Eds]: <title>Range Management in Arid Zones</title>. <source>Proceedings of the Second International Conference on Range Management in the Arabian Gulf, Kuwait 3-6 March 1990</source>, <other>Kuwait, London, New York</other>, <fpage>53</fpage>-<lpage>70</lpage>
<author><surname>Anton</surname>, <given-names>D</given-names></author>. (<year>1984</year>): <title>Aspects of Geomorphological Evolution; Paleosols and Dunes in Saudi Arabia</title>. In: <editor>Jado, A. R.</editor> & <editor>Zotl, J. G.</editor> [Hrsg.]: <source>Quaternary Period in Saudi Arabia</source>. <publisher>Springer-Verlag</publisher>, <other>Wien, New York</other>. Vol. <volume>2</volume>, <fpage>275</fpage>-<lpage>296</lpage>
<editor>ARAMCO</editor> (<year>1984</year>): <title>Oceoanographic, Meterological Services, Survey Unit Dhahran</title>
<author><surname>Barth</surname>, <given-names>H.-J.</given-names></author> (<year>1998</year>a): <title>Status of Vegetation and an Assessment of the Impact of Overgrazing in an Area North of Jubail, Saudi Arabia</title>. In: <editor>Omar S. A. S.</editor>, <editor>Misak R.</editor>, <editor>Al-Ajmi D.</editor> & <editor>N. Al-Awadhi</editor> [Eds]: <source>Sustainable development in arid zones</source>. <other>Balkema, R‘dam</other>, <publisher>Brookfield</publisher>, <fpage>435</fpage>-<lpage>450</lpage>
<author><surname>Barth</surname>, <given-names>H.-J.</given-names></author> (<year>1998</year>b): <title>Sebkhas als Ausdruck von Landschaftsdegradation im Zentralen Küstentiefland der Ostprovinz Saudi-Arabiens</title>. <source>Regensburger Geogr. Schriften</source>, Heft <issue>29</issue>. <other>Regensburg</other>.
<author><surname>Breed</surname>, <given-names>C. S.</given-names></author>, <author><surname>Fryberger</surname>, <given-names>S. G.</given-names></author>, <author><surname>Andrews</surname>, <given-names>S</given-names></author>., <author><surname>McCauley</surname>, <given-names>C</given-names></author>., <author><surname>Lennartz</surname>, <given-names>F</given-names></author>., <author><surname>Gebel</surname>, <given-names>D</given-names></author>. & <author><surname>Horstman</surname>, <given-names>K</given-names></author>. (<year>1979</year>): <title>Regional Studies of Sand Seas, using Landsat (ERTS) Imagery</title>. In: <editor>McKEE, E. D.</editor> [Ed.]: <source>A Study of Global Sand Seas. USGS Professional Paper</source> <volume>1052</volume>, <fpage>305</fpage>-<lpage>381</lpage>
<author><surname>Fryberger</surname>, <given-names>S. G.</given-names></author>, <author><surname>Al-Sari</surname>, <given-names>A. M.</given-names></author>, <author><surname>Clisham</surname>, <given-names>T. J.</given-names></author>, <author><surname>Rizvi</surname>, <given-names>S. A. R.</given-names></author> & <author><surname>Al-Hinai</surname>, <given-names>K. G.</given-names></author> (<year>1984</year>): <title>Wind Sedimentation in the Jafurah Sand Sea, Saudi Arabia</title>, <source>Sedimentology</source>, <volume>31</volume>, <fpage>413</fpage>-<lpage>431</lpage>
<author><surname>Holm</surname>, <given-names>D. A.</given-names></author> (<year>1960</year>): <title>Desert Geomorphology in the Arabian Peninsula</title>. <source>Science</source>, <volume>132</volume>:<fpage>1369</fpage>-<lpage>1379</lpage>. 
<author><surname>Lancaster</surname>, <given-names>N</given-names></author>. (<year>1995</year>): <title>Geomorphology of Desert Dunes</title>. <publisher>Routledge</publisher>, <other>London, New York</other>
<author><surname>Mainguet</surname>, <given-names>M</given-names></author>. & <author><given-names>F</given-names>. <surname>Dumay</surname></author> (<year>1998</year>): <title>The concepts of global wind action system and sediment balance, keys for aeolian action and aesertification monitoring</title>. In: <editor>Omar S. A. S.</editor>, <editor>Misak R.</editor>, <editor>Al-Ajmi D.</editor> & <editor>N. Al-Awadhi</editor> [Eds]: <source>Sustainable development in arid zones</source>, p. <fpage>127</fpage>-<lpage>141</lpage>, <publisher>Balkema</publisher>
<author><surname>Mandaville</surname>, <given-names>J. P.</given-names></author> (<year>1990</year>): <title>Flora of Eastern Saudi Arabia</title>. <other>London, New York</other>.
<author><surname>Mortimer</surname>, <given-names>C. E.</given-names></author> (<year>1996</year>): <title>Chemie</title>. <other>Stuttgart, New York</other>.
<author><surname>Oguz</surname>, <given-names>I</given-names></author>., <author><surname>Khattab</surname>, <given-names>G. Al-Hinai</given-names></author>, <author><surname>Wasim</surname>, <given-names>A</given-names></author>. & <author><given-names>A. Z.</given-names></author> <surname>Ali</surname></author> (<year>1998</year>): <title>Desert geomorphology. Eolian sand drift rates, and their role in design of sand control measures in the Abqaiq area, Saudi Arabia</title>. In: <editor>Omar S. A. S.</editor>, <editor>Misak R.</editor>, <editor>Al-Ajmi D.</editor> & <editor>N. Al-Awadhi</editor> [Eds]: <source>Sustainable development in arid zones</source>. <publisher>Balkema</publisher>, <other>Rotterdam, Brookfield</other>, <fpage>213</fpage>-<lpage>221</lpage>
<author><surname>Sarre</surname>, <given-names>R. D.</given-names></author> & <author><surname>Chancey</surname>, <given-names>C. C.</given-names></author> (<year>1990</year>): <title>Size Segregation During Aeolian Saltation on Sand Dunes</title>. In: <source>Sedimentology</source>, <volume>37</volume>, <fpage>389</fpage>-<lpage>392</lpage>
<author><surname>SIDAHMED</surname>, <given-names>A. E.</given-names></author> (<year>1995</year>): <title>Towards Sustainable Development of Rangelands/Livestock in Dryland Areas of the Near East and North Africa</title>. In: <editor>Omar, S. A. S.</editor>, <editor>Razzaque, M. A.</editor> & <other>Ref unvollständig</other>