<author><surname>Andrienko</surname>, <given-names>N.V.</given-names></author> und <author><surname>Andrienko</surname>, <given-names>G.L.</given-names></author> (<year>1998</year>): <title>Interactive Maps for Visual Data Exploration</title>, <url>http://allanon.gmd.de/and/icavis</url> und <url>http://allanon.gmd.de/and/</url>
<author><surname>Cecconi</surname>, <given-names>A</given-names></author>. (<year>1999</year>): <title>Kartographische Darstellung von statistischen Daten im Internet</title>. MSc Thesis, Department of Geography, University of <other>Zurich</other>, <url>http://www.geo.unizh.ch/~acecconi/CartoApplet</url>
<author><surname>Cranston</surname>, <given-names>C.B.</given-names></author>, <author><surname>Brabec</surname>, <given-names>F</given-names></author>, <author><surname>Hjaltason</surname>, <given-names>G.R.</given-names></author>, <author><surname>Nebert</surname>, <given-names>D</given-names></author>., und <author><surname>Samet</surname>, <given-names>H</given-names></author>. (<year>1999</year>): <title>Adding an Interoperable Server Interface to a Spatial Database: Implementation Experiences with OpenMap</title>™. In: <editor>A. Vckovski</editor>, <editor>K. Brassel</editor> und <editor>H.-J. Schek</editor> (Eds.). <source>Interoperating Geographic Information Systems. Lecture Notes in Computer Science</source>, vol. <volume>1580</volume>, <publisher>Springer-Verlag</publisher>, <other>Berlin</other>, S. <fpage>115</fpage>-<lpage>128</lpage>.
<author><surname>Culpepper</surname>, <given-names>B.R.</given-names></author> (<year>1998</year>): <title>Weave Maps across the Web: 1998 Edition</title>. In: <source>GeoWorld</source>, November <year>1998</year>, S. <fpage>46</fpage>-<lpage>52</lpage>.
<author><surname>Dykes</surname>, <given-names>J.A.</given-names></author> (<year>1997</year>): <title>Exploring Spatial Data Representation with Dynamic Graphics</title>. In: <source>Computers & Geosciences</source>, <volume>23</volume>, <issue>4</issue>. S. <fpage>345</fpage>-<lpage>370</lpage>. Siehe auch unter: <url>http://www.geog.le.ac.uk/argus/ICA/J. Dykes/</url>
<author><surname>Flanagan</surname>, <given-names>D</given-names></author>. (<year>1997</year>): <title>Java in a Nutshell, Second Edition</title>. <publisher>O'Reilly</publisher>, <other>Cambridge</other>.
<author><surname>Gartner</surname>, <given-names>G</given-names></author>. (<year>1996</year>): <title>Internet für Kartographen</title>. In: <source>Kartographische Nachrichten</source>, <volume>46</volume>, <issue>5</issue>. S. <fpage>185</fpage>-<lpage>190</lpage>. 
<author><surname>Gartner</surname>, <given-names>G</given-names></author>. (<year>1999</year>): <title>Internet-Kartographie: (R)Evolution oder Sackgasse?</title> In: <source>Kartographische Nachrichten</source>, <volume>49</volume>, <issue>3</issue>. S. <fpage>98</fpage>-<lpage>104</lpage>.
<author><surname>Goldfarb</surname>, <given-names>C. F.</given-names></author> und <author><surname>Prescod</surname> <given-names>P</given-names></author>. (<year>1998</year>): <title>The XML Handbook</title>. <publisher>Prentice Hall PTR cop.</publisher> <other>Upper Saddle River, NJ</other>.
<author><surname>Herzog</surname>, <given-names>A</given-names></author>. (<year>1997</year>): <title>JavaCopam Applet for Unclassed Choropleth Maps</title>, <url>http://www.ktzh.ch/statistik/daten/karten/JavaMap.html</url>
<author><surname>Limp</surname>, <given-names>F. W.</given-names></author> (<year>1999</year>): <title>Warp Speed: Mapping on the World Wide Web!</title> In: <source>GepWorld</source>, September <year>1999</year>, <volume>12</volume>, <issue>9</issue>. S. <fpage>32</fpage>-<lpage>42</lpage>.
<author><surname>Monmonier</surname>, <given-names>M</given-names></author>. (<year>1989</year>): <title>Geographic Brushing: Enhancing Exploratory Analysis of the Scatterplot Matrix</title>. In: <source>Geographical Analysis</source>, <volume>21</volume>, <issue>1</issue>. S. <fpage>81</fpage>-<lpage>84</lpage>.
<author><surname>Ousterhout</surname>, <given-names>J.K.</given-names></author> (<year>1994</year>): <title>Tcl and the Tk Toolkit</title>. <publisher>Addison-Wesley</publisher>, <other>Reading MA</other>.
<author><surname>Peterson</surname>, <given-names>M. P.</given-names></author> (<year>1997</year>): <title>Trends in Internet Map Use</title>. In:<editor> ICA</editor> (Hrsg.): <source>Proceedings of the 18th International Cartographic Conference</source>, <other>Stockholm</other> <year>1997</year>, S. <fpage>1635</fpage>—<lpage>1642</lpage>.
<author><surname>Peterson</surname>, <given-names>M. P.</given-names></author> (<year>1999</year>): <title>Trends in Internet Map Use: A Second Look</title>. In: <editor>ICA</editor> (Hrsg.): <source>Proceedings of the 19th International Cartographic Conference</source>, <other>Ottawa</other> <year>1999</year>, S. <fpage>571</fpage>-<lpage>580</lpage>.
<author><surname>Prechelt</surname>, <given-names>L</given-names></author>. (<year>1999</year>): <title>Comparing Java vs. C/C++ Efficiency Differences to Interpersonal Differences</title>. In: <source>Communications of the ACM: UML in Action</source>, <volume>42</volume>, <issue>10</issue>. S. <fpage>109</fpage>-<lpage>112</lpage>.