<editor>BauGB</editor> (<year>1998</year>): <title>Baugesetzbuch</title>. <source>Bundesanzeiger</source> Nr. <volume>175 b vom 18.9.97</volume>, S. <fpage>55</fpage>-<lpage>244</lpage>.
<editor>BBodSchG</editor> (<year>1998</year>): <title>Bundes-Bodenschutzgesetz. Gesetz zum Schutz vor schädlichen Bodenveränderungen und zur Sanierung von Altlasten</title>. <source>BGBL. I</source> <volume>Nr. 16 vom 24.3.98</volume>, S. <fpage>502</fpage>-<lpage>510</lpage>.
<editor>BBodSchV</editor> (<year>1999</year>): <title>Altlasten- und Bodenschutzverordnung</title>. <source>BGBL. I</source> <volume>Nr. 36 vom 16.7.99</volume>, S. <fpage>1554</fpage>-<lpage>1582</lpage>.
<author><surname>Heidbrink</surname></author>, (<year>1999</year>): <title>Fachinformationssystem Stoffliche Bodenbelastung (FIS StoBo)</title>, <publisher>Landesumweltamt</publisher>, 48 S. + Anhang.
<author><surname>Heidbrink</surname>, <given-names>K</given-names></author>., <author><surname>Sopzcak</surname>, <given-names>D</given-names></author>., <author><surname>Müller</surname>, <given-names>I</given-names></author>., <author><given-names>H</given-names>. <surname>Frick</surname></author> (<year>1999</year>): <title>Digitale Bodenbelastungskarten - Leitfaden Probenahme und Analytik von Böden, Landesumweltamt Nordrhein-Westfalen</title>, 27 S. + Anhang.
<editor>LABO</editor> (<year>1998</year>): <title> Bund-Länder-Arbeitsgemeinschaft Bodenschutz: Hintergrund- und Referenzwerte für Böden</title>. In: <editor>Rosenkranz, D.</editor>; <editor>Einsele, G.</editor>, <editor>Harress, H.-M.</editor> (Hrsg.); <source>Bodenschutz — Ergänzbares Handbuch der Maßnahmen und Empfehlungen für Schutz, Pflege und Sanierung von Böden, Landschaft und Grundwasser</source>. <publisher> Erich Schmidt Verlag</publisher> <other>Berlin</other>. Nr. <volume>9006</volume>, 123 S. 
<editor>Ministerium für Umwelt, Raumordnung und Landwirtschaft</editor> (<year>1999</year>a): <title>RdErl. des Ministerium für Umwelt, Raumordnung und Landwirtschaft vom 18.12.1998 "Richtlinien über die Gewährung von Zuwendungen für Maßnahmen des Bodenschutzes"</title>. <volume>Mbl. Nr. 32 vom 1.6.99</volume>, S. <fpage>599</fpage>-<lpage>624</lpage>.
<editor>Ministerium für Umwelt, Raumordnung und Landwirtschaft</editor> (<year>1999</year>b): <title>Bodeninformationssystem Nordrhein-Westfalen</title>, 38 S.
<author><surname>Reinirkens</surname>, <given-names>P</given-names></author>. (<year>1998</year>): <title>Digitale Bodenbelastungskarten Ergebnis- und Erfahrungsbericht</title>, Hrsg.: <editor>Landesumweltamt Nordrhein-Westfalen</editor>, 64 S. + Anhang.
<author><surname>Reinirkens</surname>, <given-names>P</given-names></author>; <author><given-names>G</given-names>. <surname>Börner</surname></author> (<year>1999</year>): <title>Digitale Bodenbelastungskarte: Auswertungen der digitalen Bodenbelastungskarte des Testgebietes Nord</title>, Hrsg: <editor>Landesumweltamt Nordrhein-Westfalen</editor>, 21 S. + Anhang. 
<author><surname>Streit</surname>, <given-names>U</given-names></author>. (<year>1981</year>): <title>Kriging — eine geostatistische Methode zur räumlichen Interpolation hydrologischer Informationen</title>. In: <source>Wasserwirtschaft</source> <volume>71</volume>, Heft <issue>7/8</issue>, S. <fpage>219</fpage>-<lpage>223</lpage>.