<author><surname>Barwinski</surname>, <given-names>Klaus-J.</given-names></author>: <title>Geoinformation und Kartographie in Europa</title>. In: <source>Kartographische Nachrichten</source>, <year>1993</year>, Seite <fpage>213</fpage>-<lpage>220</lpage>.
<author><surname>Brüggemann</surname>, <given-names>Heinz</given-names></author>: <title>CERCO im Wandel</title>. In: <source>Kartographische Nachrichten</source>, <other>1994</other>, Seite <fpage>89</fpage>—<lpage>96</lpage>.
<author><surname>Grothenn</surname>, <given-names>Dieter</given-names></author>: <title>Einheitliche Gestaltung der amtlichen topographischen Kartenwerke in Europa?</title> In: <source>Kartographische Nachrichten</source>, <other>1994</other>, Seite <fpage>1</fpage>-<lpage>6</lpage>.
<author><surname>Grothenn</surname>, <given-names>Dieter</given-names></author>: <title>Perspektiven der topographischen Landeskartographie</title>. In: <source>Zeitschrift für Vermessungswesen</source>, <year>1997</year>, Seite <fpage>297</fpage>-<lpage>307</lpage>.
<author><surname>Harbeck</surname>, <given-names>Rolf</given-names></author>: <title>Anspruch und Stellung der Kartographie in der GIS-Welt</title>. In: <source>Kartographie im Umbruch — neue Herausforderungen, neue Technologien; Beiträge zum Kartographie-Kongress Interlaken 96. Kartographische Publikationsreihe</source> Nr. <volume>14</volume>, herausgegeben von der <editor>Schweizerischen Gesellschaft für Kartographie</editor>, <year>1996</year>, Seite <fpage>27</fpage>-<lpage>34</lpage>.