<author><surname>Asperen</surname>, <given-names>P. van</given-names></author>, (<year>1996</year>): <title>Digital updates at the Dutch Topographic Service</title>. In: <source>IAPRS</source>, Vol. <volume>31</volume>, <issue>B4</issue>, <other>Vienna</other>, pp. <fpage>891</fpage>-<lpage>900</lpage>. 
<author><surname>Baatz</surname>, <given-names>M</given-names></author>. & <author><surname>Schape</surname>, <given-names>A</given-names></author>. (<year>1999</year>): <title>Object-oriented and multi-scale image analysis in semantic networks</title>. In: <source>Proc 2nd International Symposium on Operationalisation of Remote Sensing Conference and Exhibition</source>, CD. 
<author><surname>Baatz</surname>, <given-names>M</given-names></author>. & <author><surname>Schape</surname>, <given-names>A</given-names></author>. (<year>2000</year>): <title>Multiresolution segmentation - an optimization approach for high quality multi-scale image segmentation</title>, In: <editor>Strobl, J.</editor>, <editor>Blaschke, T.</editor> & <editor>Griesebner G.</editor> (Hrsg.): <source>Angewandte Geographische Informationsverarbeitung, Beiträge zum AGIT-Symposium Salzburg 2000</source>, <other>Karlsruhe</other>.
<author><surname>Barnsley</surname>, <given-names>M.J.</given-names></author> & <author><surname>Barr</surname>, <given-names>S.L.</given-names></author> (<year>1996</year>): <title>Inferring urban land use from satellite sensor images using kernel-based spatial reclassification</title>, In: <source>Photogrammetric Engineering & Remote Sensing</source>, <volume>62</volume>, pp. <fpage>949</fpage>-<lpage>958</lpage>. 
<author><surname>Blaschke</surname>, <given-names>T</given-names></author>. (<year>2000</year>): <title>Objektextraktion und regelbasierte Klassifikation von Fernerkundungsdaten: Neue Möglichkeiten für GIS-Anwender und Planer</title>, <source>5. Symposium „Computergestützte Raumplanung"</source>, <url>www.corp.at </url>
<author><surname>Bruniquel-Pinel</surname>, <given-names>V</given-names></author>. & <author><surname>Gastellu-Etchegorry</surname>, <given-names>J. P.</given-names></author> (<year>1998</year>): <title>Sensitivity of texture of high resolution images of forest to biophysical and acquisition parameters</title>. In: <source>Remote Sensing of Environment</source>, <volume>65</volume>, pp. <fpage>61</fpage>-<lpage>85</lpage>. 
<author><surname>Hoffmann</surname>, <given-names>A</given-names></author>. & <author><surname>Lehmann</surname>, <given-names>F</given-names></author>. (<year>2000</year>): <title>Vom Mars zur Erde - die erste digitale Orthobildkarte Berlin mit Daten der Kamera HRSC-A</title>. In: <source>Kartographische Nachrichten</source>, <volume>50</volume> <issue>2</issue>/<year>2000</year>, S. <fpage>61</fpage>-<lpage>72</lpage>. 
<author><surname>Johnsson</surname>, <given-names>K</given-names></author>. (<year>1994</year>): <title>Segment-based land use classification from SPOT Satellite data</title>. In: <source>Photogrammetric Engineering & Remote Sensing</source>, <volume>60</volume> (<issue>I</issue>), pp <fpage>47</fpage>-<lpage>53</lpage>. 
<author><surname>Lehmann</surname></author>/<author><surname>Hoffmann</surname></author>/ <author><surname>Renouard</surname></author>/<author><surname>van der Vegt</surname></author> (<year>2000</year>): <title>Fully digital and automatic Production of accurate geodata: The High Resolution Stereo Camera -Airborne (HRSC-A)</title>. In: <source>GIM international</source> <volume>7</volume>/<year>2000</year>, pp <fpage>12</fpage>-<lpage>17</lpage>. 
<author><surname>Renouard</surname>, <given-names>L</given-names></author>. & <author><surname>Lehmann</surname>, <given-names>F</given-names></author>. (<year>1999</year>): <title>High Resolution Digital Surface Models and Orthoimages for Telecom Network Planning</title>. In: <source>Photogrammetric Week</source>, <volume>99</volume>, <editor>D. Fritsch</editor> & <editor>D. Spiller</editor> (Hrsg.), <publisher>Wichmann</publisher>, <other>Heidelberg, Germany</other>, pp. <fpage>241</fpage>-<lpage>247</lpage>. 
<author><surname>Smith</surname>, <given-names>M</given-names></author>. & <author><surname>Hoffmann</surname>, <given-names>A</given-names></author>. (<year>2000</year>): <title>Parcel-based approaches to the classification of fine spatial resolution imagery: Example methodologies using HRSC-A data</title>. In: <source>IAPRS</source> Vol. <volume>XXXIII</volume> <other>Amsterdam</other> <year>2000</year>. 
<author><surname>Wewel</surname>, <given-names>F</given-names></author>. & <author><surname>Scholten</surname>, <given-names>F</given-names></author>. (<year>1999</year>): <title>High Resolution Stereo Camera (HRSC): Multispectral data acquisition and photogrammetric data processing</title>. In: <source>Proc. 4lh International Airborne Remote Sensing Conference and Exhibition</source>, Vol. <volume>I</volume>, pp <fpage>263</fpage>-<lpage>271</lpage>. 
<author><surname>Townshend</surname>, <given-names>J.R.G.</given-names></author>, <author><surname>Huang</surname>, <given-names>C</given-names></author>, <author><surname>Kalluri</surname>, <given-names>S.N.V.</given-names></author>, <author><surname>Defries</surname>, <given-names>R. S.</given-names></author>, <author><surname>Liang</surname>, <given-names>S</given-names></author>. (<year>2000</year>): <title>Beware of per-pixel characterization of land</title>. In: <source>International Journal of Remote Sensing</source>, vol. <volume>21</volume>, no <issue>4</issue>, pp <fpage>839</fpage>-<lpage>843</lpage>.