<author><surname>Al-Nakib</surname>, <given-names>N</given-names></author>. (<year>1996</year>): <title>Interpretation und digitale Bearbeitung von Kartenobjekten aus SAR-Daten für die Kartenherstellung der Maßstäbe 1:25 000 und 1:100 000</title>, Diplomarbeit, Fachhochschule <other>München</other>. 
<author><surname>Huber</surname>, <given-names>R</given-names></author>., <author><surname>Schmieder</surname>, <given-names>A</given-names></author>. (<year>1997</year>): <title>Automatic extraction of cartographic features from airborne interferometric SAR data</title>, <source>Proceedings of EUROPTO Symposium on Aerospace Remote Sensing</source>, <other>London, UK</other>, p. <fpage>188</fpage>-<lpage>196</lpage>. 
<author><surname>Keim</surname>, <given-names>A</given-names></author>. (<year>1997</year>): <title>Untersuchung zur Fortführung von ATKIS-DLM 25-Daten durch visuelle Interpretation von SAR-Bildern</title>, Diplomarbeit, Fachhochschule <other>München</other>. 
<author><surname>Schmieder</surname>, <given-names>A</given-names></author>., <year>1997</year>: <title>Gewinnung von Höhendaten aus InSAR-Daten durch automatische Klassifikation zur Geländemodellbearbeitung</title>, Diplomarbeit, Fachhochschule <other>München</other>.
<author><surname>Schmieder</surname>, <given-names>A</given-names></author>., <author><surname>Huber</surname>, <given-names>R</given-names></author>. (<year>2000</year>): <title>Automatic generation of contour lines for topographic maps by means of airborne high-resolution interferometric radar data</title>, <source>Proceedings of the ASPRS Annual Conference Proceedings</source>, <other>Washington, DC, USA</other>, May <year>2000</year>.
<author><surname>Schwäbisch</surname>, <given-names>M</given-names></author>., <author><surname>Moreira</surname>, <given-names>J</given-names></author>. (<year>1999</year>): <title>The high resolution airborne interferometric SAR AeS-1</title>. <source>Fourth international airborne remote sensing conference and exhibition</source>, <other>Ottawa, Canada</other>, 21-24June <year>1999</year>.
<author><surname>Wimmer</surname>, <given-names>Ch</given-names></author>., <author><surname>Siegmund</surname>, <given-names>R</given-names></author>., <author><surname>Schwäbisch</surname>, <given-names>M</given-names></author>., <author><surname>Moreira</surname>, <given-names>J</given-names></author>. (<year>2000</year>): <title>Generating of high-precision DEMs of the Wadden Sea with airborne interferometric SAR</title>. January <year>2000</year>, <source>IGARSS</source> <year>2000</year>, <other>Hawaii, USA,</other> July <year>2000</year>. 
<author><surname>Wintges</surname>, <given-names>T</given-names></author>, <author><surname>Al-Nakib</surname>, <given-names>N</given-names></author>. (<year>2000</year>): <title>Topographic map production based on SAR ortho image maps</title>, <source>Proceedings of Convención International Informática 2000, II Congreso International de Geomatica</source>, <other>La Habana, Cuba</other>, May <year>2000</year>.