<editor>Nagel, G.</editor> und <editor>Welsch, W. M.</editor> (Hrsg.) (<year>1999</year>): <title>Karten der Berge. Vom Meßtisch zur Satellitenvermessung. Katalog zur Ausstellung des Bayerischen Landesvermessungsamtes und des Deutschen Alpenvereins</title>. Alpines Museum des Deutschen Alpenvereins. <publisher>Bergverlaq Rother</publisher>, <other>München</other>; 304 S. ISBN: <identifier>3-928777-66-1</identifier>.
<author><surname>Trentin-Meyer</surname>, <given-names>M</given-names></author>. [<year>1999</year>].- <title>Neue Ausstellung im Alpinen Museum. Karten der Berge. Vom Meßtisch zur Satellitenvermessung. Internet-Ankündigung vom 20.9.1999</title>. <url>http://www.alpenverein.de/webedit/pub/musakfumain.shtml</url>; 5 S.
<author><surname>Trentin-Meyer</surname>, <given-names>M</given-names></author>. und <author><surname>Welsch</surname>, <given-names>W</given-names></author>. [<year>1999</year>]: <title>Karten der Berge. Vom Meßtisch zur Satellitenvermessung</title>. In: <source>Panorama, Mitteilungen des Deutschen Alpenvereins</source>, <volume>51</volume>. Jahrgang, Nr. <issue>5</issue>. <publisher>Deutscher Alpenverein e.V</publisher>, <other>München</other>; S. <fpage>32</fpage>—<lpage>36</lpage>.