<author><surname>Alisch</surname>, <given-names>M</given-names></author>. (<year>1997</year>): <title>Surfing Internet.- Datenfrust? Infolust!</title>, in: <source>GeoBIT</source>, <volume>3</volume>, S. <fpage>6</fpage>-<lpage>8</lpage>.
<author><surname>Beckert</surname>, <given-names>A</given-names></author>, <author><surname>Wagner</surname>, <given-names>A</given-names></author>., <author><surname>Wenninger</surname>, <given-names>H</given-names></author>. (<year>1998</year>): <title>Geodaten im Internet. Aufbau eines flächendeckenden Geoinformationssystems für bayerische Katasterdaten</title>, in: <source>Der Vermessungsingenieur</source>, <volume>49</volume>. J., H. <issue>2</issue>, S. <fpage>69</fpage>—<lpage>74</lpage>. 
<author><surname>Dickmann</surname>, <given-names>F</given-names></author>. (<year>1997</year>): <title>Kartographie im Internet. Grenzen und Möglichkeiten der neuen Informationstechnologie für die kartographische Praxis</title>, in: <source>Kartographische Nachrichten</source>, <volume>47</volume>. Jg., H. <issue>3</issue>, S. <fpage>87</fpage>-<lpage>96</lpage>.
<author><surname>Dickmann</surname>, <given-names>F</given-names></author>. (<year>1999</year>): <title>Internet Map Server - Zur Funktionalität und Anwendung eines neuen kartographischen Mediums</title>, in: <source>Erdkunde — Archiv für wissenschaftliche Geographie</source>, Bd.<volume>53</volume>, S. <fpage>65</fpage>-<lpage>75</lpage>.
<author><surname>Drießen</surname>, <given-names>S</given-names></author>. (<year>1999</year>): <title>Gewusst wo — Der Weg zu Geodaten über das Internet</title>, in: <source>GeoBIT</source> <volume>3</volume>/<year>1999</year>, S. <fpage>27</fpage>-<lpage>29</lpage>.
<author><surname>Figura</surname>, <given-names>J</given-names></author>. (<year>1999</year>): <title>Geodaten für alle? Möglichkeiten und Grenzen der Normierung komplexer Datenmodelle</title>, in: <source>GeoBit</source>, <volume>4</volume>, S. <fpage>30</fpage>-<lpage>32</lpage>.
<author><surname>Friedrich</surname>, <given-names>J</given-names></author>. (<year>1999</year>): <title>Modellierung von geodätischen Anwendungen für Client/Server-Computernetzwerke mittels Web-Technologie</title>, in: <source>Allgemeine Vermessungsnachrichten</source>, <volume>4</volume>, S. <fpage>123</fpage>-<lpage>127</lpage>.
<author><surname>Friedrich</surname>, <given-names>J</given-names></author>. (<year>1997</year>): <title>Nutzung und Vermarktung geodätischer Dienstleistungen über Computernetzwerke - Grundideen, Grundlagen und Verwirklichung</title>, in: <source>Zeitschr. f. Vermessungswesen</source>, <volume>12</volume>, S. <fpage>574</fpage>-<lpage>581</lpage>.
<author><surname>Huber</surname>, <given-names>M</given-names></author>. (<year>1998</year>): <title>High Tech - Entwicklungstrends bei Geodaten-Servern</title>, in: <source>GeoBIT</source>, <volume>3</volume>, S. <fpage>18</fpage>-<lpage>20</lpage>. 
<author><surname>Illert</surname>, <given-names>A</given-names></author>.: <title>MEGRIN: Kooperation der Amtlichen Kartographie in Europa</title>, in: <editor>Deutsche Gesellschaft für Kartographie</editor> (Hrsg.) (<year>1997</year>): <source>GIS und Kartographie im multimedialen Umfeld — Grundlagen, Anwendungen und Entwicklungstrends, Kartographische Schriften</source> Bd. <volume>2</volume>, <other>Bonn</other>, S. <fpage>78</fpage>-<lpage>82</lpage>.
<author><surname>Jiang</surname>, <given-names>B</given-names></author>. / <author><surname>Ormeling</surname>, <given-names> F.J.</given-names></author> (<year>1997</year>): <title>Cybermap: The Map for Cyberspace</title>, in: <source>Cartoqraphic Journal</source>, Bd. <volume>34</volume>, H.<issue>2</issue>,S. <fpage>111</fpage>-<lpage>116</lpage>.
<author><surname>Lotz-Iwen</surname>, <given-names>H.J.</given-names></author>, <author><surname>Göbel</surname>, <given-names>R</given-names></author>., <author><surname>Markwitz</surname>, <given-names>W</given-names></author>. (<year>1995</year>): <title>ISIS- Fernerkundung für jedermann</title>, <other>Heidelberg</other>.
<author><surname>Seeberger</surname>, <given-names>S</given-names></author>. (<year>1998</year>): <title>Moderne Architekturen - Anbindung von GIS an das WWW</title>, in: <source>GeoBIT</source>, <volume>5</volume>, S. <fpage>18</fpage>—<lpage>21</lpage>.
<author><surname>Stahl</surname>, <given-names>R</given-names></author>. (<year>1995</year>): <title>Aufbau einer digitalen, vernetzten Informationsstruktur über Geoinformationssysteme im Internet</title>, in: <editor>Buziek</editor> (Hrsg.): <source>GIS in Forschung und Praxis</source>, <other>Stuttgart</other>, S. <fpage>76</fpage>-<lpage>90</lpage>.
<author><surname>Stahl</surname>, <given-names>R</given-names></author>. (<year>1994</year>): <title>GIS-Ressourcen im Internet</title>. <source>Salzburger Geographische Materialien</source>, Nr. <volume>21</volume>, <other>Salzburg</other> (<url>http://www.laum.uni-hannover.de/ilr/veroef/inlernet.html</url>). 
<author><surname>Strobl</surname>, <given-names>J</given-names></author>. (<year>1998</year>): <title>Heiße Quellen — GIS-lnformationen im Internet</title>, in: <source>GeoBIT</source>, <volume>3</volume>, S. <fpage>22</fpage>-<lpage>24</lpage>.
<author><surname>Wenninger</surname>, <given-names>H</given-names></author>., <author><surname>Beckert</surname>, <given-names>A</given-names></author>. (<year>1998</year>): <title>Geodaten im Internet. Aufbau eines flächendeckenden GIS für bayerische Katasterdaten und neue Anwendungen</title>, in: <source>GIS — Zeitschrift für raumbezogene Informationen und Entscheidungen</source>, <volume>1</volume>, S. <fpage>9</fpage>-<lpage>11</lpage>.