<author><surname>Baumgardt</surname>, <given-names>Michael</given-names></author> <year>12000</year>): <title>Webdesign mit Adobe Photoshop 5.5. Webgrafiken professionell gestalten mit Mac und PC</title>. <publisher>Addison-Wesley</publisher>, <other>München</other>.
<author><surname>Celeste</surname>, <given-names>Anthony</given-names></author> (<year>2000</year>): <title>The Future of Web Design Part I, II and III</title>. In: <source>Corel Designer.com, Focus</source>. (<url>http://www.designer.com/focus/articles/web_future_3/web_future_all.htm</url>)
<author><surname>Dickmann</surname>, <given-names>Frank</given-names></author> (<year>2000</year> a): <title>Webmapping (Teil I): Kartenpräsentation im World Wide Web</title>. In: <source>Geographische Rundschau</source> <volume>52</volume>, Heft <issue>3</issue>, <publisher>Westermann</publisher>, <other>Braunschweig</other>, S. <fpage>42</fpage>-<lpage>47</lpage>.
<author><surname>Dickmann</surname>, <given-names>Frank</given-names></author> (<year>2000</year> b): <title>Webmapping (Teil II): Kartenentwurf mit dem World Wide Web</title>. In: <source>Geografische Rundschau</source> <volume>52</volume>, Heft <issue>5</issue>, <publisher>Westermann</publisher>, <other>Braunschweig</other>, S. <fpage>51</fpage>-<lpage>56</lpage>.
<author><surname>Gartner</surname>, <given-names>Georg</given-names></author> (<year>1996</year>): <title>Internet für Kartographen</title>. In: <source>Kartographische Nachrichten</source> <volume>46</volume>, Heft <issue>5</issue>, <publisher>Kirschbaum Verlag</publisher>, <other>Bonn</other>, S. <fpage>185</fpage>-<lpage>190</lpage>.
<author><surname>McKelvey</surname>, <given-names>Roy</given-names></author> (<year>1999</year>): <title>Hypergraphics. Design und Architektur von Websites</title>. <publisher>Rowohlt Taschenbuch Verlag</publisher>, <other>Reinbeck</other>.
<author><surname>Müller</surname>, <given-names>J. C.</given-names></author> und <author><given-names>U</given-names>. <surname>Grebe</surname></author> (<year>2000</year>): <title>Lingo, eine Skriptsprache für die Herstellung animierter und interaktiver Karten</title>. In: <editor>Buziek, G.</editor>, <editor>Dransch, D.</editor> und <editor>W.-D. Rase</editor> (Hrsg.): <source>Dynamische Visualisierung. Grundlagen mit Anwendungsbeispielen aus der Kartographie</source>. <publisher>Springer Verlag</publisher>, <other>Heidelberg</other> (Erscheinungstermin: Juli 2000). (Aktuelle Informationen von der Springer-Homepage). 
<author><surname>Schlimm</surname>, <given-names>Reinhold</given-names></author> (<year>1998</year>): <title>Aufbau eines Kartographischen Informationssystems im World Wide Web</title>. In: <source>Kartographische Nachrichten</source> <volume>48</volume>, Heft <issue>1</issue>, <publisher>Kirschbaum Verlag</publisher>, <other>Bonn</other>, S. <fpage>1</fpage>-<lpage>8</lpage>.