<author><surname>Bertin</surname>, <given-names>J</given-names></author>., <year>1974</year>: <title>Graphische Semiologie. Diagramme, Netze, Karten</title>. <other>Berlin — New York</other>.
<author><surname>Board</surname>, <given-names>C</given-names></author>. <year>1981</year>: <title>Cartographic communication</title>. In: <source>Cartographica</source>, Vol. <volume>18</volume>, No. <issue>2</issue>, S. <fpage>43</fpage>-<lpage>77</lpage>.
<author><surname>Bollmann</surname>, <given-names>J</given-names></author>. <year>1996</year>: <title>Kartographische Modellierung — Integrierte Herstellung und Nutzung von Kartensystemen</title>. In: <editor>Schweizerische Gesellschaft für Kartographie</editor> (Hrsg.), <source>Kartographie im Umbruch. Tagungsband zum Kartographenkongress Interlaken 1996</source>. S. <fpage>35</fpage>-<lpage>54</lpage>. 
<author><surname>DiBiase</surname>, <given-names>D</given-names></author>., <author><surname>MacEachren</surname>, <given-names>A. M.</given-names></author>, <author><surname>Krygier</surname>, <given-names>J</given-names></author>., <author><surname>Reeves</surname>, <given-names>C</given-names></author>, <author><surname>Brenner</surname>, <given-names>A</given-names></author>., <year>1991</year>: <title>Animated cartographic visualization in earth system science</title>. In: <source>Proceedings of the 15th International ICA Conference</source>, <other>Bournemouth</other> <year>1991</year>, Vol. <volume>1</volume>, p. <fpage>223</fpage>-<lpage>232</lpage>.
<author><surname>Dransch</surname>, <given-names>D</given-names></author>. <year>1999</year>: <title>Theoretical issues in multimedia cartography</title>. In: <editor>Cartwright, W</editor>, <editor>Peterson, M. P</editor>, <editor>Gartner, G.</editor> (eds), <source>Multimedia Cartography</source>. <publisher>Springer</publisher>, <other>Heidelberg</other>, p. <fpage>41</fpage>-<lpage>48</lpage>.
<author><surname>Guo</surname>, <given-names>J</given-names></author>. <year>1997</year>: <title>The interaction of multimedia maps</title>. In: <source>Proceedings of the 18th ICA Conference</source>, <other>Stockholm</other> <year>1997</year>, p. <fpage>556</fpage>-<lpage>562</lpage>.
<author><surname>Keller</surname>, <given-names>C. P</given-names></author>, <author><surname>O’Connell</surname>, <given-names>J</given-names></author>., <year>1997</year>: <title>Methodologies for evaluating user attitudes towards and interaction with innovativ digital atlas products</title>. In: <source>Proceedings of the 18th ICA Conference</source>, <other>Stockholm</other> <year>1997</year>, p. <fpage>1242</fpage>—<lpage>1249</lpage>. 
<author><surname>Knapp</surname>, <given-names>L</given-names></author>. <year>1994</year>: <title>A task analysis approach to the visualization of geographic data</title>. In: <editor>Nyerges, T. L.</editor>, <editor>Mark, D. M.</editor>, <editor>Laurini, R.</editor>, <editor>Egenhofer, M. J.</editor>, <year>1994</year>: <source>Cognitive aspects of human-computer interaction for geographic information systems. NATO ASI Series, Serie D.- Behavioural and Social Sciences</source>, Vol <volume>83</volume>. <other>Boston</other>, p. <fpage>355</fpage>-<lpage>371</lpage>.
<author><surname>Krygier</surname>, <given-names>J. B.</given-names></author> <year>1994</year>: <title>Sound and geographic visualization</title>. In: <editor>MacEachren, A. M.</editor>, <editor>Taylor, D. R. F.</editor> (eds), <source>Visualization in modern cartography</source>, <other>Chichester-New York</other>, p. <fpage>149</fpage>-<lpage>166</lpage>.
<author><surname>MacEachren</surname>, <given-names>A. M.</given-names></author> <year>1995</year>: <title>How maps work</title>. <other>New York</other>. 
<author><surname>Lindholm</surname>, <given-names>M</given-names></author>., <author><surname>Sarjakoski</surname>, <given-names>T</given-names></author>, <year>1994</year>: <title>Designing a visualization user interface</title>. In: <editor>MacEachren, A. M.</editor>, <editor>Taylor, D. R. F.</editor> (eds), <source>Visualization in modern cartography</source>, <other>Chichester-New York</other>, p. <fpage>167</fpage>—<lpage>184</lpage>.
<author><surname>Mackaness</surname>, <given-names>W. A.</given-names></author>, <year>1995</year>: <title>A constraint based approach to human-computer-interaction in automated cartography</title>. In: <source>Proceedings of the 17lh ICA Conference</source> <other>Barcelona</other> <year>1995</year>, p. <fpage>1423</fpage>—<lpage>1432</lpage>. 
<author><surname>Medyckyj-Scott</surname>, <given-names>D</given-names></author>., <author><surname>Board</surname>, <given-names>C</given-names></author>. <year>1991</year>: <title>Cognitive cartography: A new heart for a lost soul</title>. In: <editor>Mueller, J. C.</editor> (ed.) <source>Advances in Cartography</source>. <other>London</other>, p. <fpage>201</fpage>—<lpage>230</lpage>. 
<author><surname>Medyckyj-Scott</surname>, <given-names>D</given-names></author>. (<year>1994</year>): <title>Visualization and human computer interaction in GIS</title>. In: <editor>H. M. Hearnshaw</editor>, <editor>D. J. Unwin</editor> (eds.): <source>Visualization in Geographical Information Systems</source>, p. <fpage>200</fpage>-<lpage>211</lpage>.
<author><surname>Monmonier</surname>, <given-names>M</given-names></author>., <year>1990</year>: <title>Strategies for the interactive exploration of geographic correlation</title>. In: <source>Proceedings of the 4,h International Symposium on Spatial Data Handling</source>, <other>Zürich</other>, Vol. <volume>1</volume>, p. <fpage>512</fpage>-<lpage>521</lpage>.
<editor>Nardi, B. A.</editor>, ed.) <year>1997</year>: <title>Context and conciousness. Activity theory and human-computer-interaction</title>. <other>Cambridge, MA</other>.
<author><surname>Norman</surname>, <given-names>D.A.</given-names></author>, <year>1988</year>: <title>The psychology of everyday things</title>. <other>New York</other>.
<author><surname>Nyerges</surname>, <given-names>T. L</given-names></author>, <author><surname>Mark</surname>, <given-names>D. M.</given-names></author>, <author><surname>Laurini</surname>, <given-names>R</given-names></author>., <author><surname>Egenhofer</surname>, <given-names>M. J.</given-names></author>, <year>1994</year>: <title>Cognitive aspects of human-computer interaction for geographic information systems</title>. <source>NATO ASI Series, Serie D-. Behavioural and Social Sciences</source>, Vo, <volume>83</volume>. <other>Boston</other>.
<author><surname>Redmond-Pyle</surname>, <given-names>D</given-names></author>., <author><surname>Moore</surname>, <given-names>A</given-names></author>. <year>1995</year>: <title>Graphical user interface design and evaluation. A practical process</title>. <publisher>Prentice Hall</publisher>, <other>London</other>.
<author><surname>Schans</surname>, <given-names>R. van der</given-names></author>, <year>1997</year>: <title>A quest for optimal expression of objects and actions in GIS</title>. In: <source>Proceedings of Best-GIS Mid-term workshop</source>, <other>Utrecht</other>, p. <fpage>11</fpage> —<lpage>20</lpage>. 
<author><surname>Schans</surname>, <given-names>R. van der</given-names></author>, <year>1999</year>: <title>Grenzüberschreitende Interaktionen mit Modellen und Karten. Manuskript zum Vortrag auf dem Deutsch-Niederländischen Kartographentag in Maastricht 1999</title>.