<author><surname>Eggers</surname>, <given-names>O</given-names></author>. und <author><surname>Farrell</surname>, <given-names>B</given-names></author>. (<year>1999</year>): <title>PETIT — Mapping across borders</title>. In: <source>Proceedings 19. Internationale Kartographische Konferenz</source>, <other>Ottawa, Kanada</other>.
<author><surname>Illert</surname>, <given-names>A</given-names></author>. (<year>1998</year>): <title>MEGRIN — Amtliche Geoinformation für Europa</title>. In .- <source>Schriftenreihe des DVW, Band 33: 82. Deutscher Geodätentag „Geodäsie vernetzt Europa"</source>, <publisher>Verlag Konrad Wittwer</publisher>, <other>Stuttgart</other> <year>1998</year>, S.<fpage>12</fpage>—<lpage>21</lpage>.
<editor>MEGRIN</editor> (<year>1999</year>): <title>Projects — PETIT</title>. Internet: <url>http//www. megrin.org/proiects/petit/petit.html</url>