<author><surname>Greve</surname>, <given-names>D</given-names></author>.: <title>Ruthen, Hufen und Erben, Vermessung im Kataster in Mecklenburg</title>, <publisher>Verlagsgruppe Schwerin</publisher> <year>1998</year>.
<title>Leica S1 Pro, Produktinformation der Leica Camera AG</title>, <other>Solms</other> <year>1997</year>.
<author><surname>Weber</surname>, <given-names>H</given-names></author>.; <author><surname>Dörr</surname>, <given-names>M</given-names></author>.: <title>Digitisation as a Method of Preservation? Commission on Preservation and Access</title>, <other>Washington</other> <year>1997</year>.