<author><surname>Baecker</surname> <given-names>D</given-names></author>. (<title>2003</title>), <title>Organisation und Management</title>. <other>Frankfurt am Main</other>, <publisher>Suhrkamp</publisher>.
<author><surname>Becker</surname> <given-names>D</given-names></author>. (<year>2009</year>), <title>Die Sache mit der Führung. Wiener Vorlesungen</title>. <other>Wien</other>, <publisher>Picus</publisher>.
<author><surname>Bender</surname> <given-names>K.W.</given-names></author> (<year>1997</year>), <title>Entrepreneurship and Local Development in Countries in Transition</title>. In: <source>Entrepreneurship and SMEs in Transition Economies. The Visegrad Conference</source>, S. <fpage>167</fpage>-<lpage>174</lpage>. <other>Paris</other>, <publisher>OECD</publisher>.
<author><surname>Bouckenooghe</surname> <given-names>D</given-names></author>., <author><surname>De Clercq</surname> <given-names>D</given-names></author>., <author><surname>Willem</surname> <given-names>A</given-names></author>., <author><surname>Buelens</surname> <given-names>M</given-names></author>. (<year>2007</year>), <title>An Assessment of Validity in Entrepreneurship Research</title>. In: <source>The Journal of Entrepreneurship</source>, <volume>16</volume>, <issue>2</issue>, S. <fpage>147</fpage>-<lpage>171</lpage>.
<author><surname>Chandler</surname> <given-names>C</given-names></author>., <author><surname>Lyon</surname> <given-names>D</given-names></author>. (<year>2001</year>), <title>Issues of Research Design and Construct Measurement in Entrepreneurship Research: The Past Decade</title>. In: <source>Entrepreneurship: Theory & Practice</source>, <volume>25</volume>,<issue>4</issue>,S. <fpage>101</fpage>-<lpage>113</lpage>.
<author><surname>Diekmann</surname> <given-names>A</given-names></author>. (<year>2000</year>), <title>Empirische Sozialforschung. Grundlagen, Methoden, Anwendungen</title>. <other>Reinbek bei Hamburg</other>, <publisher>Rowohlt</publisher>.
<author><surname>Du Plessis</surname> <given-names>V</given-names></author>., <author><surname>Beshiri</surname> <given-names>R</given-names></author>., <author><surname>Bollmann</surname> <given-names>R.D.</given-names></author>, <author><surname>Clemenson</surname> <given-names>H</given-names></author>. (<year>2002</year>), <title>Definitions of „Rural“, Agriculture and Rural Working Paper Series</title>. In: <source>Working Paper</source> No. <volume>61</volume>, <other>Ottawa</other>, <publisher>Statistics Canada</publisher>.
<author><surname>Egner</surname> <given-names>H</given-names></author>. (<year>2006</year>), <title>Autopoiesis, Form und Beobachtung. Moderne Systemtheorie und ihr möglicher Beitrag für eine Integration von Human- und Physiogeographie</title>. In: <source>Mitt. d. Österr. Geogr. Ges.</source>, <volume>148</volume>, <issue>1</issue>,S. <fpage>92</fpage>-<lpage>108</lpage>.
<author><surname>Essmann</surname> <given-names>H</given-names></author>. (<year>1980</year>), <title>Zur Entwicklung des Ländlichen Raumes in Österreich. Ergebnisse einer Strukturuntersuchung und Folgerungen für die Raumordnungspolitik</title>. <other>Salzburg</other>, <publisher>Salzburger Inst. f. Raumforschung</publisher>.
<editor>Europäische Kommission</editor> (<year>2003</year>), <title>Empfehlung der Kommission vom 6. Mai 2003 betreffend die Definition der Kleinstunternehmen sowie der kleinen und mittleren Unternehmen</title>, <source>ABI</source>. L <volume>124</volume>, S. <fpage>36</fpage>-<lpage>41</lpage>.
<author><surname>Fassmann</surname> <given-names>H</given-names></author>., <author><surname>Meusburger</surname> <given-names>P</given-names></author>. (<year>1997</year>), <title>Arbeitsmarktgeographie. Erwerbstätigkeit und Arbeitslosigkeit im räumlichen Kontext</title>. <other>Stuttgart</other>, <publisher>B.G. Teubner</publisher>.
<author><surname>Fink</surname> <given-names>M</given-names></author>. (<year>2005</year>), <title>Erfolgsfaktor „Selbstverpflichtung“ bei vertrauensbasierten Kooperationen - Mit einem empirischen Befund</title>. <other>Frankfurt am Main</other>, <publisher>Lang</publisher>.
<author><surname>Gopinath</surname> <given-names>C</given-names></author>., <author><surname>Hoffman</surname> <given-names>R.C.</given-names></author> (<year>1995</year>), <title>A comment on the relevance of strategy research</title>. In: <editor>Shrivastava P.</editor>, <editor>Huff A.S.</editor>, <editor>Dutton J.E.</editor> (Hrsg.), <source>Advances in Strategic Management: Challenges from within the Mainstream</source>, S. <fpage>93</fpage>-<lpage>110</lpage>. <other>Greenwich, CT</other>, <publisher>JAI Press</publisher>.
<author><surname>Grichnik</surname> <given-names>D</given-names></author>. (<year>2006</year>), <title>Die Opportunity Map der internationalen Entrepreneurshipforschung</title>. In: <source>Zeitschrift f. Betriebswirtschaft</source>, <volume>76</volume>, <issue>12</issue>, S. <fpage>100</fpage>-<lpage>125</lpage>.
<author><surname>Harms</surname> <given-names>R</given-names></author>., <author><surname>Kraus</surname> <given-names>S</given-names></author>., <author><surname>Schwarz</surname> <given-names>E</given-names></author>. (<year>2009</year>), <title>The suitability of the configuration approach in entrepreneurship research</title>. In: <source>Entrepreneurship and Regional Developmental</source>, <volume>1</volume>, S. <fpage>25</fpage>-<lpage>47</lpage>.
<author><surname>Henkel</surname> <given-names>G</given-names></author>. (<year>1993</year>), <title>Der Ländliche Raum. Gegenwart und Wandlungsprozesse in Deutschland seit dem 19. Jahrhundert</title>. <other>Stuttgart</other>, <publisher>B.G. Teubner</publisher>.
<author><surname>Hitt</surname> <given-names>M.A.</given-names></author>, <author><surname>Ahlstrom</surname> <given-names>D</given-names></author>., <author><surname>Dacin</surname><given-names> M.T.</given-names></author>, <author><surname>Levitas</surname> <given-names>E</given-names></author>., <author><surname>Svobodina</surname> <given-names>L</given-names></author>. (<year>2004</year>),<title>The Institutional Effects on Strategie Alliance Partner Selection in Transition Economies: China vs. Russia</title>. In: <source>Organization Science</source>, <volume>15</volume>, <issue>2</issue>, S. <fpage>173</fpage>-<lpage>186</lpage>.
<author><surname>Holtkamp</surname> <given-names>L</given-names></author>. (<year>2007</year>), <title>Local Governance</title>. In: <editor>Benz A.</editor> (Hrsg.), <source>Handbuch Governance: theoretische Grundlagen und empirische Anwendungsfelder</source>. <other>Wiesbaden</other>, <publisher>Verl. f. Sozialwiss.</publisher>
<author><surname>Königswieser</surname> <given-names>R</given-names></author>., <author><surname>Exner</surname> <given-names>A</given-names></author>. (<year>2001</year>), <title>Systemische Intervention. Architekturen und Designs für Berater und Veränderungsmanager</title>. <other>Stuttgart</other>, <publisher>Klett Cotta</publisher>.
<author><surname>Langosch</surname> <given-names>R</given-names></author>. (<year>1994</year>), <title>Theoretische Grundlagen für die Analyse von innovationsbedingten Unterschieden des wirtschaftlichen Wachstums in ländlichen Räumen</title>. <other>Frankfurt am Main et al.</other>, <publisher>Peter Lang</publisher>.
<author><surname>Luhmann</surname> <given-names>N</given-names></author>. (<year>1984</year>), <title>Soziale Systeme: Grundriss einer allgemeinen Theorie</title>. <other>Frankfurt am Main</other>, <publisher>Suhrkamp</publisher>.
<author><surname>Luhmann</surname> <given-names>N</given-names></author>. (<year>1995</year>), <title>Die operative Geschlossenheit psychischer und sozialer Systeme</title>. In: <editor>Luhmann N.</editor> (Hrsg.), <source>Die Soziologie und der Mensch</source>, S. <fpage>25</fpage>-<lpage>36</lpage>. <other>Opladen</other>, <publisher>Westdt. Verlag</publisher>.
<author><surname>Malvache</surname> <given-names>J</given-names></author>. (<year>2008</year>), <title>Die Ansiedlung von Nokia in Cluj (Rumänien): Globalisierung im europäischen Kontext, Perspektiven des Demokratischen Sozialismus</title>. In: <source>Zeitschrift f. Gesellschaftsanalyse u. Reformpolitik</source>, <volume>1</volume>,<issue>25</issue>, S. <fpage>115</fpage>-<lpage>137</lpage>.
<author><surname>Mayring</surname> <given-names>P</given-names></author>. (<year>2002</year>), <title>Einführung in die qualitative Sozialforschung; Eine Anleitung zu qualitativem Denken</title>.<other> Basel, Weinheim</other>.
<author><surname>Mugler</surname> <given-names>J</given-names></author>. (<year>2005</year>), <title>Grundlagen der BWL der Klein- und Mittelbetriebe</title>. <other>Wien</other>, <publisher>Facultas</publisher>.
<editor>OECD</editor> (Hrsg.) (<year>1993</year>), <title>Welche Zukunft haben unsere ländlichen Räume? Eine Politik der ländlichen Entwicklung</title>. <other>Paris</other>.
<editor>OECD</editor> (Hrsg.) (<year>1995</year>), <title>Creating Employment for Rural Development. New Policy Approaches</title>. <other>Paris</other>.
<author><surname>Rössl</surname> <given-names>D</given-names></author>., <author><surname>Berger</surname> <given-names>G</given-names></author>., <author><surname>Fink</surname> <given-names>M</given-names></author>., <author><surname>Lang</surname> <given-names>R</given-names></author>. (<year>2006</year>), <title>The Evolution of Co-operation and Co-operatives between Agricultural and Commercial Enterprises. Intern. Conf. d. UNWE and CCU</title>, <other>Sofia, Bulgarien</other>.
<author><surname>Rudolph</surname> <given-names>A</given-names></author>. (<year>1997</year>), <title>Die Bedeutung von Handwerk und Kleinunternehmen für die Regionalpolitik. Eine theoretische und empirische Betrachtung</title> (= <source>Göttinger Handwerkstudien</source>, <volume>51</volume>). <other>Duderstadt</other>.
<author><surname>Rust</surname> <given-names>H</given-names></author>. (<year>1981</year>), <title>Methoden und Probleme der Inhaltsanalyse</title>. <other>Tübingen</other>, <publisher>Narr</publisher>.
<author><surname>Schmalhaus</surname> <given-names>S</given-names></author>., <author><surname>Stember</surname> <given-names>J</given-names></author>. (<year>1993</year>), <title>Schaffung gleichwertiger Lebensverhältnisse im ländlichen Raum. Möglichkeiten und Grenzen der Raumordnung</title>. In: <editor>Schmalhaus S.</editor>, <editor>Stember J.</editor> (Hrsg.), <source>Entwicklungsprobleme im ländlichen Raum</source>, S. <fpage>3</fpage>-<lpage>24</lpage>. <other>Münster - Hamburg</other>, <publisher>Lit.</publisher>
<author><surname>Schön</surname> <given-names>H</given-names></author>. (<year>1997</year>), <title>Regionalpolitische Konzepte und Strukturwandel ländlicher Räume. Eine Analyse am Beispiel des oberen Altmühltals</title>. <other>Berlin</other>, <publisher>Duncker & Humblot</publisher>.
<author><surname>Schütze</surname> <given-names>F</given-names></author>. (<year>1987</year>), <title>Das narrative Interview in Interaktionsfeldstudien</title>. <other>Hagen</other>.
<author><surname>Segert</surname> <given-names>D</given-names></author>. (<year>2009</year>), <title>Die Politik der post-kommunistischen Linken in Mittel- und Osteuropa: Der Einfluss auf die Konsolidierung oder Gefährdung der Demokratie</title>. In: <editor>Backes U.</editor>, <editor>Jaskulowski T.</editor>, <editor>Polese A.</editor> (Hrsg.), <source>Totalitarismus und Transformation: Defizite der Demokratiekonsolidierung in Mittel- und Osteuropa</source>, S. <fpage>119</fpage>-<lpage>134</lpage>. <other>Göttingen</other>, <publisher>Vandenhoeck & Ruprecht</publisher>.
<author><surname>Steger</surname> <given-names>T</given-names></author>. (<year>2006</year>), <title>Auf dem Weg zum Neo-Liberalismus? Ein kritischer Blick auf die Entwicklung der industriellen Beziehungen in Mittel- und Osteuropa</title>. In: <editor>Jurczek P.</editor>, <editor>Niedobitek M.</editor> (Hrsg.), <source>Europäische Forschungsperspektiven - Elemente einer Europawissenschaft</source>, S. <fpage>153</fpage>-<lpage>172</lpage>. <other>Berlin</other>, <publisher>Duncker & Humblot</publisher>.
<author><surname>Tsang</surname> <given-names>E</given-names></author>., <author><surname>Kwan</surname> <given-names>K.-M.</given-names></author> (<year>1999</year>), <title>Replication and Theory Development in Organization Science: A Critical Realist Perspective</title>. In: <source>Academy of Management Review</source>, <volume>24</volume>,<issue>4</issue>, S. <fpage>759</fpage>-<lpage>780</lpage>.
<author><surname>Van de Ven</surname> <given-names>A.H.</given-names></author> (<year>2002</year>), <title>Strategie directions for the Academy of Management: this academy is for you</title>. In: <source>Academy of Management Review</source>, <volume>27</volume>, <issue>2</issue>, S. <fpage>171</fpage>-<lpage>184</lpage>.
<author><surname>Veliyath</surname> <given-names>R</given-names></author>., <author><surname>Srinivasan</surname> <given-names>T.C.</given-names></author> (<year>1995</year>), <title>Gestalt approaches to assessing strategic coalignment: A conceptual integration’</title>. In: <source>British Journal of Management</source>, <volume>6</volume>, <issue>3</issue>, S. <fpage>205</fpage>-<lpage>219</lpage>.
<author><surname>Von Foerster</surname> <given-names>A</given-names></author>. (<year>1981</year>), <title>Observing Systems</title>. <other>Seaside</other>, <publisher>Intersystems Publ.</publisher>
<author><surname>Wiklund</surname> <given-names>J</given-names></author>., <author><surname>Shepherd</surname> <given-names>D</given-names></author>. (<year>2005</year>), <title>Entrepreneurial Orientation and Small Business Performance: A Configurational Approach</title>. In: <source>Journal of Business Venturing</source>, <volume>20</volume>, <issue>1</issue>, S. <fpage>71</fpage>-<lpage>91</lpage>.