<author><surname>Becker</surname> <given-names>N</given-names></author>. (<year>1977</year>), <title>Selection of vineyard sites in cool climates</title>. <other>Allbury</other>.
<author><surname>Boulton</surname> <given-names>R.B.</given-names></author>, <author><surname>Singelton</surname> <given-names>V.L.</given-names></author>, <author><surname>Bisson</surname> <given-names>L.F.</given-names></author>, <author><surname>Kunkee</surname> <given-names>R.E.</given-names></author> (<year>1998</year>), <title>Principles and practices of winemaking</title>. <other>Gaithersburg, Md.</other>, <publisher>Chapman & Hall</publisher>.
<author><surname>Duchêne</surname> <given-names>E</given-names></author>., <author><surname>Schneider</surname> <given-names>C</given-names></author>. (<year>2005</year>), <title>Grapevine and climatic changes: a glance at the situation in Alsace</title>. In: <source>Agronomic Sustainable Development</source>, <volume>25</volume>, S. <fpage>93</fpage>-<lpage>99</lpage>.
<author><surname>Gladstones</surname> <given-names>J</given-names></author>. (<year>1992</year>), <title>Viticulture and Environment</title>. <other>Adelaide</other>, <publisher>Winetitles</publisher>.
<author><surname>Hayes</surname> <given-names>P</given-names></author>. (<year>2007</year>), <title>Global Climate Change-Implications for Viticulture and Oenology</title>. <source>Intervitis Interfructa 2007, 8th International Symposium</source>, <other>Stuttgart</other>.
<editor>Intergovernmental Panel on Climate Change (IPCC)</editor> (Hrsg.) (<year>2007</year>), <title>Klimaänderung 2007 - Wissenschaftliche Grundlagen: Zusammenfassungen für politische Entscheidungsträger</title>. <other>United Kingdom - New York</other>, <publisher>Cambridge Univ. Press</publisher>.
<author><surname>Jacob</surname> <given-names>D</given-names></author>. (<year>2006</year>), <title>Klimawandel: Globale und regionale Klimamodelle</title>. - <url>http://www.umweitdachverband, at/NG_100906/NG_100906pdfs/Jacob.pdf</url> (25.09.2008)
<author><surname>Jones</surname> <given-names>G</given-names></author>. (<year>2003</year>), <title>Climate and Terroir: Impacts of Climate Variability and Change on Wine</title>. In: <editor>Geological Society of America</editor> (Hrsg.), <source>Terroir, geology and wine: a tribute to Simon J. Haynes</source>, S. <fpage>14</fpage>. <other>Seattle</other>, <source>The Geological Society of American Annual Meeting</source>.
<author><surname>Jones</surname> <given-names>G</given-names></author>. (<year>2006</year>), <title>Climate change and wine: Observations, impacts and future implications</title>. In: <source>Wine Industry Journal</source>, <volume>21</volume>,<issue>4</issue>, S. <fpage>21</fpage>-<lpage>26</lpage>.
<author><surname>Koch</surname> <given-names>E</given-names></author>., <author><surname>Scheifinger</surname> <given-names>H</given-names></author>. (<year>2004</year>), <title>Phänologie ein Bio-Indikator für den Klimawandel</title>. <other>Irding</other>. 
<author><surname>Olberg</surname> <given-names>M</given-names></author>., <author><surname>Stellmacher</surname> <given-names>R</given-names></author>., <author><surname>Kondrat‘ev</surname> <given-names>K.J.</given-names></author> (<year>1991</year>), <title>Klimadaten</title>. In: <editor>Bernhardt K.</editor>, <editor>Hupfer P.</editor> (Hrsg.), <source>Das Klimasystem der Erde - Diagnose und Modellierung, Schwankungen und Wirkungen</source>, <other>Berlin</other>, <publisher>Akademie Verlag</publisher>.
<editor>Österreich Wein Marketing GmbH (ÖWM)</editor> (Hrsg.) (<year>2006</year>), <title>Dokumentation Österreichischer Wein</title>. <other>Wien</other>.
<author><surname>Priewe</surname> <given-names>J</given-names></author>. (<year>1998</year>), <title>Wein</title>. <other>München</other>, <publisher>Zabert Sandmann</publisher>.
<editor>reclip:more</editor> (<year>2007</year>a), <title>Research for Climate Protection</title>. - <url>http://systemsresearch.arcs.ac.at/SE/projects/reclip/</url> (13.01.2008)
<editor>reclip:more</editor> (<year>2007</year>b), <title>Klimazukunft Österreich - Medieninformaton zum Projektabschluss</title>. - <url>http://tbd</url> (14.03.2008)
<editor>Sachverständigenkreis „Globale Umweltaspekte” (SVGUA) (Hrsg.)</editor> (<year>2003</year>), <title>Herausforderung Klimawandel</title>. <other>Berlin</other>, <publisher>BM f. Bildung u. Forschung</publisher>.
<author><surname>Scheifinger</surname> <given-names>H</given-names></author>., <author><surname>Böhm</surname> <given-names>R</given-names></author>., <author><surname>Auer</surname> <given-names>I</given-names></author>. (<year>2003</year>), <title>Räumliche Dekorrelation und Homogenisierbarkeit von Klimazeitreihen</title>. In: <source>Terra Nostra</source>, <volume>6</volume>, S. <fpage>375</fpage>-<lpage>379</lpage>.
<editor>Zentralanstalt für Meteorologie und Geodynamik (ZAMG)</editor> (Hrsg.) (<year>2007</year>), <title>Klimadaten Österreich - Krems</title>. <other>Wien</other>.
<editor>Zentralanstalt für Meteorologie und Geodynamik (ZAMG)</editor> (Hrsg.) (<year>2008</year>a), <title>Klimadaten Österreich - Wien</title>. <other>Wien</other>.
<editor>Zentralanstalt für Meteorologie und Geodynamik (ZAMG)</editor> (Hrsg.) (<year>2008</year>b), <title>StartCliml</title>. - <url>http://www.zamg .ac .at/forschung/klimatologie/klimawandel/startcliml/?ts= 1224773401</url> (23.10.2008)