<author><surname>Andreotti</surname> <given-names>G</given-names></author>., <author><surname>Steinicke</surname> <given-names>E</given-names></author>. (<year>2005</year>), <title>Das Fassatal - im Zentrum der Westdolomiten</title>. In: <editor>Steinicke E.</editor> (eds.), <source>Geographischer Exkursionsführer. Europaregion Tirol, Südtirol, Trentino</source>. Vol. <volume>4</volume>: <source>Spezialexkursionen im Trentino und in Ladinien</source> (= <source>Innsbrucker Geogr. Studien</source>, <volume>33</volume>/<issue>4</issue>), pp. <fpage>383</fpage>-<lpage>415</lpage>.
<author><surname>Arnesen</surname> <given-names>T</given-names></author>. (<year>2008</year>), <title>Recreational home agglomerations in rural areas in Norway as emerging economic and political space</title>. In: <editor>Moss A.G.</editor>, <editor>Glorioso R.S.</editor>, <editor>Krause A.</editor> (eds.), <source>Understanding and Managing Amenity-led Migration in Mountain Regions</source>, pp. <volume>93</volume>-<lpage>102</lpage>. <other>Banff</other>.
<author><surname>Bartaletti</surname> <given-names>F</given-names></author>. (<year>2004</year>), <title>Geografía e cultura delle Alpi</title>. <other>Milano</other>.
<author><surname>Bartoš</surname> <given-names>M</given-names></author>. <other>et al.</other> (<year>2008</year>), <title>Amenity migration in the Czech Republic. Place specific character</title>. In: <editor>Moss A.G.</editor>, <editor>Glorioso R.S.</editor>, <editor>Krause A.</editor> (eds.), <source>Understanding and Managing Amenity-led Migration in Mountain Regions</source>, pp. <fpage>54</fpage>-<lpage>64</lpage>. <other>Banff</other>.
<author><surname>Bätzing</surname> <given-names>W</given-names></author>. (<year>1988</year>), <title>Die unbewältigte Gegenwart als Zerfall einer traditionsträchtigen Alpenregion. Sozio-kulturelle und ökonomische Probleme der Valle Stura di Demonte (Piemont) und Perspektiven für ihre Zukunftsorientierung</title> (= <source>Geographica Bernensia</source>, P <volume>17</volume>). <other>Bern</other>.
<author><surname>Bätzing</surname> <given-names>W</given-names></author>. <other>et al.</other> (<year>1996</year>), <title>Urbanization and depopulation in the Alps - an analysis of current social-economic structural changes</title>. In: <source>Mountain Research and Development</source>, <volume>16</volume>, pp.<fpage>335</fpage>-<lpage>350</lpage>.
<author><surname>Bazoffi</surname> <given-names>P</given-names></author>. <other>et al.</other> (<year>2008</year>), <title>Field trip guide Val d’Orcia</title>. - <url>http://\vebdomino1.oecd.org/commet/arg/soil__ero_bio.nsf/22afaebba539ba74cl256a3b004d5175/e0a07a6038dfc4cacl256b040058174e/$FILEf4~jield_trip.pdf</url> (accessed August 2008)
<author><surname>Beismann</surname> <given-names>M</given-names></author>. (<year>2009</year>), <title>Aktueller demographischer Wandel in den italienischen Alpen</title> (= Thesis at Univ. of Innsbruck). <other>Innsbruck</other>.
<author><surname>Bergouignan</surname> <given-names>C</given-names></author>. <other>et al.</other> (<year>2005</year>), <title>La population de la France. Evolutions démographiques depuis 1946</title>. Vol. <volume>1</volume> and <volume>2</volume>. <source>XXVe Congrès international de la population à Tours (document papier 2005/07/18), Union Internationale pour l’Etude Scientifique de la Population</source>. <other>Paris</other>.
<editor>Berry B.J.L.</editor> (ed.) (<year>1976</year>), <title>Urbanization and Counterurbanization</title>. <other>Beverly Hills</other>.
<author><surname>Casprini</surname> <given-names>P</given-names></author>. (<year>2006</year>), <title>Baseline Review</title>. <source>Managing Urban Europe</source> <volume>25</volume>. - <url>http://wwwprovincia.siena.it/upload/tbl/_centrale/BASELINE_REVIEWlpdf</url> (accessed August 2008).
<author><surname>Čede</surname> <given-names>P</given-names></author>. (<year>1991</year>), <title>Die ländliche Siedlung in den Niederen Gurktaler Alpen. Kulturlandschaftswandel im Einzelsiedlungsgebiet unter dem Einfluß des Siedlungsrückganges</title> (= <source>Archiv f. vaterländische Geschichte u. Topographie</source>, <volume>71</volume>). <other>Klagenfurt</other>.
<author><surname>Čede</surname> <given-names>P</given-names></author>., <author><surname>Steinicke</surname> <given-names>E</given-names></author>. (<year>2007</year>), <title>Ghosttowns in den Ostalpen. Das Phänomen der Entvölkerung im friulanischen Berggebiet</title>. In: <source>Geographica Helvetiva</source>, <volume>62</volume>, pp. <fpage>93</fpage>-<lpage>103</lpage>.
<author><surname>Chipeniuk</surname> <given-names>R</given-names></author>. (<year>2008</year>), <title>Defining Amenity Migration: Results from a Survey of Experts</title> (Participants in <source>‘The Understanding and Managing Amenity-led Migration in Mountain Regions Conference,’ Banff, May 15-19</source>). <other>Banff</other>. - <url>http:I'/www.banffcentre.ca/mountainculture/mtnconferences/am/pdf/survey-results _defining-am-and-am-migrants.pdf</url> (accessed November 2008).
<author><surname>Coy</surname> <given-names>M</given-names></author>., <author><surname>Steinicke</surname> <given-names>E</given-names></author>. (<year>2006</year>), <title>Regionale Bevölkerungsentwicklung in Frankreich</title>. In: <source>Zeitschrift f. Bevölkerungswiss.</source>, <volume>31</volume>,<issue>3-4</issue>, pp. <fpage>537</fpage>-<lpage>574</lpage>.
<author><surname>Guido</surname> <given-names>M.R.</given-names></author>, <author><surname>Bindi</surname> <given-names>M</given-names></author>. (<year>2006</year>), <title>The cultural landscape of the Val d’Orcia</title>. In: <editor>Bindi M.</editor> <other>et al.</other> (eds.), <source>Documentation for conservation and development - new heritage strategy for the future. 11th Intern. Seminar Florence 2006/09 11-15</source>. <other>Firenze</other>, p. <fpage>40</fpage>.
<editor>ISTAT - Istituto Centrale di Statistica</editor> (<year>1955</year><other>ff.</other>), <title>Censimento generale della popolazione 1951, 1961, 1971, 1981, 1991,2001</title>. <other>Roma</other>.
<editor>ISTAT - Istituto Centrale di Statistica</editor> (<year>197I</year><other>ff.</other>), <title>Popolazione e movimento anagrafico dei comuni</title> (<source>Statistiche demografiche / Annuario demográfico</source>). <other>Roma</other>. - <url>http://www.demo.istat.it</url> (accessed September 2008).
<editor>ISTAT - Istituto Centrale di Statistica</editor> (<year>1985</year>), <title>Popolazione residente e presente dei comuni. Censimenti dal 1861 al 1981</title>. <other>Roma</other>.
<author><surname>Kaspar</surname> <given-names>C</given-names></author>. (<year>1996</year>), <title>Die Tourismuslehre im Grundriss</title>. 5th rev. and suppl. ed. <other>Bern et al.</other>
<author><surname>Kühne</surname> <given-names>I</given-names></author>. (<year>1974</year>), <title>Die Gebirgsentvölkerung im nördlichen und mittleren Apennin in der Zeit nach dem Zweiten Weltkrieg</title> (= <source>Erlanger Geogr. Arb., Special</source> Vol. <volume>1</volume>).
<author><surname>Lajić</surname> <given-names>L</given-names></author>, <author><surname>Mišetić</surname> <given-names>R</given-names></author>. (<year>2006</year>), <title>Otočni logaritam: aktualno stanje i suvremeni demografski procesi na Jadranskim otocima</title>. <other>Zagreb</other>, <publisher>Ministarstvo mora, turizma, prometa i razvitka, Institut za migracije i narodnosti</publisher>.
<author><surname>Lichtenberger</surname> <given-names>E</given-names></author>. (<year>1966</year>), <title>Die Agrarkrise im französischen Zentralmassiv im Spiegel seiner Kulturlandschaft</title>. In: <source>Mitt. d. Österr. Geogr. Ges.</source>, <volume>108</volume>, pp. <fpage>1</fpage>-<lpage>24</lpage>.
<author><surname>Löffler</surname> <given-names>R</given-names></author>., <author><surname>Steinicke</surname> <given-names>E</given-names></author>. (<year>2004</year>), <title>Konsequenzen der Counterurbanisierung im kalifornischen Hochgebirge</title>. In: <source>Mitt. d. Österr. Geogr. Ges.</source>, <volume>146</volume>, pp. <fpage>221</fpage>-<lpage>246</lpage>.
<author><surname>Löffler</surname> <given-names>R</given-names></author>., <author><surname>Steinicke</surname> <given-names>E</given-names></author>. (<year>2007</year>), <title>Amenity Migration in the U.S. Sierra Nevada</title>. In: <source>Geographical Review</source>, <volume>97</volume>, pp. <fpage>167</fpage>-<lpage>188</lpage>.
<author><surname>Loss</surname> <given-names>A</given-names></author>., <author><surname>Valentino</surname> <given-names>M</given-names></author>. (<year>1983</year>), <title>Mazzin di Fassa. Analisi e proposte per il recupero di un centro storico minore del Trentino</title>. <other>Vigo di Fassa</other>.
<author><surname>Lutz</surname> <given-names>W</given-names></author>. (<year>2005</year>), <title>Ladinien - Einheit und Vielfalt des dolomitladinischen Raumes</title>. In: <editor>Steinicke E.</editor> (ed.), <source>Geographischer Exkursionsführer. Europaregion Tirol, Südtirol, Trentino</source>. Vol. <volume>4</volume>: <source>Spezialexkursionen im Trentino und in Ladinien</source> (= <source>Innsbrucker Geogr. Studien</source>, <volume>33</volume>/<issue>4</issue>), pp. <fpage>303</fpage>-<lpage>382</lpage>.
<author><surname>Milbourne</surname> <given-names>P</given-names></author>. (<year>2007</year>), <title>Re-populating rural areas: Migrations, movements and mobilities</title>. In: <source>Journal of Rural Studies</source>, <volume>23</volume>, pp. <fpage>381</fpage>-<lpage>386</lpage>.
<author><surname>Mitchell</surname> <given-names>C.J.A.</given-names></author> (<year>2004</year>), <title>Making sense of Counterurbanization</title>. In: <source>Journal of Rural Studies</source>, <volume>20</volume>,pp.<fpage>15</fpage>-<lpage>34</lpage>.
<author><surname>Moss</surname> <given-names>L.A.G.</given-names></author> (<year>2003</year>), <title>Amenity Migration: Global Phenomenon and Strategic Paradigm for Sustaining Mountain Environmental Quality</title>. <source>Sustainable Mountain Communities Conference III: Environmental Sustainability for Mountain Areas Impacted by Tourism and Amenity Migration The Banff Centre, Canada, 14-18 June 2003</source>. <other>Banff</other>.
<editor>Moss L.A.G.</editor> (ed.) (<year>2006</year>), <title>The Amenity Migration. Seeking and Sustaining Mountains and Their Cultures</title>. <other>Santa Fe</other>.
<author><surname>Ni Laoire</surname> <given-names>S</given-names></author>. (<year>2007</year>), <title>The ‘green, green grass of home’? Return migration to rural Ireland</title>. In: <source>Journal of Rural Studies</source>, <volume>23</volume>, pp. <fpage>332</fpage>-<lpage>344</lpage>.
<author><surname>Oggiano</surname> <given-names>M</given-names></author>. (<year>1996</year>), <title>L'Italia alpina di Nord-Est, una analisi demogeografica</title>. <other>Venezia</other>.
<editor>Parco Artistico Naturale e Culturale della Val d’Orcia</editor> (<year>2008</year>), <title>The Territory</title>. - <url>http://www.parcodellavaldorcia.com/en/territorio.asp</url> (accessed August 2008).
<editor>Parco Artistico Naturale e Culturale della Val d’Orcia</editor> (<year>2008</year>b), <title>The Management</title>. - <url>http://www.parcodellavaldorcia.com/en/gestione.asp</url> (accessed August 2008).
<editor>Parco Artistico Naturale e Culturale della Val d’Orcia</editor> (<year>2008</year>c), <title>The Bagno Vignoni</title>. - <url>http://www.parcodellavaldorcia.com/en/vignoni.asp</url> (accessed August 2008).
<editor>Parco Artistico Naturale e Culturale della Val d’Orcia</editor> (<year>2008</year>d), <title>The Bagno di San Fillipo</title>. - <url>http://www.parcodellavaldorcia.com/en/vignoni.asp</url> (accessed August 2008).
<editor>Pascolini M.</editor> (ed.) (<year>2008</year>), <title>Le Alpi che cambiano. Nuovi abitanti, nuove culture, nuove paesaggi</title> / <title>Die Alpen im Wandel, neue Bewohner, neue Kulturen, neue Landschaften</title>. <other>Udine</other>.
<author><surname>Price</surname> <given-names>M.F</given-names></author> <other>et al.</other> (<year>1997</year>), <title>Tourism and Amenity Migration</title>. In: <editor>Messerli B.</editor>, <editor>Ives J.D.</editor> (eds.), <source>Mountains of the World: A Global Priority</source>, pp. <fpage>249</fpage>-<lpage>280</lpage>. <other>New York</other>.
<author><surname>Sabelberg</surname> <given-names>E</given-names></author>. (<year>1975</year>), <title>Der Zerfall der Mezzadria in der Toskana Urbana. Bedeutung und gegenwärtige Auflösung eines agraren Betriebssystems in Mittelitalien</title> (= <source>Kölner Geogr. Arb.</source>, <volume>33</volume>).
<author><surname>Schlegel</surname> <given-names>W</given-names></author>. (<year>1995</year>), <title>Städtewachstum und Entleerung des ländlichen Raumes in nordspanischen Binnenregionen</title>. In: <source>Geogr. Rundschau</source>, <volume>47</volume>, pp. <fpage>307</fpage>-<lpage>311</lpage>.
<author><surname>Steinecke</surname> <given-names>A</given-names></author>. (<year>2006</year>), <title>Tourismus. Eine geographische Einführung</title> (= <source>Das Geogr. Seminar</source>). <other>Braunschweig</other>.
<author><surname>Steinicke</surname> <given-names>E</given-names></author>. (<year>1991</year>), <title>Friaul - Friuli. Bevölkerung und Ethnizität</title> (= <source>Innsbrucker Geogr. Studien</source>, <volume>19</volume>). 
<author><surname>Steinicke</surname> <given-names>E</given-names></author>. (<year>2008</year>), <title>The impact of current demographic transformation on ethno-linguistic minorities in the Alps</title>. In: <editor>Borsdorf A.</editor>, <editor>Stötter J.</editor>, <editor>Veulliet E.</editor> (eds.), <source>Managing Alpine Future. Proc. of the Innsbruck Conf. October 15-17, 2007</source> (= <source>IGF-Forschungsberichte</source>, <volume>2</volume>),pp. <fpage>243</fpage>-<lpage>252</lpage>. <other>Wien</other>.
<author><surname>Steinicke</surname> <given-names>E</given-names></author>., <author><surname>Hofmann</surname> <given-names>D</given-names></author>. (<year>2004</year>), <title>California’s High Mountain Regions as New Areas for Settlement</title>. In: <source>PGM</source>, <volume>148</volume>, pp. <fpage>16</fpage>-<lpage>19</lpage>.
<author><surname>Steinicke</surname> <given-names>E</given-names></author>., <author><surname>Cirasuolo</surname> <given-names>L</given-names></author>., <author><surname>Čede</surname> <given-names>P</given-names></author>. (<year>2007</year>), <title>‘Ghost towns’ nelle Alpi Orientali. Il fenomeno dello spopolamento nella zona montuosa del Friuli</title>. In: <source>Rivista Geografica Italiana</source>, <volume>114</volume>,pp.<fpage>549</fpage>-<lpage>570</lpage>.
<author><surname>Tranquilli</surname> <given-names>D</given-names></author>. (<year>1993</year>), <title>Un progetto per la montagna friulana</title>. In: <editor>Barazzutti C.</editor> (ed.), <source>Irrestibilmente attratti dalla pianura. Il degrado dell’economia e della societä montana del Friuli</source>. - <other>Udine</other>, pp. <fpage>191</fpage>-<lpage>260</lpage>.
<editor>UNESCO (ICOMOS)</editor> (<year>2004</year>), <title>Evaluation of cultural properties</title>. Prepared by the International Council on Monuments and Sites (ICOMOS). - <url>http.7/whc.unesco.org7archive/2004/whc04-28com-infl4ae.pdf</url> (accessed August 2008).
<editor>Varotto M.</editor>, <editor>Psenner R.</editor> (eds.) (<year>2003</year>), <title>Spopolamento montano: cause ed effetti</title> / <title>Entvölkerung im Berggebiet: Ursachen und Auswirkungen</title>. <other>Belluno</other>.
<author><surname>Wehling</surname> <given-names>H.W.</given-names></author> (<year>1982</year>), <title>Strukturwandel ländlicher Siedlungen im schottischen Hochland. Gegenwärtige Tendenzen und zukünftige Perspektiven</title>. In: <source>Geogr. Zeitschrift</source>, <volume>70</volume>, pp. <fpage>127</fpage>-<lpage>144</lpage>.
<author><surname>Williams</surname> <given-names>P</given-names></author>., <author><surname>Gill</surname> <given-names>A</given-names></author>. (<year>2004</year>), <title>Shaping Future Resort Landscapes: Amenity Migration’s Impact on Destination Sense of Place: A Case Study of Whistler, British Columbia</title>. <editor>Leisure Futures</editor> <year>2004</year>: <source>2nd Biennial Conf., 10-12 November 2004</source>. <other>Bolzano</other>.
<author><surname>Zanini</surname> <given-names>F</given-names></author>. (<year>1968</year>), <title>Friuli Migrante</title>. 2nd ed. <other>Udine</other>.