<author><surname>Faludi</surname> <given-names>A</given-names></author>., <author><surname>Waterhout</surname> <given-names>B</given-names></author>. (<year>2006</year>), <title>Introducing Evidence-Based Planning</title>. In: <source>disP-The Planning Review</source>, <volume>2</volume>, S. <fpage>4</fpage>-<lpage>13</lpage>. <other>Zürich</other>, <editor>ETH Zürich</editor>.
<editor>Land Vorarlberg und 29 namentlich angeführte Rheintalgemeinden</editor> (Hrsg.) (<year>2006</year>), <title>vision rheintal Dokumentation 2006, Räumliche Entwicklung und regionale Kooperation im Vorarlberger Rheintal, Ergebnisse des Leitbildprozesses</title>. <publisher>Eigenverlag der Raumplanungsabteilung beim Amt der Vorarlberger Landesregierung</publisher>. - <url>http:/'/www.vision-rheintal.at</url>
<author><surname>Schindegger</surname> <given-names>F</given-names></author>. (<year>1999</year>), <title>Raum. Planung. Politik. Ein Handbuch zur Raumplanung in Österreich</title>. <other>Wien</other>, <publisher>Böhlau</publisher>.
<author><surname>Schindegger</surname> <given-names>F</given-names></author>. (<year>2003</year>), <title>Sachwalter der räumlichen Verantwortlichkeit</title>. In: <source>Raum. Österr. Zeitschrift f. Raumplanung u. Regionalpolitik</source>, <volume>52</volume>, S. <fpage>20</fpage>-<lpage>24</lpage>.
<author><surname>Schindegger</surname> <given-names>F</given-names></author>. (<year>2006</year>), <title>Raumplanung - Gesellschaft - Politik: ein Verhältnis nach 50 Jahren</title>. In: <source>Raum. Österr. Zeitschrift f. Raumplanung u. Regionalpolitik</source>, <volume>64</volume>, S. <fpage>44</fpage>-<lpage>49</lpage>. 
<author><surname>Schindegger</surname> <given-names>F</given-names></author>. (<year>2009</year>), <title>Raumordnung im Regierungsprogramm</title>. In: <source>konstruktiv, Zeitschrift d. Bundeskammer d. Architekten u. Ingenieurkonsulenten</source>, <volume>272</volume>, <issue>März/April</issue>, S. <fpage>30</fpage>-<lpage>31</lpage>.
<author><surname>Schönwandt</surname> <given-names>W</given-names></author>. (<year>2002</year>), <title>Planung in der Krise? Theoretische Orientierungen für Architektur, Stadt- und Raumplanung</title>. <other>Stuttgart</other>, <publisher>Kohlhammer</publisher>.
<author><surname>Wichmann</surname> <given-names>T</given-names></author>. (<year>2008</year>), <title>Planung und Adaption. Strategieentwicklung in Regionen, Organisationen und Netzwerken</title>. <other>Dortmund</other>, <publisher>Rohn</publisher>.