<author><surname>Antalovsky</surname> <given-names>E</given-names></author>. <other>et al.</other> (<year>2002</year>), <title>Migration und Integration</title>. <other>Wien</other>. - <url>http:/www.europaforum.at/downloads</url> 
<author><surname>Arendt</surname> <given-names>H</given-names></author>. (<year>2007</year>), <title>Elemente und Ursprünge totalitärer Herrschaft. Antisemitismus, Imperialismus, totale Herrschaft</title>. <other>München</other>. 
<author><surname>Bauböck</surname> <given-names>R</given-names></author>. (<year>1994</year>), <title>Transnational Citizenship. Membership and Rights in International Migration</title>. <other>Aldershot</other>. 
<author><surname>Bauböck</surname> <given-names>R</given-names></author>. (<year>2001</year>), <title>Gleichheit, Vielfalt und Zusammenhalt</title>. In: <editor>Volf P.</editor>, <editor>Bauböck R.</editor> (Hrsg.), <source>Wege zur Integration. Was man gegen Diskriminierung und Fremdenfeindlichkeit tun kann</source>, S. <fpage>11</fpage>-<lpage>45</lpage>. <other>Klagenfurt/Celovec</other>. 
<editor>Bauböck R.</editor> <other>et al.</other> (Hrsg.) (<year>2006</year>), <title>Acquistion and loss of nationality. Policies and trends in 15 European states, 2, Country Studies</title>. <other>Amsterdam</other>. 
<author><surname>Bauböck</surname> <given-names>R</given-names></author>., <author><surname>Perchinig</surname> <given-names>B</given-names></author>. (<year>2006</year>a), <title>Evaluation and Recommendations</title>. In: <editor>Bauböck R.</editor> <other>et al.</other> (Hrsg.), <source>Acquistion and loss of nationality. Policies and trends in 15 European states, 2, Country Studies</source>, S. <fpage>431</fpage>-<lpage>479</lpage>. <other>Amsterdam</other>. 
<author><surname>Bauböck</surname> <given-names>R</given-names></author>., <author><surname>Perchinig</surname> <given-names>B</given-names></author>. (<year>2006</year>b), <title>Migrations- und Integrationspolitik</title>. In: <editor>Dachs H.</editor> <other>et al.</other> (Hrsg.), <source>Politik in Österreich. Das Handbuch</source>, S. <fpage>726</fpage>-<lpage>743</lpage>. <other>Wien</other>.
<author><surname>Baumgartner</surname> <given-names>G</given-names></author>. (<year>2009</year>), <title>Verschwiegene Integration 1945-1961. Zur verdrängten Geschichte der größten Veränderung der österreichischen Bevölkerungsstruktur im 20. Jahrhundert</title>. In: <source>ÖGL</source>, <volume>3</volume>, S. <fpage>20</fpage>-<lpage>34</lpage>. 
<author><surname>Bendel</surname> <given-names>P</given-names></author>. (<year>2007</year>), <title>Everything under Control? The European Union’s Policies and Politics of Immigration</title>. In: <editor>Faist Th.</editor>, <editor>Ette A.</editor> (Hrsg.), <title>The Europeanization of National Policies and Politics of Immigration. Between Autonomy and the European Union</title>, S. <fpage>32</fpage>-<lpage>49</lpage>. <other>London</other>. 
<author><surname>Biffl</surname> <given-names>G</given-names></author>. (<year>2001</year>), <title>Mögliche Verdrängungsprozesse am Arbeitsmarkt</title>. In: <editor>Österreichisches Institut für Wirtschaftsforschung</editor> (Hrsg.), <source>Arbeitsmarktrelevante Effekte der Ausländerintegration in Österreich</source>, S. <fpage>279</fpage>-<lpage>300</lpage>. <other>Wien</other>. 
<editor>Bourdieu P.</editor>, <editor>Coleman J.S.</editor> (Hrsg.) (<year>1991</year>), <title>Social Theory for a Changing Society</title>. <other>Boulder</other>. 
<author><surname>Bratic</surname> <given-names>Lj</given-names></author>. (<year>2002</year>), <title>Diskurs und Ideologie des Rassismus im österreichischen Staat</title>. Manus., <other>Wien</other>. 
<editor>Bundesministerium für Inneres</editor> (Hrsg.) (<year>2004</year>), <title>Asyl- und Fremdenstatistik 2004</title>. <other>Wien</other>. - <url>http://www.bmi.gv.at/downloadarea/ZJahr2004.pdf</url> (11.1.2006) 
<editor>Bundesministerium für Inneres</editor> (Hrsg.) (<year>2008</year>), <title>Gemeinsam kommen wir zusammen. Expertenbeiträge zur Integration</title>. <other>Wien</other>. - Im Downloadbereich von <url>http://www.integration.at/</url> abrufbar. 
<editor>Bundesministerium für Inneres</editor> (Hrsg.) (<year>2009</year>), <title>Einführungspapier für den Nationalen Aktionsplan für Integration</title>. <other>Wien</other>. - Im Downloadbereich von <url>http://www.integration.at/</url> abrufbar. 
<editor>Bunzl J.</editor>, <editor>Hafez F.</editor> (Hrsg.) (<year>2009</year>), <title>Islamophobie in Österreich</title>. <other>Innsbruck</other>. 
<author><surname>Burtscher</surname> <given-names>S</given-names></author>. (<year>2009</year>), <title>Zuwandern-Aufsteigen-Dazugehören. Etablierungsprozesse von Eingewanderten</title>. <other>Innsbruck</other>. 
<author><surname>Cicekli</surname> <given-names>B</given-names></author>. (<year>1998</year>), <title>The Legal Position of Turkish Immigrants in the European Union. A Comparison of the Legal Reception and Status of Turkish Immigrants in Germany, the Netherlands and the UK</title>. <other>Ankara</other>. 
<author><surname>Cicekli</surname> <given-names>B</given-names></author>. (<year>2004</year>), <title>Legal Integration of Turkish Immigrants under the Turkish-EU Association Law</title>. <source>Paper presented at the Conf. “Integration of Immigrants from Turkey in Austria, Germany and Holland”, Bogacizi Univ., Centre for European Studies, February 27, 2004</source>. - <url>http://www.ces.boun.edu.tr/index2.html</url>
<author><surname>Çnar</surname> <given-names>D</given-names></author>., <author><surname>Walrauch</surname> <given-names>H</given-names></author>. (<year>2006</year>), <title>Austria</title>. In: <editor>Bauböck R.</editor> <other>et al.</other> (Hrsg.), <source>Acquistion and loss of nationality. Policies and trends in 15 European states, 2, Country Studies</source>, S. <fpage>19</fpage>-<lpage>63</lpage>. <other>Amsterdam</other>. 
<editor>Council on Foreign Relations</editor> (Hrsg.) (<year>2009</year>), <title>China's Internal Migrants</title>. - <url>http://www.cfr.org/publication/12943/</url> (12.7.2009) 
<source>Die Presse</source>, <volume>17.3.2005</volume>. 
<author><surname>Ecker</surname> <given-names>J.M.</given-names></author> (<year>2006</year>), <title>Umsetzung der RI 2003/86/EG betreffend das Recht auf Familienzusammenführung in Österreich</title>. In: <source>Migralex - Zeitschrift f. Fremden- u. Minderheitenrecht</source>, <volume>01</volume>, S. <fpage>13</fpage>-<lpage>19</lpage>. 
<author><surname>Ecker</surname> <given-names>J.M.</given-names></author> (<year>2007</year>), <title>Umsetzung der RI 2003/86 durch das Fremdenrechtspaket 2005?</title> In: <source>Migralex - Zeitschrift f. Fremden- u. Minderheitenrecht</source>, <volume>02</volume>, S. <fpage>42</fpage>-<lpage>56</lpage>. 
<author><surname>Einem</surname> <given-names>C</given-names></author>. (<year>1990</year>), <title>Alternative Optionen der Zuwanderungspolitik</title>. Manus (im Besitz des Verfassers). <other>Wien</other>. 
<editor>Europäischer Gerichtshof für Menschenrechte</editor> (Hrsg.) (<year>1996</year>), <title>Gaygusuz gegen Österreich</title>. <source>Urteil vom 16. September 1996, NL 1996, S. 135 (NL 96/5/8)</source>. 
<editor>Europäischer Rat von Tampere</editor>, <title>15. und 16. Oktober 1999, Schlussfolgerungen des Vorsitzes</title>. - <url>http://www.europarl.europa/eu/summits/tam_de.htm</url> (24.4.2005) 
<author><surname>Faist</surname> <given-names>Th</given-names></author>. (<year>2006</year>), <title>The Migration-Security Nexus: International Migration and Security before and after 9/11</title>. In: <editor>Bodemann M.</editor>, <editor>Yurdakul G.</editor> (Hrsg.), <source>Migration, Citizenship, Ethnos. Incorporation Regimes in Germany, Western Europe and North America</source>, S. <fpage>157</fpage>-<lpage>174</lpage>. <other>London</other>.
<author><surname>Fassmann</surname> <given-names>H</given-names></author>., <author><surname>Münz</surname> <given-names>R</given-names></author>. (<year>1995</year>), <title>Einwanderungsland Österreich? Historische Migrationsmuster, aktuelle Trends und politische Maßnahmen</title>. <other>Wien</other>. 
<author><surname>Gächter</surname> <given-names>Au</given-names></author>. (<year>1995</year>), <title>Integration und Migration</title>. In: <source>SWS-Rundschau</source>, <volume>35</volume>, <issue>4</issue>, S. <fpage>435</fpage>-<lpage>438</lpage>. 
<author><surname>Güngör</surname> <given-names>K</given-names></author>. (<year>2002</year>), <title>Integrationsleitbild der Stadt Dornbirn, mit integriertem Maßnahmenplan</title>. Manus. <other>Dornbirn - Basel</other>. 
<author><surname>Güngör</surname> <given-names>K</given-names></author>. (<year>2006</year>), <title>Integrationskonzept des Landes Tirol mit Maßnahmenempfehlungen</title>. <other>Innsbruck</other>. 
<author><surname>Güngör</surname> <given-names>K</given-names></author>. (<year>2008</year>), <title>Einbeziehen statt Einordnen. Zusammenleben in Oberösterreich, Integrationsleitbild des Landes Oberösterreich</title>. <other>Linz</other>. 
<author><surname>Hailbronner</surname> <given-names>K</given-names></author>. (<year>2004</year>), <title>Die Richtlinie zur Familienzusammenführung und zum langfristigen Aufenthalt von Drittstaatsangehörigen - Entstehungsgeschichte und aktuelle Fragen der Auslegung</title>. <source>Vortrag, Fachtagung zur EU-Immigrations- und Integrationspolitik, Arbeiterkammer Wien 19.2.2004</source>. Manus. 
<author><surname>Hammar</surname> <given-names>T.</given-names></author> (<year>1990</year>), <title>Democracy and the Nation State. Aliens, Denizens and Citizens in a World of International Migration</title>. <other>Aldershot</other>. 
<author><surname>Hunn</surname> <given-names>K</given-names></author>. (<year>2004</year>), <title>„Nächstes Jahr kehren wir zurück ...“. Die Geschichte der türkischen Gastarbeiter in der Bundesrepublik</title>. <other>Freiburg</other>. 
<author><surname>Icduygu</surname> <given-names>A</given-names></author>. (<year>2006</year>), <title>Gaining from Migration. A Comparative Analysis and Perspective on how Sending and Receiving Countries can gain from Migration. Case Study on Turkey</title>. <other>Paris</other>. 
<author><surname>Jawhari</surname> <given-names>R</given-names></author>. (<year>2000</year>), <title>Wegen Überfremdung abgelehnt. Ausländerintegration und symbolische Politik</title>. <other>Wien</other>. 
<author><surname>Juen</surname> <given-names>G</given-names></author>., <author><surname>Perchinig</surname> <given-names>B</given-names></author>., <author><surname>Volf</surname> <given-names>P.-P.</given-names></author> (<year>1998</year>), <title>Migrationspolitik: Zur Europäisierung eines Gastarbeitermodells</title>. In: <editor>Tálos E.</editor>, <editor>Falkner G.</editor> (Hrsg.), <source>EU-Mitglied Österreich. Gegenwart und Perspektiven: Eine Zwischenbilanz</source>, S. <fpage>201</fpage>-<lpage>221</lpage>. <other>Wien</other>. 
<editor>Karner St.</editor>, <editor>Stangler G.</editor> (<year>2005</year>), <title>Österreich ist frei. Der Österreichische Staatsvertrag 1955. Beitragsband Schallaburg 2005</title>. <other>Horn - Wien</other>. 
<author><surname>Koller</surname> <given-names>J</given-names></author>. (<year>1998</year>), <title>Kommunale Integrationspolitik. Eine Analyse des Wiener Integrationsfonds im Kontext sozialdemokratischer Interessenspolitik</title>. <other>Wien</other>, Univ. Wien, Dipl.-Arb. 
<author><surname>König</surname> <given-names>K</given-names></author>., <author><surname>Perchinig</surname> <given-names>B</given-names></author>. (<year>2005</year>), <title>Austria</title>. In: <editor>Niessen J.</editor>, <editor>Schibel Y.</editor>,<editor>Thompson C.</editor> (Hrsg.), <source>Current Immigration Debates in Europe. A Publication of the European Migration Dialogue</source>, S. <fpage>13</fpage>-<lpage>47</lpage>. <other>Brussels</other>. 
<author><surname>König</surname> <given-names>K</given-names></author>., <author><surname>Stadler</surname> <given-names>B</given-names></author>. (<year>2003</year>), <title>Entwicklungstendenzen im öffentlich-rechtlichen und demokratiepolitischen Bereich</title>. In: <editor>Fassmann H.</editor>, <editor>Stacher I.</editor> (Hrsg.), <source>Österreichischer Migrations- und Integrationsbericht</source>, S. <fpage>226</fpage>-<lpage>261</lpage>. <other>Wien</other>. 
<author><surname>Kraler</surname> <given-names>A</given-names></author>., <author><surname>Stepien</surname> <given-names>A</given-names></author>. (<year>2006</year>), <title>Immigrant and Immigration Policy Making in Austria</title>. Manus. <other>Wien</other>. 
<editor>Ludwig M.</editor> <other>et al.</other> (Hrsg.) (<year>1995</year>), <title>Der Oktoberstreik 1950</title>. <other>Wien</other>. 
<author><surname>Marks</surname> <given-names>G</given-names></author>. (<year>1993</year>), <title>Structural Policy and Multi-Level Governance in the EC</title>. In: <editor>Cafruny A.W.</editor>, <editor>Rosenthal G.</editor> (Hrsg.),<source>The State of the European Community, 2, The Maastricht Debates and Beyond</source>, S. <fpage>397</fpage>-<lpage>411</lpage>. <other>Boulder</other>. 
<author><surname>Marshall</surname> <given-names>T.H.</given-names></author> (<year>1992</year>), <title>Citizenship and Social Class</title>. In: <editor>Marshall T.H.</editor>, <editor>Bottomore T.</editor> (Hrsg.), <source>Citizenship and Social Class</source>, 2. Aufl. <other>London</other>. 
<author><surname>Matuschek</surname> <given-names>H</given-names></author>. (<year>1986</year>), <title>Ausländerpolitik in Österreich 1962-1985. Der Kampf um und gegen die ausländische Arbeitskraft</title>. In: <source>Journal f. Sozialforschung</source>, <volume>25</volume>, <issue>2</issue>. 
<author><surname>Münz</surname> <given-names>R</given-names></author>., <author><surname>Zuser</surname> <given-names>P</given-names></author>., <author><surname>Kytir</surname> <given-names>J</given-names></author>. (<year>2003</year>), <title>Grenzüberschreitende Wanderungen und ausländische Wohnbevölkerung: Struktur und Entwicklung</title>. In: <editor>Fassmann H.</editor>, <editor>Stacher I.</editor> (Hrsg.), <source>Österreichischer Migrations- und Integrationsbericht</source>, S. <fpage>20</fpage>-<lpage>62</lpage>. <other>Klagenfurt/Celovec</other>. 
<editor>Österreichischer Integrationsfonds</editor> (Hrsg.) (<year>2008</year>), <title>Integration. Zahlen, Daten, Fakten 2008</title>. <other>Wien</other>. 
<author><surname>Perchinig</surname> <given-names>B</given-names></author>. (<year>2006</year>a), <title>Die EU-Migrationspolitik und die migrationspolitische Entwicklung in Österreich</title>. In: <editor>Fassmann H.</editor> (Hrsg.), <source>Zweiter Österreichischer Migrations- und Integrationsbericht</source>, S. <fpage>131</fpage>-<lpage>145</lpage>. <other>Klagenfurt/Celovec</other>.
<author><surname>Perchinig</surname> <given-names>B</given-names></author>. (<year>2006</year>b), <title>Einwanderungs- und Integrationspolitik</title>. In: <editor>Tálos E.</editor> (Hrsg.), <source>Schwarz-Blau. Eine Bilanz des „Neu-Regierens“</source>, S. <fpage>295</fpage>-<lpage>312</lpage>. <other>Wien - Münster</other>. 
<author><surname>Perchinig</surname> <given-names>B</given-names></author>. (<year>2009</year>), <title>Von der Fremdarbeit zur Integration? (Arbeits)migrations- und Integrationspolitik in der Zweiten Republik</title>. In: <source>ÖGL</source>, <volume>3</volume>, S. <fpage>1</fpage>-<lpage>19</lpage>. 
<author><surname>Perchinig</surname> <given-names>B</given-names></author>. (im Druck), <title>Between federal republicanism and communitarian provincial identity. Citizenship testing in Austria</title>. In: <editor>Ersboll E.</editor>, <editor>Kostakopoulou D.</editor>, <editor>van Oers R.</editor> (Hrsg.), <source>Language and Integration Tests for Newcomers and Future Citizens</source>, S. <fpage>25</fpage>-<lpage>50</lpage>. <other>Leiden - Boston, Brill</other>. 
<source>Profil</source>, <volume>20.7.2009</volume>. 
<author><surname>Raab</surname> <given-names>J</given-names></author>. (<year>1961</year>), <title>Die Kammerorganisation der Gewerblichen Wirtschaft. Ansprache am Kammertag der Bundeskammer anlässlich der Wahl des Präsidenten, 26. Mai 1961</title>. - <url>http://wko.at/mk/60jahre/Raab_26_05_1961.pdf </url>
<author><surname>Rohsmann</surname> <given-names>K</given-names></author>. (<year>2006</year>), <title>Die „Integrationsvereinbarung“ der Fremdengesetznovelle 2002. Integrationsförderung durch Sprach(kurs)zwang?</title> <other>Wien</other>, Univ. Wien, Dipl.-Arb. 
<author><surname>Sensenig</surname> <given-names>E</given-names></author>. (<year>1998</year>), <title>Reichsfremde, Staatsfremde und Drittausländer. Immigration und Einwanderungspolitik in Österreich. Forschungsbericht</title>. <other>Salzburg</other>, <publisher>Ludwig-Boltzmann-Inst. f. Gesellschafts- u. Kulturgeschichte</publisher>. 
<author><surname>Sosysal</surname> <given-names>Y.N.</given-names></author> (<year>1994</year>), <title>Limits of Citizenship. Migrants and Postnational Membership in Europe</title>. <other>Chicago</other>. 
<author><surname>Stieber</surname> <given-names>G</given-names></author>. (<year>1995</year>), <title>Volksdeutsche und Displaced Persons</title>. In: <editor>Heiss G.</editor>, <editor>Rathkolb O.</editor> (Hrsg.), <source>Asylland wider Willen. Flüchtlinge in Österreich im europäischen Kontext seit 1914</source>, S. <fpage>140</fpage>-<lpage>156</lpage>. <other>Wien</other>. 
<author><surname>Tálos</surname> <given-names>E</given-names></author>. (<year>2006</year>), <title>Sozialpartnerschaft. Austrokorporatismus am Ende?</title> In: <editor>Dachs H.</editor> <other>et al.</other> (Hrsg.), <source>Politik in Österreich. Das Handbuch</source>, S. <fpage>425</fpage>-<lpage>443</lpage>. <other>Wien</other>. 
<author><surname>Torpey</surname> <given-names>J</given-names></author>. (<year>2000</year>), <title>The Invention of the Passport. Surveillance, Citizenship and the State</title>. <other>Cambridge</other>. 
<editor>United Nations</editor> (Hrsg.) (<year>2008</year>), <title>International Migrant Stock: The 2008 Revision</title>. - <url>http://esa.un.org/migration/p2k0data.asp</url> (12.7.2009) 
<editor>United Nations, Department of Economic and Social Affairs, Statistics Division</editor> (Hrsg.) (<year>1998</year>), <title>Recommendations on Statistics of International Migration</title> (= <source>Statistical Papers Series M</source>, <volume>58</volume>, <issue>1</issue>). <other>New York</other>. 
<author><surname>Volf</surname> <given-names>P.-P.</given-names></author> (<year>1995</year>), <title>Der politische Flüchtling als Symbol der Zweiten Republik</title>. In: <source>Zeitgeschichte</source>, <volume>11-12</volume>, S. <fpage>415</fpage>-<lpage>436</lpage>. 
<author><surname>Weigl</surname> <given-names>A</given-names></author>. (<year>2009</year>), <title>Migration und Integration. Eine widersprüchliche Geschichte</title>. <other>Wien</other>. 
<author><surname>Wimmer</surname> <given-names>H</given-names></author>. (<year>1985</year>), <title>Zur Ausländerbeschäftigungspolitik in Österreich</title>. In: <editor>Wimmer H.</editor> (Hrsg.), <source>Ausländische Arbeitskräfte in Österreich</source>, S. <fpage>5</fpage>-<lpage>33</lpage>. <other>Frankfurt am Main</other>. 
<author><surname>Wollner</surname> <given-names>E</given-names></author>. (<year>1996</year>), <title>Auf dem Weg zur sozialpartnerschaftlich regulierten Ausländerbeschäftigung in Österreich. Die Reform der Ausländerbeschäftigung und Anwerbung bis Ende der 1960er Jahre</title>. <other>Wien</other>, Univ. Wien, Dipl.-Arb. 
<author><surname>Zolberg</surname> <given-names>A</given-names></author>. (<year>1991</year>), <title>Bounded States in a Global Market: The Uses of International Labor Migrations</title>. In: <editor>Bourdieu P.</editor>, <editor>Coleman J.S.</editor> (Hrsg.), <source>Social Theory for a Changing Society</source>, S. <fpage>301</fpage>-<lpage>335</lpage>. <other>Boulder</other>. 
<author><surname>Zwicklhuber</surname> <given-names>M</given-names></author>. (<year>2006</year>), <title>Integrationspolitik auf Länderebene. Eine Bestandaufnahme in Niederösterreich</title>. <other>Krems, Donau</other> Univ. Krems, Master-These.