<author><surname>Aghion</surname> <given-names>P</given-names></author>. <other>et al.</other> (<year>2008</year>), <title>Higher aspirations: An agenda for reforming European universities</title> (= <source>Bruegel Blueprint Series</source>, <volume>5</volume>). <other>Brussels</other>. 
<author><surname>Agrawal</surname> <given-names>A</given-names></author>., <author><surname>Cockburn</surname> <given-names>I</given-names></author>., <author><surname>McHale</surname> <given-names>J</given-names></author>. (<year>2009</year>), <title>Gone but not forgotten: knowledge flows, labor mobility and enduring social relationships</title>. In: <source>Journal of Economic Geography</source>, <volume>6</volume>, pp. <fpage>571</fpage>-<lpage>591</lpage>. 
<author><surname>Aiginger</surname> <given-names>K</given-names></author>. (<year>2004</year>), <title>Wirtschaftswachstum: Grundvoraussetzung für Wohlfahrtszuwachs. Spielräume zur Anhebung des Wachstumspfades</title>. In: <source>Wirtschafts- u. Sozialpolitische Zeitschrift</source>, <volume>3</volume>,pp.<fpage>35</fpage>-<lpage>58</lpage>. 
<author><surname>Aiginger</surname> <given-names>K</given-names></author>. (<year>2008</year>), <title>Herausforderungen für Österreichs Außenwirtschaft im nächsten Jahrzehnt</title>. In: <editor>Bundesministerium für Wirtschaft und Arbeit</editor> (ed.), <source>Das österreichische Außenwirtschaftsleitbild</source>, pp. <fpage>15</fpage>-<lpage>32</lpage>. <other>Wien</other>. 
<author><surname>Alesina</surname> <given-names>A</given-names></author>. (<year>2003</year>), <title>The size of countries: Does it matter?</title> In: <source>Journal of the European Economic Association</source>, <volume>2-3</volume>, pp. <fpage>301</fpage>-<lpage>316</lpage>. 
<author><surname>Asheim</surname> <given-names>B.T.</given-names></author>, <author><surname>Gertler</surname> <given-names>M.S.</given-names></author> (<year>2004</year>), <title>The geography of innovation. Regional innovation systems</title>. In: <editor>Fagerberg J.</editor>, <editor>Mowery D.C.</editor>, <editor>Nelson R.R.</editor> (eds.), <source>The Oxford Handbook of Innovation</source>, pp. <fpage>291</fpage>-<lpage>317</lpage>. <other>Oxford</other>. 
<author><surname>Audretsch</surname> <given-names>D.B.</given-names></author> (<year>2001</year>), <title>Knowledge in the new economy</title>. In: <source>Wirtschaftspolitische Blätter</source>, <volume>2-3</volume>, pp. <fpage>140</fpage>-<lpage>158</lpage>. 
<author><surname>Audretsch</surname> <given-names>D.B.</given-names></author>, <author><surname>Dohse</surname></author> (<year>2009</year>), <title>Cultural diversity and entrepreneurship: a regional analysis for Germany</title>. In: <source>Annals of regional science</source>, online published, pp. <volume>1</volume>-<lpage>32</lpage>. 
<author><surname>Backes-Gellner</surname> <given-names>U</given-names></author>., <author><surname>Mure</surname> <given-names>J</given-names></author>., <author><surname>Geel</surname> <given-names>R</given-names></author>. (<year>2009</year>), <title>Lock-in-Effekte durch Humankapitalinvestitionen</title>. In: <source>Wirtschaftswiss. Studium</source>, <volume>1</volume>, pp. <fpage>37</fpage>-<lpage>39</lpage>. 
<author><surname>Bathelt</surname> <given-names>H</given-names></author>. (<year>2006</year>), <title>Geographies of production: growth regimes in spatial perspective 3 - toward a relational view of economic action and policy</title>. In: <source>Progress in Human Geography</source>, <volume>30</volume>, pp.<fpage>223</fpage>-<lpage>236</lpage>. 
<author><surname>Beine</surname> <given-names>M</given-names></author>., <author><surname>Docquier</surname> <given-names>F</given-names></author>., <author><surname>Schiff</surname> <given-names>M</given-names></author>. (<year>2008</year>), <title>Brain drain and its determinants: a major issue for small states</title> (= <source>IZA Discussion Paper Series</source>, <volume>3398</volume>). <other>Bonn</other>. 
<author><surname>Bergman</surname> <given-names>E.M.</given-names></author>, <author><surname>Schubert</surname> <given-names>U</given-names></author>. (<year>2005</year>), <title>Spillovers and Innovation, Environment and Space: Policy Uncertainties and Research Opportunities</title>. In: <editor>Maier G.</editor>, <editor>Sedlacek S.</editor> (eds.), <source>Spillovers and Innovations. Space, Environment and the Economy</source> (= <source>Interdisciplinary Studies in Economics and Management</source>, <volume>4</volume>), pp. <fpage>157</fpage>-<lpage>177</lpage>. <other>Vienna, New York</other>. 
<author><surname>Biffl</surname> <given-names>G</given-names></author>. (<year>2004</year>), <title>Increasing university student mobility: A European policy agenda</title>. In: <source>Austrian Economic Quarterly</source>, <volume>2</volume>, pp. <fpage>2004</fpage>. 
<author><surname>Biffl</surname> <given-names>G</given-names></author>. (<year>2007</year>), <title>Forschungsstandort Wien: Zur Rolle der Humanressourcen</title>. <other>Wien</other>, <publisher>WIFO</publisher>. 
<author><surname>Bock-Schappelwein</surname> <given-names>J</given-names></author>. <other>et al.</other> (<year>2009</year>), <title>Die ökonomischen Wirkungen der Immigration in Österreich 1989-2007. Kurzfassung</title>. <other>Wien</other>. 
<author><surname>Bock-Schappelwein</surname> <given-names>J</given-names></author>., <author><surname>Bremberger</surname> <given-names>C</given-names></author>., <author><surname>Huber</surname> <given-names>P</given-names></author>. (<year>2008</year>), <title>Kurzfassung: Hoch qualifizierte Zuwanderung in Österreich</title>. In: <editor>Bundesministerium für Wissenschaft und Forschung (BMWF)</editor> (ed.), <source>Österreichischer Forschungsdialog Ergebnisdokumentation</source>. <other>Wien</other>. 
<author><surname>Boeri</surname> <given-names>T</given-names></author>, <author><surname>Brückner</surname> <given-names>H</given-names></author>. (<year>2005</year>), <title>Why are Europeans so tough on migrants?</title> In: <source>Economic Policy</source>, October, pp. <fpage>630</fpage>-<lpage>703</lpage>. 
<author><surname>Boschma</surname> <given-names>R.A.</given-names></author> (<year>2005</year>), <title>Proximity and innovation: A critical assessment</title>. In: <source>Regional Studies</source>, <volume>39</volume>,pp.<fpage>61</fpage>-<lpage>74</lpage>. 
<editor>Bundesministerium für Inneres</editor> (ed.) (<year>2008</year>), <title>Leitfaden für den Aufenthalt und die Beschäftigung von ausländischen Forscherinnen und Forschern in Österreich</title>. <other>Wien</other>. 
<editor>Bundesministerium für Wissenschaft und Forschung (BMWF)</editor>, <editor>Bundesministerium für Verkehr</editor>, <editor>Innovation und Technologie (BMVIT)</editor>, <editor>Bundesministerium für Wirtschaft, Familie und Jugend (BMWFJ)</editor> (eds.) (<year>2009</year>), <title>Österreichischer Forschungs- und Technologiebericht 2009</title>. <other>Wien</other>. 
<author><surname>Davenport</surname> <given-names>S</given-names></author>. (<year>2004</year>), <title>Panic and panacea: Brain drain and science and technology human capital policy</title>. In: <source>Research Policy</source>, <volume>33</volume>, pp. <fpage>617</fpage>-<lpage>630</lpage>. 
<editor>Deutsche Bank Research</editor> (ed.) (<year>2009</year>), <title>Dynamische Vielfalt als Chance. Mittelstand international</title> (= <source>Aktuelle Themen</source>, <volume>441</volume>). <other>Frankfurt am Main</other>. 
<author><surname>Docquier</surname> <given-names>F</given-names></author>., <author><surname>Marfouk</surname> <given-names>A</given-names></author>. (<year>2006</year>), <title>International migration by educational attainment 1990-2000</title>. In: <editor>Ozden C.</editor>, <editor>Schiff M.</editor> (eds.), <source>International migration, brain drain and remittances</source>, pp. <fpage>151</fpage>-<lpage>199</lpage>. <other>New York</other>. 
<author><surname>Dörring</surname> <given-names>T</given-names></author>., <author><surname>Schnellenbach</surname> <given-names>J</given-names></author>. (<year>2006</year>), <title>What do we know about geographical knowledge spillovers and regional growth? A survey of the literature</title>. In: <source>Regional Studies</source>, <volume>40</volume>, pp. <fpage>375</fpage>-<lpage>395</lpage>. 
<author><surname>Dosi</surname> <given-names>G</given-names></author>., <author><surname>Llerena</surname> <given-names>P</given-names></author>., <author><surname>Sylos Labini</surname> <given-names>M</given-names></author>. (<year>2005</year>), <title>Science and technology-industry links and the “European paradox”: some notes on the dynamics of scientific and technological research in Europe</title> (= <source>LEM Working Paper Series</source>, <volume>2</volume>). <other>Pisa</other>. 
<author><surname>Ederer</surname> <given-names>P</given-names></author>., <author><surname>Schuller</surname> <given-names>P</given-names></author>., <author><surname>Willms</surname> <given-names>S</given-names></author>. (<year>2007</year>), <title>The European human capital index: The challenge of Central and Eastern Europe. The Lisbon Council Policy Brief</title>. <other>Brussels</other>. 
<author><surname>Ederer</surname> <given-names>P</given-names></author>., <author><surname>Schuller</surname> <given-names>P</given-names></author>., <author><surname>Willms</surname> <given-names>S</given-names></author>. (<year>2008</year>), <title>University systems ranking: citizens and society in the age of the knowledge. The Lisbon Council Policy Brief</title>. <other>Brussels</other>. 
<author><surname>Etzkowitz</surname> <given-names>H</given-names></author>., <author><surname>Dzisah</surname> <given-names>J</given-names></author>. (<year>2008</year>), <title>Unity and diversity in high-tech growth and renewal: learning from Boston and Silicon Valley</title>. In: <source>European Planning Studies</source>, <volume>16</volume>, pp. <fpage>1009</fpage>-<lpage>1024</lpage>. 
<editor>European Communities</editor> (ed.) (<year>2008</year>), <title>Realising a single labour market for researchers. Report of the ERA expert group</title>. <other>Brussels</other>. 
<editor>European Union</editor> (ed.) (<year>2000</year>), <title>Presidency conclusions. Lisbon European Council 23 and 24 March 2000</title>. <other>Brussels</other>. 
<author><surname>Falk</surname> <given-names>M</given-names></author>., <author><surname>Hake</surname> <given-names>M</given-names></author>. (<year>2008</year>), <title>Wachstumswirkung der Forschungsleistung. Präsentation im Rahmen des Forschungsdialoges</title>. - <url>http://www.bmwf.gv.at.fileadmin/user_upload/forschung/forschungsdialog/OEsterrForschungsdialog_alle_Praesentationsfolien_0808bmwf.pdf</url> L7.7.2009]. 
<author><surname>Fischer</surname> <given-names>M.M.</given-names></author> (<year>2001</year>), <title>Innovation, knowledge creation and systems of innovation</title>. In: <source>Annals of Regional Science</source>, <volume>35</volume>, pp. <fpage>199</fpage>-<lpage>216</lpage>. 
<author><surname>Fischer</surname> <given-names>M</given-names></author>. (<year>2008</year>), <title>Diversität und die Wirtschaft. Erfahrungen und Perspektiven von Migrantinnen und Migranten in Deutschland</title> (= <source>HWWI Research Paper</source>,<volume> 3-15</volume>). <other>Hamburg</other>. 
<author><surname>Florida</surname> <given-names>R</given-names></author>. (<year>1999</year>), <title>The role of university: leveraging talent, not technology</title>. In: <source>Issues in Science and Technology</source>, <volume>19</volume>, pp. <fpage>1</fpage>-<lpage>10</lpage>. 
<author><surname>Florida</surname> <given-names>R</given-names></author>. (<year>2002</year>), <title>The Economic Geography of Talent</title>. In: <source>Annals of the Association of American Geographers</source>, <volume>92</volume>, pp. <fpage>743</fpage>-<lpage>755</lpage>. 
<author><surname>Florida</surname> <given-names>R</given-names></author>. (<year>2007</year>), <title>The flight of the creative class. The new global competition for talent</title>. <other>NY</other>. 
<editor>Fonds zur Förderung der Wissenschaftlichen Forschung (FWF)</editor> (ed.) (<year>2006</year>), <source>Exzellenzinitiative Wissenschaft</source>. <other>Wien</other>. 
<author><surname>Fromhold-Eisebith</surname> <given-names>M</given-names></author>. (<year>2002</year>), <title>Internationale Migration Hochqualifizierter und technologieorientierte Regionalentwicklung</title>. In: <source>IMIS-Beiträge</source>, <volume>19</volume>, pp. <fpage>21</fpage>-<lpage>42</lpage>. 
<author><surname>Fujita</surname> <given-names>M</given-names></author>. (<year>2007</year>), <title>Towards the new economic geography in the brain power society</title>. In: <source>Regional Science and Urban economics</source>, <volume>37</volume>, pp. <fpage>482</fpage>-<lpage>490</lpage>. 
<author><surname>Gächter</surname> <given-names>A</given-names></author>. (<year>2004</year>), <title>Detecting Discrimination against migrants</title> (= <source>ZSI Discussion Paper</source>, <volume>3</volume>). <other>Vienna</other>. 
<author><surname>Gächter</surname> <given-names>A</given-names></author>. (<year>2006</year>), <title>Brain drain from Bulgaria. The evidence and policy options</title> (= <source>ZSI Discussion Paper</source>, <volume>5</volume>). <other>Vienna</other>. 
<author><surname>Gächter</surname> <given-names>A</given-names></author>. (<year>2007</year>), <title>Migration policies for the highly skilled: The case of foreign graduates</title>. In: <editor>Tarrósy I.</editor>, <editor>Milford S.</editor> (eds.), <source>European higher education in a changing world - a view from the Danube region</source>, pp. <fpage>137</fpage>-<lpage>144</lpage>. <other>Pécs</other>.
<author><surname>Gassler</surname> <given-names>H</given-names></author>., <author><surname>Nones</surname> <given-names>B</given-names></author>. (<year>2008</year>), <title>Internationalisation of R&D and embeddedness: the case of Austria</title>. In: <source>Journal of Technology Transfer</source>. <volume>33</volume>, pp. <fpage>407</fpage>-<lpage>421</lpage>. 
<author><surname>Gnan</surname> <given-names>E</given-names></author>., <author><surname>Janger</surname> <given-names>J</given-names></author>., <author><surname>Scharler</surname> <given-names>J</given-names></author>. (<year>2004</year>), <title>Ursachen des langfristigen Wachstums - Plädoyer für eine langfristige Wachstumsstrategie</title>. In: <source>Geldpolitik und Wirtschaft</source>, <volume>1</volume>, pp. <fpage>25</fpage>-<lpage>49</lpage>. 
<author><surname>Haas</surname> <given-names>M</given-names></author>. (<year>2008</year>), <title>Humanressourcen in Österreich. Eine vergleichende Studie im Auftrag des Rates für Forschung und Technologieentwicklung</title>. <other>Vienna</other>. 
<author><surname>Hall</surname> <given-names>P.A.</given-names></author>, <author><surname>Soskice</surname> <given-names>D</given-names></author>. (<year>2001</year>), <title>An introduction to varieties of capitalism</title>. In: <editor>Hall P.A.</editor>. <editor>Soskice D.</editor> (eds.), <source>Varieties of capitalism. The institutional foundations of comparative advantage</source>, pp. <fpage>1</fpage>-<lpage>68</lpage>. <other>Oxford</other>. 
<author><surname>Høgni Kalsø</surname> <given-names>H</given-names></author>., <author><surname>Vang</surname> <given-names>J</given-names></author>., <author><surname>Asheim</surname> <given-names>B</given-names></author>. (<year>2005</year>), <title>The creative class and regional growth: towards a knowledge based approach</title> (= <source>CIRCLE Electronic Working Paper Series</source>. <volume>15</volume>). <other>Lund</other>. 
<editor>International Labour Organisation (ILO)</editor> (ed.) (<year>2006</year>), <title>Competing for global talent</title>. <other>Geneva</other>. 
<author><surname>Janger</surname> <given-names>J</given-names></author>. (<year>2009</year>), <source>Systemevaluierung der österreichischen Forschungsförderung und -finanzierung</source>. <title>Report 1: Rahmenbedingungen</title>. <other>Vienna</other>. 
<author><surname>Janger</surname> <given-names>J</given-names></author>., <author><surname>Pechar</surname> <given-names>H</given-names></author>. (<year>2008</year>), <title>Kurzfassung: „Bieten Österreichs Universitäten bereits optimale organisatorische Rahmenbedingungen für die Entstehung und Nachhaltigkeit wissenschaftlicher Qualität?</title> In: <editor>Bundesministerium für Wissenschaft und Forschung (BMWF)</editor> (ed.), <source>Österreichischer Forschungsdialog Ergebnisdokumentation</source>. <other>Wien</other>. 
<author><surname>Janger</surname> <given-names>J</given-names></author>., <author><surname>Wagner</surname> <given-names>K</given-names></author>. (<year>2004</year>), <title>Sectoral Specialisation in Austria and in the EU-15</title>. In: <source>Monetary Policy & the Economy</source>, <volume>2</volume>, pp. <fpage>37</fpage>-<lpage>54</lpage>. 
<author><surname>Kolb</surname> <given-names>H</given-names></author>. (<year>2005</year>), <title>The German “green card”. Focus Migration. Policy brief</title>. <other>Hamburg</other>. 
<author><surname>Krugman</surname> <given-names>P</given-names></author>. (<year>1991</year>), <title>Geography and trade</title>. <other>Massachusetts</other>. 
<author><surname>Krugman</surname> <given-names>P</given-names></author>., <author><surname>Obstfeld</surname> <given-names>M</given-names></author>. (<year>2009</year>), <title>International economics</title>. <other>Boston et al.</other>
<editor>Land Oberösterreich</editor> (ed.) (<year>2005</year>), <title>Innovatives Oberösterreich 2010. Das Strategische Programm erstellt im Auftrag des Landes Oberösterreich</title>. <other>Linz</other>. 
<author><surname>Leo</surname> <given-names>H</given-names></author>. <other>et al.</other> (<year>2006</year>), <source>WIFO-Weißbuch: Mehr Beschäftigung durch Wachstum auf Basis von Innovation und Qualifikation</source>. <title>Teilstudie 8: Forschung und Innovation als Motor des Wachstums</title>. <other>Wien </other>
<author><surname>Lindsey</surname> <given-names>D</given-names></author>. (<year>1989</year>), <title>Using citation counts as a measure of quality in science. Measuring what's measureable rather than what’s valid</title>. In: <source>Scienomoetrics</source>, <volume>3-4</volume>, pp. <fpage>189</fpage>-<lpage>203</lpage>. 
<author><surname>Lodigiani</surname> <given-names>E</given-names></author>. (<year>2008</year>), <title>Diaspora externalities and technology diffusion</title> (= <source>UCL Discussion Paper</source>, <volume>8</volume>). <other>Louvain-la-Neuve</other>. 
<author><surname>Lucas</surname> <given-names>R.E.</given-names></author> (<year>1988</year>), <title>On the mechanics of economic development</title>. In: <source>Journal of Monetary Economics</source>, <volume>22</volume>, pp. <fpage>3</fpage>-<lpage>42</lpage>. 
<author><surname>Mahroum</surname> <given-names>S</given-names></author>. (<year>1999</year>), <title>Competing for the highly skilled: Europe in perspective</title>. In: <source>Science and Public Policy</source>, <volume>1</volume>, pp. <fpage>17</fpage>-<lpage>25</lpage>. 
<author><surname>Mahroum</surname> <given-names>S</given-names></author>. (<year>2005</year>), <title>The international policies of brain gain: a review</title>. In: <source>Technology Analysis & Strategic Management</source>, <volume>2</volume>, pp. <fpage>219</fpage>-<lpage>230</lpage>. 
<author><surname>Maier</surname> <given-names>G</given-names></author>., <author><surname>Kurka</surname> <given-names>B</given-names></author>., <author><surname>Trippl</surname> <given-names>M</given-names></author>. (<year>2007</year>), <title>Knowledge spillover agents and regional development: spatial distribution and mobility of star scientists</title> (= <source>DYNREG Working Paper Series</source>, <volume>17</volume>). <other>Vienna</other>. 
<editor>Manpower</editor> (ed.) (<year>2008</year>), <title>The borderless workforce. A Manpower White Paper</title>. <other>Milwaukee</other>. 
<author><surname>Marin</surname> <given-names>D</given-names></author>. (<year>2008</year>), <title>The new corporation in Europe</title> (= <source>Bruegel Policy Brief</source>, <volume>7</volume>). <other>Brussels</other>. 
<author><surname>Marin</surname> <given-names>D</given-names></author>. (<year>2009</year>), <title>The battle for talent: globalisation and the rise of executive pay</title> (= <source>Bruegel Working Paper</source>, <volume>1</volume>). <other>Brussels</other>. 
<author><surname>Markusen</surname> <given-names>A</given-names></author>. (<year>1996</year>), <title>Sticky places in slippery space: a typology of industrial districts</title>. In: <source>Economic Geography</source>, <volume>72</volume>, pp. <fpage>283</fpage>-<lpage>313</lpage>. 
<author><surname>Maskell</surname> <given-names>P</given-names></author>. (<year>1999</year>), <title>Social Capital and Regional Development</title> (= <source>North.</source> <volume>5</volume>). <other>Copenhagen</other>.
<author><surname>Maskell</surname> <given-names>P</given-names></author>., <author><surname>Malmberg</surname> <given-names>A</given-names></author>. (<year>1999</year>), <title>Localised learning and industrial competitiveness</title>. In: <source>Cambridge Journal of Economics</source>, <volume>23</volume>, pp. <fpage>167</fpage>-<lpage>185</lpage>. 
<author><surname>Mayer</surname> <given-names>S</given-names></author>., <author><surname>Blaas</surname> <given-names>W</given-names></author>. (<year>2002</year>), <title>Technology Transfer: An opportunity for small open economies</title>. In: <source>Journal of Technology Transfer</source>, <volume>3</volume>, pp. <fpage>275</fpage>-<lpage>289</lpage>. 
<author><surname>Morano-Foadi</surname> <given-names>S</given-names></author>. (<year>2005</year>), <title>Scientific mobility, career progression, and excellence in the European Research Area</title>. In: <source>International Migration</source>, <volume>5</volume>, pp. <fpage>134</fpage>-<lpage>162</lpage>. 
<author><surname>Nerdrujm</surname> <given-names>L</given-names></author>., <author><surname>Sarpebakken</surname> <given-names>B</given-names></author>. (<year>2006</year>), <title>Mobility of foreign researchers in Norway</title>. In: <source>Science and Public Policy</source>, <volume>3</volume>, pp. <fpage>217</fpage>-<lpage>229</lpage>. 
<editor>Organisation for Economic Co-operation and Development (OECD)</editor> (ed.) (<year>2008</year>a), <title>Education at a glance 2008</title>. <other>Paris</other>. 
<editor>Organisation for Economic Co-operation and Development (OECD)</editor> (ed.) (<year>2008</year>b), <title>A profile of the immigrant populations in the 21st century</title>. <other>Paris</other>. 
<editor>Organisation for Economic Co-operation and Development (OECD)</editor> (ed.) (<year>2008</year>c), <title>Open Innovation in a global perspective - What do existing data tell us?</title> (= <source>STI Working Paper</source>, <volume>4</volume>). <other>Paris</other>. 
<editor>Organisation for Economic Co-operation and Development (OECD)</editor> (ed.) (<year>2008</year>d), <title>Science, Technology and Industry Outlook 2008</title>. <other>Paris</other>. 
<editor>Organisation for Economic Co-operation and Development (OECD)</editor> (ed.) (<year>2009</year>), <title>The global competition for talent. Policy Brief</title>. <other>Paris</other>. 
<editor>Österreichische Bundesregierung</editor> (ed.) (<year>2008</year>), <title>Regierungsprogramm 2008-2013. Gemeinsam für Österreich</title>. <other>Wien</other>. 
<author><surname>Peneder</surname> <given-names>M</given-names></author>. (<year>1999</year>), <title>The Austrian paradox: “old” structures but high performance?</title> In: <source>Austrian Economic Quarterly</source>, <volume>4</volume>, pp. <fpage>239</fpage>-<lpage>247</lpage>. 
<author><surname>Peneder</surname> <given-names>M</given-names></author>. (<year>2008</year>), <title>Kurzfassung: Was bleibt vom Österreich Paradoxon? Wachstum und Strukturwandel in der Wissensökonomie</title>. In: <editor>Bundesministerium für Wissenschaft und Forschung (BMWF)</editor>, <source>Österreichischer Forschungsdialog Ergebnisdokumentation</source>. <other>Wien</other>. 
<author><surname>Peri</surname> <given-names>G</given-names></author>. (<year>2007</year>), <title>America’s stake</title>. In: <source>The Milken Institute Review</source>, <volume>3</volume>, pp. <fpage>40</fpage>-<lpage>49</lpage>. 
<author><surname>Pethe</surname> <given-names>H</given-names></author>. (<year>2007</year>), <title>Un-restricted agents? International migration of the highly skilled revisited</title>. In: <source>Social Geography Discussions</source>, <volume>3</volume>, pp. <fpage>211</fpage>-<lpage>236</lpage>. 
<author><surname>Reiner</surname> <given-names>C</given-names></author>. (<year>2008</year>a), <title>Nokia, Novartis & Co: Die Rolle von Standortpolitik und Arbeit im Standortwettbewerb</title>. In: <source>Wirtschafts- u. Sozialpolitische Zeitschrift</source>, <volume>4</volume>, pp. <fpage>141</fpage>-<lpage>172</lpage>. 
<author><surname>Reiner</surname> <given-names>C</given-names></author>. (<year>2008</year>b), <title>Brain drain und brain gain auf Österreichisch</title>. In: <source>Die Presse</source>, <volume>25</volume>/<issue>9</issue>, p. <fpage>37</fpage>. 
<author><surname>Reinstaller</surname> <given-names>A</given-names></author>., <author><surname>Unterlass</surname> <given-names>F</given-names></author>. (<year>2008</year>), <title>What is the right strategy for more innovation in Europe? Drivers and challenges for innovation performance at the sectoral level. Synthesis report</title>. 
<author><surname>Romer</surname> <given-names>P.M.</given-names></author> (<year>1990</year>), <title>Endogenous Technological change</title>. In: <source>Journal of Political Economy</source>, <volume>98</volume>, pp.<fpage>71</fpage>-<lpage>102</lpage>. 
<author><surname>Sauter</surname> <given-names>N</given-names></author>. (<year>2009</year>), <title>Talking Trade: Language barriers in intra-Canadian commerce</title> (= <source>FIW Working Paper</source>, <volume>23</volume>). 
<author><surname>Saxenian</surname> <given-names>A.L.</given-names></author> (<year>2006</year>), <title>The new argonauts. Regional advantage in a global economy</title>. <other>Boston, Harvard</other>. 
<author><surname>Scheibelhofer</surname> <given-names>E</given-names></author>. (<year>2003</year>), <title>Brain Gain, Brain Drain oder Brain Waste? Zum Problem der Abwanderung österreichischer Wissenschaftlerinnen</title>. In: <source>Wirtschaftspolitische Blätter</source>, <volume>3</volume>, pp.<fpage>409</fpage>-<lpage>419</lpage>. 
<author><surname>Schibany</surname> <given-names>A</given-names></author>. (<year>2008</year>), <title>Wider den Appell. Zum Lissabon-Prozess und andere Anmerkungen</title>. In: <source>Wirtschaft u. Gesellschaft</source>, <volume>4</volume>, pp. <fpage>563</fpage>-<lpage>589</lpage>. 
<author><surname>Schiller</surname> <given-names>D</given-names></author>., <author><surname>Revilla Diez</surname> <given-names>J</given-names></author>. (<year>2008</year>), <title>Mobile star scientists as regional knowledge spillover agents</title> (= <source>IAREG Working Paper</source>, <volume>2/7</volume>). <other>Hannover</other>. 
<author><surname>Sieber</surname> <given-names>S</given-names></author>. (<year>2008</year>), <title>Österreichs Attraktivität für ausländische Direktinvestitionen sowie als Standort für Headquarters-Funktionen</title> (= <source>FIW Studien</source>, <volume>21</volume>). <other>Vienna</other>.
<author><surname>Siebert</surname> <given-names>H</given-names></author>. (<year>1995</year>), <title>Internationale Migration aus wirtschaftswissenschaftlicher Perspektive</title>. In:<source> Geogr. Rundschau</source>, <volume>7-8</volume>, pp. <fpage>405</fpage>-<lpage>409</lpage>. 
<author><surname>Siebert</surname> <given-names>H</given-names></author>. (<year>2006</year>), <title>Locational competition: a neglected paradigm in the international division of labour</title>. In: <source>The world economy</source>, <volume>2</volume>, pp. <fpage>137</fpage>-<lpage>159</lpage>. 
<author><surname>Sterlacchini</surname> <given-names>A</given-names></author>. (<year>2008</year>), <title>R&D, higher education and regional growth: uneven linkages among European regions</title>. In: <source>Research Policy</source>, <volume>37</volume>, pp. <fpage>1096</fpage>-<lpage>1107</lpage>. 
<author><surname>Straubhaar</surname> <given-names>T</given-names></author>. (<year>2000</year>), <title>International mobility of the highly skilled: brain gain, brain drain or brain exchange</title> (= <source>HWWA Discussion Paper</source>, <volume>88</volume>). <other>Hamburg</other>. 
<author><surname>Straubhaar</surname> <given-names>T</given-names></author>. (<year>2001</year>), <title>War for brains</title>. In: <source>Intereconomics</source>, <volume>September/October</volume>, pp. <fpage>221</fpage>-<lpage>222</lpage>. 
<author><surname>Streek</surname> <given-names>W</given-names></author>. (<year>1991</year>), <title>On the institutional preconditions of diversified quality production</title>. In: <editor>Matzner E.</editor>, <editor>Streek W.</editor> (eds.), <source>Beyond Keynesianism. The socio-economics of full employment</source>, pp. <fpage>21</fpage>-<lpage>61</lpage>. <other>Aldershot</other>. 
<author><surname>Tichy</surname> <given-names>G</given-names></author>. (<year>2007</year>), <title>3% F&E-Quote genügen nicht</title>. In: <source>Wirtschaftspolitische Blätter</source>, <volume>2</volume>, pp. <fpage>353</fpage>-<lpage>373</lpage>. 
<author><surname>Tichy</surname> <given-names>G</given-names></author>. (<year>2008</year>), <title>Woher sollen die Immigranten kommen? Zur Bevölkerungsprognose der Statistik Austria</title>. In: <source>Wirtschaft u. Gesellschaft</source>, <volume>4</volume>, pp. <fpage>1</fpage>-<lpage>18</lpage>. 
<editor>Tiroler Zukunftsstiftung</editor> (ed.) (<year>2007</year>), <title>Forschung, Technologie und Innovation in Tirol. Eine Standortbestimmung. Studie im Auftrag der Tiroler Zukunftsstiftung</title>. <other>Innsbruck</other>. 
<author><surname>Tödtling</surname> <given-names>F</given-names></author>., <author><surname>Trippl</surname> <given-names>M</given-names></author>. (<year>2005</year>), <title>One size fits all? Towards a differentiated innovation policy approach</title>. In: <source>Research Policy</source>, <volume>34</volume>, pp. <fpage>1203</fpage>-<lpage>1219</lpage>. 
<author><surname>Tridat</surname> <given-names>A</given-names></author>. (<year>2008</year>), <title>The brain drain between knowledge based economies: the European human capital outflow to the US</title> (= <source>CEPII Working Paper Series</source>, <volume>08</volume>). <other>Paris</other>. 
<author><surname>Trippl</surname> <given-names>M</given-names></author>. (<year>2006</year>), <title>Cross-border regional innovation systems</title> (= <source>SRE-Discussion</source>, <volume>5</volume>). <other>Vienna</other>. 
<author><surname>Trippl</surname> <given-names>M</given-names></author>., <author><surname>Tödtling</surname> <given-names>F</given-names></author>. (<year>2007</year>), <title>Developing biotechnology clusters in non-high technology regions - the case of Austria</title>. In: <source>Industry and Innovation</source>, <volume>1</volume>, pp. <fpage>47</fpage>-<lpage>67</lpage>. 
<author><surname>Wadhwa</surname> <given-names>V</given-names></author>. (<year>2009</year>), <title>Tapping talent in a global economy. A reverse brain drain</title>. In: <source>Issues in Science and Technology</source>, <volume>25</volume>, pp. <fpage>45</fpage>-<lpage>52</lpage>. 
<author><surname>Waldorf</surname> <given-names>B.S.</given-names></author> (<year>2009</year>), <title>Is human capital accumulation a self-propelling process? Comparing educational attainment levels of movers and stayers</title>. In: <source>Annals of Regional Science</source>. Published Online, pp. <fpage>323</fpage>-<lpage>344</lpage>. 
<author><surname>Weizsäcker</surname> <given-names>J</given-names></author>. (<year>2008</year>a), <title>Strait is the gate - Europe’s immigration priorities</title> (= <source>Bruegel Policy Brief</source>, <volume>5</volume>). <other>Brussels</other>. 
<author><surname>Weizsäcker</surname> <given-names>J</given-names></author>. (<year>2008</year>b), <title>Welcome to Europe</title> (= <source>Bruegel Policy Brief</source>, <volume>3</volume>). <other>Brussels</other>. 
<author><surname>Zimmermann</surname> <given-names>K.F.</given-names></author> (<year>2008</year>), <title>Mobilitätspolitik in Europa</title>. In: <source>Wirtschaftspolitische Blätter</source>, <volume>2</volume>, pp.<fpage>199</fpage>-<lpage>208</lpage>. 
<author><surname>Zucker</surname> <given-names>L.G.</given-names></author>, <author><surname>Darby</surname> <given-names>M.R.</given-names></author> (<year>2007</year>), <title>Star scientists, innovation and regional and national immigration</title> (= <source>NBER Working Paper Series</source>, <volume>13547</volume>). <other>New York</other>.