<author><surname>Berners-Lee</surname> <given-names>T</given-names></author>. (<year>2000</year>), <title>Semantic Web - XML2000</title>. - <url>http://www.w3.org/2000/Talks/1206-xml2k-tbl/slide 10-0.hmtl</url>
<author><surname>Berners-Lee</surname> <given-names>T</given-names></author>., <author><surname>Hendler</surname> <given-names>J</given-names></author>., <author><surname>Lassila</surname> <given-names>O</given-names></author>. (<year>2001</year>), <title>The Semantic Web</title> (= <title>Scientific American Magazine</title>, <volume>17</volume>).
<author><surname>Bertin</surname> <given-names>J</given-names></author>. (<year>1974</year>), <title>Graphische Semiologie</title>. <other>Berlin - New York</other>, <publisher>De Gruyter</publisher>.
<author><surname>Best</surname></author> <fpage>D</fpage>. (<year>2006</year>), <title>Web 2.0 Next Big Thing or Next Big Internet Bubble? Lecture Web Information Systems</title>. <other>Eindhoven</other>, <editor>Techn. Univ. Eindhoven</editor>.
<author><surname>Cardoso</surname> <given-names>J</given-names></author>. (<year>2007</year>), <title>The Semantic Web Vision: Where are We?</title> In: <source>IEEE Intelligent Systems</source>, <volume>September/October</volume>, S. <fpage>22</fpage>-<lpage>26</lpage>.
<author><surname>Cartwright</surname> <given-names>W</given-names></author>. (<year>2009</year>), <title>Moving from map and geospatial information provision with the Web to collaborative publishing using Web 2.0</title>. In: <editor>Kriz K.</editor>, <editor>Kainz W.</editor>, <editor>Riedl A.</editor> (Hrsg.) (<year>2009</year>), <source>Geokommunikation im Umfeld der Geographie. Tagungsband zum Deutschen Geographentag in Wien (= Wiener Schriften z. Geogr. u. Kartogr.</source>, <volume>19</volume>), S. <fpage>9</fpage>-<lpage>22</lpage>.
<author><surname>Dransch</surname> <given-names>D</given-names></author>. (<year>2004</year>), <title>Kartographie und Handlungstheorie</title>. In: <editor>Koch W.</editor> (Hrsg.), <source>Theorie 2003 (= Kartogr. Bausteine</source>, <volume>26</volume>). <other>Dresden</other>.
<author><surname>Freitag</surname> <given-names>U</given-names></author>. (<year>2008</year>), <title>Von der Physiographik zur kartographischen Kommunikation</title>. In: <source>KN</source>, <volume>58</volume>, <issue>2</issue>, S. <fpage>59</fpage>-<lpage>67</lpage>.
<author><surname>Gibson</surname> <given-names>R</given-names></author>., <author><surname>Earle</surname> <given-names>S</given-names></author>. (<year>2006</year>), <title>Google Map Hacks</title>. <other>Sebastopol</other>, <publisher>O’Reilly</publisher>.
<author><surname>Goodchild</surname> <given-names>M.F.</given-names></author> (<year>2007</year>), <title>Citizens as Voluntary Sensors: Spatial Data Infrastructure in the World of Web 2.0</title>. In: <source>Intern. Journal of Spatial Data Infrastructures Research</source>, <volume>2</volume>, S. <fpage>24</fpage>-<lpage>32</lpage>. - <url>http://ijsdir.jrc .it/index.php/ijsdir/article/view File/28/22</url>
<author><surname>Gould</surname> <given-names>P</given-names></author>., <author><surname>White</surname> <given-names>R</given-names></author>. (<year>1974</year>), <title>Mental Maps</title>. <other>Harmondsworth</other>, <publisher>Pelican Books</publisher>.
<author><surname>Greenmeier</surname> <given-names>L</given-names></author>., <author><surname>Gaudin</surname> <given-names>S</given-names></author>. (<year>2008</year>), <title>Amid The Rush To Web 2.0, Some Words Of Warning. Web 2.0 - InformationWeek</title>. - <url>http://www.informationweek.com</url>
<author><surname>Jobst</surname> <given-names>M</given-names></author>. (<year>2008</year>), <title>Ein semiotisches Modell für die kartographische Kommunikation mit 3D</title>. <other>Wien</other>, <other>Techn. Univ. Wien, Diss</other>.
<author><surname>Kolacny</surname> <given-names>A</given-names></author>. (<year>1970</year>), <title>Kartographische Informationen - ein Grundbegriff und Grundterminus der modernen Kartographie</title>. In: <source>Intern. Jahrbuch f. Kartogr.</source>, Bd. <volume>X</volume>, S. <fpage>186</fpage>-<lpage>193</lpage>.
<editor>Kraak M.-J.</editor>, <editor>Brown A.</editor> (Hrsg.) (<year>2001</year>), <title>Web Cartography - Developments and Prospects</title>. <other>London</other>, <publisher>Taylor & Francis</publisher>.
<author><surname>Kuhn</surname> <given-names>T</given-names></author>. (<year>1962</year>), <title>The Structure of Scientific Revolutions</title>. <other>Chicago</other>, <publisher>The Univ. of Chicago Press</publisher>. 
<author><surname>MacEachren</surname> <given-names>A.M.</given-names></author> (<year>1995</year>), <title>How Maps Work</title>. <other>New York</other>, <publisher>Guilford Press</publisher>.
<author><surname>Monmonier</surname> <given-names>M</given-names></author>. (<year>1985</year>), <title>Technological Transitions in Cartography</title>. <other>Madison</other>, <publisher>Univ. of Wisconsin Press</publisher>.
<author><surname>Ogrissek</surname> <given-names>R</given-names></author>. (<year>1987</year>), <title>Theoretische Kartographie</title>. <other>Gotha</other>, <publisher>Haack</publisher>.
<author><surname>O’Reilly</surname> <given-names>T</given-names></author>. (<year>2005</year>), <title>What Is Web 2.0 - Design Patterns and Business Models for the Next Generation of Software</title>. - <url>http://www.oreillynet.eom/pub/a/oreilly/tim/news/2005/09/30/what-is-web-20 .html</url>
<editor>Peterson M.P.</editor> (Hrsg.) (<year>2003</year>), <title>Maps and the Internet</title>. <other>Amsterdam</other>, <publisher>Elsevier</publisher>.
<author><surname>Robinson</surname> <given-names>A</given-names></author>., <author><surname>Petchenik</surname> <given-names>B</given-names></author>. (<year>1975</year>), <title>The map as a communication system</title>. In: <source>The Cartographic Journal</source>, <volume>12</volume>, <issue>1</issue>, S. <fpage>7</fpage>-<lpage>15</lpage>.
<author><surname>Scholz</surname> <given-names>T</given-names></author>. (<year>2008</year>), <title>Market Ideology and the Myths of Web 2.0 (= First Monday</title>, <volume>13</volume>, <issue>2</issue>).
<author><surname>Sui</surname> <given-names>D</given-names></author>. (<year>2007</year>), <title>Volunteered Geographic Information: A tetradic analysis using McLuhan’s law of the media. Workshop on Volunteered Geographic Information, December 13-14, 2007</title>. - <url>http://www.ncgia.ucsb.edu/projects/vgi/products.html</url>
<author><surname>Thrower</surname> <given-names>N.J.W.</given-names></author> (<year>1999</year>), <title>Maps & Civilization: Cartography in Culture and Society</title>. <other>Chicago</other>, <publisher>Univ. of Chicago Press</publisher>.
<author><surname>Turner</surname> <given-names>A</given-names></author>. (<year>2006</year>), <title>Introduction to Neogeography</title>. <other>Sebastopol</other>, <publisher>O’Reilly Short Cuts</publisher>.
<editor>van Elzakker C.</editor>, <editor>Nivala A.M.</editor>, <editor>Pucher A.</editor>, <editor>Forrest D.</editor> (Hrsg.) (<year>2008</year>), <title>Caring for the Users: theme issue</title>. In: <source>The Cartographic Journal</source>, <volume>45</volume>, <issue>2</issue>, S. <fpage>84</fpage>-<lpage>86</lpage>.
<author><surname>Wache</surname> <given-names>H</given-names></author>., <author><surname>Vögele</surname> <given-names>T</given-names></author>., <author><surname>Visser</surname> <given-names>U</given-names></author>., <author><surname>Stuckenschmidt</surname> <given-names>H</given-names></author>., <author><surname>Schuster</surname> <given-names>G</given-names></author>., <author><surname>Neumann</surname> <given-names>S</given-names></author>., <author><surname>Hübner</surname> <given-names>S</given-names></author>. (<year>2001</year>), <title>Ontology-Based Integration of Information. A Survey of Existing Approaches, IJCAI-01 Workshop Ontologies and Information Sharing, 2001</title>, <other>Seattle</other>.
<author><surname>Wolodtschenko</surname> <given-names>A</given-names></author>. (<year>2003</year>), <title>Cartography and Cartosemiotics: Interaction and Competition</title>. In: <source>Proc. of the 21st Intern. Cartogr. Conf. (ICC), Durban, South Africa, 10-16 August 2003</source>, S.<fpage>197</fpage>-<lpage>198.</lpage>
<author><surname>Wood</surname> <given-names>D</given-names></author>. (<year>2003</year>), <title>Cartography is Dead (Thank God!)</title>. In: <source>Cartographic Perspectives</source>, <volume>45</volume>, S. <fpage>4</fpage>-<lpage>7</lpage>.