<author><surname>Batsche</surname> <given-names>H</given-names></author>., <author><surname>Bauer</surname> <given-names>F</given-names></author>., <author><surname>Behrens</surname> <given-names>H</given-names></author>., <author><surname>Buchelta</surname> <given-names>K</given-names></author>., <author><surname>Hribar</surname> <given-names>F</given-names></author>., <author><surname>Käss</surname> <given-names>W</given-names></author>., <author><surname>Knuttson</surname> <given-names>G</given-names></author>., <author><surname>Mairhofer</surname> <given-names>J</given-names></author>., <author><surname>Maurin</surname> <given-names>V</given-names></author>., <author><surname>Moser</surname> <given-names>H</given-names></author>., <author><surname>Neumaier</surname> <given-names>E</given-names></author>, <author><surname>Ostanek</surname> <given-names>L</given-names></author>., <author><surname>Rrajner</surname> <given-names>V</given-names></author>., <author><surname>Rauert</surname> <given-names>W</given-names></author>., <author><surname>Sagl</surname> <given-names>H</given-names></author>., <author><surname>Schnitzer</surname> <given-names>W.A.</given-names></author>, <author><surname>Zötl</surname> <given-names>J</given-names></author>. (<year>1967</year>), <title>Vergleichende Markierungsversuche im Mittelsteirischen Karst 1967</title>. In: <source>Steirische Beiträge z. Hydrologie</source>, <year>1966</year>/<year>67</year>, S. <fpage>331</fpage>-<lpage>404</lpage>. 
<author><surname>Bauer</surname> <given-names>C</given-names></author>., <author><surname>Kellerer-Pirklbauer</surname> <given-names>A</given-names></author>. (<year>2009</year>), <title>Human impact on karst environments: A case study from central Styria</title>. In: <source>Zeitschrift f. Geomorphologie</source>, <other>Sondernummer</other> (im Druck). 
<author><surname>Benischke</surname> <given-names>R</given-names></author>., <author><surname>Harum</surname> <given-names>T</given-names></author>. (<year>1994</year>), <title>Zur Hydrologie und Hydrogeologie des Gebietes Peggau - Tanneben - Semriach</title>. In: <editor>Landesverein für Höhlenkunde in der Steiermark</editor> (Hrsg.), <source>Festschrift Lurgrotte 1894-1994</source>, S. <fpage>143</fpage>-<lpage>181</lpage>. <other>Graz</other>, <publisher>Styria Verlag</publisher>. 
<author><surname>Bock</surname> <given-names>H</given-names></author>. (<year>1913</year>), <title>Charakter des Mittelsteirischen Karstes</title>. In: <source>Mitt. f. Höhlenkunde</source>, <volume>6</volume>,<issue>4</issue>, S. <fpage>5</fpage>-<lpage>19</lpage>. 
<author><surname>Brown</surname> <given-names>E.H.</given-names></author> (<year>1970</year>), <title>Man shapes the earth</title>. In: <source>The Geographical Journal</source>, <volume>136</volume>, S. <fpage>74</fpage>-<lpage>85</lpage>. 
<author><surname>Farkas</surname> <given-names>A</given-names></author>. (<year>2002</year>), <title>Sag mir, wer die Toten sind! Personalisierung des Opfergedenkens am Beispiel der NS-Opfer von Peggau</title>. <other>Klagenfurt</other>, <publisher>Drava Verlag</publisher>.
<author><surname>Fischer-Kowalski</surname> <given-names>M</given-names></author>., <author><surname>Erb</surname> <given-names>K</given-names></author>. (<year>2006</year>), <title>Epistemologische und konzeptionelle Grundlagen der Sozialen Ökologie</title>. In: <source>Mitt. d. Österr. Geogr. Ges.</source>, <volume>148</volume>, S. <fpage>33</fpage>-<lpage>56</lpage>. 
<author><surname>Fischer-Kowalski</surname> <given-names>M</given-names></author>., <author><surname>Haberl</surname> <given-names>H</given-names></author>. (<year>1997</year>a), <title>Stoffwechsel und Kolonisierung. Konzepte zur Beschreibung des Verhältnisses von Gesellschaft und Natur</title>. In: <editor>Fischer-Kowalski M.</editor> (Hrsg.), <source>Gesellschaftlicher Stoffwechsel und Kolonisierung von Natur. Ein Versuch in Sozialer Ökologie</source>, S. <fpage>3</fpage>-<lpage>12</lpage>. <other>Amsterdam</other>, <publisher>Fakultas</publisher>. 
<author><surname>Fischer-Kowalski</surname> <given-names>M</given-names></author>., <author><surname>Haberl</surname> <given-names>H</given-names></author>. (<year>1997</year>b), <title>Stoffwechsel und Kolonisierung. Ein universalhistorischer Bogen</title>. In: <editor>Fischer-Kowalski M.</editor> (Hrsg.), <source>Gesellschaftlicher Stoffwechsel und Kolonisierung von Natur. Ein Versuch in Sozialer Ökologie</source>, S. <fpage>25</fpage>-<lpage>35</lpage>. <other>Amsterdam</other>, <publisher>Fakultas</publisher>. 
<author><surname>Ford</surname> <given-names>D</given-names></author>., <author><surname>Williams</surname> <given-names>P.W.</given-names></author> (<year>2007</year>), <title>Karst Hydrogeology and Geomorphology</title>. <other>Chichester</other>, <publisher>Wiley</publisher>. 
<author><surname>Fuchs</surname> <given-names>G</given-names></author>. (<year>1994</year>), <title>Archäologie der Lurgrotte</title>. In: <editor>Landesverein für Höhlenkunde in der Steiermark</editor> (Hrsg.), <source>Festschrift Lurgrotte 1894-1994</source>, S. <fpage>85</fpage>-<lpage>101</lpage>. <other>Graz</other>, <publisher>Styria</publisher>. 
<author><surname>Götzinger</surname> <given-names>G</given-names></author>. (<year>1926</year>), <title>Die Phosphate in Österreich</title>. In: <source>Mitt. d. Österr. Geogr. Ges.</source>, <volume>69</volume>, S. <fpage>126</fpage>-<lpage>156</lpage>. 
<author><surname>Gunn</surname> <given-names>J</given-names></author>. (<year>1993</year>), <title>The geomorphological impacts of limestone quarrying</title>. In: <editor>Williams P.W.</editor> (Hrsg.), <source>Karst Terrains: Environmental changes and human impact</source> (= <source>Catena Supplement</source>, <volume>25</volume>), S. <fpage>187</fpage>-<lpage>197</lpage>. 
<author><surname>Huppert</surname> <given-names>G</given-names></author>., <author><surname>Burri</surname> <given-names>E</given-names></author>., <author><surname>Forti</surname> <given-names>p</given-names></author>., <author><surname>Cigna</surname> <given-names>A</given-names></author>. (<year>1993</year>), <title>Effects of Tourist Development on caves and Karst</title>. In: <editor>Williams P.W.</editor> (Hrsg.), <source>Karst Terrains: Environmental changes and human impact</source> (= <source>Catena Supplement</source>, <volume>25</volume>), S. <fpage>251</fpage>-<lpage>268</lpage>. 
<author><surname>Kieslinger</surname> <given-names>A</given-names></author>. (<year>1957</year>), <title>Höhlen und Steinbrüche</title>. In: <source>Die Höhle</source>, <volume>8</volume>, <issue>4</issue>, S. <fpage>89</fpage>-<lpage>99</lpage>. 
<author><surname>Kusch</surname> <given-names>H</given-names></author>. (<year>1992</year>), <title>Zur Stellung der Höhle in der Urgeschichtsforschung</title>. In: <source>Fundberichte aus Österreich</source>, <volume>31</volume>, S. <fpage>357</fpage>-<fpage>358</fpage>. 
<author><surname>Kusch</surname> <given-names>H</given-names></author>. (<year>1993</year>), <title>Die kulturhistorische Bedeutung der Höhlenfundplätze entlang des mittleren Murtales (Steiermark)</title>. Univ. Graz, Diss. 
<author><surname>Kusch</surname> <given-names>H</given-names></author>. (<year>1997</year>), <title>Die Grabung 1997 in der Bockhöhle bei Peggau in der Steiermark</title>. In: <source>Fundberichte aus Österreich</source>, <volume>37</volume>, S. <fpage>469</fpage>-<lpage>478</lpage>. 
<author><surname>Kusch</surname> <given-names>H</given-names></author>. (<year>2004</year>), <title>Forschungsprojekt Moosschacht (2836/237) auf dem Tannebenstock bei Semriach, Steiermark</title>. In: <source>Die Höhle</source>, <volume>55</volume>, <issue>1-4</issue>, S. <fpage>83</fpage>-<lpage>90</lpage>. 
<author><surname>Lehmann</surname> <given-names>O</given-names></author>. (<year>1932</year>), <title>Die Hydrographie des Karstes</title>. <other>Leipzig - Wien</other>, <publisher>Franz Deuticke</publisher>. 
<author><surname>Maurin</surname> <given-names>V</given-names></author>. (<year>1952</year>), <title>Ein Beitrag zur Hydrologie des Lurhöhlensystems. Die zweite Chlorierung des Lurbaches</title>. In: <source>Mitt. d. Naturwiss. Vereins f. Steiermark</source>, <volume>81/82</volume>, S. <fpage>169</fpage>-<lpage>180</lpage>. 
<author><surname>Maurin</surname> <given-names>V</given-names></author>. (<year>1961</year>), <title>Hydrologie und Verkarstung</title>. In: <editor>Flügel H.</editor> (Hrsg.), <source>Die Geologie des Grazer Berglandes</source> (= <source>Mitt. d. Museums f. Bergbau, Geologie u. Technik am Landesmuseum Joanneum Graz</source>, <volume>23</volume>), S. <fpage>173</fpage>-<lpage>195</lpage>. 
<author><surname>Maurin</surname> <given-names>V</given-names></author>. (<year>1994</year>), <title>Geologie und Karstentwicklung des Raumes Deutschfeistritz - Peggau - Semriach</title>. In: <editor>Landesverein für Höhlenkunde in der Steiermark</editor> (Hrsg.), <source>Festschrift Lurgrotte 1894-1994</source>, S. <fpage>103</fpage>-<lpage>137</lpage>. <other>Graz</other>, <publisher>Styria Verlag</publisher>. 
<author><surname>Paschinger</surname> <given-names>H</given-names></author>. (<year>1965</year>), <title>Klimabedingte Oberflächenkarstformen am Rande der Grazer Bucht</title>. In: <source>Geogr. Zeitschrift</source>, <volume>65</volume>, S. <fpage>162</fpage>-<lpage>170</lpage>. 
<author><surname>Rabitsch</surname> <given-names>G</given-names></author>. (<year>1967</year>), <title>Konzentrationslager in Österreich (1938-1945). Überblick und Geschehen</title>. Univ. Wien, Diss. 
<author><surname>Saar</surname> <given-names>R</given-names></author>. (<year>1931</year>), <title>Geschichte und Aufbau der österreichischen Höhlendüngeraktion mit besonderer Berücksichtigung des Werkes Mixnitz</title>. In: <source>Speläologisches Jahrbuch</source>, <volume>7/8</volume>, S. <fpage>3</fpage>-<lpage>64</lpage>. 
<author><surname>Schadler</surname> <given-names>J</given-names></author>. (<year>1921</year>), <title>Die Phosphatgewinnung aus der Drachenhöhle bei Mixnitz in Steiermark</title>. In: <source>Berichte d. staatl. Höhlenkommission</source>, <volume>2</volume>, <issue>1</issue>, S. <fpage>42</fpage>-<lpage>46</lpage>. 
<author><surname>Schäffler</surname> <given-names>H</given-names></author>. (<year>1994</year>), <title>Quo vadis Tanneben?</title> In: <editor>Landesverein für Höhlenkunde in der Steiermark</editor> (Hrsg.), <source>Festschrift Lurgrotte 1894-1994</source>, S. <fpage>307</fpage>-<lpage>315</lpage>. <other>Graz</other>, <publisher>Styria Verlag</publisher>.
<author><surname>Sieferle</surname> <given-names>R.P.</given-names></author> (<year>1997</year>), <title>Kulturelle Evolution des Gesellschaft-Natur-Verhältnisses</title>. In: <editor>Fischer-Kowalski M.</editor> (Hrsg.), <source>Gesellschaftlicher Stoffwechsel und Kolonisierung von Natur. Ein Versuch in Sozialer Ökologie</source>, S. <fpage>37</fpage>-<lpage>53</lpage>. <other>Amsterdam</other>, <publisher>Fakultas</publisher>. 
<author><surname>Stelzl</surname> <given-names>B</given-names></author>. (<year>1999</year>), <title>Lager in Graz. Zur Unterbringung ausländischer Zivilarbeiter, Kriegsgefangener und KL-Häftlinge 1938-1945</title>. In: <editor>Karner S.</editor> (Hrsg.), <source>Graz in der NS-Zeit 1938-1945</source> (= <source>Veröff. d. Ludwig Boltzmann-Inst. f. Kriegsfolgen-Forschungen, Sonderbd.</source> <volume>I</volume>). <other>Graz - Wien - Klagenfurt</other>. 
<author><surname>Stummer</surname> <given-names>G</given-names></author>., <author><surname>Plan</surname> <given-names>L</given-names></author>. (<year>2002</year>), <title>Handbuch zum Österreichischen Höhlenverzeichnis inklusive Bayrischer Alpenraum</title> (= <source>Speldok</source>, <volume>10</volume>). 
<author><surname>Trimmel</surname> <given-names>H</given-names></author>. (<year>1968</year>), <title>Höhlenkunde</title> (= <source>Die Wissenschaft. Sammlung v. Einzeldarstellungen aus allen Gebieten d. Naturwissenschaft</source>, <volume>126</volume>). 
<author><surname>Trimmel</surname> <given-names>H</given-names></author>. (<year>1994</year>a), <title>Das Naturdenkmal Lurhöhle (Semriach-Peggau) - Ableitungskanal für (geklärtes) Abwässer!</title> In: <source>Die Höhle</source>, <volume>45</volume>, <issue>1</issue>,S. <fpage>1</fpage>-<lpage>6</lpage>. 
<author><surname>Trimmel</surname> <given-names>H</given-names></author>. (<year>1994</year>b), <title>Die „Lurgrotte“ - Schauhöhlenbetrieb und Höhlenschutz</title>. In: <editor>Landesverein für Höhlenkunde in der Steiermark</editor> (Hrsg.), <source>Festschrift Lurgrotte 1894-1994</source>, S. <fpage>293</fpage>-<lpage>306</lpage>. <other>Graz</other>, <publisher>Styria Verlag</publisher>. 
<author><surname>Van Beynen</surname> <given-names>P</given-names></author>., <author><surname>Townsend</surname> <given-names>K</given-names></author>. (<year>2005</year>), <title>A Disturbance Index for Karst Environments</title>. In: <source>Environmental Management</source>, <volume>36</volume>, <issue>1</issue>, S. <fpage>101</fpage>-<lpage>116</lpage>. 
<author><surname>Vormair</surname> <given-names>V</given-names></author>. (<year>1940</year>), <title>Die Dolinenwelt des Mittelsteirischen Karstes</title>. In: <source>Zeitschrift f. Geomorphologie</source>, <volume>11</volume>, S. <fpage>123</fpage>-<lpage>150</lpage>. 
<author><surname>Weissensteiner</surname> <given-names>V</given-names></author>. (<year>1969</year>), <title>Der Hammerbach bei Peggau (Steiermark, Kat.-Nr. 2836/34)</title>. In: <source>Die Höhle</source>, <volume>20</volume>, <issue>4</issue>, S. <fpage>113</fpage>-<lpage>123</lpage>. 
<author><surname>Weissensteiner</surname> <given-names>V</given-names></author>. (<year>1994</year>), <title>Die Erforschung der Lurgrotte nach der Einschließungskatastrophe</title>. In: <editor>Landesverein für Höhlenkunde in der Steiermark</editor> (Hrsg.), <source>Festschrift Lurgrotte 1894-1994</source>, S. <fpage>53</fpage>-<lpage>62</lpage>. <other>Graz</other>, <publisher>Styria Verlag</publisher>. 
<author><surname>Weissensteiner</surname> <given-names>V</given-names></author>. (<year>2001</year>), <title>Tätigkeitsbericht 2000 der dem Verband österreichischer Höhlenforscher angeschlossenen Vereine</title>. In: <source>Die Höhle</source>, <volume>52</volume>, 2, S. <fpage>52</fpage>-<lpage>54</lpage>. 
<editor>Wietersdorfer & Peggauer Zementwerke GmbH</editor> (Hrsg.) (<year>2006</year>), <title>Umwelterklärung Werk Peggau / Leoben. Ausgabe 2006 mit den Zahlen 2005</title>. <other>Klagenfurt</other>. 
<author><surname>Winkler-Hermaden</surname> <given-names>A</given-names></author>. (<year>1957</year>), <title>Geologisches Kräftespiel und Landformung. Grundsätzliche Erkenntnisse zur Frage junger Gebirgsbildung und Landformung</title>. <other>Wien</other>, <publisher>Springer Verlag</publisher>. 
<author><surname>Wurmbrand</surname> <given-names>G</given-names></author>. (<year>1871</year>), <title>Über die Höhlen und Grotten in dem Kalkgebirge bei Peggau</title>. In: <source>Mitt. d. Naturwiss. Vereins f. Steiermark</source>, <volume>2</volume>, <issue>3</issue>, S. <fpage>401</fpage>-<lpage>427</lpage>.