<author><surname>DE JONG</surname> <given-names>G.F.</given-names></author>, <author><surname>Fawcett</surname> <given-names>J.T.</given-names></author> (<year>1981</year>), <title>Motivations for Migration: An Assessment and a Value-Expectancy Research Model</title>. In: <editor>DE JONG G.F.</editor>, <editor>GARDNER R.W.</editor> (Hrsg.), <source>Migration Decision Making</source>, S. <fpage>13</fpage>-<lpage>58</lpage>. <other>New York</other>.
<author><surname>ESSER</surname> <given-names>H</given-names></author>. (<year>1991</year>), <title>Alltagshandeln und Verstehen. Zum Verhältnis von erklärender und verstehender Soziologie am Beispiel von Alfred Schütz und “Rational Choice”</title>. <other>Tübingen</other>. 
<editor>EUROSTAT</editor> (Hrsg.) (<year>2008</year>), <title>Recent migration trends: citizens of EU-27 Member States become ever more mobile while EU remains attractive to non EU-citizens</title> (= <title>Statistik kurz gefasst</title>, <volume>98</volume>). 
<author><surname>FASSMANN</surname> <given-names>H</given-names></author>. (<year>2009</year>), <title>European migration - historical overview and statistical problems</title>. In: <editor>FASSMANN H.</editor>, <editor>REEGER U.</editor>, <editor>SIEVERS W.</editor> (Hrsg.), <source>Statistics and Reality: Concepts and Measurements of Migration in Europe</source>, S. <fpage>10</fpage>-<lpage>27</lpage>. <other>Amsterdam</other>. 
<author><surname>FASSMANN</surname> <given-names>H</given-names></author>. (<year>2009</year>), <title>Die Geographie der Europäischen Migration - ein Überblick</title>. In: <editor>SIR PETER USTINOV INSTITUT</editor> (Hrsg.), <source>Zuwanderer als Feindbild</source>. <other>Wien</other> (im Druck). 
<author><surname>FERENCZI</surname> <given-names>I</given-names></author>., <author><surname>WILCOX</surname> <given-names>W. F.</given-names></author> (<year>1929</year>), <title>International Migrations, Vol. I: Statistics</title>. <other>New York</other>, <publisher> National Bureau of Economic Research</publisher>. 
<editor>INTERNATIONAL ORGANIZATION FOR MIGRATION (IOM)</editor> (Hrsg.) (<year>2008</year>),<title> World Migration Report 2008</title>. <other>Geneva - New York</other>. 
<editor>KRITZ M.M.</editor>, <editor>LIM L.L.</editor>, <editor>ZLOTNIK H.</editor> (Hrsg.) (<year>1992</year>), <title>International Migration Systems: A Global Approach</title>. <other>Oxford, United Kingdom</other>, <publisher>Clarendon Press</publisher>. 
<author><surname>LEE</surname> <given-names>E.S.</given-names></author> (<year>1966</year>), <title>A Theory of Migration</title>. In: <source>Demography</source>, <volume>3</volume>, S. <fpage>47</fpage>-<lpage>57</lpage>. 
<author><surname>WALLERSTEIN</surname> <given-names>I</given-names></author>. (<year>1974</year>), <title>The Modern World System, Capitalist Agriculture and the Origins of the European World Economy in the Sixteenth Century</title>. <other>New York</other>, <publisher>Academic Press</publisher>.