<editor>Agenţia pentru Dezvoltare Economică (ADETIM)</editor> (ed.) (<year>2006</year>), <title>Investor’s guide: Timiş County, Romania</title>. <other>Timişoara</other>.
<editor>Agenţiile de Dezvoltare Economico-Socială (ADES)</editor> (ed.) (<year>1998</year>), <title>Ghidul Investitorului 1998: Regiunea Economică Vest [Investment guide 1998: Economic region West]</title>. <other>Timişoara</other>.
<author><surname>Alexa</surname> <given-names>C</given-names></author>. (<year>2001</year>),<title>Transporturi şi expediţi internaţional [International transport and shipment]</title>. <other>Bucureşti</other>, <publisher>Editura ASE</publisher>.
<editor>Belgrade City Council</editor> (ed.) (<year>2008</year>), <title>City of Belgrade Development Strategy. Goals, Concept and Strategic Priorities of Sustainable Development</title>. <other>Belgrade</other>. - <url>http://www.beograd.rs/download .php/documents// developmentstrategy .pdf</url>
<author><surname>Burghouwt</surname> <given-names>G</given-names></author>. (<year>2005</year>), <title> Airline network development in Europe and its implications for airport planning</title>. <other>Utrecht</other>, <editor>Univ. of Utrecht, Faculty of Geosciences</editor>.
<author><surname>Burghouwt</surname> <given-names>G</given-names></author>., <author><surname>Hakoort</surname> <given-names>J</given-names></author>., <author><surname>Ritsema van Eck</surname> <given-names>J</given-names></author>. (<year>2003</year>), <title>The spatial configuration of airline networks in Europe</title>. In: <source>Journal of Air Transport Management</source>, <volume>9</volume>, pp. <fpage>309</fpage>-<lpage>323</lpage>.
<author><surname>Dempsey</surname> <given-names>P.S.</given-names></author> (<year>2004</year>), <title>European aviation law</title>. <other>Den Haag</other>, <publisher>Kluwer Law Intern</publisher>.
<author><surname>Dobruszkes</surname> <given-names>F</given-names></author>. (<year>2009</year>), <title>New Europe, new low-cost air services</title>. In: <source>Journal of Transport Geography</source>, <volume>17</volume>, <issue>6</issue>,pp.<fpage>423</fpage>-<lpage>432</lpage>.
<author><surname>Dumitrescu</surname> <given-names>S</given-names></author>., <author><surname>Bal</surname> <given-names>A</given-names></author>. (<year>2002</year>), <title>Economia mondiale [Global economy]</title>. <other>Bucharest</other>, <publisher>Ed. Economică</publisher>. 
<editor>European Communities</editor> (ed.) (<year>2007</year>), <title>Statistics in focus: air passenger transport in Europe in 2006</title>. <other>Luxembourg</other>, <publisher>Office for Official Publications of the European Communities</publisher>.
<editor>Eurostat</editor> (ed.) (<year>2006</year>), <title>Air transport in Europe in 2004 - Statistics in focus</title>. - <url>http://epp .eurostat.ec.europa.eu/cache/ITY_OFFPUB/KS-NZ-06-002/EN/KS-NZ-06-002-EN.pdf</url>
<author><surname>Francis</surname> <given-names>G</given-names></author>., <author><surname>Fidato</surname> <given-names>A</given-names></author>, <author><surname>Humphreys</surname> <given-names>I</given-names></author>. (<year>2003</year>), <title>Airport-airline interaction: the impact of low-cost carriers on two European airports</title>. In: <source>Journal of Air Transport Management</source>, <volume>9</volume>, <issue>4</issue>, pp. <fpage>267</fpage>-<lpage>273</lpage>.
<author><surname>Fruhling</surname> <given-names>P</given-names></author>. (<year>2006</year>), <title>The new European Commission’s guidelines on aid to airports and aid by airports to airlines</title>. In: <source>Air & Space Law</source>, <volume>31</volume>,<issue>2</issue>, pp. <volume>98</volume>-<lpage>119</lpage>.
<editor>Government of Romania</editor> (ed.) (<year>2006</year>), <title>Sectoral operational programme - Transport (SOPT) 2007-2013</title>.- <url>http://www.mt.to/engleza/strategii/post/POS%20Transport%20final%2012%20aprilie%202006%20MFP%20-%20MTCT.pdf</url>
<author><surname>Graham</surname> <given-names>A</given-names></author>., <author><surname>Dennis</surname> <given-names>N</given-names></author>. (<year>2006</year>), <title>Airport traffic and financial performance: a UK and Ireland case study</title>. <other>London</other>, <publisher>Univ. of Westminster</publisher>.
<author><surname>Graham</surname> <given-names>B.J.</given-names></author> (<year>1995</year>), <title>Geography and air transport</title>. <other>Chichester</other>, <publisher>John Wiley & Sons</publisher>. 
<author><surname>Iordănescu</surname> <given-names>D</given-names></author>., <author><surname>Georgescu</surname> <given-names>D</given-names></author>. (<year>1986</year>), <title>Construcţii pentru transporturi în România [Construction for transport in Romania]</title>. <volume>2</volume> vol. <other>Bucharest</other>, <publisher>Centrala de Construcţii Căile Ferate</publisher>.
<author><surname>Kangis</surname> <given-names>P</given-names></author>., <author><surname>O’Reilly</surname> <given-names>M.D.</given-names></author> (<year>2003</year>), <title>Strategies in a dynamic marketplace: a case study in the airline industry</title>. In: <source>Journal of Business Research</source>, <volume>56</volume>, <issue>2</issue>, pp. <fpage>105</fpage>-<lpage>111</lpage>.
<author><surname>Kiss</surname> <given-names>L</given-names></author>. (<year>2007</year>), <title>The changing traffic system of the South Great Plain</title>. In: <editor>KovÁcs C.</editor> (ed.), <source>From villages to cyberspace: in commemoration of the 65th birthday of Rezsó Mészáros</source>, pp. <fpage>83</fpage>-<lpage>93</lpage>, <other>Szeged</other>, <publisher>Univ. of Szeged, Depart, of Economic and Human Geography</publisher>.
<author><surname>Kurkó</surname> <given-names>I</given-names></author>. (<year>2007</year>), <title>Regional Economic Development and Disparities in Romania</title>. In: <editor>CERS, Technical University of Košice, Faculty of Economics</editor> (ed.), <source>The 2nd Central European Conf, in Regional Science</source>, pp. <fpage>527</fpage>-<lpage>531</lpage>. - <url>http://www.cers.tuke.sk/cers2007/PDF/Kurko.pdf</url>
<author><surname>Loo</surname> <given-names>B.P.Y.</given-names></author> (<year>2008</year>), <title>Passengers’ airport choice within multi-airport regions (MAR): some insights from a stated preference survey at Hong Kong International Airport</title>. In: <source>Journal of Transport Geography</source>, <volume>16</volume>, pp. <fpage>117</fpage>-<lpage>125</lpage>.
<author><surname>Madas</surname> <given-names>M</given-names></author>., <author><surname>Zografos</surname> <given-names>K</given-names></author>. (<year>2008</year>), <title>Airport capacity versus demand: mismatch or mismanagement?</title> In: <source>Transportation Research</source>, <volume>42A</volume>, pp. <fpage>203</fpage>-<lpage>206</lpage>.
<editor>Megginson Technologies Ltd.</editor> (ed.), <title>Our airports</title>. - <url>http://www.ourairports.com/countries/RS</url> (last access 28/10/2009).
<author><surname>Mihăilescu</surname> <given-names>N</given-names></author>. (<year>1971</year>), <title>Aeroportul internaţional Bucureşti-Otopeni: primă poartă aeriană a României [International airport Bucharest-Otopeni: first entrance by air to Romania]</title>. In: <source>Terra</source>, <volume>3</volume>, <issue>1</issue>, pp. <fpage>61</fpage>-<lpage>65</lpage>.
<editor>Ministry of Economy and Transport</editor> (ed.) (<year>2006</year>), <title>Transport Infrastructure Development in Hungary</title>. <other>Budapest</other>.
<author><surname>Pavel</surname> <given-names>S</given-names></author>. (<year>2004</year>), <title>Urban and rural spaces of Western Romania: transformations and evolutions</title>. In: <source>Geographica Timisiensis</source>, <volume>13</volume>, <issue>l</issue>,pp. <fpage>83</fpage>-<lpage>93</lpage>.
<author><surname>Pop</surname> <given-names>G.P.</given-names></author> (<year>1984</year>),<title>România: geografie circulaţiei [Romania: transportation geography]</title>. <other>Bucharest</other>, <publisher>Ed. Ştiinţífică şi Enciclopedică</publisher>.
<editor>RPB Netherlands Institute for Spatial Research</editor> (ed.) (<year>2005</year>), <title>Verkenning Regionale Luchthavens</title>. <other>Rotterdam</other>, <publisher>NAI Uitgevers</publisher>.
<author><surname>Rusta</surname> <given-names>Z</given-names></author>., <author><surname>Bugă</surname> <given-names>D</given-names></author>. (<year>1984</year>), <title>Transporturile aeriene [Air transport]</title>. In: <editor>Cucu V.</editor>, <editor>Iordan I.</editor> (eds.), <source>Geografia României: geografia umană-economică</source>, pp. <fpage>442</fpage>-<lpage>446</lpage>, <other>Bucharest</other>, <publisher>Ed. Academiei RSR</publisher>.
<author><surname>Sosna</surname> <given-names>B</given-names></author>., <author><surname>Lucas</surname> <given-names>R</given-names></author>. (<year>2007</year>), <title>Airports in Poland - a €1.2bn business opportunity (= Polish Construction Review, Publ. PMR)</title>.
<author><surname>Wassing</surname> <given-names>M.A.</given-names></author> (<year>2008</year>), <title>Central Europe: ready for take off? De invloed van decentrale overheden op de ontwikkeling van regionale luchthavens in Centraal-Europa en de bijdrage van deze luchthavens aan de regionale ontwikkeling aldaar - casestudie in een Hongaarse en een Roemeense grensregio [Central Europe: ready for take off? The influence of decentralised governments on the development of regional airports in Central Europe and the contribution of these airports to regional development - A case study of the Hungarian and Romanian border region]</title>. <other>Utrecht, Univ. Utrecht, Faculteit Geowetenschappen, Master Thesis</other>.