<author><surname>Ackermann</surname>, <given-names>A</given-names></author>.: <title>Ethnologische Migrationsforschung: Ein Überblick</title>. <source>KEA - Zeitschrift für Kulturwissenschaften</source> (<year>1997</year>) H. <issue>10</issue>, S.<fpage>1</fpage>-<lpage>16</lpage> 
<author><surname>Cappai</surname>, <given-names>G</given-names></author>.: <title>Raum und Migration. Formen und Funktionen der Reproduktion des heimatlichen Raumes am Beispiel einer sardischen community</title>. <source>KEA - Zeitschrift für Kulturwissenschaften</source> (<year>1997</year>) H.<issue>10</issue>, S. <fpage>29</fpage>-<lpage>47</lpage> 
<author><surname>Findlay</surname>, <given-names>A</given-names></author>.: <title>Skilled transients: the invisible phenomenon?</title> In: <editor>Cohen, R.</editor> (Hrsg.): <source>The Cambridge Survey of World Migration</source>, <other>Cambridge</other> <year>1995</year>, S. <fpage>515</fpage>-<lpage>522 </lpage>
<author><surname>Glebe</surname>, <given-names>G</given-names></author>.: <title>Struktur und Segregation statushoher qualifizierter Migranten in deutschen Großstädten</title>. In: <editor>Kemper, F.-J.</editor> und <editor>Gans, P.</editor> (Hrsg.): <source>Ethnische Minoritäten in Europa und Amerika</source>. <other>Berlin</other> <year>1998</year>, S. <fpage>17</fpage>-<lpage>32 </lpage>
<author><surname>Heske</surname>, <given-names>H</given-names></author>.: <title>Zwischen Segregation und Integration - Japaner in Düsseldorf</title>. <source>Praxis Geographie</source> <volume>25</volume> (<year>1995</year>) H. <issue>7/8</issue>, S. <fpage>62</fpage>-<lpage>64 </lpage>
<author><surname>Mai</surname>, <given-names>U</given-names></author>.: <title>Symbolwelten in ethnisch gemischten Räumen</title>. In: <editor>Kemper, F.-J.</editor> und <editor>Gans, P.</editor> (Hrsg.): <source>Ethnische Minoritäten in Europa und Amerika</source>. <other>Berlin</other> <year>1998</year>, S. <fpage>119</fpage>-<lpage>132 </lpage>
<author><surname>Sassen</surname>, <given-names>S</given-names></author>.: <title>The global city</title>. <other>New York</other> <year>1991</year>