<editor>Common Wadden Sea Secretariat</editor> (Hrsg.): <title>The Wadden Sea: A shared nature area</title>. <other>Wilhelmshaven</other> <other>o. J.</other> 
<editor>Common Wadden Sea Secretariat and Trilateral Monitoring and Assessment Group</editor> (Hrsg.): <title>Wadden Sea Ecosystems Series</title>. <other>Bremen</other> <year>1996-98 </year>
<author><surname>Dierolf</surname>, <given-names>G</given-names></author>. <other>u.a.</other>: <title>Das Wattenmeer als außerschulischer Lernort</title>. <source>Praxis Geographie</source> <volume>29</volume> (<year>1999</year>) H. <issue>6</issue>, S. <fpage>44</fpage>-<lpage>46</lpage>
<author><surname>Kemp</surname>, <given-names>R</given-names></author>. <other>u.a.</other>: <title>Access to Geography 1</title>. <other>Oxford</other> <year>1998 </year>
<editor>Landesamt für den Nationalpark Schleswig-Holsteinisches Wattenmeer</editor> (Hrsg.): <title>Nationalpark Schleswig-Holsteinisches Wattenmeer</title>, English Edition. <other>Tönning</other> <year>1992 </year>
<author><surname>Roberts</surname>, <given-names>M</given-names></author> : <title>Biology for Life</title>. <other>London</other> <year>1986 </year>
<author><surname>Roberts</surname>, <given-names>M</given-names></author>.: <title>The Living World</title>. <other>London</other> <year>1996 </year>
<editor>Umweltstiftung WWF-Deutschland</editor> (Hrsg.): <title>Wattenmeer: Ein Rollenspiel mit Ergänzungsmaterial</title>. <other>Hannover</other> <year>1991</year>
<url>www.schutzstation-wattenmeer.de</url> 
<url>http//:cwss.www.de</url>
<url>http//:sh-nordsee.de/nationalpark</url> 
<url>www.multimar-wattforum.de</url> 
<url>http//:library.advanced.org/11776/contents.html</url> 
<url>http//:schulen.nord west.net/watt/englisch/evo.html</url> 