<author><surname>Krechel</surname>, <given-names>H.-L.</given-names></author>: <title>Es geht nicht nur um sachfachliche oder fremdsprachliche Belange</title>. <source>Praxis Schule 5-10</source> <other>10</other> (<year>1999</year>) H. <issue>5</issue>, S. <fpage>41</fpage>-<lpage>45</lpage> 
<author><surname>Krechel</surname>, <given-names>H.-L.</given-names></author> und <author><surname>Drexel-Andrieu</surname>, <given-names>I</given-names></author>.: <title>Espace africain</title>. <other>Stuttgart</other> <year>1993 </year>
<author><surname>Rautenhaus</surname>, <given-names>E</given-names></author>.: <title>10 Thesen zur Didaktik und Methodik des bilingualen Sachfachunterrichts</title>. <source>Praxis Schule 5-10</source> <other>10</other> (<year>1999</year>) H. <issue>5</issue>, S. <fpage>14</fpage>-<lpage>15</lpage>