<author><surname>Baier</surname>, <given-names>J</given-names></author>. und <author><surname>Schnurrbusch</surname>, <given-names>M</given-names></author>.: <title>“Doing by Learning“ - ein alternativer Start in den bilingualen Unterricht</title>, <source>geographie heute</source> <volume>20</volume> (<year>1999</year>) H. <issue>171</issue>, S. <fpage>40</fpage>-<lpage>43</lpage> 
<author><surname>Bludau</surname>, <given-names>M</given-names></author>.: <title>Zum Stand des bilingualen Unterrichts in der Bundesrepublik Deutschland</title>. <source>Neusprachliche Mitteilungen aus Wissenschaft und Praxis</source> <volume>49</volume> (<year>1996</year>) H. <issue>4</issue>, S. <fpage>208</fpage>-<lpage>215</lpage>
<author><surname>Böckenholt</surname>, <given-names>H. J.</given-names></author> : <title>Höhenstufen im bilingualen Unterricht</title>. <source>Praxis Geographie</source> <volume>22</volume> (<year>1992</year>) H. <issue>11</issue>, S. <fpage>43</fpage>-<lpage>45</lpage>
<author><surname>Eggenstein</surname>, <given-names>S</given-names></author>.: <title>„Im Osten geht die Sonne auf...“ Eine Erfahrung aus dem bilingualen Unterricht</title>. <source>Praxis Geographie</source> <volume>28</volume> (<year>1998</year>) H.<issue>6</issue>, S.<fpage>44</fpage>
<author><surname>Ernst</surname>, <given-names>M</given-names></author>.: <title>Bilingualer Sachfachunterricht: Ein Beitrag der Geographie zur interkulturellen Erziehung</title>. <source>Geographische Rundschau</source> <volume>44</volume> (<year>1992</year>) H. <issue>11</issue>, S.<fpage>672</fpage>
<author><surname>Ernst</surname>, <given-names>M</given-names></author>.: <title>Bilingualer Fachunterricht in Deutschland. Überblick zur Problematik mit Adressen- und Literaturhinweisen</title>. <source>Zeitschriften für den Erdkundeunterricht</source> <volume>47</volume> (<year>1995</year>) H.<issue>9</issue>, S. <fpage>539</fpage>-<lpage>362</lpage>
<author><surname>Ernst</surname>, <given-names>M</given-names></author>.: <title>Fehlerkorrektur und Leistungsbewertung im bilingualen Sachfachunterricht</title>. <source>Praxis des Neusprachlichen Unterrichts</source> <volume>42</volume> (<year>1995</year>) H.<issue>3</issue>, S. <fpage>258</fpage>-<lpage>264</lpage>
<author><surname>Friedrich</surname>, <given-names>V</given-names></author>.: <title>Erdkunde auf Englisch</title>, <source>geographie heute</source> <volume>12</volume> (<year>1991</year>) H.<issue>95</issue>, S. <fpage>42</fpage>-<lpage>43</lpage>
<author><surname>Huber</surname>, <given-names>A</given-names></author>.: <title>Classe Européen du Patrimoine. Offener, fachübergreifender, bilingualer Sachfachunterricht am „dritten Ort“</title>. <source>Praxis des Neusprachlichen Unterrichts</source> <volume>46</volume> (<year>1999</year>) H. <issue>3</issue>, S. <fpage>282</fpage>-<lpage>290</lpage>
<author><surname>Kirchberg</surname>, <given-names>G</given-names></author>.: <title>Bilinguales Lernen</title>. In: <editor>Haubrich, H.</editor>, <editor>Kirchberg, G.</editor> <other>u. a.</other>: <source>Didaktik der Geographie, Konkret</source> <volume>3</volume>. <other>München</other> <year>1997</year>, S. <fpage>244</fpage>-<lpage>247</lpage>
<author><surname>Kirchberg</surname>, <given-names>G</given-names></author>.: <title>Bilingualer Geographieunterricht. Ein Beitrag zum fächerübergreifenden Lernen</title>. In: <editor>Convey, A.</editor> und <editor>Nolzon, H.</editor> (Hrsg.): <source>Geographie und Erziehung. Festschrift für Hartwig Haubrich</source>. <other>München</other> <year>1997</year>, S. <fpage>129</fpage>-<lpage>136</lpage> (<source>Münchner Studien zur Didaktik der Geographie</source>, Bd. <volume>10</volume>) 
<author><surname>Kirchberg</surname>, <given-names>G</given-names></author>.: <title>Fächerübergreifender Geographieunterricht. Zu den Möglichkeiten, Formen und Grenzen des fachoffenen Lernens</title>. <source>Geographie und Schule</source> <volume>20</volume> (<year>1998</year>) H. <issue>114</issue>, S.<fpage>2</fpage>-<lpage>8</lpage>
<author><surname>Knod</surname>, <given-names>W</given-names></author>.: <title>Unterrichtsmodell für bilingualen Unterricht: Checks on the environment: Population</title>. <source>Geographie und Schule</source> <volume>17</volume> (<year>1995</year>) H. <issue>94</issue>, S. <fpage>22</fpage>-<lpage>29</lpage>
<author><surname>Mäsch</surname>, <given-names>N</given-names></author>.: <title>Bilingualer Bildungsgang</title>. In: <editor>Bausch, K.-R.</editor> <other>u. a.</other>: <source>Handbuch Fremdsprachenunterricht</source>. <other>Tübingen und Basel</other> <year>1995</year>, S. <fpage>338</fpage>-<lpage>342</lpage>
<author><surname>Mentz</surname>, <given-names>O</given-names></author>.: <title>Bilingual in Gruppen lernen. Ein Betriebspraktikum in Toulouse</title>, <source>geographie heute</source> <volume>20</volume> (<year>1999</year>) H. <issue>168</issue>, S. <fpage>22</fpage>-<lpage>26</lpage>
<author><surname>Oberweger</surname>, <given-names>H</given-names></author>. <other>u. a.</other>: <title>Nordafrika in Frankreich. Anregung zu einem bilingualen Unterricht über Frankreich und seine Ausländer</title>, <source>geographie heute</source> <volume>15</volume> (<year>1994</year>) H. <issue>123</issue>, S. <fpage>20</fpage>-<lpage>25</lpage>
<author><surname>Oppermann</surname>, <given-names>A</given-names></author>.: <title>Nationalparks in den USA. Fächerübergreifendes Projekt Geographie/Englisch</title>. <source>Praxis Geographie</source> <volume>30</volume> (<year>2000</year>) H.<issue>4</issue>, S. <fpage>43</fpage>-<lpage>45</lpage>
<author><surname>Raasch</surname>, <given-names>A</given-names></author>.: <title>Bilinguale Zweige - eine Diskussion</title>. <source>Neusprachliche Mitteilungen aus Theorie und Praxis</source> <volume>49</volume> (<year>1996</year>) H.<issue>4</issue>, S. <fpage>222</fpage>-<lpage>223</lpage>
<author><surname>Redmer</surname>, <given-names>H</given-names></author>.: <title>Der bilinguale Erdkundeunterricht - Eine Sonderform des fächerübergreifenden Arbeitens</title>. <source>Geographie und Schule</source> <volume>20</volume> (<year>1998</year>) H. <issue>114</issue>, S. <fpage>20</fpage>-<lpage>22</lpage>
<author><surname>Rischke</surname>, <given-names>D. M.</given-names></author>: <title>Erdkundeunterricht „in Englisch“ macht viel mehr Spaß!</title> <source>geographie heute</source> <volume>18</volume> (<year>1997</year>) H. <issue>156</issue>, S. <fpage>44</fpage>-<lpage>45</lpage>
<author><surname>Schmidt</surname>, <given-names>K. P.</given-names></author>: <title>Spotlight on Southern Europe. Spanish Agriculture between Tradition and Change</title>, <source>geographie heute</source> <volume>20</volume> (<year>1999</year>) H.<issue>167</issue>, S. <fpage>34</fpage>-<lpage>37</lpage>
<editor>Sekretariat der Ständigen Konferenz der Kultusminister der Länder in der Bundesrepublik Deutschland</editor> (Hrsg.): <title>Konzepte für den bilingualen Unterricht. Erfahrungsbericht und Vorschläge zur Weiterentwicklung. Bericht des Schulausschusses, Stand 1998</title>. <other>Bonn</other> <year>1999</year>
<author><surname>Sitte</surname>, <given-names>C</given-names></author>: <title>Fremsprachen in Geographie (und Wirtschaftskunde)</title>. In: <editor>Österreichisches Bundesministerium für Unterricht und kulturelle Angelegenheiten</editor> (Hrsg.): <source>Wissenschaftliche Nachrichten</source> <volume>106</volume>/<year>1998</year>, S. <fpage>46</fpage>-<lpage>49</lpage>
<author><surname>Spörl</surname>, <given-names>F</given-names></author>.: <title>Erdkundeunterricht in Englisch - ein Erfahrungsbericht</title>, <source>geographie heute</source> <volume>18</volume>(<year>1998</year>) H. <issue>158</issue>, S. <fpage>44</fpage>-<lpage>45</lpage>
<author><surname>Streifinger</surname>, <given-names>M</given-names></author>.: <title>Light at the End of the “Chunnel“. Eine bilinguale Unterrichtseinheit</title>. <source>Praxis Geographie</source> <volume>30</volume> (<year>2000</year>) H.<issue>6</issue>, S. <fpage>28</fpage>-<lpage>31</lpage>