<author><surname>Bludau</surname>, <given-names>M</given-names></author>.: <title>Zum Stand des bilingualen Unterrichts in der Bundesrepublik Deutschland</title>. <source>Neusprachliche Mitteilungen aus Wissenschaft und Praxis</source> <volume>49</volume> (<year>1996</year>) H. <issue>4</issue>, S. <fpage>208</fpage>-<lpage>220</lpage>
<author><surname>Ernst</surname>, <given-names>M</given-names></author>.: <title>Fehlerkorrektur und Leistungsbewertung im bilingualen Sachfachunterricht</title>. <source>Praxis des Neusprachlichen Unterrichts</source> <volume>42</volume> (<year>1995</year>) H. <issue>3</issue>, S. <fpage>258</fpage>-<lpage>264</lpage> 
<author><surname>Kästner</surname>, <given-names>H</given-names></author>.: <title>Zweisprachige Bildungsgänge an Schulen in der Bundesrepublik Deutschland</title> <volume>92</volume> (<year>1993</year>) H. <issue>1/2</issue>, S. <fpage>23</fpage>-<lpage>53</lpage>
<author><surname>Koch</surname>, <given-names>J</given-names></author>.: <title>Referendarausbildung: „Géographie" an Gymnasien mit bilingualem Zug</title>. <editor>Ministerium für Bildung, Wissenschaft und Weiterbildung</editor> (Hrsg.) <other>Mainz</other> <year>1997</year>