<author><surname>Augustin</surname>, <given-names>S</given-names></author>.: <title>Forstbodenkunde</title>. In: <editor>Umweltbundesamt</editor> (Hrsg.): <source>Auswertung der Waldschadensforschungsergebnisse (1982-1992) zur Aufklärung komplexer Ursache-Wirkungsbeziehungen mit Hilfe systemanalytischer Methoden. UBA FB</source> <volume>97-017</volume>. <other>Berlin</other> <year>1997</year> 
<author><surname>Lethmate</surname>. <given-names>J</given-names></author>.: <title>Das Boden-pH. Methodisches Konzept im geoökologischen Ansatz der Bodengeographie</title>. <source>Geographie und Schule</source> <volume>22</volume> (<year>2000</year>) H. <issue>126</issue>, S. <fpage>32</fpage>-<lpage>41 </lpage>
<author><surname>Riek</surname>, <given-names>W</given-names></author>. und <author><surname>Wolff</surname>, <given-names>B</given-names></author>.: <title>Deutscher Beitrag zur europäischen Waldbodenzustandserhebung (Level 1)</title>. <source>Ber. Forschungszentrum Waldökosysteme, Reihe B</source>, Bd. <volume>50</volume>. <other>Göttingen</other> <year>1996</year>
<author><surname>Veerhoff</surname>, <given-names>M</given-names></author>., <author><surname>Roscher</surname>, <given-names>S</given-names></author>. und <author><surname>Brümmer</surname>, <given-names>G. W.</given-names></author>: <title>Ausmaß und ökologische Gefahren der Versauerung von Böden unter Wald</title>. <source>UBA-FB</source> <volume>95-073</volume>. <other>Berlin</other> <year>1996 </year>
<editor>Wissenschaftlicher Beirat der Bundesregierung Globale Umweltveränderungen (WBGU)</editor>: <title>Welt im Wandel: die Gefährdung der Böden</title>. <other>Bonn</other> <year>1994 </year>
<author><surname>Wolff</surname>, <given-names>B</given-names></author>., <author><surname>Riek</surname>, <given-names>W</given-names></author>. und <author><surname>Bolte</surname>, <given-names>A</given-names></author>.: <title>Nivellierung des chemischen Zustandes von Waldböden - Auswirkungen auf die Vielfalt der Waldvegetation</title>. In: <editor>Welling, M.</editor> (Hrsg.): <source>Biologische Vielfalt in Ökosystemen - Konflikt zwischen Nutzung und Erhaltung. Schriftenreihe des BMELF, Reihe A</source>, H. <issue>465</issue>. <other>Bonn</other> <year>1997</year>