<editor>Amt für multikulturelle Angelegenheiten der Stadt Frankfurt am Main</editor> (Hrsg.): <title>Feste der Völker - ein pädagogischer Leitfaden und Feste der Völker - ein multikulturelles Lesebuch</title>. <other>Frankfurt/Main</other> <year>2000</year> 
<author><surname>Auernheimer</surname>, <given-names>G</given-names></author>.: <title>Einführung in die interkulturelle Erziehung</title>. <other>Darmstadt</other> <year>1995</year>
<editor>Bade, K. J.</editor> (Hrsg.): <title>Auswanderer, Wanderarbeiter, Gastarbeiter. Bevölkerung, Arbeitsmarkt und Wanderung In Deutschland seit der Mitte des 19. Jahrhunderts</title>, <volume>2</volume> Bd. <other>Ostfildern</other> <year>1984</year>
<editor>Bade, K. J.</editor> (Hrsg.): <title>Deutsche im Ausland - Fremde in Deutschland: Migration in Geschichte und Gegenwart</title>. <other>München</other> <year>1992</year>
<author><surname>Bade</surname>, <given-names>K. J.</given-names></author>: <title>Homo migrans. Wanderungen aus und nach Deutschland. Erfahrungen und Fragen</title>. <other>Essen</other> <year>1994 </year>
<editor>Beauftragte der Bundesregierung für Ausländerfragen</editor>: <title>Bericht über die Lage der Ausländer in der Bundesrepublik Deutschland</title>. <other>Berlin</other> <year>2000</year>
<author><surname>Broszinsky-Schwabe</surname>, <given-names>E</given-names></author>., <author><surname>van Dijk</surname>, <given-names>L</given-names></author>. und <author><surname>Winkler</surname>, <given-names>B</given-names></author>.: <title>Zusammen Lernen. Kriterien für gute Unterrichtsmaterialien zum interkulturellen Lernen</title>. In: <source>Pädagogik</source> <volume>3</volume>/<year>95</year> (kostenlos zu bestellen über: Freudenberg Stiftung, Freudenbergstr. 2, 69469 Weinheim, Telefon: 062 01/1 7489, Fax: 062 01/1 32 62)
<author><surname>Cohn-Bendit</surname>, <given-names>D</given-names></author>. und <author><surname>Schmid</surname>, <given-names>Th</given-names></author>.: <title>Heimat Babylon. Das Wagnis der multikulturellen Demokratie</title>. <other>Hamburg</other> <year>2000</year>
<author><surname>Gertz</surname>, <given-names>H</given-names></author>.: <title>Die Macht der krassen Worte</title>. <source>Süddeutsche Zeitung</source> Nr. <volume>92</volume>/<year>2000</year>
<author><surname>Ha</surname>, <given-names>K. N.</given-names></author>: <title>Ethnizität und Migration</title>. <other>Münster</other> <year>2000</year>
<author><surname>von Hentig</surname>, <given-names>H</given-names></author>.: <title>Bildung. Ein Essay</title>. <other>München</other> <year>1996</year>
<editor>Motte, J.</editor>, <editor>Ohliger R.</editor> und <editor>von Oswald, A.</editor> (Hrsg.): <title>50 Jahre Bundesrepublik - 50 Jahre Einwanderung. Nachkriegsgeschichte als Migrationsgeschichte</title>. <other>Frankfurt/Main</other> <year>1999</year>
<author><surname>Özdemir</surname>, <given-names>C</given-names></author>.: <title>Currywurst und Döner - Integration in Deutschland</title>. <other>Bergisch Gladbach</other> <year>1999 </year>
<author><surname>Schiffauer</surname>, <given-names>W</given-names></author>.: <title>Die Stadt bin ich. Orte schaffen Identitäten</title>. <source>ded-Brief</source> (<year>2000</year>) H. <issue>2-3</issue>, S. <fpage>34</fpage>-<lpage>35 </lpage>
<author><surname>Schmidt-Wulffen</surname>, <given-names>W</given-names></author>.: <title>Die eigenen Fragen der Schüler aufspüren</title>. <source>Praxis Geographie</source> <volume>29</volume> (<year>1999</year>) H. <issue>1</issue>, S. <fpage>20</fpage>-<lpage>22</lpage>
<author><surname>Schmitt</surname>, <given-names>R</given-names></author>.: <title>Interkulturelle Bildung und Erziehung in der Schule. Empfehlung der Kultusministerkonferenz vom 25. Oktober 1996</title>
<author><surname>Spiewak</surname>, <given-names>M</given-names></author>.: <title>Gefangen im Ghetto. Ausländische Jugendliche sind die Verlierer von morgen. Die Schule sieht hilflos zu</title>. <source>Die Zeit</source> Nr. <volume>16</volume>/<year>2000</year>
<author><surname>Wadenfels</surname>, <given-names>B</given-names></author>.: <title>Der Stachel des Fremden</title>. <other>Frankfurt/Main</other> <year>1990</year>
<author><surname>Welz</surname>, <given-names>G</given-names></author>.: <title>Moving Targets. Feldforschung unter Mobilitätsdruck</title>. <source>Zeitschrift für Volkskunde</source> <volume>94</volume> (<year>1998</year>) H. <issue>2</issue>, S. <fpage>177</fpage>-<lpage>194</lpage>