<editor>Butt, G.</editor> (ed.): <title>Living and working in Berlin. Teachers' guide and student activities</title>. <other>Sheffield</other> <year>1998</year> (<publisher>The Geographical Association</publisher>) 
<editor>Die Ausländerbeauftragte des Bezirksamtes von Kreuzberg</editor> (Hrsg.): <title>Daten und Fakten zur Situation von Kreuzbergern und Friedrichshainern nichtdeutscher Herkunft</title>. <other>Berlin</other> <year>2000 </year>
<editor>Die Ausländerbeauftragte des Senats von Berlin</editor> (Hrsg.): <title>Bericht zur Integrations- und Ausländerpolitik 1996/1997</title>. <other>Berlin</other> <year>1998 </year>
<editor>Die Ausländerbeauftragte des Senats von Berlin</editor> (Hrsg.): <title>Das Türkische Berlin</title>. <other>Berlin</other> <year>1998 </year>
<editor>Die Ausländerbeauftragte des Senats von Berlin</editor> (Hrsg.): <title>Pressemitteilung - Berliner Jugendliche türkischer Herkunft</title>. <other>Berlin</other> 12.12.<year>1997 </year>
<editor>Die Ausländerbeauftragte des Senats von Berlin</editor> (Hrsg.): <title>Pressemitteilung - Türkische Berlinerinnen und Berliner</title>. <other>Berlin</other> <year>2000 </year>
<editor>Die Ausländerbeauftragte des Senats von Berlin</editor> (Hrsg.): <title>Top. Berlin International - Ein Informationsforum 4 (2000)</title>. <other>Berlin</other> <year>2000 </year>
<author><surname>Pacione</surname>, <given-names>M</given-names></author>.: <title>Ethnic Segregation in the European City: The Case of Vienna</title>. <source>Geography</source> <volume>81</volume> (<year>1996</year>) part <issue>2</issue>, pp. <fpage>120</fpage>-<lpage>132 </lpage>
<editor>Presse- und Informationsamt des Landes Berlin</editor> (Hrsg.): <title>Berlin in Brief</title>. <other>Berlin</other> <year>1996 </year>
<editor>Statistisches Bundesamt</editor> (Hrsg.): <title>Kreiszahlen, ausgewählte Regionaldaten für Deutschland</title>. <other>Wiesbaden</other> <year>1999 </year>
<editor>Statistisches Landesamt Berlin</editor> (Hrsg.): <title>Die kleine Berlin-Statistik 1999</title>. <other>Berlin</other> <year>1999 </year>
<author><surname>White</surname>, <given-names>P</given-names></author>. and <author><surname>Gutting</surname>, <given-names>D</given-names></author>.: <title>Berlin: Social Convergences and Contrasts in the Reunited City</title>. <source>Geography</source> <volume>83</volume> (<year>1998</year>) part <issue>3</issue>, pp. <fpage>214</fpage>-<lpage>226 </lpage>
<author><surname>Zipf</surname>, <given-names>M</given-names></author>. : <title>Turks in Germany: Home or Abroad? Between Integration and Parallel Society</title>. <source>Deutschland</source> <volume>3</volume> (<year>2000</year>), pp. <fpage>60</fpage>-<lpage>61</lpage>
<url>www.sensjs.berlin.de/schule/schools/school18.htm</url> (<editor>Berliner Senatsverwaltung für Schule, Jugend und Sport</editor>; 11.12.<year>2000</year>) 
<url>www.statistik-berlin.de</url> (<editor>Statistisches Landesamt Berlin</editor>; 11.12.<year>2000</year>)