<title>Alsace, Lorraine, Vosges. Guide Vert Michelin</title>. <other>Paris</other> <year>1998</year> 
<author><surname>Brand</surname>, <given-names>D</given-names></author>. und <author><surname>Durousset</surname>, <given-names>M</given-names></author>: <title>Dictionnaire thématique Histoire-Géographie</title>. <other>Paris</other> <year>1993 </year>
<author><surname>Brücher</surname>, <given-names>W</given-names></author>. <other>u.a.</other>: <title>Saar-Lor-Lux-Atlas. Pilotstudie</title>. In: <source>Schriftenreihe der Regionalkommission Saar-Lor-Lux</source>, Bd. <volume>8</volume>, <other>Saarbrücken u. a.</other> <year> 1982</year>, deutsch und französ. 
<author><surname>Brücher</surname>, <given-names>W</given-names></author>.: <title>Saar-Lor-Lux: Grenzregion, Peripherie oder Mitte der Europäischen Gemeinschaft?</title> <source>Geographische Rundschau</source> <volume>41</volume> (<year>1989</year>) H. <issue>10</issue>, S. <fpage>526</fpage>-<lpage>529 </lpage>
<editor>Office de Tourisme</editor>: <title>Classes du Patrimoine: „Au Pays de la Pierre"</title>. <other>Commercy o. J. </other>
<author><surname>Liedtke</surname>, <given-names>H</given-names></author>.: <title>Oberflächenformen und Reliefentwicklung im Grenzraum Saarland, Lothringen und Luxemburg</title>. <source>Geographische Rundschau</source> <volume>41</volume> (<year>1989</year>) H. <issue>10</issue>, S. <fpage>530</fpage>-<lpage>536 </lpage>
<author><surname>Schneider</surname>, <given-names>E</given-names></author>. <other>u.a.</other>: <title>Schule machen im Saarland. Handreichung Französisch. Modelle der Intensivlernphase</title>. <other>Saarbrücken</other> <year>1994</year>