<author><surname>Blume</surname>, <given-names>L</given-names></author>.; <author><surname>Fromm</surname>, <given-names>O</given-names></author>. (<year>1999</year>): <title>Regionale Ausgabeneffekte von Hochschulen: Methodische Anmerkungen am Beispiel der Universitat Gesamthochschule Kassel</title>. In: <source>Raumforschung und Raumordnung</source> <volume>5-6</volume>/<year>1999</year>, S. <fpage>418</fpage>-<lpage>431</lpage>
<author><surname>Blume</surname>, <given-names>L</given-names></author>.; <author><surname>Fromm</surname>, <given-names>O</given-names></author>. (<year>2000</year>): <title>Regionalökonomische Bedeutung von Hochschulen: Eine empirische Untersuchung am Beispiel der Universität Gesamthochschule Kassel</title>. - <other>Wiesbaden</other>
<author><surname>Clermont</surname>, <given-names>C</given-names></author>. (<year>1997</year>): <title>Regionalwirtschaftliche Effekte von Wissenschaftseinrichtungen - Theorie. Messkonzepte und Ergebnisse fur Hamburg</title>. - <other>Frankfurt/M. u.a.</other>
<author><surname>Fleissner</surname>, <given-names>P</given-names></author>.; <author><surname>Böhme</surname>, <given-names>W</given-names></author>.; <author><surname>Brautzsch</surname>, <given-names>H.-U.</given-names></author>; <author><surname>Höhne</surname>, <given-names>J</given-names></author>.; <author><surname>Siassi</surname>, <given-names>J</given-names></author>.; <author><surname>Stark</surname>, <given-names>K</given-names></author>. (<year>1993</year>): <title>Input-Output-Analyse: Eine Einführung in Theorie und Anwendungen</title>. - <other>Wien und New York</other>
<author><surname>Gloede</surname>, <given-names>K</given-names></author>.; <author><surname>Schirmag</surname>, <given-names>T</given-names></author>.; <author><surname>Schöler</surname>, <given-names>K</given-names></author>. (<year>1999</year>): <title>Ökonomische Wirkungen der Universität Potsdam auf die Region</title>. - <other>Frankfurt/M. u.a.</other>
<author><surname>Holub</surname> <given-names>H.-W.</given-names></author>; <author><surname>Schnabel</surname>, <given-names>H</given-names></author>. (<year>1985</year>): <title>Input-Output-Rechnung: Input-Output-Tabellen</title>. - <other>Munchen und Wien</other>
<author><surname>Leontief</surname>, <given-names>W</given-names></author>. (<year>1936</year>): <title>Quantitative Input and Output Relations in the Economic System of the United States</title>. In: <source>Review of Economic Statistics</source>, Vol. <volume>18</volume>, No.<issue>3</issue>, S. <fpage>105</fpage>- <lpage>125</lpage>
<author><surname>Niermann</surname>, <given-names>U</given-names></author>. (<year>1996</year>): <title>Wirtschaftsfaktor Universität: Eine Input-Output-orientierte Analyse am Beispiel der Universität Bielefeld</title>. - <other>Münster</other>
<author><surname>Pfähler</surname>, <given-names>W</given-names></author>.; <author><surname>Bönte</surname>, <given-names>W</given-names></author>.; <author><surname>Gabriel</surname>, <given-names>C</given-names></author>.; <author><surname>Kettner</surname>, <given-names>A</given-names></author>. (<year>1999</year>): <title>Wirtschaftsfaktor Bildung und Wissenschaft: Die regionalwirtschaftliche Bedeutung der Hochschulbildungs- und Wissenschaftseinrichtungen in Bremen</title>. - <other>Frankfurt/M. u.a.</other>
<author><surname>Rosner</surname>, <given-names>U</given-names></author>.; <author><surname>Weimann</surname>, <given-names>J</given-names></author>. (<year>2003</year>): <title>Die ökonomischen Effekte der Hochschulausgaben des Landes Sachsen-Anhalt - Direkte monetäre Effekte der Otto-von-Cuericke-Universität Magdeburg und der Hochschule Magdeburg-Stendal (FH) (Teil 1)</title>, <source>FEMM Working Paper</source> Nr. <volume>12</volume>/<year>2003</year>. - <other>Magdeburg</other>
<editor>Statistisches Bundesamt</editor> (<year>2002</year>): <title>Volkswirtschaftliche Gesamtrechnungen, Input-Output-Tabellen</title>. - <other>Wiesbaden</other>
<author><surname>Strassert</surname>, <given-names>G</given-names></author>. (<year>1968</year>): <title>Möglichkeiten und Grenzen der Erstellung und Auswertung regionaler Input-Output-Tabellen unter besonderer Berücksichtigung der derivativen Methode</title>. - <other>Berlin</other>