<author><surname>Amin</surname>, <given-names>A</given-names></author>.; <author><surname>Thrift</surname>, <given-names>N</given-names></author>. (<year>1996</year>): <title>Globalization, Institutions, and Regional Development in Europe</title>. <other>Oxford</other>. 
<author><surname>Andersson</surname>, <given-names>M</given-names></author>.; <author><surname>Karlsson</surname>, <given-names>C</given-names></author>. (<year>2004</year>): <title>Regional Innovation Systems in Small & Medium-Sized Regions. A Critical Review & Assessment</title>. = <source>Cesis Elektronic Working Paper Series</source> <volume>10</volume>. <other>Stockholm</other>. <url>http://www.kth.se/dokument/itm/cesis/CESISWP10.pdf</url> (11.07.2014). 
<author><surname>Ansell</surname>, <given-names>C</given-names></author>. (<year>2000</year>): <title>The Networked Polity: Regional Development in Western Europe</title>. In: <source>Governance</source> <volume>13</volume> (<issue>2</issue>), <fpage>279</fpage>–<lpage>291</lpage>. 
<author><surname>Asheim</surname>, <given-names>B. T.</given-names></author>; <author><surname>Lawton-Smith</surname>, <given-names>H</given-names></author>.; <author><surname>Oughton</surname>, <given-names>C</given-names></author>. (<year>2011</year>): <title>Regional Innovation Systems: Theory, Empirics and Policy</title>. In: <source>Regional Studies</source> <volume>45</volume> (<issue>7</issue>), <fpage>875</fpage>–<lpage>891</lpage>. 
<author><surname>Berndt</surname>, <given-names>M</given-names></author>. (<year>2013</year>): <title>Governanceprozesse und lokale Strategiebildung</title>. In: <editor>Berndt, M.</editor>; <editor>Liebmann, H.</editor> (Hrsg.): <source>Peripherisierung, Stigmatisierung, Abhängigkeit? Deutsche Mittelstädte und ihr Umgang mit Peripherisierungsprozessen</source>. <other>Wiesbaden</other>, <fpage>65</fpage>–<lpage>82</lpage>. 
<editor>Berndt, M.</editor>; <editor>Liebmann, H.</editor> (Hrsg.) (<year>2013</year>): <title>Peripherisierung, Stigmatisierung, Abhängigkeit? Deutsche Mittelstädte und ihr Umgang mit Peripherisierungsprozessen</title>. <other>Wiesbaden</other>. 
<editor>Burdack, J.</editor>; <editor>Kriszan, A.</editor> (Hrsg.) (<year>2013</year>): <title>Kleinstädte in Mittel- und Osteuropa: Perspektiven und Strategien lokaler Entwicklung</title>. <other>Leipzig</other>. = <source>forum ifl</source> <volume>19</volume>. 
<author><surname>Collits</surname>, <given-names>P</given-names></author>. (<year>2008</year>): <title>Small town decline and survival: trends, success factors and policy issues</title>. <url>http://www.regional.org.au/au/countrytowns/global/collits.htm</url> (11.07.2014). 
<editor>Cooke, P.</editor> (Hrsg.) (<year>1995</year>): <title>The Rise of the Rustbelt: Revitalizing Older Industrial Regions</title>. <other>London</other>.
<author><surname>Courtney</surname>, <given-names>P</given-names></author>.; <author><surname>Errington</surname>, <given-names>A</given-names></author>. (<year>2000</year>): <title>The Role of Small Towns in the Local Economy and Some Implications for Development Policy</title>. In: <source>Local Economy</source> <volume>15</volume> (<issue>4</issue>), <fpage>280</fpage>–<lpage>301</lpage>. 
<author><surname>Courtney</surname>, <given-names>P</given-names></author>.; <author><surname>Mayfield</surname>, <given-names>L</given-names></author>.; <author><surname>Tranter</surname>, <given-names>R</given-names></author>.; <author><surname>Jones</surname>, <given-names>P</given-names></author>.; <author><surname>Errington</surname>, <given-names>A</given-names></author>. (<year>2007</year>): <title>Small towns as ‚sub-poles‘ in English rural development: Investigating rural-urban linkages using sub-regional social accounting matrices</title>. In: <source>Geoforum</source> <volume>38</volume> (<issue>6</issue>), <fpage>1219</fpage>–<lpage>1232</lpage>. 
<author><surname>Damsgaard</surname>, <given-names>O</given-names></author>.; <author><surname>Lindqvist</surname>, <given-names>M</given-names></author>.; <author><surname>Roto</surname>, <given-names>J</given-names></author>.; <author><surname>Sterling</surname>, <given-names>J</given-names></author>. (<year>2009</year>): <title>Territorial Potentials in the European Union</title>. <other>Stockholm</other>. = <source>Nordregio Working Paper</source> <year>2009</year>:<volume>6</volume>. 
<author><surname>Danielzyk</surname>, <given-names>R</given-names></author>. (<year>2012</year>): <title>Der raumordnungspolitische Metropolendiskurs – Konstruktion von (neuen) Peripherien?</title> In: <source>disP – The Planning Review</source> <volume>48</volume> (<issue>2</issue>), <fpage>27</fpage>–<lpage>33</lpage>. 
<author><surname>Dunford</surname>, <given-names>M</given-names></author>.; <author><surname>Smith</surname>, <given-names>A</given-names></author>. (<year>2000</year>): <title>Catching Up or Falling Behind? Economic Performance and Regional Trajectories in the „New Europe“</title>. In: <source>Economic Geography</source> <volume>76</volume> (<issue>2</issue>), <fpage>169</fpage>–<lpage>195</lpage>. 
<editor>Eckart, K.</editor>; <editor>Ehrke, S.</editor>; <editor>Krähe, H.</editor>; <editor>Eckart-Müller, I.</editor> (Hrsg.) (<year>2003</year>): <title>Social, economic and cultural aspects in the dynamic changing process of old industrial regions. Ruhr District (Germany), Upper Silesia (Poland), Ostrava Region (Czech Republic)</title>. <other>Münster</other>. 
<editor>EU – Europäische Union</editor> (<year>2011</year>): <title>Territorial Agenda of the European Union 2020</title>. <other>Brüssel</other>. <url>http://www.eu2011.hu/files/bveu/documents/TA2020.pdf</url> (11.07.2014). 
<editor>European Commission</editor> (<year>2012</year>): <title>Cohesion Policy and the Europe 2020 Strategy – EU Regional Policy</title>. <url>http://ec.europa.eu/regional_policy/what/europe2020/index_en.cfm</url> (11.07.2014). 
<author><surname>Farole</surname>, <given-names>T</given-names></author>.; <author><surname>Rodríguez-Pose</surname>, <given-names>A</given-names></author>.; <author><surname>Storper</surname>, <given-names>M</given-names></author>. (<year>2011</year>): <title>Cohesion Policy in the European Union: Growth, Geography, Institutions</title>. In: <source>Journal of Common Market Studies</source> <volume>49</volume> (<issue>5</issue>), <fpage>1089</fpage>–<lpage>1111</lpage>. 
<author><surname>Foray</surname>, <given-names>D</given-names></author>.; <author><surname>David</surname>, <given-names>P. A.</given-names></author>; <author><surname>Hall</surname>, <given-names>B. H.</given-names></author> (<year>2011</year>): <title>Smart specialization. From academic idea to political instrument. The surprising career of a concept and the difficulties involved in its implementation</title>. <other>Lausanne</other>. <url>http://infoscience.epfl.ch/record/170252</url> (11.07.2014). 
<author><surname>Gerhardter</surname>, <given-names>G</given-names></author>.; <author><surname>Gruber</surname>, <given-names>M</given-names></author>. (<year>2001</year>): <title>Regionalförderung als Lernprozess. Evaluierung der Förderungen des Bundeskanzleramtes für eigenständige Regionalentwicklung</title>. <other>Wien</other>. = <source>Schriften zur Regionalpolitik und Raumordnung</source> <volume>32</volume>. 
<author><surname>Hahne</surname>, <given-names>U</given-names></author>. (<year>1985</year>): <title>Regionalentwicklung durch Aktivierung intraregionaler Potentiale. Zu den Chancen „endogener“ Entwicklungsstrategien</title>. <other>München</other>. = <source>Schriften des Instituts für Regionalforschung der Universität Kiel</source> <volume>8</volume>. 
<author><surname>Harfst</surname>, <given-names>J</given-names></author>.; <author><surname>Marot</surname> <given-names>N</given-names></author>. (<year>2013</year>): <title>Capacity-Building in Old Industrialised Regions: A Success Factor in Regional Development?</title> In: <editor>Laewen J. B.</editor> (Hrsg.): <source>Capacity Building and Development: Perspectives, Opportunities and Challenges</source>. <other>Hauppauge</other>, <fpage>117</fpage>–<lpage>134</lpage>. 
<author><surname>Harfst</surname>, <given-names>J</given-names></author>.; <author><surname>Wirth</surname>, <given-names>P</given-names></author>. (<year>2012</year>): <title>Mansfeld-Südharz (Germany) – From Industrial Heartland to Depleted Hinterland?</title> In: <editor>Wirth, P.</editor>; <editor>Černič-Mali, B.</editor>; <editor>Fischer, W.</editor> (Hrsg.): <source>Post-Mining Regions in Central Europe – Problems, Potentials, Possibilities</source>. <other>München</other>, <fpage>53</fpage>–<lpage>62</lpage>. 
<author><surname>Heintel</surname>, <given-names>M</given-names></author>. (<year>1996</year>): <title>Die „überforderte Region“. Eigenständige Regionalentwicklung zwischen „Hierarchiekrise“ und „globalem Krisenmanagement“?</title> In: <source>ProRegio – Zeitschrift für Eigenständige Regionalentwicklung</source> <volume>8</volume> (<issue>18–19</issue>), <fpage>4</fpage>–<lpage>8</lpage>. 
<author><surname>Isaksen</surname>, <given-names>A</given-names></author>. (<year>2001</year>): <title>Building Regional Innovation Systems: Is Endogenous Industrial Development Possible in the Global Economy?</title> In: <source>Canadian Journal of Regional Science</source> <volume>24</volume> (<issue>1</issue>), <fpage>101</fpage>–<lpage>120</lpage>. 
<author><surname>Jolliffe</surname>, <given-names>L</given-names></author>.; <author><surname>Conlin</surname>, <given-names>M. V.</given-names></author> (<year>2011</year>): <title>Lessons in transforming mines into tourism attractions</title>. In: <editor>Conlin, M. V.</editor>; <editor>Jolliffe, L.</editor> (Hrsg.): <source>Mining Heritage and Tourism: A Global Synthesis</source>. <other>London, New York</other>, <fpage>242</fpage>–<lpage>247</lpage>. 
<author><surname>Jones</surname>, <given-names>C</given-names></author>.; <author><surname>Munday</surname>, <given-names>M</given-names></author>. (<year>2001</year>): <title>Blaenavon and United Nations World Heritage Site Status: Is Conservation of Industrial Heritage a Road to Local Economic Development?</title> In: <source>Regional Studies</source> <volume>35</volume> (<issue>6</issue>), <fpage>585</fpage>–<lpage>590</lpage>.
<author><surname>Koch</surname>, <given-names>L</given-names></author>. (<year>2012</year>): <title>Inhalte und Ergebnisse des Projektes ReSOURCE. Vortrag am 30.08.2012 in Lutherstadt Eisleben</title>. <url>http://www.resource-ce.eu/en/events/coming-events/37-geothermal-energyinternational-meeting.html</url> (11.07.2014). 
<author><surname>Kujath</surname>, <given-names>H. J.</given-names></author> (<year>2012</year>): <title>Reurbanisierung des Wissens – zur Herausbildung von Metropolregionen unter dem Einfluss der Wissensökonomie</title>. In: <editor>Brake, K.</editor>; <editor>Herfert, G.</editor> (Hrsg.): <source>Reurbanisierung. Materialität und Diskurs in Deutschland</source>. <other>Wiesbaden</other>, <fpage>216</fpage>–<lpage>238</lpage>. 
<author><surname>Lichtenberger</surname>, <given-names>E</given-names></author>. (<year>1997</year>): <title>Österreich</title>. <other>Darmstadt</other>. 
<author><surname>Lintz</surname>, <given-names>G</given-names></author>.; <author><surname>Wirth</surname>, <given-names>P</given-names></author>. (<year>2009</year>): <title>The Importance of Leitbilder for Structural Change in Small Towns</title>. In: <editor>Strubelt, W.</editor> (Hrsg.): <source>Guiding Principles for Spatial Development in Germany</source>. <other>Berlin</other>, <fpage>75</fpage>–<lpage>96</lpage>. = <source>German Annual of Spatial Research and Policy</source> <year>2008</year>. 
<author><surname>Luukkonen</surname>, <given-names>J</given-names></author>. (<year>2010</year>): <title>Territorial cohesion policy in the light of peripherality</title>. In: <source>Town Planning Review</source> <volume>81</volume> (<issue>4</issue>), <fpage>445</fpage>–<lpage>466</lpage>. 
<author><surname>Maier</surname>, <given-names>G</given-names></author>.; <author><surname>Tödtling</surname>, <given-names>F</given-names></author>.; <author><surname>Trippl</surname> <given-names>M</given-names></author>. (<year>2006</year>): <source>Regional- und Stadtökonomik</source>. Bd. <volume>2</volume>: <title>Regionalentwicklung und Regionalpolitik</title>. <other>Wien, New York</other>. 
<author><surname>Maillat</surname>, <given-names>D</given-names></author>. (<year>1998</year>): <title>Innovative milieux and new generations of regional policies</title>. In: <source>Entrepreneurship and Regional Development</source> <volume>10</volume> (<issue>1</issue>), <fpage>1</fpage>–<lpage>16</lpage>. 
<author><surname>Martin</surname>, <given-names>R</given-names></author>.; <author><surname>Sunley</surname> <given-names>P</given-names></author>. (<year>1998</year>): <title>Slow Convergence? The New Endogenous Growth Theory and Regional Development</title>. In: <source>Economic Geography</source> <volume>74</volume> (<issue>3</issue>), <fpage>201</fpage>–<lpage>227</lpage>. 
<author><surname>Morgan</surname>, <given-names>K</given-names></author>. (<year>1997</year>): <title>The Learning Region: Institutions, Innovation and Regional Renewal</title>. In: <source>Regional Studies</source> <volume>31</volume> (<issue>5</issue>), <fpage>491</fpage>–<lpage>503</lpage>. 
<author><surname>Moulaert</surname>, <given-names>F</given-names></author>.; <author><surname>Sekia</surname>, <given-names>F</given-names></author>. (<year>2003</year>): <title>Territorial Innovation Models: A Critical Survey</title>. In: <source>Regional Studies</source> <volume>37</volume> (<issue>3</issue>), <fpage>289</fpage>–<lpage>302</lpage>. 
<author><surname>Myrdal</surname>, <given-names>G</given-names></author>. (<year>1957</year>): <title>Economic Theory and Under-Developed Regions</title>. <other>London</other>. 
<editor>Nordregio</editor> (<year>2012</year>): <title>ESPON – Detecting Territorial Potentials and Challenges (DeTeC)</title>. <other>Stockholm</other>. <url>http://www.nordregio.se/en/Nordregio-Research/Detecting-Territorial-Potentials-and-Challenges-DeTeC/</url> (11.07.2014). 
<author><surname>Ortner</surname>, <given-names>L</given-names></author>. (<year>2009</year>): <title>Die steirische Eisenstraße – Von Eisenerz bis Altenmarkt. Regionalstrukturen und Regionalentwicklung unter besonderer Berücksichtigung räumlicher Disparitäten</title>. Diplomarbeit an der Universität Graz. 
<author><surname>Osebik</surname>, <given-names>D</given-names></author>. (<year>2012</year>): <title>Steirische Eisenstraße (Austria) – The Region Surrounding an Outstanding Mining Landmark</title>. In: <editor>Wirth, P.</editor>; <editor>Černič-Mali, B.</editor>; <editor>Fischer, W.</editor> (Hrsg.): <source>Post-Mining Regions in Central Europe – Problems, Potentials, Possibilities</source>. <other>München</other>, <fpage>79</fpage>–<lpage>91</lpage>. 
<author><surname>Perlik</surname>, <given-names>M</given-names></author>. (<year>2001</year>): <title>Neuere Ansätze der Regionalentwicklung und ihre Implementierung in nationalen und internationalen Entwicklungsprogrammen</title>. <other>Bern</other>. <source>http://www.irl.ethz.ch/plus/people/perlik/perlik_regentw.pdf</source> (11.07.2014). 
<author><surname>Petrakos</surname>, <given-names>G</given-names></author>.; <author><surname>Rodríguez-Pose</surname>, <given-names>A</given-names></author>.; <author><surname>Rovolis</surname>, <given-names>A</given-names></author>. (<year>2005</year>): <title>Growth, integration, and regional disparities in the European Union</title>. In: <source>Environment and Planning</source> <volume>A 37</volume> (<issue>10</issue>), <fpage>1837</fpage>–<lpage>1855</lpage>. 
<author><surname>Pizzera</surname>, <given-names>J</given-names></author>.; <author><surname>Osebik</surname>, <given-names>D</given-names></author>. (<year>2012</year>): <title>Strategic Destination Management in an Alpine Mining Region – Adventure Sports Tourism as Chance for Image Transformation</title>. In: <editor>Wirth, P.</editor>; <editor>Černič-Mali, B.</editor>; <editor>Fischer, W.</editor> (Hrsg.): <source>Post-Mining Regions in Central Europe – Problems, Potentials, Possibilities</source>. <other>München</other>, <fpage>212</fpage>–<lpage>224</lpage>. 
<author><surname>Porter</surname>, <given-names>M</given-names></author>. (<year>2000</year>): <title>Location, Competition, and Economic Development: Local Clusters in a Global Economy</title>. In: <source>Economic Development Quarterly</source> <volume>14</volume> (<issue>1</issue>), <fpage>15</fpage>–<lpage>34</lpage>. 
<author><surname>Romer</surname>, <given-names>P</given-names></author>. (<year>1994</year>): <title>The Origins of Endogenous Growth</title>. In: <source>Journal of Economic Perspectives</source> <volume>8</volume> (<issue>1</issue>), <fpage>3</fpage>–<lpage>22</lpage>. 
<author><surname>Rüdiger</surname>, <given-names>A</given-names></author>. (<year>2004</year>): <title>Die Aufgabe der Selbstverwaltung in Klein- und Mittelstädten</title>. In: <editor>Baumgart, S.</editor>; <editor>Flacke, J.</editor>; <editor>Grüger, C.</editor>; <editor>Lütke, P.</editor>; <editor>Rüdiger, A.</editor> (Hrsg.):<source> Klein- und Mittelstädte – Verkleinerte Blaupausen der Großstadt? Dokumentation des Expertenkolloquiums am 29. April 2004 an der Universität Dortmund</source>. <other>Dortmund</other>, <fpage>41</fpage>–<lpage>46</lpage>.
<author><surname>Sandgruber</surname>, <given-names>R</given-names></author>. (<year>1995</year>): <title>Österreichische Geschichte – Ökonomie und Politik</title>. <other>Wien</other>. 
<author><surname>Schätzl</surname>, <given-names>M</given-names></author>. (<year>2001</year>): <title>Wirtschaftsgeographie 1. Theorie</title>. <other>Paderborn</other>. 
<author><surname>Schlömer</surname>, <given-names>C</given-names></author>.; <author><surname>Spangenberg</surname>, <given-names>M</given-names></author>. (<year>2009</year>): <title>Städtisch und ländlich geprägte Räume: Gemeinsamkeiten und Gegensätze</title>. In: <editor>BMVBS – Bundesministerium für Verkehr, Bau und Wohnungswesen</editor>; <editor>BBSR – Bundesinstitut für Bau-, Stadt- und Raumforschung</editor> (Hrsg.): <source>Ländliche Räume im demografischen Wandel</source>. <other>Bonn</other>. = <source>BBSROnline-Publikation</source> <volume>34</volume>/<year>09</year>. <url>http://www.bbsr.bund.de/cln_032/ nn_23582/BBSR/DE/Veroeffentlichungen/BBSROnline/2009/ON342009.html</url> (11.07.2014). 
<author><surname>Simmie</surname>, <given-names>J</given-names></author>. (<year>2003</year>): <title>Innovation and Urban Regions as National and International Nodes for the Transfer and Sharing of Knowledge</title>. In: <source>Regional Studies</source> <volume>37</volume> (<issue>6–7</issue>), <fpage>607</fpage>–<lpage>620</lpage>. 
<author><surname>Sommer</surname>, <given-names>H</given-names></author>.; <author><surname>Liebmann</surname>, <given-names>H</given-names></author>. (<year>2013</year>): <title>Städtische Karrieren zwischen Pfadabhängigkeit und Neuorientierung</title>. In: <editor>Berndt, M.</editor>; <editor>Liebmann, H.</editor> (Hrsg.): <source>Peripherisierung, Stigmatisierung, Abhängigkeit? Deutsche Mittelstädte und ihr Umgang mit Peripherisierungsprozessen</source>. <other>Wiesbaden</other>, <fpage>107</fpage>–<lpage>124</lpage>. 
<author><surname>Sperl</surname>, <given-names>G</given-names></author>. (<year>1984</year>): <title>Steirische Eisenstraße</title>. <other>Leoben</other>.
<author><surname>Stough</surname>, <given-names>R</given-names></author>.; <author><surname>Stimson</surname> <given-names>R</given-names></author>.; <author><surname>Nijkamp</surname>, <given-names>P</given-names></author>. (<year>2011</year>): <title>An Endogenous Perspective on Regional Development and Growth</title>. In: <editor>Kourtit, K.</editor>; <editor>Nijkamp, P.</editor>; <editor>Stough, R.</editor> (Hrsg.): <source>Drivers of Innovation, Entrepreneurship and Regional Dynamics</source>. <other>Heidelberg</other>, <fpage>3</fpage>–<lpage>20</lpage>. 
<author><surname>Tödtling</surname>, <given-names>F</given-names></author>.; <author><surname>Trippl</surname>, <given-names>M</given-names></author>. (<year>2004</year>): <title>One Size Fits All? Towards a Differentiated Policy Approach with Respect to Regional Innovation Systems</title>. <other>Wien</other>. = <source>SRE Discussion papers</source> <year>2004</year>/<volume>1</volume>. <url>http://epub.wu.ac.at/944/</url> (11.07.2014). 
<author><surname>Wirth</surname>, <given-names>P</given-names></author>.; <author><surname>Bose</surname>, <given-names>M</given-names></author>. (<year>2007</year>): <title>Schrumpfung an der Peripherie: ein Modellvorhaben – und was Kommunen daraus lernen können</title>. <other>München</other>. 
<author><surname>Wirth</surname>, <given-names>P</given-names></author>.; <author><surname>Černič-Mali</surname>, <given-names>B</given-names></author>.; <author><surname>Fischer</surname>, <given-names>W</given-names></author>. (<year>2012</year>) <title>Problems and Potentials of Post-Mining Regions</title>. In: <editor>Wirth, P.</editor>; <editor>Černič-Mali, B.</editor>; <editor>Fischer, W.</editor> (Hrsg.): <source>Post-Mining Regions in Central Europe – Problems, Potentials, Possibilities</source>. <other>München</other>, <fpage>14</fpage>–<lpage>31</lpage>. 
<author><surname>Zimmermann</surname>, <given-names>F. M.</given-names></author>; <author><surname>Janschitz</surname>, <given-names>S</given-names></author>. (<year>2004</year>): <title>Erfolgs- und Misserfolgsfaktoren bei der Umstrukturierung von traditionellen Bergbaugebieten. Das Beispiel Eisenerz/Österreich</title>. In: <editor>Sächsisches Staatsministerium des Innern</editor> (Hrsg.): <source>Neue Landschaften. Bergbauregionen im Wandel</source>. <other>Dresden</other>, <fpage>30</fpage>–<lpage>41</lpage>.