<author><surname>Aalbers</surname>, <given-names>R</given-names></author>. (<year>2010</year>): <title>The role of contracts and trust in R&D alliances in the Dutch biotech sector</title>. In: <source>Innovation: Management, Policy & Practice</source><volume> 12</volume>, <issue>3</issue>, <fpage>311</fpage>-<lpage>329</lpage>. 
<author><surname>Aitken</surname>, <given-names>S</given-names></author>.; <author><surname>Kwan</surname>, <given-names>M.-P.</given-names></author> (<year>2010</year>): <title>GIS as Qualitative Research: Knowledge, Participatory Politics and Cartographies of Affect</title>. In: <editor>DeLyser, D.</editor>; <editor>Herbert, S.</editor>; <editor>Aitken, S.</editor>; <editor>Crang, M.</editor>; <editor>McDowell, L.</editor> (Hrsg.): <source>The SAGE Handbook of Qualitative Geography</source>. <other>Los Angeles</other>, <fpage>287</fpage>-<lpage>304</lpage>. 
<author><surname>Asheim</surname>,<given-names>B.T.</given-names></author>; <author><surname>Coenen</surname>, <given-names>L</given-names></author>.(<year>2005</year>): <title>Knowledgebases andregional innovation systems: Comparing Nordic clusters</title>. In: <source>Research Policy</source> <volume>34</volume>, <issue>8</issue>, <fpage>1173</fpage>-<lpage>1190</lpage>. 
<author><surname>Asheim</surname>, <given-names>B. T.</given-names></author>; <author><surname>Coenen</surname>, <given-names>L</given-names></author>.; <author><surname>Vang</surname>, <given-names>J</given-names></author>. (<year>2007</year>): <title>Face-to-face, buzz, and knowledge bases: sociospatial implicationsfor learning, innovation, and innovation policy</title>. In: <source>Environment and Planning C</source> <volume>25</volume>, <issue>5</issue>, <fpage>655</fpage>-<lpage>670</lpage>. 
<author><surname>Barlevy</surname>, <given-names>G</given-names></author>. (<year>2005</year>): <title>Why don’t recessions encourage more R&D spending?</title> <other>Chicago</other>. = <source>Chicago Fed Letter</source> <volume>220</volume>. 
<author><surname>Bathelt</surname>, <given-names>H</given-names></author>. (<year>2008</year>): <title>Knowledge-based clusters: regional multiplier models and the role of ‘buzz’ and ‘pipelines’</title>. In: <editor>Karlsson, C.</editor> (Hrsg.): <source>Handbook of Research on Cluster Theory</source>. <other>Cheltenham</other>, <fpage>78</fpage>-<lpage>92</lpage>. 
<author><surname>Bathelt</surname>, <given-names>H</given-names></author>.; <author><surname>Malmberg</surname>, <given-names>A</given-names></author>.; <author><surname>Maskell</surname>, <given-names>P</given-names></author>. (<year>2004</year>): <title>Clusters and knowledge: local buzz, global pipelines and the process of knowledge creation</title>. In: <source>Progress in Human Geography</source> <volume>28</volume>, <issue>1</issue>, <fpage>31</fpage>-<lpage>56</lpage>.
<author><surname>Bergman</surname>, <given-names>E. M.</given-names></author>; <author><surname>Feser</surname>, <given-names>E. J.</given-names></author> (<year>1999</year>): <title>Industrial and Regional Clusters: Concepts and Comparative Applications</title>. <url>http://www.rri.wvu.edu/webbook/bergman-feser/contents.htm</url> (16.10.2016). 
<author><surname>Boschma</surname>,<given-names>R</given-names></author>.(<year>2005</year>): <title>Proximity and Innovation: A Critical Assessment</title>. In: <source>Regional Studies</source> <volume>39</volume>, <issue>1</issue>, <fpage>61</fpage>-<lpage>74</lpage>. 
<author><surname>Brandt</surname>, <given-names>A</given-names></author>.; <author><surname>Hahn</surname>, <given-names>C</given-names></author>.; <author><surname>Krätke</surname>, <given-names>S</given-names></author>.; <author><surname>Kiese</surname>, <given-names>M</given-names></author>. (<year>2009</year>): <title>Metropolitan regions in the knowledge economy: network analysis as a strategic information tool</title>. In: <source>Tijdschrift voor economische en sociale geograﬁe</source> <volume>100</volume>, <issue>2</issue>, <fpage>236</fpage>-<lpage>249</lpage>. 
<author><surname>Cincera</surname>, <given-names>M</given-names></author>.; <author><surname>Cozza</surname>, <given-names>C</given-names></author>.; <author><surname>Tübke</surname>, <given-names>A</given-names></author>.; <author><surname>Voigt</surname>,<given-names>P</given-names></author>. (<year>2010</year>): <title>Doing R&D or not (in a crisis), that is the question...</title> <other>Luxemburg</other>. = <source>IPTS Working Paper on Corporate R&D and Innovation</source> <volume>12</volume>/<year>2010</year>. 
<author><surname>Crevoisier</surname>, <given-names>O</given-names></author>. (<year>2001</year>): <title>Der Ansatz des kreativen Milieus. Bestandsaufnahme und Forschungsperspektiven am Beispiel urbaner Milieus</title>. In: <source>Zeitschrift für Wirtschaftsgeographie</source> <volume>45</volume>, <issue>3-4</issue>, <fpage>246</fpage>-<lpage>256</lpage>. 
<author><surname>DeBresson</surname>, <given-names>C</given-names></author>.; <author><surname>Hu</surname>, <given-names>X</given-names></author>. (<year>1999</year>): <title>Identifying clusters of innovative activity: A new approach and a toolbox</title>. In: <editor>OECD</editor> (Hrsg.): <source>Boosting Innovation. The Cluster Approach</source>. <other>Paris</other>, <fpage>27</fpage>-<lpage>59</lpage>. 
<author><surname>Egartner</surname>,<given-names>S</given-names></author>.; <author><surname>Fischer</surname>,<given-names>T</given-names></author>.; <author><surname>Maißer</surname>,<given-names>M</given-names></author>.; <author><surname>Meth</surname>,<given-names>D</given-names></author>.; <author><surname>Steinbichler</surname>,<given-names>M</given-names></author>.; <author><surname>Wächter</surname>, <given-names>P</given-names></author>.; <author><surname>Voigt</surname>, <given-names>A</given-names></author>. (<year>2008</year>): <title>Stadt der kurzen Wege aus ökosozialer Sicht. Nahversorgung und Naherholung in Wien vor dem Hintergrund der Alterung</title>. <other>Wien</other>. 
<author><surname>Feldman</surname>, <given-names>M.P.</given-names></author>; <author><surname>Audretsch</surname>,<given-names> D.B.</given-names></author>(<year>1999</year>): <title>Innovation in cities: Sciencebased diversity, specialization and localized competition</title>. In: <source>European Economic Review</source> <volume>43</volume>, <issue>2</issue>, <fpage>409</fpage>-<lpage>429</lpage>. 
<author><surname>Feser</surname>, <given-names>E</given-names></author>.; <author><surname>Renski</surname>, <given-names>H</given-names></author>.; <author><surname>Goldstein</surname>, <given-names>H</given-names></author>. (<year>2008</year>): <title>Clusters and Economic Development Outcomes. An Analysis of the Link between Clustering and Industry Growth</title>.In: <source>Economic Development Quarterly</source> <volume>22</volume>, <issue>4</issue>, <fpage>324</fpage>-<lpage>344</lpage>. 
<author><surname>Florida</surname>, <given-names>R</given-names></author>. (<year>2002</year>): <title>The Rise of the Creative Class</title>. <other>New York</other>. 
<author><surname>Fromhold-Eisebith</surname>, <given-names>M</given-names></author>. (<year>1999</year>): <title>Das „kreative Milieu“ – nur theoretisches Konzept oder Instrument der Regionalentwicklung?</title> In: <source>Raumforschung und Raumordnung</source> <volume>57</volume>, <issue>2-3</issue>, <fpage>168</fpage>-<lpage>175</lpage>. 
<author><surname>Gertler</surname>,<given-names>M</given-names></author>.(<year>2008</year>): <title>Buzz without being there? Communities of Practice in Context</title>. In: <editor>Ash, A.</editor>; <editor>Roberts, J.</editor> (Hrsg.): <source>Community, Economic Creativity, and Organization</source>. <other>Oxford</other>, <fpage>203</fpage>-<lpage>226</lpage>. 
<author><surname>Giuliani</surname>, <given-names>E</given-names></author>. (<year>2007</year>): <title>The Selective Nature of Knowledge Networks in Clusters: Evidence from the Wine Industry</title>. In: <source>Journal of Economic Geography</source> <volume>7</volume>, <issue>2</issue>, <fpage>139</fpage>-<lpage>168</lpage>. 
<author><surname>Grabher</surname>, <given-names>G</given-names></author>. (<year>2002</year>): <title>Cool projects, boring institutions: temporary collaboration in social context</title>. In: <source>Regional Studies</source> <volume>36</volume>, <issue>3</issue>, <fpage>205</fpage>-<lpage>214</lpage>. 
<author><surname>Hohenberg</surname>, <given-names>P. M.</given-names></author>; <author><surname>Hollen-Lees</surname>, <given-names>L.</given-names></author> (<year>1985</year>): <title>The Making of Urban Europe 1000-1950</title>. <other>Cambridge, MA</other>. 
<author><surname>Huber</surname>, <given-names>F</given-names></author>. (<year>2012</year>): <title>Do clusters really matter for innovation practices in information technology? Questioning the signiﬁcance of technological knowledge spillovers</title>. In: <source>Journal of Economic Geography</source> <volume>12</volume>, <issue>1</issue>, <fpage>107</fpage>-<lpage>126</lpage>. 
<author><surname>Jacobs</surname>, <given-names>J</given-names></author>. (<year>1969</year>): <title>The Economy of Cities</title>. <other>New York</other>. 
<author><surname>Kiese</surname>, <given-names>M</given-names></author>. (<year>2008</year>): <title>Stand und Perspektiven der regionalen Clusterforschung</title>. In: <editor>Schätzl, L.</editor>; <editor>Kiese, M.</editor> (Hrsg.): <source>Cluster und Regionalentwicklung. Theorie, Beratung und praktische Umsetzung</source>. <other>Dortmund</other>, <fpage>9</fpage>-<lpage>50</lpage>. 
<author><surname>Koo</surname>, <given-names>J</given-names></author>. (<year>2005</year>): <title>Knowledge-based Industry Clusters: Evidenced by Geographical Patterns of Patents in Manufacturing</title>. In: <source>Urban Studies</source> <volume>42</volume>, <issue>9</issue>, <fpage>1487</fpage>-<lpage>1505</lpage>. 
<author><surname>Kujath</surname>, <given-names>H. J.</given-names></author> (<year>2005</year>): <title>Die neue Rolle der Metropolregionen in der Wissensökonomie</title>. In: <editor>Kujath,H.J.</editor>(Hrsg.):<source>Knoten im Netz. Zur neuen Rolle der Metropolregionen in der Dienstleistungswirtschaft und Wissensökonomie</source>. <other>Münster</other>, <fpage>23</fpage>-<lpage>63</lpage>. 
<author><surname>Levine</surname>, <given-names>N</given-names></author>. (<year>2013</year>): <title>CrimeStat IV. A Spatial Statistics Program for the Analysis of Crime Incident Locations</title>. <other>Washington</other>. 
<author><surname>Lüthi</surname>, <given-names>S</given-names></author>.; <author><surname>Thierstein</surname>, <given-names>A</given-names></author>.; <author><surname>Bentlage</surname>, <given-names>M</given-names></author>. (<year>2010</year>): <title>Standortverﬂechtungen in der Wissensökonomie. Über die Konnektivität der Metropolregionen Rhein-Main und Rhein-Ruhr</title>. In: <source>Geographische Rundschau</source> <volume>62</volume>, <issue>11</issue>, <fpage>46</fpage>-<lpage>52</lpage>. 
<author><surname>Marshall</surname>, <given-names>A</given-names></author>. (<year>1890</year>): <title>Principles of Economics</title>. <other>London</other>. 
<author><surname>Martin</surname>, <given-names>R</given-names></author>.; <author><surname>Sunley</surname>, <given-names>P</given-names></author>. (<year>2003</year>): <title>Deconstructing clusters: chaotic concept or policy panacea?</title> In: <source>Journal of Economic Geography</source> <volume>3</volume>,<issue>1</issue>,<fpage>5</fpage>-<lpage>35</lpage>.
<author><surname>Maskell</surname>, <given-names>P</given-names></author>.; <author><surname>Bathelt</surname>, <given-names>H</given-names></author>.; <author><surname>Malmberg</surname>, <given-names>A</given-names></author>. (<year>2006</year>): <title>Building global knowledge pipelines: The role of temporary clusters</title>. In: <source>European Planning Studies</source> <volume>14</volume>, <issue>8</issue>, <fpage>997</fpage>-<lpage>1013</lpage>. 
<author><surname>Mayerhofer</surname>, <given-names>P</given-names></author>. (<year>2013</year>): <title>Wiens Industrie in der wissensbasierten Stadtwirtschaft. Wandlungsprozesse, Wettbewerbsfähigkeit, industriepolitische Ansatzpunkte</title>. <other>Wien</other>. 
<author><surname>Moodysson</surname>, <given-names>J</given-names></author>. (<year>2008</year>): <title>Principles and Practices of Knowledge Creation: On the Organization of “Buzz” and “Pipelines” in Life Science Communities</title>. In: <source>Economic Geography</source> <volume>84</volume>, <issue>4</issue>, <fpage>449</fpage>-<lpage>469</lpage>. 
<author><surname>Musil</surname>, <given-names>R</given-names></author>. (<year>2011</year>): <title>Die Metropolen Europas im Städtesystem des 20. Jahrhunderts</title>. In: <editor>Matznetter, W.</editor>; <editor>Musil, R.</editor> (Hrsg.): <source>Europa: Metropolen im Wandel</source>. <other>Wien</other>, <fpage>15</fpage>-<lpage>38</lpage>. 
<author><surname>Musil</surname>, <given-names>R</given-names></author>.; <author><surname>Eder</surname>, <given-names>J</given-names></author>. (<year>2013</year>): <title>Wien und seine Hochschulen. Regionale Wertschöpfungseffekte der Wiener Hochschulen</title>. <other>Wien</other>. = <source>ISR-Forschungsbericht</source> <volume>40</volume>. 
<author><surname>Musil</surname>, <given-names>R</given-names></author>.; <author><surname>Eder</surname>, <given-names>J</given-names></author>. (<year>2015</year>): <title>Local buzz in der Wiener Forschung. Wissensintensive Cluster zwischen lokale Einbettung und internationaler Orientierung</title>. <other>Wien</other>. = <source>ISR-Forschungsbericht</source> <volume>41</volume>. 
<author><surname>Palme</surname>, <given-names>G</given-names></author>.; <author><surname>Musil</surname>, <given-names>R</given-names></author>. (<year>2012</year>): <title>Wirtschaftsgeographie</title>. <other>Braunschweig</other>. 
<author><surname>Porter</surname>, <given-names>M</given-names></author>. (<year>1990</year>): <title>The Competitive Advantage of Nations</title>. <other>New York</other>. 
<author><surname>Porter</surname>, <given-names>M</given-names></author>. (<year>2000</year>): <title>Location, Competition, and Economic Development: Local Clusters in a Global Economy</title>. In: <source>Economic Development Quarterly</source> <volume>14</volume>, <issue>1</issue>, <fpage>15</fpage>-<lpage>34</lpage>. 
<author><surname>Sassen</surname>, <given-names>S</given-names></author>. (<year>1991</year>): <title>The global city</title>. <other>London, New York, Tokyo, Princeton</other>. 
<author><surname>Silverman</surname>, <given-names>B. W.</given-names></author> (<year>1986</year>): <title>Density Estimation for Statistics and Data Analysis</title>. <other>London</other>. 
<author><surname>Simmie</surname>, <given-names>J</given-names></author>.; <author><surname>Strambach</surname>, <given-names>S</given-names></author>. (<year>2006</year>): <title>The contribution of KIBS to innovation in cities: an evolutionary and institutional perspective</title>. In: <source>Journal of Knowledge Management</source> <volume>10</volume>, <issue>5</issue>, <fpage>26</fpage>-<lpage>40</lpage>. 
<author><surname>Stiewe</surname>, <given-names>M</given-names></author>.; <author><surname>Mühlhans</surname>, <given-names>H</given-names></author>.; <author><surname>Bohnet</surname>, <given-names>M</given-names></author>.; <author><surname>Fricke</surname>, <given-names>T</given-names></author>.; <author><surname>Heller</surname>, <given-names>S</given-names></author>. (<year>2012</year>): <title>Potenziale und Wirkungen standortbezogenen Mobilitätsmanagements</title>. In: <editor>Schrenk, M.</editor>; <editor>Popvich, V.</editor>; <editor>Zeile, P.</editor>; <editor>Elisei, P.</editor> (Hrsg.): <source>REAL CORP 2012. Re-Mixing the City. Towards Sustainability and Resilience?</source> <other>Schwechat</other>, <fpage>605</fpage>-<lpage>614</lpage>. = <source>Proceedings REAL CORP</source> <year>2012</year>. 
<author><surname>Storper</surname>, <given-names>M</given-names></author>.; <author><surname>Venables</surname>, <given-names>A. J.</given-names></author> (<year>2004</year>): <title>Buzz: face-to-face contact and the urban economy</title>. In: <source>Journal of Economic Geography</source> <volume>4</volume>, <issue>4</issue>, <fpage>351</fpage><lpage>370</lpage>. 
<author><surname>Sui</surname>, <given-names>D</given-names></author>.; <author><surname>DeLyser</surname>, <given-names>D</given-names></author>. (<year>2012</year>): <title>Crossing the qualitative-quantitative chasm I: Hybrid geographies, the spatial turn, and volunteered geographic information (VGI)</title>. In: <source>Progress in Human Geography</source> <volume>36</volume>, <issue>1</issue>, <fpage>111</fpage>-<lpage>124</lpage>. 
<author><surname>Taylor</surname>, <given-names>P</given-names></author>. (<year>2004</year>): <title>World City Network. A global urban analysis</title>. <other>London, New York</other>. 
<author><surname>Tödtling</surname>, <given-names>F</given-names></author>.; <author><surname>Trippl</surname>, <given-names>M</given-names></author>. (<year>2007</year>): <title>Knowledge Links in High-technology Industries: Markets, Networks or Milieu? The Case of the Vienna Biotechnology Cluster</title>. In: <source>International Journal of Entrepreneurship and Innovation Management</source> <volume>7</volume>, <issue>2-5</issue>, <fpage>345</fpage>-<lpage>365</lpage>. 
<author><surname>Trippl</surname>, <given-names>M</given-names></author>.; <author><surname>Tödtling</surname>, <given-names>F</given-names></author>. (<year>2007</year>): <title>Developing Biotechnology Clusters in Non-high Technology Regions. The Case of Austria</title>. In: <source>Industry and Innovation</source> <volume>14</volume>, <issue>1</issue>, <fpage>47</fpage>-<lpage>67</lpage>. 
<author><surname>Trippl</surname>, <given-names>M</given-names></author>.; <author><surname>Tödtling</surname>, <given-names>F</given-names></author>. (<year>2011</year>): <title>Regionale Innovationssysteme und Wissenstransfer im Spannungsfeld unterschiedlicher Näheformen</title>.In: <editor>Ibert,O.</editor>; <editor>Kujath,H.J.</editor>(Hrsg.):<source>Räume der Wissensarbeit. Zur Funktion von Nähe und Distanz in der Wissensökonomie</source>. <other>Wiesbaden</other>, <fpage>155</fpage>-<lpage>169</lpage>. 
<author><surname>Trippl</surname>, <given-names>M</given-names></author>.; <author><surname>Tödtling</surname>, <given-names>F</given-names></author>.; <author><surname>Lengauer</surname>, <given-names>L</given-names></author>. (<year>2009</year>): <title>Knowledge Sourcing beyond Buzz and Pipelines: Evidence from the Vienna Software Sector</title>. In: <source>Economic Geography</source> <volume>85</volume>, <issue>4</issue>, <fpage>443</fpage>-<lpage>462</lpage>. 
<author><surname>van Winden</surname>, <given-names>W</given-names></author>. (<year>2010</year>): <title>Knowledge and the European City</title>. In: <source>Tijdschrift voor economische en sociale geograﬁe</source> <volume>101</volume>, <issue>1</issue>, <fpage>100</fpage>-<lpage>106</lpage>. 
<author><surname>Weidmann</surname>, <given-names>U</given-names></author>. (<year>1992</year>): <title>Transporttechnik der Fussgänger. Transporttechnische Eigenschaften des Fussgängerverkehrs. Literaturauswertung</title>. <other>Zürich</other>. = <source>Schriftenreihe des IVT</source> <volume>90</volume>. 
<author><surname>Wirth</surname>, <given-names>M</given-names></author>. (<year>2013</year>): <title>Der Campus Vienna Biocenter. Entstehung, Entwicklung und Bedeutung für den Life Sciences-Standort Wien</title>. <other>Innsbruck</other>. = <source>Innovationsmuster in der österreichischen Wirtschaftsgeschichte</source> <volume>8</volume>.