<editor>ARL – Akademie für Raumforschung und Landesplanung</editor> (<year>2013</year>): <title>Anforderungen an ein zukünftiges Zentrale-Orte-Konzept. Beispiele aus Hessen, Rheinland-Pfalz und dem Saarland</title>. <other>Hannover</other>. = <source>Positionspapier aus der ARL</source> <volume>92</volume>. 
<editor>ARL – Akademie für Raumforschung und Landesplanung</editor> (<year>2015</year>): <title>Neuaufstellung des Zentrale-Orte-Konzepts in Nordrhein-Westfalen</title>. <other>Hannover</other>. = <source>Positionspapier aus der ARL</source> <volume>102</volume>. 
<author><surname>Baumgart</surname>, <given-names>S</given-names></author>.; <author><surname>David</surname>, <given-names>C.-H.</given-names></author>; <author><surname>Diehl</surname>, <given-names>J</given-names></author>.; <author><surname>Finke</surname>, <given-names>L</given-names></author>.; <author><surname>van Gemmeren</surname>, <given-names>C</given-names></author>.; <author><surname>Greiving</surname>, <given-names>S</given-names></author>.; <author><surname>Kötter</surname>, <given-names>K</given-names></author>.; <author><surname>Konze</surname>, <given-names>H</given-names></author>.; <author><surname>Petzinger</surname>, <given-names>T</given-names></author>.; <author><surname>Terfrüchte</surname>, <given-names>T</given-names></author>.; <author><surname>Wiechmann</surname>, <given-names>T</given-names></author>. (<year>2013</year>): <title>Planen in der Zukunft</title>. In: <editor>Baumgart, S.</editor>; <editor>Terfrüchte, T.</editor> (Hrsg.): <source>Zukunft der Regionalplanung in Nordrhein-Westfalen</source>. <other>Hannover</other>, <fpage>5</fpage>-<lpage>17</lpage>. = <source>Arbeitsberichte der ARL</source> <volume>6</volume>. 
<editor>BBSR – Bundesinstitut für Bau-, Stadt- und Raumforschung</editor> (<year>2012</year>): <title>Raumabgrenzungen und Raumtypen des BBSR</title>. <other>Bonn</other>. = <source>Analysen Bau.Stadt.Raum</source> <volume>6</volume>. 
<author><surname>Birkmann</surname>, <given-names>J</given-names></author>. (<year>2005</year>): <title>Monitoring</title>. In: <editor>ARL – Akademie für Raumforschung und Landesplanung</editor> (Hrsg.): <source>Handwörterbuch der Raumordnung</source>. <other>Hannover</other>, <fpage>668</fpage>-<lpage>674</lpage>. 
<editor>Blotevogel, H. H.</editor> (Hrsg.) (<year>2002</year>a): <title>Fortentwicklung des Zentrale-Orte-Konzepts</title>. <other>Hannover</other>. = <source>Forschungs- und Sitzungsberichte der ARL</source> <volume>217</volume>. 
<author><surname>Blotevogel</surname>, <given-names>H. H.</given-names></author> (<year>2002</year>b): <title>Zum Verhältnis der regionalökonomischen Zentrale-Orte-Theorie zum Zentrale-Orte-Konzept der Raumordnung</title>. In: <editor>Blotevogel, H. H.</editor> (Hrsg.): <source>Fortentwicklung des Zentrale-Orte-Konzepts</source>. <other>Hannover</other>, <fpage>10</fpage>-<lpage>16</lpage>. = <source>Forschungs- und Sitzungsberichte der ARL</source> <volume>217</volume>. 
<author><surname>Blotevogel</surname>, <given-names>H. H.</given-names></author> (<year>2005</year>): <title>Zentrale Orte</title>. In <editor>ARL – Akademie für Raumforschung und Landesplanung</editor> (Hrsg.): <source>Handwörterbuch der Raumordnung</source>. <other>Hannover</other>, <fpage>1307</fpage>-<lpage>1315</lpage>. 
<editor>BMVBS – Bundesministerium für Verkehr, Bau und Stadtentwicklung;BBR–Bundesamt für Bauwesen und Raumordnung</editor> (Hrsg.) (<year>2008</year>): <title>Kooperation zentraler Orte in schrumpfenden Regionen. Praxiserfahrungsstudie</title>. <other>Bonn</other>. = <source>Werkstatt: Praxis</source> <volume>53</volume>. 
<author><surname>Boettcher</surname>, <given-names>F</given-names></author>.; <author><surname>Junkernheinrich</surname>, <given-names>M</given-names></author>. (<year>2010</year>): <title>Kommunaler Finanz- und Schuldenreport Nordrhein-Westfalen</title>. <other>Gütersloh</other>. 
<author><surname>Bogumil</surname>, <given-names>J</given-names></author>. (<year>2010</year>): <title>Die Ebenen der Verwaltung, die Verteilung der Aufgaben und die Realität der Verwaltungspolitik</title>. In: <editor>Schimanke, D.</editor> (Hrsg.): <source>Verwaltung und Raum. Zur Diskussion um Leistungsfähigkeit und Integrationsfunktion von Verwaltungseinheiten</source>. <other>Baden-Baden</other>, <fpage>77</fpage>-<lpage>88</lpage>. = <source>Schriften der Deutschen Sektion des Internationalen Instituts für Verwaltungswissenschaften</source> <volume>34</volume>. 
<author><surname>Christaller</surname>, <given-names>W</given-names></author>.(<year>1968</year>): <title>Die zentralen Orte in Süddeutschland. Eine ökonomisch-geographische Untersuchung über die Gesetzmäßigkeit der Verbreitung und Entwicklung der Siedlungen mit städtischen Funktionen</title>. <other>Darmstadt</other>. 
<author><surname>Czihal</surname>, <given-names>T</given-names></author>.; <author><surname>von Stillfried</surname>, <given-names>D</given-names></author>.; <author><surname>Schallock</surname>, <given-names>M</given-names></author>. (<year>2012</year>): <title>Regionale Mitversorgungsbeziehungen in der ambulanten Versorgung</title>. <other>Berlin</other>. <url>http://www.versorgungsatlas.de/ﬁleadmin/ziva_docs/21/ Mitversorgung_Bericht_upload20130304.pdf</url> (02.06.2017). 
<editor>DeGEval – Gesellschaft für Evaluation</editor> (<year>2008</year>): <title>Standards für Evaluation</title>. <other>Mainz</other>. 
<author><surname>Deiters</surname>, <given-names>J</given-names></author>. (<year>1978</year>): <title>Zur empirischen Überprüfbarkeit der Theorie zentraler Orte. Fallstudie Westerwald</title>. <other>Bonn</other>. = <source>Arbeiten zur rheinischen Landeskunde</source> <volume>44</volume>. 
<author><surname>Döring</surname>, <given-names>N</given-names></author>.; <author><surname>Bortz</surname>, <given-names>J</given-names></author>. (<year>2016</year>): <title>Forschungsmethoden und Evaluation in den Sozial- und Humanwissenschaften</title>. <other>Berlin/Heidelberg</other>. 
<author><surname>Einig</surname>, <given-names>K</given-names></author>.; <author><surname>Zaspel-Heisters</surname>, <given-names>B</given-names></author>. (<year>2016</year>): <title>Das System Zentraler Orte in Deutschland</title>. In: <editor>Greiving, S.</editor>; <editor>Flex, F.</editor>(Hrsg.): <source>Neuaufstellung des Zentrale-Orte-Konzepts in Nordrhein-Westfalen</source>. <other>Hannover</other>, <fpage>3</fpage>-<lpage>19</lpage>. = <source>Arbeitsberichte der ARL</source> <volume>17</volume>. 
<author><surname>Faßbender</surname>, <given-names>K</given-names></author>. (<year>2012</year>): <title>Rechtsgutachten zu den Anforderungen an regionalplanerische Festlegungen zur Hochwasservorsorge, erstattet im Auftrag des Regionalen Planungsverbands Oberes Elbtal/ Osterzgebirge</title>. <other>Leipzig</other>. 
<author><surname>Flex</surname>, <given-names>F</given-names></author>. (<year>2015</year>): <title>Zentralörtliche Funktionsräume. Empirische Ermittlung und konzeptionelle Ausgestaltung am Beispiel der Planungsregion Düsseldorf</title>. Dissertation, Technische Universität Dortmund. 
<author><surname>Fürst</surname>, <given-names>D</given-names></author>. (<year>2010</year>): <title>Raumplanung. Herausforderungen des deutschen Institutionensystems</title>. <other>Detmold</other>. = <source>Planungswissenschaftliche Studien zu Raumordnung und Regionalentwicklung</source> <volume>1</volume>. 
<author><surname>Furkert</surname>, <given-names>M</given-names></author>. (<year>2015</year>): <title>Erkennen und Handeln. Restrukturierung der landesplanerischen Mittelbereiche in Rheinland-Pfalz</title>. <other>Hamburg</other>. = <source>Geographica. Schriftenreihe Geowissenschaften und Geographie</source> <volume>11</volume>. 
<author><surname>Ganser</surname>, <given-names>K</given-names></author>. (<year>1977</year>): <title>Zentrale Orte und Entwicklungszentren</title>. In: <editor>Ganser, K.</editor>; <editor>Heinritz, G.</editor>; <editor>Klingbeil, D.</editor>; <editor>Mittermaier, K.</editor>; <editor>Niedzwetzki, K.</editor>; <editor>Popp, H.</editor>; <editor>Schrettenbrunner, H.</editor> (Hrsg.): <source>Beiträge zur Zentralitätsforschung</source>. <other>Kallmünz/Regensburg</other>, <fpage>105</fpage>-<lpage>124</lpage>. = <source>Münchener Geographische Hefte</source> <volume>39</volume>. 
<editor>Greiving, S.</editor>; <editor>Flex, F.</editor> (Hrsg.) (<year>2016</year>): <title>Neuaufstellung des Zentrale-Orte-KonzeptsinNordrhein-Westfalen</title>. <other>Hannover</other>. =<source>Arbeitsberichte der ARL</source> <volume>17</volume>. 
<author><surname>Greiving</surname>, <given-names>S</given-names></author>.; <author><surname>Flex</surname>, <given-names>F</given-names></author>.; <author><surname>Terfrüchte</surname>, <given-names>T</given-names></author>. (<year>2015</year>): <title>Vergleichende Untersuchung der Zentrale-Orte-Konzepte in den Ländern und Empfehlungen zu ihrer Weiterentwicklung</title>. In: <source>Raumforschung und Raumordnung</source> <volume>73</volume>, <issue>4</issue>, <fpage>285</fpage>-<lpage>297</lpage>. 
<author><surname>Greiving</surname>, <given-names>S</given-names></author>.; <author><surname>Winkel</surname>, <given-names>R</given-names></author>.; <author><surname>Flex</surname>, <given-names>F</given-names></author>.; <author><surname>Terfrüchte</surname>, <given-names>T</given-names></author>. (<year>2014</year>): <title>Reform der Zentrale-Orte-Konzepte in den Ländern und Folgen für Siedlungsstruktur und Daseinsvorsorge. Endbericht im Auftrag des Bundesinstituts für Bau-, Stadt- und Raumforschung</title>. <other>Bonn</other>.
<author><surname>Heinritz</surname>, <given-names>G</given-names></author>. (<year>1977</year>): <title>Einzugsgebiete und zentralörtliche Bereiche. Methodische Probleme der empirischen Zentralitätsforschung</title>. In: <editor>Ganser, K.</editor>; <editor>Heinritz, G.</editor>; <editor>Klingbeil, D.</editor>; <editor>Mittermaier, K.</editor>; <editor>Niedzwetzki, K.</editor>; <editor>Popp, H.</editor>; <editor>Schrettenbrunner, H.</editor> (Hrsg.): <source>Beiträge zur Zentralitätsforschung</source>. <other>Kallmünz/Regensburg</other>, <fpage>9</fpage>-<lpage>43</lpage>. = <source>Münchener Geographische Hefte</source> <volume>39</volume>. 
<author><surname>Henckel</surname>, <given-names>D</given-names></author>.; <author><surname>Kolleck</surname>, <given-names>B</given-names></author>.; <author><surname>Mittag</surname>,<given-names>K</given-names></author>.; <author><surname>Seidel-Schulze</surname>, <given-names>A</given-names></author>. (<year>2002</year>): <title>Städtetypen in Nordrhein-Westfalen. Gutachten im Auftrag der Enquetekommission „Die Zukunft der Städte in Nordrhein-Westfalen“. Endbericht</title>. <other>Berlin</other>. 
<author><surname>Hesse</surname>, <given-names>J. J.</given-names></author> (<year>2010</year>): <title>Kommunalstrukturen in Niedersachsen. Untersuchung im Auftrag des Ministeriums für Inneres und Sport des Landes Niedersachsen</title>. <other>Berlin</other>. 
<author><surname>Jacoby</surname>, <given-names>C</given-names></author>. (<year>2011</year>): <title>Monitoring, Evaluation und Controlling</title>. In: <editor>ARL – Akademie für Raumforschung und Landesplanung</editor> (Hrsg.): <source>Grundriss der Raumordnung und Raumentwicklung</source>. <other>Hannover</other>, <fpage>547</fpage>-<lpage>559</lpage>. 
<author><surname>Junkernheinrich</surname>, <given-names>M</given-names></author>.; <author><surname>Boettcher</surname>, <given-names>F</given-names></author>.; <author><surname>Brand</surname>, <given-names>S</given-names></author>.; <author><surname>Steinmüller</surname>, <given-names>L</given-names></author>.; <author><surname>Holler</surname>, <given-names>B</given-names></author>.(<year>2011</year>): <title>Neuabgrenzung leistungsfähiger Gemeindegebiete. Ein verwaltungsökonomischer Beitrag zur Kommunal- und Verwaltungsreform von Verbandsgemeinden und verbandsfreien Gemeinden in Rheinland-Pfalz. Gutachten im Auftrag des Ministeriums des Innern und für Sport. Endbericht für die Untersuchungsregion 1. Kaiserslautern</title>. 
<author><surname>Klöpper</surname>, <given-names>R</given-names></author>. (<year>1970</year>): <title>Zentrale Orte und ihre Bereiche</title>. In: <editor>ARL–Akademie für Raumforschung und Landesplanung</editor> (Hrsg.): <source>Handwörterbuch der Raumforschung und Raumordnung</source>. Band <volume>III</volume>. <other>Hannover</other>, <fpage>3849</fpage>-<lpage>3860</lpage>. 
<author><surname>Klöpper</surname>, <given-names>R</given-names></author>. (<year>1972</year>): <title>Die deutsche geographische Stadt-Umland-Forschung. Entwicklung und Erfahrungen</title>. In: <editor>Schöller, P.</editor> (Hrsg.): <source>Zentralitätsforschung</source>. <other>Darmstadt</other>, <fpage>252</fpage>-<lpage>266</lpage>. = <source>Wege der Forschung</source> <volume>301</volume>. 
<author><surname>Körber</surname>, <given-names>J</given-names></author>. (<year>1972</year>): <title>Einzugsbereiche zentraler Orte. Bericht über eine Beispieluntersuchung in Rheinland-Pfalz</title>. In: <editor>Schöller, P.</editor> (Hrsg.): <source>Zentralitätsforschung</source>. <other>Darmstadt</other>, <fpage>231</fpage>-<lpage>251</lpage>. = <source>Wege der Forschung</source> <volume>301</volume>. 
<editor>LAGARL–Landesarbeitsgemeinschaft Bremen/Hamburg/Niedersachsen/ Schleswig-Holstein der Akademie für Raumforschung und Landesplanung</editor> (<year>2014</year>): <title>Stärkung der Innenstädte und Ortskerne. Initiativen und Instrumente aus der Praxis für die Praxis. Arbeitshilfe für Kommunen</title>. <other>Hannover</other>. 
<editor>Landtag Nordrhein-Westfalen</editor> (<year>2015</year>): <title>Bewertung der Tragfähigkeit der öffentlichen Haushalte in Nordrhein-Westfalen. Unter den Bedingungen der Schuldenbremse und des demograﬁschen Wandels in der Dekade 2020 bis 2030. Abschlussbericht der Enquetekommission III des Landtags Nordrhein-Westfalen</title>. <source>Landtagsdrucksache</source> <volume>16</volume>/<issue>9500</issue>. <other>Düsseldorf</other>. 
<author><surname>Langguth</surname>, <given-names>N</given-names></author>. (<year>2011</year>): <title>Die Grenzen der Raumordnungsplanung. Zur Abgrenzung der Gesetzgebungskompetenzen für Raumordnung und Bauleitplanung</title>. In: <source>Zeitschrift für deutsches und internationales Bau- und Vergaberecht</source> <volume>34</volume>, 5, <fpage>436</fpage>-<lpage>441</lpage>. 
<editor>MKRO–Ministerkonferenz für Raumordnung</editor> (<year>2016</year>a): <title>Entschließung „Zentrale Orte“</title>. <source>Beschluss der 41. Ministerkonferenz für Raumordnung am 9. März 2016 in Berlin</source>. <other>Berlin</other>. 
<editor>MKRO–Ministerkonferenz für Raumordnung</editor> (<year>2016</year>b): <title>Leitbilder und Handlungsstrategien für die Raumentwicklung in Deutschland</title>. <source>Beschluss der 41. Ministerkonferenz für Raumordnung am 9. März 2016 in Berlin</source>. <other>Berlin</other>. 
<author><surname>Niedzwetzki</surname>, <given-names>K</given-names></author>. (<year>1977</year>): <title>Methoden der Zentralitätsmessung</title>. In <editor>Ganser, K.</editor>; <editor>Heinritz, G.</editor>; <editor>Klingbeil, D.</editor>; <editor>Mittermaier, K.</editor>; <editor>Niedzwetzki, K.</editor>; <editor>Popp, H.</editor>; <editor>Schrettenbrunner, H.</editor> (Hrsg.): <source>Beiträge zur Zentralitätsforschung</source>. <other>Kallmünz/Regensburg</other>, <fpage>75</fpage>-<lpage>103</lpage>. =<source>Münchener Geographische Hefte</source>, <volume>39</volume>. 
<author><surname>Schmidt</surname>, <given-names>P. I.</given-names></author>; <author><surname>Konze</surname>, <given-names>H</given-names></author>. (<year>2011</year>): <title>Planaufstellungs- und -änderungsverfahren</title>. In: <editor>ARL – Akademie für Raumforschung und Landesplanung</editor> (Hrsg.): <source>Grundriss der Raumordnung und Raumentwicklung</source>. <other>Hannover</other>, <fpage>451</fpage>-<lpage>472</lpage>. 
<author><surname>Scholles</surname>, <given-names>F</given-names></author>. (<year>2001</year>): <title>Zielsysteme in der Planung</title>. In: <editor>Fürst, D.</editor>; <editor>Scholles, F.</editor> (Hrsg.): <source>Handbuch Theorien und Methoden der Raum- und Umweltplanung</source>. <other>Dortmund</other>, <fpage>139</fpage>-<lpage>143</lpage>. 
<author><surname>Scholles</surname>, <given-names>F</given-names></author>. (<year>2005</year>): <title>Bewertungs- und Entscheidungsmethoden</title>. In: <editor>ARL–Akademie für Raumforschung und Landesplanung</editor>(Hrsg.): <source>Handwörterbuch der Raumordnung</source>. <other>Hannover</other>, <fpage>97</fpage>-<lpage>106</lpage>. 
<author><surname>Sedlmeier</surname>, <given-names>P</given-names></author>.; <author><surname>Renkewitz</surname>, <given-names>F</given-names></author>.(<year>2013</year>): <title>Forschungsmethoden und Statistik für Psychologen und Sozialwissenschaftler</title>. <other>München</other>. 
<author><surname>Staack</surname>, <given-names>J</given-names></author>. (<year>1995</year>): <title>Die Klassiﬁkation deutscher Städte nach ihrer regionalen Zentralität</title>. <other>Frankfurt am Main</other>. = <source>Europäische Hochschulschriften</source> <volume>1751</volume>. 
<author><surname>Terfrüchte</surname>, <given-names>T</given-names></author>. (<year>2015</year>): <title>Regionale Handlungsräume. Gliederung und Einﬂussfaktoren am Beispiel Nordrhein-Westfalens</title>. <other>Lemgo</other>. = <source>Metropolis und Region</source> <volume>14</volume>. 
<author><surname>Wiechmann</surname>, <given-names>T</given-names></author>.; <author><surname>Beier</surname>, <given-names>M</given-names></author>. (<year>2004</year>): <title>Evaluationen in der Regionalentwicklung. Eine vernachlässigte Herausforderung für die Raumplanung</title>. In: <source>Raumforschung und Raumordnung</source> <volume>62</volume>, <issue>6</issue>, <fpage>387</fpage>-<lpage>396</lpage>. 
<author><surname>Wiechmann</surname>, <given-names>T</given-names></author>.; <author><surname>Terfrüchte</surname>, <given-names>T</given-names></author>.(<year>2013</year>): <title>Akzeptanz regionaler Planungsprozesse und-ergebnisse</title>. In: <editor>Baumgart,S.</editor>; <editor>Terfrüchte, T.</editor>(Hrsg.): <source>Zukunft der Regionalplanung in Nordrhein-Westfalen</source>. <other>Hannover</other>, <fpage>18</fpage>-<lpage>39</lpage>. = <source>Arbeitsberichte der ARL</source> <volume>6</volume>. 
<author><surname>Wiechmann</surname>,<given-names>T</given-names></author>.; <author><surname>Terfrüchte</surname>, <given-names>T</given-names></author>.(<year>2017</year>): <title>Smart Country regional gedacht. Teilräumliche Analysen für digitale Strategien in Deutschland</title>. <other>Gütersloh</other>. 
<author><surname>Winkel</surname>, <given-names>R</given-names></author>.; <author><surname>Greiving</surname>, <given-names>S</given-names></author>. (<year>2008</year>): <title>Zentrale-Orte-Konzepte in praxisorientierter Weiterentwicklung. Monozentrale Orte, Städteverbünde und zentralörtliche Funktionsräume</title>. In: <source>RaumPlanung</source> <volume>141</volume>, <fpage>263</fpage>-<lpage>268</lpage>. 
<author><surname>Wollmann</surname>, <given-names>H</given-names></author>. (<year>2005</year>): <title>Evaluation</title>. In: <editor>ARL – Akademie für Raumforschung und Landesplanung</editor> (Hrsg.): <source>Handwörterbuch der Raumordnung</source>. <other>Hannover</other>, <fpage>274</fpage>-<lpage>280</lpage>.