<editor>Arbeitsgemeinschaft der Landesplaner der Bundesrepublik Deutschland</editor> (<year>1953</year>): <title>Landesplanung. Begriffe und Richtlinien</title>. <other>Düsseldorf</other>. 
<author><surname>Aring</surname>, <given-names>J</given-names></author>.; <author><surname>Sinz</surname>, <given-names>M</given-names></author>. (<year>2006</year>): <title>Neue Leitbilder der Raumentwicklung. Ein Impuls zur Modernisierung der Raumordnung?</title> In: <source>Raumforschung und Raumordnung</source> <volume>64</volume>, <issue>6</issue>, <fpage>451</fpage>-<lpage>459</lpage>. 
<editor>ARL – Akademie für Raumforschung und Landesplanung</editor> (Hrsg.) (<year>1960</year>): <title>Raumforschung. 25 Jahre Raumforschung in Deutschland</title>. <other>Bremen</other>. 
<editor>ARL – Akademie für Raumforschung und Landesplanung</editor> (Hrsg.) (<year>1966</year>): <title>Handwörterbuch der Raumforschung und Raumordnung</title>. 1. Auﬂage. <other>Hannover</other>. 
<editor>ARL – Akademie für Raumforschung und Landesplanung</editor> (Hrsg.) (<year>1970</year>): <title>Handwörterbuch der Raumforschung und Raumordnung</title>. 2. Auﬂage. <other>Hannover</other>. 
<author><surname>Blotevogel</surname>, <given-names>H. H.</given-names></author> (<year>2011</year>): <title>Raumordnung in der ersten Hälfte des 20. Jahrhunderts</title>. In: <editor>ARL – Akademie für Raumforschung und Landesplanung</editor> (Hrsg.): <source>Grundriss der Raumordnung und Raumentwicklung</source>. <other>Hannover</other>, <fpage>82</fpage>-<lpage>115</lpage>. 
<author><surname>Boesler</surname>, <given-names>K. A.</given-names></author> (<year>1980</year>): <title>Raumordnung</title>. <other>Darmstadt</other>. 
<author><surname>Briesen</surname>,<given-names>D</given-names></author>.; <author><surname>Strubelt</surname>,<given-names>W</given-names></author>.(<year>2015</year>): <title>Zwischen Kontinuität und Neubeginn: Räumliche Planung und Forschung vor und nach 1945</title>. In: <editor>Strubelt, W.</editor>; <editor>Briesen, D.</editor> (Hrsg.): <source>Raumplanung nach 1945. Kontinuitäten und Neuanfänge in der Bundesrepublik Deutschland</source>. <other>Frankfurt am Main, New York</other>, <fpage>15</fpage>-<lpage>54</lpage>. 
<author><surname>Brüning</surname>, <given-names>K</given-names></author>.(<year>1943</year>): <title>Raumordnung und Raumordnungsplan</title>. In: <source>Archiv für Landes- und Volkskunde von Niedersachsen</source> <volume>17</volume>, <fpage>179</fpage>-<lpage>230</lpage>.
<author><surname>Dehne</surname>, <given-names>P</given-names></author>.(<year>2005</year>): <title>Leitbilder in der räumlichen Entwicklung</title>.In: <editor>ARL– Akademie für Raumforschung und Landesplanung</editor> (Hrsg.): <source>Handwörterbuch der Raumordnung</source>. <other>Hannover</other>, <fpage>608</fpage>-<lpage>614</lpage>. 
<author><surname>Dittrich</surname>, <given-names>E</given-names></author>. (<year>1953</year>a): <title>Vom Primat der Raumordnung</title>. In: <source>Informationen aus dem Institut für Raumforschung</source> <volume>35/36</volume>, <fpage>363</fpage>-<lpage>370</lpage>. 
<author><surname>Dittrich</surname>, <given-names>E</given-names></author>. (<year>1953</year>b): <title>Raumforschung und Raumordnung. Ein Diskussionsbeitrag</title>. In: <source>Informationen aus dem Institut für Raumforschung</source> <volume>42/43</volume>, <fpage>481</fpage>-<lpage>487</lpage>. 
<author><surname>Dittrich</surname>, <given-names>E</given-names></author>. (<year>1956</year>): <title>Über den Begriff „social costs“</title>. In: <source>Informationen des Instituts für Raumforschung</source> <volume>6</volume>, <issue>19</issue>, <fpage>473</fpage>-<lpage>482</lpage>. 
<author><surname>Dittrich</surname>, <given-names>E</given-names></author>. (<year>1958</year>a): <title>Zum Begriff des „Leitbildes“ in der Diskussion über die Raumordnung</title>. In: <source>Informationen des Instituts für Raumforschung</source> <volume>8</volume>, <issue>1</issue>, <fpage>1</fpage>-<lpage>13</lpage>. 
<author><surname>Dittrich</surname>, <given-names>E</given-names></author>. (<year>1958</year>b): <title>Das Leitbild in der Raumordnung</title>. In: <source>Informationen des Instituts für Raumforschung</source> <volume>8</volume>, <issue>3</issue>, <fpage>53</fpage>-<lpage>75</lpage>. 
<author><surname>Dittrich</surname>, <given-names>E</given-names></author>. (<year>1958</year>c): <title>„Richtlinien“ in der Raumpolitik, I. Allgemeiner Teil</title>.In: <source>Informationen des Instituts für Raumforschung</source> <volume>8</volume>, <issue>7</issue>, <fpage>165</fpage>-<lpage>181</lpage>. 
<author><surname>Dittrich</surname>, <given-names>E</given-names></author>. (<year>1958</year>d): <title> „Richtlinien“ in der Raumpolitik, II. Spezieller Teil</title>. In: <source>Informationen des Instituts für Raumforschung</source> <volume>8</volume>, <issue>12</issue>, <fpage>311</fpage>-<lpage>321</lpage>. 
<author><surname>Dittrich</surname>, <given-names>E</given-names></author>. (<year>1960</year>a): <title>Das Leitbild und seine Problematik</title>. In: <editor>ARL – Akademie für Raumforschung und Landesplanung</editor> (Hrsg.): <source>Raumforschung. 25 Jahre Raumforschung in Deutschland</source>. <other>Bremen</other>, <fpage>107</fpage>-<lpage>116</lpage>. 
<author><surname>Dittrich</surname>, <given-names>E</given-names></author>. (<year>1960</year>b): <title>Zur Problematik des Leitbildes der Raumordnung</title>. In: <source>Informationen des Instituts für Raumforschung</source> <volume>10</volume>, <issue>9</issue>, <fpage>211</fpage>-<lpage>215</lpage>. 
<author><surname>Dittrich</surname>, <given-names>E</given-names></author>. (<year>1962</year>): <title>Raumordnung und Leitbild</title>. <other>Wien</other>. =<source>Schriftenreihe des Instituts für Städtebau, Raumplanung und Raumordnung an der Technischen Hochschule Wien</source> <volume>2</volume>. 
<author><surname>Dittrich</surname>, <given-names>E</given-names></author>. (<year>1964</year>): <title>Problemgebiete in der Raumforschung</title>. In: <source>Raumforschung und Raumordnung</source> <volume>22</volume>, <issue>1</issue>, <fpage>1</fpage>-<lpage>16</lpage>. 
<author><surname>Ernst</surname>, <given-names>W</given-names></author>. (<year>1966</year>): <title>Leitbild der Raumordnung</title>. In: <editor>ARL – Akademie für Raumforschung und Landesplanung</editor> (Hrsg.): <source>Handwörterbuch der Raumforschung und Raumordnung</source>. <other>Hannover</other>, Sp. <fpage>1077</fpage>-<lpage>1092</lpage>. 
<author><surname>Ernst</surname>, <given-names>W</given-names></author>. (<year>1970</year>): <title>Leitbild der Raumordnung</title>. In: <editor>ARL – Akademie für Raumforschung und Landesplanung</editor> (Hrsg.): <source>Handwörterbuch der Raumforschung und Raumordnung</source>. <other>Hannover</other>, Sp. <fpage>1907</fpage>-<lpage>1911</lpage>. 
<author><surname>Ernst</surname>, <given-names>W</given-names></author>. (<year>1991</year>): <title>Die Bundesraumordnung von 1945 bis 1965</title>. In: <editor>ARL – Akademie für Raumforschung und Landesplanung</editor> (Hrsg.): <source>Zur geschichtlichen Entwicklung der Raumordnung, Landes- und Regionalplanung in der Bundesrepublik Deutschland</source>. <other>Hannover</other>, <fpage>3</fpage>-<lpage>31</lpage>. = <source>Forschungs- und Sitzungsberichte der ARL</source> <volume>182</volume>. 
<author><surname>Eucken</surname>, <given-names>W</given-names></author>. (<year>1952</year>): <title>Grundsätze der Wirtschaftspolitik</title>. <other>Bern, Tübingen</other>. 
<author><surname>Frei</surname>, <given-names>N</given-names></author>. (<year>1996</year>): <title>Vergangenheitspolitik. Die Anfänge der Bundesrepublik und die NS-Vergangenheit</title>. <other>München</other>. 
<author><surname>Fürst</surname>, <given-names>D</given-names></author>. (<year>2010</year>): <title>Raumplanung. Herausforderungen des deutschen Institutionensystems</title>. <other>Detmold</other>. 
<author><surname>Gross</surname>, <given-names>J</given-names></author>. (<year>1983</year>): <title>Adenauer oder die Größe des Augenblicks</title>. In: <editor>Schwarz, H.-P.</editor> (Hrsg.): <source>Die Ära Adenauer. Epochenwechsel, 1957-1963</source>. <other>Stuttgart</other>, <fpage>7</fpage>-<lpage>16</lpage>. =<source>Geschichte der Bundesrepublik Deutschland</source> <volume>3</volume>. 
<author><surname>Gutberger</surname>, <given-names>H</given-names></author>. (<year>2015</year>): <title>Gründungsphase und Neustart des Instituts für Raumforschung (1949-1951)</title>. In: <editor>Strubelt, W.</editor>; <editor>Briesen, D.</editor> (Hrsg.): <source>Raumplanung nach 1945. Kontinuitäten und Neuanfänge in der Bundesrepublik Deutschland</source>. <other>Frankfurt am Main, New York</other>, <fpage>93</fpage>-<lpage>126</lpage>. 
<author><surname>Habermas</surname>, <given-names>J</given-names></author>. (<year>1968</year>): <title>Verwissenschaftlichte Politik und öffentliche Meinung</title>. In: <editor>Habermas, J.</editor> (Hrsg.): <source>Technik und Wissenschaft als „Ideologie“</source>. <other>Frankfurt am Main</other>, <fpage>120</fpage>-<lpage>145</lpage>. 
<author><surname>Halstenberg</surname>, <given-names>F</given-names></author>. (<year>1966</year>): <title>Sachverständigenausschuß für Raumordnung</title>. In: <editor>ARL – Akademie für Raumforschung und Landesplanung</editor> (Hrsg.): <source>Handwörterbuch der Raumforschung und Raumordnung</source>. <other>Hannover</other>, Sp. <fpage>1716</fpage>-<lpage>1719</lpage>. 
<author><surname>Halstenberg</surname>, <given-names>F</given-names></author>. (<year>1970</year>): <title>Sachverständigenausschuß für Raumordnung</title>. In: <editor>ARL – Akademie für Raumforschung und Landesplanung</editor> (Hrsg.): <source>Handwörterbuch der Raumforschung und Raumordnung</source>. <other>Hannover</other>, Sp. <fpage>2787</fpage>-<lpage>2789</lpage>. 
<author><surname>Halstenberg</surname>, <given-names>F</given-names></author>. (<year>1987</year>): <title>Über den politischen Rang der Raumordnung</title>. In: <editor>Becker-Marx, K.</editor> (Hrsg.): <source>Raumplanung als Element der Zukunftssicherung</source>. <other>Essen,</other> <fpage>22</fpage>-<lpage>30</lpage>. 
<author><surname>Hasse</surname>, <given-names>R</given-names></author>.; <author><surname>Schneider</surname>, <given-names>H</given-names></author>.; <author><surname>Weigelt</surname>, <given-names>K</given-names></author>. (Hrsg.) (<year>2005</year>): <title>Lexikon Soziale Marktwirtschaft</title>. <other>Paderborn</other>. 
<author><surname>Heil</surname>, <given-names>P</given-names></author>. (<year>2003</year>): <title>Zum Selbstbild von Raumplanern zwischen Nationalsozialismus und Bundesrepublik</title>. In: <editor>Dietz, B.</editor>; <editor>Gabel, H.</editor>; <editor>Tieden, K.</editor> (Hrsg.): <source>Griff nach dem Westen. Die „Westforschung“ der völkisch-nationalen Wissenschaften zum nordwesteuropäischen Raum (1919-1960)</source>. Teilband <volume>I</volume>. <other>Münster</other>, <fpage>91</fpage>-<lpage>105</lpage>. 
<author><surname>Herbert</surname>,<given-names>U</given-names></author>.(<year>2014</year>):<title>Geschichte Deutschlands im 20.Jahrhundert</title>. <other>München</other>. 
<author><surname>Hübler</surname>,<given-names> K.-H.</given-names></author> (<year>1991</year>): <title>Die Bundesraumordnung von 1965 bis 1989</title>. In: <editor>ARL – Akademie für Raumforschung und Landesplanung</editor> (Hrsg.): <source>Zur geschichtlichen Entwicklung der Raumordnung, Landes- und Regionalplanung in der Bundesrepublik Deutschland</source>. <other>Hannover</other>, <fpage>32</fpage>-<lpage>51</lpage>. =<source>Forschungs- und Sitzungsberichte der ARL</source> <volume>182</volume>. 
<author><surname>Hübler</surname>, <given-names>K.-H.</given-names></author>; <author><surname>Scharmer</surname>, <given-names>E</given-names></author>.; <author><surname>Weichtmann</surname>, <given-names>K</given-names></author>.; <author><surname>Wirz</surname>, <given-names>S</given-names></author>. (<year>1980</year>): <title>Zur Problematik der Herstellung gleichwertiger Lebensverhältnisse</title>. <other>Hannover</other>. =<title>Abhandlungen der ARL</title> <volume>80</volume>. 
<author><surname>Hunke</surname>, <given-names>H</given-names></author>. (<year>1974</year>): <title>Raumordnungspolitik. Vorstellungen und Wirklichkeit</title>. <other>Hannover</other>. =<title>Abhandlungen der ARL</title> <volume>70</volume>. 
<author><surname>Isenberg</surname>, <given-names>G</given-names></author>. (<year>1948</year>): <title>Zur Frage der Tragfähigkeit von Staats- und Wirtschaftsräumen</title>. In: <source>Raumforschung und Raumordnung</source> <volume>2</volume>, <fpage>41</fpage>-<lpage>51</lpage>. 
<author><surname>Isenberg</surname>, <given-names>G</given-names></author>. (<year>1968</year>): <title>Die praktische Anwendung der Tragfähigkeitsrechnung in Krieg und Frieden</title>. In: <source>Raumforschung und Raumordnung</source> <volume>26</volume>, <issue>3-4</issue>, <fpage>133</fpage>-<lpage>140</lpage>. 
<author><surname>Isenberg</surname>, <given-names>G</given-names></author>. (<year>1970</year>): <title>Tragfähigkeit</title>. In: <editor>ARL – Akademie für Raumforschung und Landesplanung</editor> (Hrsg.): <source>Handwörterbuch der Raumforschung und Raumordnung</source>. <other>Hannover</other>, Sp. <fpage>3381</fpage>-<lpage>3406</lpage>. 
<author><surname>Isenberg</surname>, <given-names>G</given-names></author>. (<year>1979</year>): <title>Wandlungen der „Räumlichen Ordnung“ in Deutschland von 1850 bis 1975</title>. In: <editor>Gesellschaft für Regionalforschung</editor> (Hrsg.): <source>Seminarbericht</source> <volume>14</volume>. <other>Heidelberg</other>, <fpage>142</fpage>-<lpage>221</lpage>. 
<author><surname>Istel</surname>, <given-names>W</given-names></author>. (<year>1999</year>): <title>Wie die Raumordnung in das Grundgesetz kam</title>. Unveröffentlichtes Manuskript. <other>München</other>. 
<author><surname>Kapp</surname>, <given-names>K. W.</given-names></author> (<year>1950</year>): <title>The social costs of private enterprise</title>. <other>Cambridge</other>. 
<author><surname>Kegler</surname>, <given-names>K. R.</given-names></author> (<year>2015</year>a): <title>Deutsche Raumplanung. Das Modell der „zentralen Orte“ zwischen NS-Staat und Bundesrepublik</title>. <other>Paderborn</other>. 
<author><surname>Kegler</surname>, <given-names>K. R.</given-names></author> (<year>2015</year>b): <title>Krisenangst und Krisendiagnose: Deutsche Raumplanung nach 1945</title>. In: <editor>Strubelt, W.</editor>; <editor>Briesen, D.</editor> (Hrsg.): <source>Raumplanung nach 1945. Kontinuitäten und Neuanfänge in der Bundesrepublik Deutschland</source>. <other>Frankfurt am Main, New York</other>, <fpage>69</fpage>-<lpage>91</lpage>. 
<author><surname>Klein</surname>, <given-names>H.-J.</given-names></author> (<year>1970</year>): <title>Vitalsituation</title>. In: <editor>ARL – Akademie für Raumforschung und Landesplanung</editor> (Hrsg.): <source>Handwörterbuch der Raumforschung und Raumordnung</source>. <other>Hannover</other>, Sp. <fpage>3657</fpage>-<lpage>3660</lpage>. 
<author><surname>Langhagen-Rohrbach</surname>, <given-names>C</given-names></author>. (<year>2010</year>): <title>Raumordnung und Raumplanung</title>. <other>Darmstadt</other>. 
<author><surname>Leendertz</surname>, <given-names>A</given-names></author>. (<year>2008</year>): <title>Ordnung schaffen. Deutsche Raumplanung im 20. Jahrhundert</title>. <other>Göttingen</other>. 
<author><surname>Lehmann</surname>, <given-names>H</given-names></author>. (<year>1963</year>): <title>Raumordnung und Leitbild</title>. In: <source>Raumforschung und Raumordnung</source> <volume>21</volume>, <issue>3</issue>, <fpage>149</fpage>-<lpage>152</lpage>. 
<author><surname>Lendi</surname>, <given-names>M</given-names></author>. (<year>1995</year>): <title>Leitbild der räumlichen Entwicklung</title>. In: <editor>ARL – AkademiefürRaumforschung und Landesplanung</editor> (Hrsg.): <source>Handwörterbuch der Raumordnung</source>. <other>Hannover</other>, <fpage>624</fpage>-<lpage>629</lpage>. 
<author><surname>Linde</surname>, <given-names>H</given-names></author>. (<year>1960</year>): <title>Raumforschung und Soziologie</title>. In: <editor>ARL – Akademie für Raumforschung und Landesplanung</editor> (Hrsg.): <source>Raumforschung. 25 Jahre Raumforschung inDeutschland</source>. <other>Bremen</other>, <fpage>59</fpage>-<lpage>70</lpage>. 
<author><surname>Mäding</surname>, <given-names>H</given-names></author>. (<year>2014</year>): <title>Länderneugliederung und bundesstaatlicher Finanzausgleich. Ein frischer Blick auf die Ernst-Kommission</title>. In: <source>Der moderne Staat</source> <volume>7</volume>, <issue>1</issue>, <fpage>113</fpage>-<lpage>135</lpage>. 
<author><surname>Mäding</surname>, <given-names>H</given-names></author>.(<year>2015</year>): <title>Raumordnungspolitik auf dem Prüfstand 1977. Die Kommission für wirtschaftlichen und sozialen Wandel im Kontext der Fachdiskussion</title>. In: <editor>Strubelt, W.</editor>; <editor>Briesen, D.</editor> (Hrsg.): <source>Raumplanung nach 1945. Kontinuitäten und Neuanfänge in der Bundesrepublik Deutschland</source>. <other>Frankfurt am Main, New York</other>, <fpage>225</fpage>-<lpage>254</lpage>. 
<author><surname>Metzler</surname>, <given-names>G</given-names></author>. (<year>2005</year>): <title>Konzeptionen politischen Handelns von Adenauer bis Brandt. Politische Planung in der pluralistischen Gesellschaft</title>. <other>Paderborn</other>. 
<author><surname>Meyer</surname>, <given-names>K</given-names></author>. (<year>1966</year>): <title>Vitalsituation</title>. In: <editor>ARL – Akademie für Raumforschung und Landesplanung</editor> (Hrsg.): <source>Handwörterbuch der Raumforschung und Raumordnung</source>. <other>Hannover</other>, Sp. <fpage>2229</fpage>-<lpage>2230</lpage>. 
<author><surname>Mießner</surname>, <given-names>M</given-names></author>. (<year>2015</year>): <title>Die Raumordnungspolitik der Bundesrepublik in der Nachkriegszeit</title>. In: <editor>Strubelt, W.</editor>; <editor>Briesen, D.</editor> (Hrsg.): <source>Raumplanung nach 1945. Kontinuitäten und Neuanfänge in der Bundesrepublik Deutschland</source>. <other>Frankfurt am Main, New York</other>, <fpage>197</fpage>-<lpage>223</lpage>. 
<editor>MKRO – Ministerkonferenz für Raumordnung</editor> (<year>2006</year>): <title>Leitbilder und Handlungsstrategien für die Raumentwicklung in Deutschland</title>. <other>Berlin</other>. 
<author><surname>Müller-Armack</surname>, <given-names>A</given-names></author>. (<year>1941</year>): <title>Genealogie der Wirtschaftsstile</title>. <other>Stuttgart</other>. 
<author><surname>Müller-Armack</surname>, <given-names>A</given-names></author>. (<year>1948</year>): <title>Wirtschaftslenkung und Marktwirtschaft</title>. <other>Hamburg</other>. 
<author><surname>Nellner</surname>, <given-names>W</given-names></author>. (<year>1960</year>): <title>Wandlungen der Raumstruktur durch den Flüchtlingszustrom</title>. In: <editor>ARL – Akademie für Raumforschung und Landesplanung</editor> (Hrsg.): <source>Raumforschung. 25 Jahre Raumforschung in Deutschland</source>. <other>Bremen</other>, <fpage>279</fpage>-<lpage>308</lpage>. 
<author><surname>Niemeier</surname>, <given-names>H.-G.</given-names></author>; <author><surname>Müller</surname>, <given-names>G</given-names></author>. (<year>1964</year>): <title>Raumplanung als Verwaltungsaufgabe</title>. <other>Hannover</other>. =<title>Abhandlungen der ARL</title> <volume>43</volume>. 
<author><surname>Olsen</surname>, <given-names>K.H.</given-names></author> (<year>1960</year>): <title>Raumforschung als Wissenschaft – Versuch einer Deutung</title>. In: <editor>ARL – Akademie für Raumforschung und Landesplanung</editor> (Hrsg.): <source>Raumforschung. 25 Jahre Raumforschung in Deutschland</source>. <other>Bremen</other>, <fpage>7</fpage>-<lpage>18</lpage>. 
<author><surname>Ptak</surname>, <given-names>R</given-names></author>. (<year>2004</year>): <title>Vom Ordoliberalismus zur Sozialen Marktwirtschaft: Stationen des Neoliberalismus in Deutschland</title>. <other>Opladen</other>. 
<author><surname>Reichel</surname>, <given-names>S</given-names></author>. (<year>2009</year>): <title>Gleichwertigkeit der Lebensverhältnisse. Verfassungsauftrag und Raumordnungsrecht</title>. <other>München</other>. 
<author><surname>Röpke</surname>, <given-names>W</given-names></author>. (<year>1949</year>): <title>Civitas Humana. Grundfragen der Gesellschafts- und Wirtschaftsreform</title>. <other>Erlenbach-Zürich</other>. 
<editor>SARO – Sachverständigenausschuß für Raumordnung</editor> (<year>1961</year>): <title>Die Raumordnung in der Bundesrepublik Deutschland</title>. <other>Stuttgart</other>. 
<author><surname>Schwarz</surname>, <given-names>H.-P.</given-names></author> (<year>1983</year>): <title>Die Ära Adenauer. Epochenwechsel, 19571963</title>. <other>Stuttgart, Wiesbaden</other>. = <source>Geschichte der Bundesrepublik Deutschland</source> <volume>3</volume>.
<author><surname>Storbeck</surname>,<given-names>D</given-names></author>. (<year>1982</year>): <title>Das „Leitbild“ der Raumordnung</title>. In: <editor>ARL–Akademie für Raumforschung und Landesplanung</editor> (Hrsg.): <source>Grundriß der Raumordnung</source>. <other>Hannover</other>, <fpage>211</fpage>-<lpage>216</lpage>. 
<author><surname>Umlauf</surname>, <given-names>J</given-names></author>. (<year>1958</year>): <title>Wesen und Organisation der Landesplanung</title>. <other>Essen</other>. 
<author><surname>Umlauf</surname>, <given-names>J</given-names></author>. (<year>1986</year>): <title>Zur Entwicklungsgeschichte der Landesplanung und Raumordnung</title>. <other>Hannover</other>. = <source>Abhandlungen der ARL</source> <volume>90</volume>. 
<author><surname>Väth</surname>, <given-names>W</given-names></author>. (<year>1980</year>): <title>Raumplanung. Probleme der räumlichen Entwicklung und Raumordnungspolitik in der Bundesrepublik Deutschland</title>. <other>Königstein</other>. 
<author><surname>Weiß</surname>, <given-names>W</given-names></author>. (<year>2005</year>): <title>Tragfähigkeit – ein unscharfer Schlüsselbegriff im Schnittpunkt von Raumordnung und Regional-Demographie</title>. In: <source>Raumforschung und Raumordnung</source> <volume>63</volume>, <issue>5</issue>, <fpage>340</fpage>-<lpage>350</lpage>. 
<author><surname>Willeke</surname>, <given-names>E</given-names></author>. (<year>1960</year>): <title>Die Raumforschung in volkswirtschaftlicher Sicht</title>. In: <editor>ARL – Akademie für Raumforschung und Landesplanung</editor> (Hrsg.): <source>Raumforschung. 25 Jahre Raumforschung in Deutschland</source>. <other>Bremen</other>, <fpage>19</fpage>-<lpage>36</lpage>. 
<author><surname>Willgerodt</surname>, <given-names>H</given-names></author>. (<year>2008</year>): <title>Zur Einführung: Fritz W. Meyer (1907-1980)</title>. In: <editor>Goldschmidt, N.</editor>; <editor>Wohlgemuth, M.</editor> (Hrsg.): <source>Grundtexte zur Freiburger Tradition der Ordnungsökonomik</source>. <other>Tübingen</other>, <fpage>223</fpage>-<lpage>227</lpage>. 
<author><surname>Winkler</surname>, <given-names>E</given-names></author>. (<year>1966</year>): <title>Vom Ursprung der Leitbildbegriffe</title>. In: <source>Plan</source> <volume>23</volume>, <issue>5</issue>, <fpage>173</fpage>-<lpage>176</lpage>. 
<author><surname>Wolfrum</surname>, <given-names>E</given-names></author>. (<year>2006</year>): <title>Die geglückte Demokratie. Geschichte der Bundesrepublik Deutschland von ihren Anfängen bis zur Gegenwart</title>. <other>Stuttgart</other>. 
<author><surname>Wurzer</surname>, <given-names>R</given-names></author>. (<year>1962</year>): <title>Die Raumordnung in der Bundesrepublik Deutschland</title>. In: <source>Raumforschung und Raumordnung</source> <volume>20</volume>, <issue>2</issue>, <fpage>81</fpage>-<lpage>85</lpage>. 
<author><surname>Zimmermann</surname>, <given-names>H</given-names></author>. (<year>1966</year>): <title>Zielvorstellungen in der Raumordnungspolitik des Bundes</title>. In: <source>Jahrbuch für Sozialwissenschaft</source> <volume>17</volume>, <issue>2</issue>, <fpage>225</fpage>-<lpage>245</lpage>. 
<author><surname>Zimmermann</surname>, <given-names>H</given-names></author>. (<year>2009</year>): <title>What is a „Leitbild“? Some Reﬂections on the Origin and Use of the German Expression</title>. In: <editor>Strubelt, W.</editor> (Hrsg.): <source>Guiding Principles for Spatial Development in Germany</source>. <other>Berlin, Heidelberg</other>, <fpage>3</fpage>-<lpage>14</lpage>. = <source>German Annual of Spatial Research and Policy 2008</source>. 
<author><surname>Zinkahn</surname>, <given-names>W</given-names></author>.; <author><surname>Bielenberg</surname>, <given-names>W</given-names></author>. (<year>1965</year>): <title>Raumordnungsgesetz des Bundes. Kommentar unter Berücksichtigung des Landesplanungsrechts</title>. <other>Berlin</other>.