<editor>Freie und Hansestadt Hamburg (FHH)</editor>: <title>Leitbild „Metropole Hamburg - Wachsende Stadt"</title>, unveröff. Senatsdrucksache. - <other>Hamburg</other><year> 2002</year>
<url>www.ritts-lueneburg.de</url>
<editor>Schleswig-Holsteinischer Landtag</editor>: <title>Entwurf eines Gesetzes zur Neufassung des Landesplanungsgesetzes. Gesetzentwurf der Landesregierung</title>. - <other>Kiel</other> <year>2003</year>
<source>Lübecker Nachrichten</source> vom <volume>18.01.2003</volume>: <title>„Geheimtreffen der Bürgermeister - Lübeck schließt Zukunftspakt mit Hamburg"</title>
<editor>Baumheier, Ralph</editor>; <editor>Danielzyk, Rainer</editor> (Hrsg.): <title>Stadt - Staat- Region. Regionale Zusammenarbeit im Bereich der norddeutschen Stadtstaaten Bremen und Hamburg</title>. <source>Arbeitsmaterial der ALR</source>, Bd. <volume>289</volume>. - <other>Hannover</other> <year>2002</year>; 
<editor>Landesarbeitsgemeinschaft Bremen/Hamburg/Niedersachsen/Schleswig-Holstein der ARL</editor>: <title>Entwicklungspotenziale der nordwestdeutschen Lander, Positionspapier im Auftrag der Nds. Staatskanzlei</title>. - <other>Hannover</other> <year>2002</year>
<author><surname>Budde</surname>, <given-names>Friedhelm</given-names></author>: <title>Zusammenarbeit in der Region Hamburg</title>, <source>RaumPlanung</source> (<year>1995</year>) <volume>69</volume>, S. <fpage>115</fpage>-<lpage>121</lpage>; 
<author><surname>Hansen</surname>, <given-names>Ernst</given-names></author>: <title>Kooperation in der Metropolregion Hamburg: Das REK 2000</title>, in: <source>„Regionalgeschichte der Metropolregion Hamburg", Tagungsband</source> (im Erscheinen)
<editor>Gemeinsame Landesplanung Hamburg/Niedersachsen/Schleswig-Holstein</editor>: <title>Regionales Entwicklungskonzept 2000, Leitbild und Handlungsrahmen</title>. - <other>Hamburg, Hannover, Kiel</other> <year>2000</year>
<author><surname>Steinacher</surname>, <given-names>Bernd</given-names></author>: <title>Räumliche Steuerung in der Region</title>. In: <editor>SRL Vereinigung für Stadt-, Regional- und Landesplanung e.V.</editor> (Hrsg.): <source>Stadt und Landschaft. Regionale Strategien</source>. - <other>Berlin</other> <year>1998</year>. =<source>SRL Schriftenreihe</source>, Bd. <volume>45</volume>, S. <fpage>109</fpage>-<lpage>116</lpage>
<author><surname>Priebs</surname>, <given-names>Axel</given-names></author>: <title>Die Bildung der Region Hannover und ihre Bedeutung für die Zukunft stadtregionaler Organisationsstrukturen</title>. In: <source>Die Öffentliche Verwaltung</source> (<year>2002</year>) <volume>4</volume>, S. <fpage>144</fpage>- <lpage>151</lpage>
<author><surname>Wicket</surname> <given-names>Martin</given-names></author>: <title>Zur rechtlichen Organisation von Regionen</title>. In: <source>Die Öffentliche Verwaltung</source> (<year>200I</year>) <volume>20</volume>, S. <fpage>837</fpage>-<lpage>849</lpage>; 
<author><surname>Danielzyk</surname>, <given-names>Rainer</given-names></author>: <title>Regionale Kooperationsformen</title>. In: <source>Informationen zur Raumentwicklung</source> (<year>1999</year>) <volume>9/10</volume>. S. <fpage>577</fpage>-<lpage>586</lpage>
<editor>Lenkungssauschuss/Arbeitsstab der Metropolregion Hamburg</editor>: <title>Evaluierung der 34 Leitprojekte des Regionalen Entwicklungskonzepts</title>. - <other>Hamburg</other> <year>2002</year>, S. <fpage>7</fpage>
<editor>Landkreise Stade und Cuxhaven</editor>; <editor>Kreise Pinneberg</editor>, <editor>Steinburg und Dithmarschen</editor>; <editor>Freie und Hansestadt Hamburg</editor>: <title>Maritime Landschaft Unterelbe</title>, Bd. <volume>I -3</volume>, <other>Hamburg/Pinneberg/Stade</other>. - <other>Hamburg</other> <year>2001</year>
<url>www.umlandscout.de</url>
<editor>Senat der Freien und Hansestadt Hamburg</editor>: <title>Entwicklungsmodell Hamburg und Umland</title>. - <other>Hamburg</other> <year>1969</year>
<editor>Kreis Stormarn</editor>; <editor>Freie und Hansestadt Hamburg</editor>: <title>Entwicklungsgutachten Stormam-Hamburg. Untersuchungsbericht</title>, <other>Bad Oldesloe/Hamburg</other>. - <other>Hamburg</other> <year>1994</year>
<author><surname>Bose</surname>, <given-names>Michael</given-names></author>: <title>Wirkungsanalyse eines stadtregionalen Siedlungsstrukturkonzepts und Ansätze für eine Neuorientierung. Das Entwicklungsmodell für Hamburg und sein Umland</title>, <source>Harburger Berichte zur Stadtplanung</source>, Bd. <volume>4</volume>. - <other>Hamburg</other> <year>1994</year>, S. <fpage>348</fpage>
<editor>Metropolregion Hamburg</editor>: <title>10 Beispiele für kreativen und qualitätsvollen flächensparenden Wohnungs- und Eigenheimbau in der Metropolregion Hamburg</title>, gefördert von den schleswig-holsteinischen Sparkassen. - <other>Hamburg</other> <year>2002</year>
<editor>Metropolregion Hamburg</editor>: <title>Metronews</title>, Nr <volume>2</volume>. - <other>Hamburg</other> <year>2002</year>, S. <fpage>2</fpage> <lpage>ff</lpage>.
<editor>Freie und Hansestadt Hamburg</editor>: <title>Leitbild „Metropole Hamburg - Wachsende Stadt"</title>, unveröff, Senatsdrucksache. - <other>Hamburg</other> <year>2002</year>
<editor>Handelskammer Hamburg</editor>; <editor>Metropolregion Hamburg</editor>: <title>... gemeinsamer Aufbruch zu neuen Ufern; das Fest der Region als Auftakt für die Regionalmarketing-Kampagne mit begleitender Ausstellung</title>. - <other>Hamburg</other> <year>2002</year>
<author><surname>Ache</surname>, <given-names>Peter</given-names></author>: <title>Hamburg: Planning Strategies in a Corner of the „Pentagon". Arbeitspapier für die Konferenz „What's Right About Cities and an Urban Way of Life"</title>. - <other>Boston, Hamburg</other> <year>2002</year>
<title>Bekanntmachung der Neufassung des Gesetzes über kommunale Zusammenarbeit (Gesetz über kommunale Zusammenarbeit - GkZ) vorn 1.4.1996, GI.-Nr.: 2020-14</title>, Fundstelle: <source>GVOBI. SchI.- H.</source> <year>1996</year>, S. <fpage>381</fpage>
<editor>Freie und Hansestadt Hamburg</editor>/<editor>Bundeshauptstadt Berlin</editor>: <title>Metropolen-Kooperation Berlin-Hamburg, unveröff, Senatsdrucksache für die gemeinsame Sitzung der Senate Berlins und der Freien und Hansestadt Hamburg am 15.05.2001</title>. - <other>Berlin, Hamburg</other> <year>2001</year>; 
<author><surname>Heeg</surname>, <given-names>Susanne</given-names></author>; <author><surname>Klagge</surname>, <given-names>Britta</given-names></author>; <author><surname>Oßenbrügge</surname>, <given-names>Jürgen</given-names></author>: <title>Kooperation zwischen Metropolregionen - Ansatzpunkte für die verstärkte Zusammenarbeit von Hamburg und Berlin auf der Basis der Erfahrungen internationaler und nationaler Städtekooperationen</title>, unveriiff. Gutachten. - <other>Hamburg</other>; 
<author><surname>Knieling</surname>, <given-names>Jörg</given-names></author>: <title>Kooperation zwischen benachbarten Metropolregionen. Das Beispiel der Metropolenkooperation Berlin-Hamburg</title>. In: <source>Informationen zur Raumentwicklung</source> (<year>2002</year>) <volume>617</volume>,S. <fpage>353</fpage>-<lpage>365</lpage>
<editor>Freie und Hansestadt Hamburg</editor>: <title>Metropolen-Kooperation Berlin- Hamburg</title>, <source>Arbeitsbericht</source> <volume>04</volume>/<year>2002</year>, unveröff. Bericht des Planungsstabs der Senatskanzlei. - <other>Hamburg</other> <year>2002</year>
<editor>STRING (Southwestern Baltic Sea Transnational Area)</editor>: <title>On the Way to a New Geography, Development Concept</title>. - <other>Kiel, Nykobing</other><year> 2001</year>
<author><surname>Diller</surname>, <given-names>Christian</given-names></author>: <title>Zwischen Netzwerk und Institution - eine Bilanz regionaler Kooperationen in Deutschland</title>. - <other>Opladen</other> <year>2002</year>; 
<author><surname>Diller</surname>, <given-names>Christian</given-names></author> : <title>Die Entwicklungsdynamik regionaler Kooperationen - zwischen Innovation und Effizienz</title>. In: <source>Planungsrundschau</source> <year>2002</year>, Nr. <volume>05</volume>, S. <fpage>161</fpage>-<lpage>183</lpage>
<editor>Handelskammer Hamburg</editor>: <title>Regionalmarketing: Strategien, Organisation, Visionen</title>. - <other>Hamburg</other> <year>1999</year>
<editor>Lenkungsauschuss/Arbeitsstab 2002</editor>: <title>Evaluierung</title> ..., a.a.O. (<source>FN</source> <volume>11</volume>), S. <fpage>7</fpage>
<author><surname>Kilper</surname>, <given-names>Heiderose</given-names></author>: <title>Die Internationale Bauausstellung Emscher Park. Eine Studie zur Steuerungsproblematik komplexer Entscheidungsprozesse in einer alten Industrieregion</title>. - <other>Opladen</other> <year>1999</year>, S. <fpage>119</fpage> <lpage>ff</lpage>.
<editor>Baumheier, Ralph</editor>; <editor>Danielzyk, Rainer</editor> (Hrsg.): <title>Stadt - Staat - Region</title>, a.a.O. (<source>FN</source> <volume>5</volume>), S. <fpage>1</fpage>
<editor>LAG Bremen/Hamburg/Niedersachsen/Schleswig-Holstein der ARL</editor>: <title>Entwicklungspotenziale</title> ... , a.a.O. (<source>FN</source> <volume>5</volume>) (vorausgegangen waren ahnliche Analysen der LAG 1983 und 1988); 
<author><surname>Baumheier</surname>, <given-names>Ralph</given-names></author>; <author><surname>Danielzyk</surname>, <given-names>Rainer</given-names></author>: <title>Stadt - Staat - Region</title>, a.a.O. (<source>FN</source> <volume>5</volume>), S. <fpage>68</fpage> <lpage>ff</lpage>.; 
<editor>Vereins- und Westbank</editor> ((Hrsg.): <title>Norddeutschland - Gerüstet für die Zukunft? Analysen der Vereins- und Westbank, bearbeitet durch das Hamburger Welt-Wirtschafts-Archiv (HWWA) und die volkswirtschaftliche Abteilung der Vereins- und Westbank</title>. - <other>Hamburg</other> <year>2002</year>; 
<editor>Nordl LB</editor>; <editor>Niedersächsisches Institut für Wirtschaftsforschung</editor> (Hrsg.): <title>Wirtschaftsstandort Region Hannover, Regionalreport 2002</title>. - <other>Hannover</other><year> 2002</year>. = <source>Beiträge zur regionalen Entwicklung der Region Hannover</source>, Bd. <volume>98</volume>
<editor>LAG Bremen/Hamburg/Niedersachsen/Schleswig-Holstein der ARL</editor>: <title>Entwicklungspotenziale</title> a.a.O. (<source>FN</source> <volume>5</volume>), S. <fpage>63</fpage> <lpage>ff</lpage>.
<editor>Bertelsmann-Kommission „Verfassungspolitik & Regierungsfähigkeit"</editor> (Hrsg.): <title>Reformen durch interregionale Zusammenarbeit, Arbeitspapier</title>. - <other>Gütersloh</other> <year>2002</year>
<author><surname>Baumheier</surname>, <given-names>Ralph</given-names></author>; <author><surname>Danielzyk</surname>, <given-names>Rainer</given-names></author>: <title>Stadt - Staat -Region</title>, a.a.O. (<source>FN</source> <volume>5</volume>), S. <fpage>68</fpage> <lpage>ff</lpage>.
<editor>Senatsverwaltung für Stadtentwicklung, Umweltschutz und Technologie Berlin</editor>: <title>Stadt und Nachbarn - kommunale und regionale Zusammenarbeit im Spree-Havel-Raum</title>. - <other>Berlin</other> <year>1996</year>