<editor>Amt für Bodenmanagement</editor> (<year>2007</year>): <title>Grundstücksmarktbericht Südhessen. Daten des Immobilienmarktes Südhessen</title>. <other>Wiesbaden</other>. 
<author><surname>Beetz</surname>, <given-names>S</given-names></author>. (<year>2012</year>): <title>Besonderheiten in der Entwicklung kleiner Städte in ländlichen Räumen</title>. In: <editor>Engel, A.</editor>; <editor>Harteisen, U.</editor>; <editor>Kaschlik, A.</editor> (Hrsg.): <source>Kleine Städte in peripheren Regionen – Prozesse, Teilhabe und Handlungsbefähigung, integriertes Stadtentwicklungsmanagement</source>. <other>Detmold</other>, <fpage>45</fpage>–<lpage>66</lpage>. 
<author><surname>Berndgen-Kaiser</surname>, <given-names>A</given-names></author>.; <author><surname>Bläser</surname>, <given-names>K</given-names></author>.; <author><surname>Fox-Kämper</surname>, <given-names>R</given-names></author>.; <author><surname>Siedentop</surname>, <given-names>S</given-names></author>.; <author><surname>Zakrzewski</surname>, <given-names>P</given-names></author>. (<year>2014</year>): <title>Demography-driven suburban decline? At the crossroads: mature single-family housing estates in Germany</title>. In: <source>Journal of Urbanism</source> <volume>7</volume> (<issue>3</issue>), <fpage>286</fpage>–<lpage>306</lpage>.
<author><surname>Bilitewski</surname>, <given-names>B</given-names></author>. (<year>2007</year>): <title>Verursachergerechte Gebührensysteme im Vergleich. Aufwand, Kosten, Nutzen</title>. <source>Vortrag vom 20. November 2007, Praxisforum Verursachergerechte Gebührensysteme in der Praxis</source>. <other>Hamburg</other>. 
<author><surname>Bilitewski</surname>, <given-names>B</given-names></author>.; <author><surname>Härdtle</surname>, <given-names>G</given-names></author>.; <author><surname>Marek</surname>, <given-names>K</given-names></author>. (<year>2000</year>): <title>Abfallwirtschaft – Handbuch für Praxis und Lehre</title>. <other>Berlin, Heidelberg, New York</other>. 
<author><surname>Bleher</surname>, <given-names>D</given-names></author>.; <author><surname>Buchert</surname>, <given-names>M</given-names></author>. (<year>2008</year>): <title>Die Zukunft liegt im Bestand. Innenentwicklung als unterschätzte Chance für kleine und große Gemeinden. Ergebnisse des Forschungsprojektes komreg</title>. In: <editor>Institut für Wasserbau der Universität Stuttgart</editor> (Hrsg.): <source>VEGAS-Kolloquium 2008. Ressource-Fläche III. Tagungsband zur Veranstaltung am 01. Oktober 2008 an der Universität Stuttgart</source>. <other>Stuttgart</other>, <fpage>55</fpage>–<lpage>63</lpage>. = <source>Mitteilungen des Instituts für Wasserbau</source> <volume>174</volume>. 
<author><surname>Cord-Landwehr</surname>, <given-names>K</given-names></author>. (<year>2002</year>):<title> Einführung in die Abfallwirtschaft</title>. <other>Stuttgart</other>. 
<author><surname>Dahm</surname>, <given-names>S</given-names></author>. (<year>2007</year>): <title>Bau- und Wohnflächenreserven in kleinen Kommunen Baden-Württembergs – Innenentwicklungspotenziale vor dem Hintergrund einer sich ändernden Bevölkerungsstruktur</title>. <other>Karlsruhe</other> = <source>Schriftenreihe des Instituts für Städtebau und Landesplanung der Universität Karlsruhe</source> <volume>36</volume>. 
<author><surname>Förstner</surname>, <given-names>U</given-names></author>. (<year>2008</year>): <title>Umweltschutztechnik</title>. <other>Berlin, Heidelberg</other>. 
<author><surname>Hagemeister</surname>, <given-names>U</given-names></author>.; <author><surname>Haller</surname>, <given-names>C</given-names></author>. (<year>2009</year>): <title>Bürgermitwirkung im Stadtumbau</title>. In: <editor>Altrock, U.</editor>; <editor>Kunze, R.</editor>; <editor>Pahl-Weber, E.</editor>; <editor>von Petz, U.</editor>; <editor>Schubert, D.</editor>(Hrsg.): <source>Jahrbuch Stadterneuerung 2009. Schwerpunkt „Megacities und Stadterneuerung“</source>. <other>Berlin</other>, <fpage>261</fpage>–<lpage>280</lpage>. 
<author><surname>Hahne</surname>, <given-names>U</given-names></author>. (<year>2013</year>): <title>Auswirkungen des Demographischen Wandels auf den Immobilienmarkt in ländlichen Räumen</title>. In: <editor>Rüppel, U.</editor> (Hrsg.): <source>2. Darmstädter Ingenieurkongress Bau und Umwelt</source>. <other>Aachen</other>, <fpage>339</fpage>–<lpage>344</lpage>. 
<editor>Hessen Agentur</editor> (<year>2010</year>): <title>Bevölkerungsvorausschätzung für die hessischen Landkreise und kreisfreien Städte. Eine Projektion für den Zeitraum von 2010 bis 2030 und eine Trendfortschreibung bis 2050</title>. <other>Wiesbaden</other>. 
<editor>Hessischer Rechnungshof</editor> (<year>2009</year>): <title>Neunzehnter Zusammenfassender Bericht 2009</title>. <other>Darmstadt</other>. 
<editor>Hessisches Statistisches Landesamt</editor> (<year>2013</year>): <title> Hessische Kreiszahlen. Ausgewählte neue Daten für Landkreise und kreisfreie Städte</title>. Band <volume>1</volume>, <year>2013</year>. <other>Wiesbaden</other>. 
<editor>ILS – Institut für Landes- und Stadtentwicklungsforschung; Planersocietät</editor> (<year>2009</year>): <title>Stadtumbau und Infrastruktursysteme in Nordrhein-Westfalen – Wege zur kosteneffizienten Anpassung des Bestandes</title>. <other>Dortmund</other>. 
<editor>IÖR – Leibniz-Institut für ökologische Raumentwicklung</editor> (<year>2001</year>): <title>Chancen und Barrieren eines verursachergerechten Abfallgebührensystems in der Individualisierungsgesellschaft</title>. <other>Dresden</other>. 
<author><surname>Köhler</surname>, <given-names>T</given-names></author>. (<year>2011</year>): <title>Verwaltungsreform im ländlichen Raum. Ein Diskussionsbeitrag</title>. <other>Darmstadt</other>. = <source>Schriftenreihe des Geodätischen Instituts der Technischen Universität Darmstadt</source> <volume>34</volume>. 
<author><surname>Kötter</surname>, <given-names>T</given-names></author>. (<year>2009</year>): <title>Innenentwicklung der Dörfer und Revitalisierung der Dorfkerne – von der Dorferneuerung zum Dorfumbau</title>. In: <editor>DLKG – Deutsche Landeskulturgesellschaft</editor> (Hrsg.): <source>Dörfer ohne Menschen!? Zwischen Abriss, Umnutzung und Vitalisierung</source>. o.O., <fpage>6</fpage>–<lpage>28</lpage>. = <source>Schriftenreihe der Deutschen Landeskulturgesellschaft, Sonderheft</source> <volume>02</volume>. 
<author><surname>Linke</surname>, <given-names>H. J.</given-names></author>; <author><surname>Köhler</surname>, <given-names>T</given-names></author>. (<year>2010</year>): <title>Ansätze zum Siedlungsumbau bei sinkenden Bevölkerungszahlen im ländlichen Raum</title>. In: <source>Flächenmanagement und Bodenordnung</source> <volume>72</volume> (<issue>3</issue>), <fpage>102</fpage>–<lpage>109</lpage>.
<author><surname>Miofsky</surname>, <given-names>D</given-names></author>.; <author><surname>Souren</surname>, <given-names>R</given-names></author>. (<year>2010</year>): <title>Einflussfaktoren auf die Höhe der Hausmüllgebühren</title>. <other>Ilmenau</other>. = <source>Ilmenauer Schriften zur Betriebswirtschaftslehre</source><volume> 2</volume>/<year>2010</year>. 
<editor>OREG – Odenwald-Regional-Gesellschaft</editor> (<year>2012</year>): <title> Nahverkehrsplan des Odenwaldkreises. Schlussbericht in der Fassung des Kreistagsbeschlusses vom 25. Juni 2012</title>. <other>Erbach</other>. <url>http://www. odenwaldmobil.de/uploads/media/Nahverkehrsplan_2013-17.pdf</url> (27.08.2014). 
<author><surname>Preuß</surname>, <given-names>T</given-names></author>.; <author><surname>Floeting</surname>, <given-names>H</given-names></author>. (<year>2009</year>): <title>Folgekosten der Siedlungsentwicklung. Bewertungsansätze, Modelle und Werkzeuge der Kosten-NutzenBetrachtung</title>. <other>Berlin</other>. = <source>Beiträge aus der REFINA-Forschung</source> <volume>3</volume>. 
<author><surname>Prinz</surname>, <given-names>D</given-names></author>. (<year>1999</year>): <source>Städtebau</source>. Band <volume>1</volume>: <title>Städtebauliches Entwerfen</title>. <other>Stuttgart</other>. 
<author><surname>Rahmeyer</surname>, <given-names>F</given-names></author>. (<year>2004</year>): <title>Abfallwirtschaft zwischen Entsorgungsnotstand und Überkapazitäten</title>. <other>Augsburg</other>. = <source>Volkswirtschaftliche Diskussionsreihe Universität Augsburg</source>, Beitrag <volume>266</volume>. 
<author><surname>Renner</surname>, <given-names>M</given-names></author>. (<year>2007</year>): <title>Mitwirkung der Bürgerinnen und Bürger an der Stadtentwicklung – ein Überblick mit Beispielen aus Projekten</title>. In: <source>Informationen zur Raumentwicklung</source> <volume>1</volume>, <fpage>1</fpage>–<lpage>16</lpage>. 
<author><surname>Salhofer</surname>, <given-names>S</given-names></author>. (<year>2001</year>): <title>Kommunale Entsorgungslogistik. Planung, Gestaltung und Bewertung entsorgungslogistischer Systeme für kommunale Abfälle</title>. <other>Berlin</other>. = <source>Abfallwirtschaft in Forschung und Praxis</source> <volume>121</volume>. 
<author><surname>Schaffert</surname>, <given-names>M</given-names></author>. (<year>2011</year>): <title> Szenariotechnik und GIS – Ein Beitrag zur demographierobusten Planung in Kommunen</title>. <other>Darmstadt</other>. = <source>Schriftenreihe des Geodätischen Instituts der Technischen Universität Darmstadt</source> <volume>32</volume>. 
<author><surname>Scherf</surname>, <given-names>C</given-names></author>. (<year>2007</year>): <title>Der sozioökonomische Wandel in Schrumpfungsräumen und Folgen für den Wirtschaftsverkehr</title>. <other>Berlin</other>. = <source>IVP-Schriften</source> <volume>14</volume>. 
<author><surname>Schiller</surname>, <given-names>G</given-names></author>.; <author><surname>Siedentop</surname>, <given-names>S</given-names></author>. (<year>2005</year>): <title>Infrastrukturfolgekosten der Siedlungsentwicklung unter Schrumpfungsbedingungen</title>. In: <source>DISP</source> <volume>160</volume>, <fpage>83</fpage>–<lpage>93</lpage>. 
<author><surname>Schmied</surname>, <given-names>D</given-names></author>. (<year>2007</year>): <title>Leerstände in Dörfern. Ausmaß und Ursachen</title>. In: <editor>Schmied, D.</editor>; <editor>Henkel, G.</editor> (Hrsg.): <source>Leerstand von Gebäuden in Dörfern – Beginn der Dorfauflösung oder Chancen durch Umnutzung?</source> <other>Göttingen</other>, <fpage>1</fpage>–<lpage>18</lpage>. 
<editor>Schmied, D.</editor>; <editor>Henkel, G.</editor> (Hrsg.) (<year>2007</year>): <title>Leerstand von Gebäuden in Dörfern – Beginn der Dorfauflösung oder Chancen durch Umnutzung?</title> <other>Göttingen</other>. 
<author><surname>Schöfl</surname>, <given-names>G</given-names></author>.; <author><surname>Schöfl</surname>, <given-names>M</given-names></author>.; <author><surname>Speidel</surname>, <given-names>S</given-names></author>. (<year>2009</year>): <title>Kommunales Flächenmanagement im Ländlichen Raum – die Aktivierung ungenutzter Gebäude und Bauflächen am Beispiel MELAP</title>. In: <source>Flächenmanagement und Bodenordnung</source> <volume>71</volume> (<issue>6</issue>), <fpage>271</fpage>–<lpage>276</lpage>. 
<author><surname>Schütz</surname>, <given-names>H</given-names></author>. (<year>1991</year>): <title>Individuelles Entsorgungsverhalten und Akzeptanz von Entsorgungstechnologien</title>. <other>Jülich</other>. = <source>Arbeiten zur Risiko-Kommunikation</source> <volume>22</volume>. 
<author><surname>Siebel</surname>, <given-names>W</given-names></author>. (<year>2006</year>): <title>Wandel, Rationalität und Dilemmata der Planung</title>. In: <source>PND online</source> <volume>4</volume>, <fpage>1</fpage>–<lpage>22</lpage>. 
<editor>Statistisches Bundesamt</editor> (<year>2014</year>): <title>Umwelt – Zeitreihe zum Abfallaufkommen</title>. <url>https://www.destatis.de/DE/ZahlenFakten/GesamtwirtschaftUmwelt/Umwelt/UmweltstatistischeErhebungen/Abfallwirtschaft/ Tabellen/ZeitreiheAbfallaufkommen.pdf?__blob=publicationFile</url> (27.08.2014).