<author><surname>Beinhocker</surname>, <given-names>E.D.</given-names></author> (<year>2007</year>): <title>The Origin of Wealth: Evolution, Complexity, and the Radical Remaking of Economics</title>. <other>Boston</other>. 
<author><surname>Benz</surname>, <given-names>A</given-names></author>.; <author><surname>Fürst</surname>, <given-names>D</given-names></author>. (<year>2002</year>): <title>Policy learning in regional networks</title>. In: <source>European Urban and Regional Studies</source> <volume>9</volume> (<issue>1</issue>), <fpage>21</fpage>–<lpage>35</lpage>. 
<author><surname>Berkes</surname>, <given-names>F</given-names></author>.; <author><surname>Colding</surname>, <given-names>J</given-names></author>.; <author><surname>Folke</surname>, <given-names>C</given-names></author>. (<year>2003</year>): <title>Navigating social-ecological systems: building resilience for complexity and change</title>. <other>Cambridge</other>. 
<author><surname>Berkes</surname>, <given-names>F</given-names></author>.; <author><surname>Ross</surname>, <given-names>H</given-names></author>. (<year>2013</year>): <title>Community resilience: toward an integrated approach</title>. In: <source>Society and Natural Resources</source> <volume>26</volume> (<issue>1</issue>), <fpage>5</fpage>–<lpage>20</lpage>. 
<author><surname>Booher</surname>, <given-names>D.E.</given-names></author>; <author><surname>Innes</surname>, <given-names>J.E.</given-names></author> (<year>2010</year>): <title>Governance for resilience: CALFED as a complex adaptive network for resource management</title>. In: <source>Ecology and Society</source> <volume>15</volume> (<issue>3</issue>), <other>35.</other>
<author><surname>Bristow</surname>, <given-names>G</given-names></author>. (<year>2010</year>): <title>Resilient Regions: Re-‘place’ing regional competitiveness</title>. In: <source>Cambridge Journal of Regions, Economy and Society</source> <volume>3</volume> (<issue>1</issue>), <fpage>153</fpage>–<lpage>167</lpage>. 
<author><surname>Bristow</surname>, <given-names>G</given-names></author>.; <author><surname>Healy</surname>, <given-names>A</given-names></author>. (<year>2013</year>): <title>Regional Resilience: an Agency Perspective</title>. In: <source>Regional Studies</source>. DOI: <identifier>10.1080/00343404.2013.854879</identifier>. 
<editor>Brookings Institution</editor>; <editor>London School of Economics</editor>; <editor>Deutsche Bank Research</editor> (<year>2010</year>): <title>Global Metro Monitor: The Path to Economic Recovery</title>. <other>Washington, D.C., London</other>. 
<author><surname>Carpenter</surname>, <given-names>S</given-names></author>.; <author><surname>Walker</surname>, <given-names>B</given-names></author>.; <author><surname>Anderies</surname>, <given-names>J.M.</given-names></author>; <author><surname>Abel</surname>, <given-names>N</given-names></author>. (<year>2001</year>): <title>From metaphor to measurement: resilience of what to what?</title> In: <source>Ecosystems</source> <volume>4</volume> (<issue>8</issue>), <fpage>765</fpage>–<lpage>781</lpage>. 
<author><surname>Christopherson</surname>, <given-names>S</given-names></author>.; <author><surname>Michie</surname>, <given-names>J</given-names></author>.; <author><surname>Tyler</surname>, <given-names>P</given-names></author>. (<year>2010</year>): <title>Regional resilience: theoretical and empirical perspectives</title>. In: <source>Cambridge Journal of Regions, Economy and Society</source> <volume>3</volume> (<issue>1</issue>), <fpage>3</fpage>–<lpage>10</lpage>. 
<author><surname>Cooke</surname>, <given-names>P</given-names></author>. (<year>2012</year>): <title>Complex Adaptive Innovation Systems: Relatedness and Transversality in the Evolving Region (Regions and Cities)</title>. <other>London</other>. 
<author><surname>Cowell</surname>, <given-names>M.M.</given-names></author> (<year>2013</year>): <title>Bounce back or move on: regional resilience and economic development planning</title>. In: <source>Cities</source> <volume>30</volume> (<issue>1</issue>), <fpage>212</fpage>–<lpage>222</lpage>. 
<author><surname>Davidson</surname>, <given-names>D.J.</given-names></author> (<year>2010</year>): <title>The applicability of the concept of resilience to social systems: some sources of optimism and nagging doubts</title>. In: <source>Society and Natural Resources</source> <volume>23</volume> (<issue>12</issue>), <fpage>1135</fpage>–<lpage>1149</lpage>.
<author><surname>Dawley</surname>, <given-names>S</given-names></author>.; <author><surname>Pike</surname>, <given-names>A</given-names></author>.; <author><surname>Tomaney</surname>, <given-names>J</given-names></author>. (<year>2010</year>): <title>Towards the resilient region?: Policy activism and peripheral region development</title>. <other>Newcastle</other>. = <title>SERC Discussion Paper 53</title>. 
<author><surname>Folke</surname>, <given-names>C</given-names></author>. (<year>2006</year>): <title>Resilience: the emergence of a perspective for socialecological systems analyses</title>. In: <source>Global Environmental Change</source> <volume>16</volume> (<issue>3</issue>), <fpage>253</fpage>–<lpage>267</lpage>. 
<author><surname>Folke</surname>, <given-names>C</given-names></author>.; <author><surname>Hahn</surname>, <given-names>T</given-names></author>.; <author><surname>Olsson</surname>, <given-names>P</given-names></author>.; <author><surname>Norberg</surname>, <given-names>J</given-names></author>. (<year>2005</year>): <title>Adaptive governance of social-ecological systems</title>. In: <source>Annual Review of Environment and Resources</source> <volume>30</volume>, <fpage>441</fpage>–<lpage>473</lpage>. 
<editor>Gateshead Council</editor> (<year>2009</year>): <title>Ten Point Plan for Economic Resilience</title>. <other>Gateshead</other>. 
<author><surname>Goldstein</surname>, <given-names>B.E.</given-names></author> (<year>2009</year>): <title>Resilience to surprises through communicative planning</title>. In: <source>Ecology and Society</source> <volume>14</volume> (<issue>2</issue>), <other>33.</other>
<author><surname>Goldstein</surname>, <given-names>B.E.</given-names></author>; <author><surname>Taufen Wessells</surname>, <given-names>A</given-names></author>.; <author><surname>Lejano</surname>, <given-names>R</given-names></author>.; <author><surname>Butler</surname>, <given-names>W</given-names></author>. (<year>2013</year>): <title>Narrating resilience: transforming urban systems through collaborative storytelling</title>. In: <source>Urban Studies</source>. DOI: <identifier>10.1177/0042098013505653 50</identifier>. 
<author><surname>Graugaard</surname>, <given-names>J.D.</given-names></author> (<year>2012</year>): <title>A tool for building community resilience? A case study of the Lewes Pound</title>. In: <source>Local Environment</source><volume> 17</volume> (<issue>2</issue>), <fpage>243</fpage>–<lpage>260</lpage>. 
<author><surname>Hartzog</surname>, <given-names>P.B.</given-names></author> (<year>2005</year>): <title>Panarchy: Governance in the Network Age</title>. <url>https://www.academia.edu/210378/Panarchy_Governance_in_the_Network_Age</url> (29.01.2014). 
<author><surname>Hassink</surname>, <given-names>R</given-names></author>. (<year>2010</year>): <title>Regional resilience: a promising concept to explain differences in regional economic adaptability?</title> In: <source>Cambridge Journal of Regions, Economy and Society</source> <volume>3</volume> (<issue>1</issue>), <fpage>45</fpage>–<lpage>58</lpage>. 
<author><surname>Hervas-Oliver</surname>, <given-names>J.-L.</given-names></author>; <author><surname>Jackson</surname>, <given-names>I</given-names></author>.; <author><surname>Tomlinson</surname>, <given-names>P.R.</given-names></author> (<year>2011</year>): <title>‘May the ovens never grow cold’: regional resilience and industrial policy in the North Staffordshire ceramics industrial district—with lessons from Sassoulo and Castellon</title>. In: <source>Policy Studies</source> <volume>32</volume> (<issue>4</issue>), <fpage>377</fpage>–<lpage>395</lpage>. 
<author><surname>Hill</surname>, <given-names>E</given-names></author>.; <author><surname>St. Clair</surname>, <given-names>T</given-names></author>.; <author><surname>Wial</surname>, <given-names>H</given-names></author>.; <author><surname>Wolman</surname>, <given-names>H</given-names></author>.; <author><surname>Atkins</surname>, <given-names>P</given-names></author>.; <author><surname>Blumenthal</surname>, <given-names>P</given-names></author>.; <author><surname>Ficenec</surname>, <given-names>S</given-names></author>.; <author><surname>Friedhoff</surname>, <given-names>A</given-names></author>. (<year>2011</year>): <title>Economic shocks and regional economic resilience</title>. <other>Berkeley</other>. = <title>Working Paper 2011–13, Building Resilient Regions</title>: <editor>Institute of Governmental Studies, University of California</editor>, <other>Berkeley</other>. 
<author><surname>Hodgson</surname>, <given-names>G.M.</given-names></author> (<year>2009</year>): <title>Agency, Institutions, and Darwinism in Evolutionary Economic Geography</title>. In: <source>Economic Geography</source> <volume>85</volume> (<issue>2</issue>), <fpage>167</fpage>–<lpage>179</lpage>. 
<author><surname>Holland</surname>, <given-names>J.H.</given-names></author> (<year>1992</year>): <title>Adaptation in Natural and Artificial Systems: An Introductory Analysis with Applications to Biology, Control and Artificial Intelligence</title>. <other>Cambridge, Massachusetts</other>. 
<author><surname>Holling</surname>, <given-names>C.S.</given-names></author> (<year>1996</year>): <title>Engineering resilience versus ecological resilience</title>. In: <editor>Schulze, P.C.</editor> (ed.): <source>Engineering within Ecological Constraints</source>. <other>Washington D.C.</other>, <fpage>31</fpage>–<lpage>44</lpage>. 
<author><surname>Lang</surname>, <given-names>T</given-names></author>. (<year>2011</year>): <title>Urban resilience and new institutional theory—a happy couple for urban and regional studies?</title> In: <editor>Müller, B.</editor> (ed.): <source>Urban Regional Resilience: How Do Cities and Regions Deal with Change?</source> <other>Berlin</other>, <fpage>15</fpage>–<lpage>22</lpage>. = <source>German Annual of Spatial Research and Policy 2010</source>. 
<author><surname>Lebel</surname>, <given-names>L</given-names></author>.; <author><surname>Anderies</surname>, <given-names>J.M.</given-names></author>; <author><surname>Campbell</surname>, <given-names>B</given-names></author>.; <author><surname>Folke</surname>, <given-names>C</given-names></author>.; <author><surname>Hatfield-Dodds</surname>, <given-names>S</given-names></author>.; <author><surname>Hughes</surname>, <given-names>T.P.</given-names></author>; <author><surname>Wilson</surname>, <given-names>J</given-names></author>. (<year>2006</year>): <title>Governance and the capacity to manage resilience in regional social-ecological systems</title>. In: <source>Ecology and Society</source> <volume>11</volume> (<issue>1</issue>), <other>19.</other>
<author><surname>Levin</surname>, <given-names>S.A.</given-names></author>; <author><surname>Barrett</surname>, <given-names>S</given-names></author>.; <author><surname>Aniyar</surname>, <given-names>S</given-names></author>.; <author><surname>Baumol</surname>, <given-names>W</given-names></author>.; <author><surname>Bliss</surname>, <given-names>C</given-names></author>.; <author><surname>Bolin</surname>, <given-names>B</given-names></author>.; <author><surname>Dasgupta</surname>, <given-names>P</given-names></author>.; <author><surname>Ehrlich</surname>, <given-names>P</given-names></author>.; <author><surname>Folke</surname>, <given-names>C</given-names></author>.; <author><surname>Gren</surname>, <given-names>I.-M.</given-names></author>; <author><surname>Holling</surname>, <given-names>C.S.</given-names></author>; <author><surname>Jansson</surname>, <given-names>A</given-names></author>.; <author><surname>Jansson</surname>, <given-names>B.-O.</given-names></author>; <author><surname>Maler</surname>, <given-names>K.-G.</given-names></author>; <author><surname>Martin</surname>, <given-names>D</given-names></author>.; <author><surname>Perrings</surname>, <given-names>C</given-names></author>.; <author><surname>Sheshinksi</surname>, <given-names>E</given-names></author>. (<year>1998</year>): <title>Resilience in natural and socioeconomic systems</title>. In: <source>Environment and Development Economics</source> <volume>3</volume> (<issue>2</issue>), <fpage>221</fpage>–<lpage>262</lpage>. 
<author><surname>MacKinnon</surname>, <given-names>D</given-names></author>.; <author><surname>Cumbers</surname>, <given-names>A</given-names></author>.; <author><surname>Pike</surname>, <given-names>A</given-names></author>.; <author><surname>Birch</surname>, <given-names>K</given-names></author>.; <author><surname>McMaster</surname>, <given-names>R</given-names></author>. (<year>2009</year>): <title>Evolution in Economic Geography: Institutions, Political Economy, and Adaptation</title>. In: <source>Economic Geography</source> <volume>85</volume> (<issue>2</issue>), <fpage>129</fpage>–<lpage>150</lpage>. <author><surname>Magis</surname>, <given-names>K</given-names></author>. (<year>2010</year>): <title>Community resilience: an indicator of social sustainability</title>. In: <source>Society and Natural Resources</source> <volume>23</volume> (<issue>5</issue>), <fpage>401</fpage>–<lpage>416</lpage>.
<author><surname>Magis</surname>, <given-names>K</given-names></author>. (<year>2010</year>): <title>Community resilience: an indicator of social sustainability</title>. In: <source>Society and Natural Resources</source> <volume>23</volume> (<issue>5</issue>), <fpage>401</fpage>–<lpage>416</lpage>.
<author><surname>Martin</surname>, <given-names>R</given-names></author>. (<year>2012</year>): <title>Regional economic resilience, hysteresis and recessionary shocks</title>. In: <source>Journal of Economic Geography</source> <volume>12</volume> (<issue>1</issue>), <fpage>1</fpage>–<lpage>32</lpage>. 
<author><surname>Martin</surname>, <given-names>R</given-names></author>.; <author><surname>Sunley</surname>, <given-names>P</given-names></author>. (<year>2007</year>): <title>Complexity Thinking and Evolutionary Economic Geography</title>. In: <source>Journal of Economic Geography</source> <volume>7</volume> (<issue>5</issue>), <fpage>573</fpage>–<lpage>601</lpage>. 
<author><surname>McInroy</surname>, <given-names>N</given-names></author>.; <author><surname>Longlands</surname>, <given-names>S</given-names></author>. (<year>2010</year>): <title>Productive Local Economies: Creating Resilient Places</title>. <publisher>CLES—Centre for Local Economic Strategies</publisher>. <other>Manchester</other>. 
<author><surname>McManus</surname>, <given-names>S</given-names></author>.; <author><surname>Seville</surname>, <given-names>E</given-names></author>.; <author><surname>Brunsdon</surname>, <given-names>D</given-names></author>.; <author><surname>Vargo</surname>, <given-names>J</given-names></author>. (<year>2007</year>): <title>Resilience Management. A Framework for Assessing and Improving the Resilience of Organisations</title>. <other>Christchurch, New Zealand</other>. 
<author><surname>Menzel</surname>, <given-names>M.-P.</given-names></author>; <author><surname>Fornahl</surname>, <given-names>D</given-names></author>. (<year>2007</year>): <title>Cluster Life Cycles—Dimensions and Rationales of Cluster Development</title>. <other>Jena</other>. = <title>Jena Economic Research Papers 2007–076</title>. 
<author><surname>Moore</surname>, <given-names>M.-L.</given-names></author>; <author><surname>Westley</surname>, <given-names>F</given-names></author>. (<year>2011</year>): <title>Surmountable Chasms: Networks and Social Innovation for Resilient Systems</title>. In: <source>Ecology and Society</source> <volume>16</volume> (<issue>1</issue>), <other>5.</other>
<author><surname>Morgan</surname>, <given-names>K</given-names></author>. (<year>2013</year>): <title>Path dependence and the state: the politics of novelty in old industrial regions</title>. In: <editor>Cooke, P.</editor> (ed.): <source>Re-framing Regional Development: Evolution, Innovation and Transition</source>. <other>London</other>, <fpage>318</fpage>–<lpage>340</lpage>. 
<author><surname>Ostrom</surname>, <given-names>E</given-names></author>. (<year>2005</year>): <title>Understanding Institutional Diversity</title>. <other>Princeton, New Jersey</other>. 
<author><surname>Ostrom</surname>, <given-names>V</given-names></author>.; <author><surname>Tiebout</surname>, <given-names>C.M.</given-names></author>; <author><surname>Warren</surname>, <given-names>R</given-names></author>. (<year>1961</year>): <title>The organization of government in metropolitan areas. A theoretical inquiry</title>. In: <source>American Political Science Review</source> <volume>55</volume> (<issue>4</issue>), <fpage>831</fpage>–<lpage>842</lpage>. 
<author><surname>Pendall</surname>, <given-names>R</given-names></author>.; <author><surname>Foster</surname>, <given-names>K.A.</given-names></author>; <author><surname>Cowell</surname>, <given-names>M</given-names></author>. (<year>2010</year>): <title>Resilience and regions: building understanding of the metaphor</title>. In: <source>Cambridge Journal of Regions, Economy and Society</source> <volume>3</volume> (<issue>1</issue>), <fpage>71</fpage>–<lpage>84</lpage>. 
<editor>Pierre, J.</editor> (ed.) (<year>2000</year>): <title>Debating Governance: Authority, Steering, and Democracy</title>. <other>Oxford</other>. 
<author><surname>Pike</surname>, <given-names>A</given-names></author>.; <author><surname>Dawley</surname>, <given-names>S</given-names></author>.; <author><surname>Tomaney</surname>, <given-names>J</given-names></author>. (<year>2010</year>): <title>Resilience, adaptation and adaptability</title>. In: <source>Cambridge Journal of Regions, Economy and Society</source> <volume>3</volume> (<issue>1</issue>), <fpage>59</fpage>–<lpage>70</lpage>. 
<author><surname>Raco</surname>, <given-names>M</given-names></author>.; <author><surname>Street</surname>, <given-names>E</given-names></author>. (<year>2012</year>): <title>Resilience Planning, Economic Change and the Politics of Post-Recession Development in London and Hong Kong</title>. In: <source>Urban Studies</source> <volume>49</volume> (<issue>5</issue>), <fpage>1065</fpage>–<lpage>1087</lpage>. 
<author><surname>Shaw</surname>, <given-names>K</given-names></author>. (<year>2012</year>): <title>‘Reframing’ Resilience: Challenges for Planning Theory and Practice</title>. In: <source>Planning Theory and Practice</source> <volume>13</volume> (<issue>2</issue>), <fpage>308</fpage>–<lpage>312</lpage>. 
<author><surname>Schmidt</surname>, <given-names>V.A.</given-names></author> (<year>2011</year>): <title>Speaking of change: why discourse is key to the dynamics of policy transformation</title>. In: <source>Critical Policy Studies</source> <volume>5</volume> (<issue>2</issue>), <fpage>106</fpage>–<lpage>126</lpage>. 
<author><surname>Skelcher</surname>, <given-names>C</given-names></author>. (<year>2005</year>): <title>Jurisdictional integrity, polycentrism, and the design of democratic governance</title>. In: <source>Governance</source> <volume>18</volume> (<issue>1</issue>), <fpage>89</fpage>–<lpage>110</lpage>. 
<author><surname>Skerratt</surname>, <given-names>S</given-names></author>. (<year>2013</year>): <title>Enhancing the analysis of rural community resilience: evidence from community land ownership</title>. In: <source>Journal of Rural Studies</source> <volume>31</volume>, <fpage>36</fpage>–<lpage>46</lpage>. 
<author><surname>Simmie</surname>, <given-names>J</given-names></author>.; <author><surname>Martin</surname>, <given-names>R.L.</given-names></author> (<year>2010</year>): <title>The economic resilience of regions: towards an evolutionary approach</title>. In: <source>Cambridge Journal of Regions, Economy and Society</source> <volume>3</volume> (<issue>1</issue>), <fpage>27</fpage>–<lpage>43</lpage>. 
<author><surname>Uyarra</surname>, <given-names>E</given-names></author>. (<year>2010</year>): <title>What is evolutionary about ‘regional systems of innovation’? Implications for regional policy</title>. In: <source>Journal of Evolutionary Economics</source> <volume>20</volume> (<issue>1</issue>), <fpage>115</fpage>–<lpage>137</lpage>. 
<author><surname>Uyarra</surname>, <given-names>E</given-names></author>.; <author><surname>Flanagan</surname>, <given-names>K</given-names></author>. (<year>2010</year>): <title>From regional systems of innovation to regions as innovation policy spaces</title>. In: <source>Environment and Planning C</source> <volume>28</volume> (<issue>4</issue>), <fpage>681</fpage>–<lpage>695</lpage>. 
<author><surname>Walker</surname>, <given-names>B</given-names></author>.; <author><surname>Holling</surname>, <given-names>C</given-names></author>.; <author><surname>Carpenter</surname>, <given-names>S</given-names></author>.; <author><surname>Kinzig</surname>, <given-names>A</given-names></author>. (<year>2004</year>): <title>Resilience, adaptability and transformability in social-ecological systems</title>. In: <source>Ecology and Society</source> <volume>9</volume> (<issue>2</issue>), <other>5.</other>
<author><surname>Wilson</surname>, <given-names>G.A.</given-names></author> (<year>2012</year>): <title>Community Resilience and Environmental Transitions</title>. <other>London</other>. 
<author><surname>Wrigley</surname>, <given-names>N</given-names></author>.; <author><surname>Dolega</surname>, <given-names>L</given-names></author>. (<year>2011</year>): <title>Resilience, fragility, and adaptation: new evidence on the performance of UK high streets during global economic crisis and its policy implications</title>. In: <source>Environment and Planning A 43</source> (<volume>10</volume>), <fpage>2337</fpage>–<lpage>2363</lpage>.