<editor>Armstrong, H.W.</editor> and <editor>Vickerman, R.W.</editor> eds. (<year>1995</year>): <title>Convergence and Divergence Among European Regions</title>. <source>European Research in Regional Science</source> <volume>5</volume>. <other>London, Pion</other>.
<editor>CERTE and TecnEcon</editor> (<year>1994</year>): <title>The Future Evolution of the Transport Sector: Implications for Regional and Transport Planning</title>. <source>Final Report to European Commission</source>, <other>DG</other> <volume>XVI</volume>.
<author><surname>Keeble</surname>, <given-names>D</given-names></author>., <author><surname>Owens</surname>, <given-names>P.L.</given-names></author>, <author><surname>Thompson</surname>, <given-names>C</given-names></author>. (<year>1982</year>): <title>Regional accessibility and economic potential in the European Community</title>. <source>Regional Studies</source>, <volume>16</volume>, <fpage>419</fpage>-<lpage>432</lpage>.
<author><surname>Keeble</surname>, <given-names>D</given-names></author>., <author><surname>Offord</surname>, <given-names>J</given-names></author>., <author><surname>Walker</surname>, <given-names>S</given-names></author>. (<year>1988</year>): <title>Peripheral Regions in a Community of Twelve Member States</title>. <publisher>Office for Official Publications of the European Community</publisher>, <other>Luxembourg</other>.
<author><surname>Mackie</surname>, <given-names>P</given-names></author>., <author><surname>Preston</surname>, <given-names>J</given-names></author>. and <author><surname>Nash</surname>, <given-names>C</given-names></author>. (<year>1995</year>): <title>Bus deregulation: ten years on</title>. <source>Transport Reviews</source> <volume>15</volume>, S <fpage>229</fpage>-<lpage>251</lpage>.