<author><surname>Augé</surname>, <given-names>Marc</given-names></author>: <title>Ein Ethnologe in der Metro</title>. <other>Frankfurt a. Main u. New York</other> <year>1988</year>
<author><surname>Bosmans</surname>, <given-names>Bart</given-names></author> und <author><surname>Thiel</surname>, <given-names>Axel</given-names></author>: <title>Guide to Graffiti-Research</title>. <other>Gent</other> <year>1995</year>
<author><surname>Götsch</surname>, <given-names>Silke</given-names></author>: <title>Archivalische Quellen und die Möglichkeiten ihrer Auswertung</title>. In: <editor>Götsch, Silke</editor> und <editor>Albrecht Lehmann</editor> (Hgg.): <source>Methoden der Volkskunde</source>. <other>Berlin</other> <year>2001</year>. S. <fpage>15</fpage>–<lpage>32</lpage>
<author><surname>Kreuzer</surname>, <given-names>Peter</given-names></author>: <title>Die Wand als Medium oder Der Code der Zeit an den Wänden der Stadt</title>. In: <source>Medien + Erziehung</source>, Nr. <volume>3</volume>, <year>1990</year>. <other>München</other> <year>1990</year>, S. <fpage>141</fpage>–<lpage>154</lpage>
<author><surname>Müller</surname>, <given-names>Kai</given-names></author>: <title>Zur Bedeutung jugendkulturellen Handelns am Beispiel der Graffitiproduktion Jugendlicher</title>. <year>1995</year>. In: <url>http://www.sozialarbeit.de/download/graffiti/intro.htm</url>
<editor>Müller, Siegfried</editor> (Hg.): <title>Graffiti. Tätowierte Wände</title>. <other>Bielefeld</other> <year>1985</year>
<author><surname>Neumann</surname>, <given-names>Renate</given-names></author>: <title>Das wilde Schreiben. Graffiti, Sprüche und Zeichen am Rand der Straßen</title>. <other>Essen</other> <year>1986</year> (Zugleich Dissertation, Düsseldorf 1985)
<author><surname>Northoff</surname>, <given-names>Thomas</given-names></author>: <title>StadtLeseBruch. Die Sprache an den Wänden</title>. <other>Wien</other> <year>1993</year>
<author><surname>Northoff</surname>, <given-names>Thomas</given-names></author>: <title>Streng geheime Botschaften an alle!</title> In: <editor>Bernard, Jeff</editor> und <editor>Gloria Widhalm</editor> (Hgg.) (= <editor>Österr. Gesellschaft für Semiotik</editor>): <source>Semiotische Berichte</source>. Heft <issue>2,3,4</issue>/<year>1996</year>. <other>Wien</other> <year>1996</year>. S. <fpage>251</fpage>–<lpage>282 </lpage>
<author><surname>Northoff</surname>, <given-names>Thomas</given-names></author>: <title>Schöpfwerk als Text an der Wand</title>. In: <editor>Heidi Dumreicher</editor> (Hsg.): <source>oikodrom. Stadtplaene</source>. Nr.<volume>18</volume>. Heft <issue>1</issue>/<year>1999</year>. <other>Wien</other> <year>1999</year>. S.<fpage>19</fpage>–<lpage>26</lpage>
<author><surname>Northoff</surname>, <given-names>Thomas</given-names></author>: <title>Protest-Graffiti, eine Kulturkonstante</title>. In: <source>dérive – Zeitschrift für Stadtforschung</source>. Heft <issue>8</issue>/<year>2002</year>. <other>Wien</other> <year>2002</year>, S. <fpage>23</fpage>–<lpage>25</lpage>