<author><surname>Bruckbauer</surname>, <given-names>St</given-names></author>. (<year>2004</year>), <title>„12+8=20 – The Euro in Eastern Europe“</title>, <source>BA-CA Xplicit</source>, <other>Vienna</other>
<author><surname>Campos</surname>, <given-names>N. F.</given-names></author> and <author><given-names>F</given-names>. <surname>Coricelli</surname></author> (<year>2002</year>), <title>„Growth in Transition: What we Know, What we Dont´t, and What we Should“</title>
<editor>EU-Kommission</editor> (<year>2001</year>), <title>„The Economic Impact of Enlargement“</title>, <source>Enlargement Papers</source>, Heft <issue>4</issue>/<year>2001</year>, <other>Bruxelles</other>