<author><surname>Bernt</surname>, <given-names>D</given-names></author>. (<year>1996</year>): <title>Berg und Tal - Strukturprobleme im Tourismus</title>, <source>Raum</source>, <volume>22</volume>: <fpage>10</fpage>-<lpage>13</lpage>. 
<author><surname>Galler</surname>, <given-names>R</given-names></author>. (<year>1996</year>): <title>„Viel zuwenig Abenteuer"</title>, <source>Interview, profil</source>, Nr. <volume>32</volume>, <other>5. August 1996</other>: <fpage>44</fpage>-<lpage>47</lpage>.
<author><surname>Reith</surname>, <given-names>W. J.</given-names></author> (<year>1985</year>): <title>Umwelt- und sozialverträglicher Tourismus - eigentlich eine Selbstverständlichkeit?</title> In: <source>Sanfter Tourismus: Schlagwort oder Chance für den Alpenraum? Schlußbericht der CIPRA-Jahresfachtagung 5./6. Oktober 1984 in Chur</source>: <fpage>17</fpage>-<lpage>42</lpage>.
<author><surname>Ruh</surname>, <given-names>H</given-names></author>. (<year>1995</year>): <title>Das Rad - ein Sündenfall?</title> In: <source>Mehr Raum für die Natur</source>. <other>Schweiz</other>. <publisher>Bund für Naturschutz</publisher>, <other>Basel</other>, S. <fpage>331</fpage>-<lpage>333</lpage>.
<author><surname>Sachs</surname>, <given-names>W</given-names></author>. (<year>1993</year>): <title>Die vier E's</title>. <source>Politische Ökologie. Special</source>. <other>Sept./Okt.93</other>: <fpage>69</fpage>-<lpage>72</lpage>.
<author><surname>Schafroth</surname>, <given-names>A</given-names></author>. (<year>1996</year>): <title>You can get your satisfaction - Schweizer Kurorte verwandeln sich mehr und mehr in trendige Freizeitparks</title>, <source>Neue Zürcher Zeitung</source>, <other>27. Juni 1996</other>, Nr. <volume>147</volume>, S. <fpage>61</fpage>.
<author><surname>Weber</surname>, <given-names>G</given-names></author>. (<year>1996</year>): <title>Nachhaltigkeit - eine neue Chance für den ländlichen Raum</title>, <editor>Institut für Raumplanung und ländliche Neuordnung</editor>, <editor>Universität für Bodenkultur Wien</editor>, <other>Manuskript</other>, <other>9 S.</other>