<author><surname>BARKER</surname>, <given-names>R. G.</given-names></author>, <year>1968</year>, <title>Ecological Psychology. Concepts and Methods for Studying the Environment of Human Behavior</title>. – <other>Stanford, Cal.</other>
<author><surname>BOESCH</surname>, <given-names>E. E.</given-names></author>, <year>1991</year>, <title>Symbolic Action Theory and Cultural Psychology</title>. – <other>Berlin u.a.</other>, (= <source>Recent Research in Psychology</source>)
<author><surname>BRAND</surname>, <given-names>K.-W.</given-names></author>, <year>1998</year>, <title>Soziologie und Natur – eine schwierige Beziehung. Zur Einführung</title>. – In: <editor>K.-W. BRAND</editor>, Hrsg., <source>Soziologie und Natur. Theoretische Perspektiven</source>. – <other>Opladen</other>, (= <source>Soziologie und Ökologie“</source>, Band <volume>2</volume>), S. <fpage>9</fpage>-<lpage>29</lpage>.
<author><surname>GIDDENS</surname>, <given-names>A</given-names></author>., <year>1984</year>, <title>The Constitution of Society. Outline of the Theory of Structuration</title>. – <other>Cambridge und Oxford</other>.
<author><surname>KAMINSKI</surname>, <given-names>G</given-names></author>., <year>2000</year>, <title>Roger G. Barker & Associates: Habitats, Environments, and Human Behavior. Studies in Ecological Psychology and Eco-Behavioral Science from the Midwest Psychological Field Station, 1947-1972 (1978)</title>. – In: <editor>H. E. LÜCK</editor>, <editor>R. MILLER</editor> und <editor>G. SEWZ-VOSSHENRICH</editor>, Hrsg., <source>Klassiker der Psychologie</source>. – <other>Stuttgart u.a.</other>, S. <fpage>236</fpage>-<lpage>240</lpage>.
<author><surname>POPPER</surname>, <given-names>K. R.</given-names></author>, <year>1973</year>, <title>Objektive Erkenntnis. Ein evolutionärer Entwurf</title>. – <other>Hamburg</other>, (= <source>Klassiker des modernen Denkens</source>).
<author><surname>WEICHHART</surname>, <given-names>P</given-names></author>., <year>2003</year>, <title>Gesellschaftlicher Metabolismus und Action Settings. Die Verknüpfung von Sach- und Sozialstrukturen im alltagsweltlichen Handeln</title>. – In: <editor>P. MEUSBURGER</editor> und <editor>T. SCHWAN</editor>, Hrsg., <source>Humanökologie. Ansätze zur Überwindung der Natur-Kultur-Dichotomie</source>. – <other>Stuttgart</other> (= <source>Erdkundliches Wissen</source>, Band <volume>135</volume>), S. <fpage>15</fpage>-<lpage>44</lpage>; 1 Abb.
<author><surname>WERLEN</surname>, <given-names>B</given-names></author>., <year>1995</year>, <title>Sozialgeographie alltäglicher Regionalisierungen. Band 1: Zur Ontologie von Gesellschaft und Raum</title>. – <other>Stuttgart</other>, (= <source>Erdkundliches Wissen</source>, Heft <issue>116</issue>).
<author><surname>WERLEN</surname>, <given-names>B</given-names></author>., <year>1997</year>, <title>Sozialgeographie alltäglicher Regionalisierungen. Band 2: Globalisierung, Region und Regionalisierung</title>. – <other>Stuttgart</other>, (= <source>Erdkundliches Wissen</source>, Heft <issue>119</issue>).