<editor>Allianz pro Schiene</editor>: <title>Schienenverkehr im Aufwind</title>. <source>Pressemitteilung</source> vom <volume>02.02.2012</volume>. Verfügbar unter: <url>http://www.allianz-pro-schiene.de/presse/pressemitteilungen/2012/004-schie-nengueterverkehr-im-aufwind/</url>; 02.04.2012
<editor>Allianz pro Schiene</editor>: <title>Schienenverkehr weltweit im Aufbruch</title>. Verfügbar unter: <url>http://www.allianz-pro-schiene.de/gueterverkehr/schienenverkehr-weltweit-im-aufbruch.print.html</url>; 02.04.2012
<editor>Association of American Railroads (AAR)</editor>: <title>Class I Railroad Statistics (continued)</title>. February 9, <year>2012</year>. Wert für 2010: 913,6 miles
<editor>Eisenbahn Österreich</editor>: <title>Änderungen bei der Förderung des Güterverkehrs</title>. In: <source>Eisenbahn Österreich</source>, Nr. <volume>4</volume>/<year>2012</year>, S. <fpage>206</fpage>
<title>Kurzmeldung</title> in <source>RAUM</source> Nr. <volume>85</volume>, März <year>2012</year>, S. <fpage>7</fpage>
<other>Weißbuch der Kommission vom 12. September 2001</other>: <title>„Die Europäische Verkehrspolitik bis 2010: Weichenstellungen für die Zukunft“</title> [<source>KOM</source>(<year>2001</year>) <volume>370</volume> endg. – nicht im Amtsblatt veröffentlicht] 
<editor>Eidgenössisches Departement für Umwelt, Verkehr, Energie und Kommunikation, Bundesamt für Verkehr</editor> (<year>2011</year>): <title>Alpinfo 2010 – Alpenquerender Güterverkehr auf Strasse und Schiene</title>. <other>Bern</other>. 
<author><surname>Ickert</surname>, <given-names>Lutz</given-names></author> <other>et al.</other> (<editor>Progtrans</editor>, <year>2007</year>): <title>Abschätzung der langfristigen Entwicklung des Güterverkehrs in Deutschland bis 2050; im Auftrag des Bundesministeriums für Verkehr, Bau und Stadtentwicklung; Schlussbericht</title>. <other>Basel</other>, 31. Mai <year>2007</year>
<author><surname>Rich</surname>, <given-names>Jeppe</given-names></author>; <author><surname>Overgaard Hansen</surname>, <given-names>Christian</given-names></author> (<editor>DTU Transport</editor>, <year>2009</year>): <title>Freight transport trends for 2020, 2030, and 2050. Freightvision – Freight Transport Foresight 2050, Deliverable 4.3; Final report</title>, 20 Feb. <year>2009</year>, p. <fpage>22</fpage>-<lpage>23</lpage>. Verfügbar über <url>www.freightvision.eu</url>
<editor>AustriaTech</editor>: <title>Management Summary I on Policy, Technology & External Factors. Freightvision – Freight Transport Foresight 2050</title>. <other>Prepared for the 1st Freightvision Forum 16th & 17th March 2009, Brussels</other>. Verfügbar über <url>www.freightvision.eu</url>
<title>Verordnung (EU) Nr. 913/2010 des Europäischen Parlaments und des Rates vom 22. September 2010 zur Schaffung eines europäischen Schienennetzes für einen wettbewerbsfähigen Güterverkehr</title>. <source>ABl. L 276 vom 20.10.2010</source>, S. <fpage>22</fpage>–<lpage>32</lpage>
<author><surname>Dörr</surname>, <given-names>Heinz</given-names></author>; <author><surname>Hörl</surname> <given-names>Bardo</given-names></author> <other>et al.</other> (<year>2011</year>): <title>Metro.Freight.2020 – Transportmittelauswahl für die mittelbetriebliche Wirtschaft – Strategie zur Stärkung und efﬁzienten Nutzung der Schieneninfrastruktur in Ballungsräumen. Studie im Auftrag des Bundesministeriums für Verkehr, Innovation und Technologie im Rahmen der Programmlinie i2v des Forschungs- und Technologieprogramms iv2splus</title>. <other>Wien</other> <year>2011</year> (noch nicht veröffentlicht).