<editor>Ecotec</editor> (<year>2002</year>) <title>Administrative Capacity for Implementation and Enforcement of EU Environmental Policy in the 13 Candidate Countries</title>.
<editor>CEC</editor> (<year>2001</year>): <title> Communication from the Commission – The Challenge of Environmental Financing in the Candidate Countries</title>
<author><surname>ten Brink</surname> <given-names>P</given-names></author> (<year>2002</year>) <title>The Benefits from the Implementation of the EU Environmental Acquis in the Candidate Countries</title>. <source>Intereconomics, Review of European Economic Policy</source>, Volume <volume>37</volume>, No <issue>6</issue>, November/December <year>2002</year> pp <fpage>287</fpage>–<lpage>292</lpage> <other>Hamburg, Germany</other>.