<editor>Europäische Kommission</editor> (<year>2011</year>): <title>Weißbuch zum Verkehr „Fahrplan zu einem einheitlichen europäischen Verkehrsraum – hin zu einem wettbewerbsorientierten und ressourcenschonenden Verkehrssystem”</title>, 28.03.2011, ISBN <identifier>978-92-79-18269-3</identifier>
<editor>Europäische Kommission</editor> (<year>2010</year>): <title>„Der Hochgeschwindigkeitsverkehr in Europa – eine nachhaltige Verbindung zwischen den Bürgern“</title>, ISBN <identifier>978-92-79-13619-1</identifier>
<editor>European Commission</editor> (<year>2011</year>): <title>Proposal for a Regulation of the European Parliament and of the Council on Union guidelines for the development of the trans-European transport network</title>, <source>COM</source> (<year>2011</year>) <volume>650</volume>/<issue>2</issue>, 19.10.2011
<editor>European Commission</editor> (<year>2011</year>): <title>Proposal for a Regulation of the European Parliament and of the Council establishing the Connecting Europe Facility</title>, <source>COM</source>(<year>2011</year>) <volume>665</volume>, European Commission, 19.10.2011