<author><surname>Burtscher</surname>, <given-names>K</given-names></author>.: <title>Soziologische Aspekte des partizipativen Wohnungsbaus in Vorarlberg</title>. <other>Diplomarbeit Universität Wien, Wien</other> <year>1989</year>
<author><surname>Freisitzer</surname>, <given-names>K</given-names></author>., <author><surname>Koch</surname>, <given-names>R</given-names></author>., <author><surname>Uhl</surname>, <given-names>O</given-names></author>.: <title>Mitbestimmung in Österreich. Ein Handbuch</title>. <other>Wien</other> <year>1987</year> 
<editor>ISW/Institut für Sozial- und Wirtschaftswissenschaften</editor> (Hrsg.): <title>Möglichkeiten der demokratischen Mitbestimmung im Sozialen Wohnungsbau</title>. <other>10 Bde. Linz</other> <year>1982</year>
<author><surname>Novy</surname>, <given-names>K</given-names></author>., <author><surname>Förster</surname>, <given-names>W</given-names></author>.: <title>„einfach bauen" - Genossenschaftliche Selbsthilfe nach der Jahrhundertwende. Zur Rekonstruktion der Wiener Siedlerbewegung</title>. <other>Wien</other> <year>1990</year> 
<editor>Österreichischer Wohnbund</editor> (Hrsg.): <title>Modellversuch zur Beratung von Wohnbauselbsthilfegruppen. Forschungsbericht des Bundesministeriums für Bauten und Technik</title>, <other>Wien</other> <year>1990</year> 
<editor>Österreichischer Wohnbund</editor> (Hrsg.): <title>Nachfrageanalyse für Wohngruppenprojekte in Wien. Studie im Auftrag der Stadt Wien</title>, <source>MA</source> <volume>50</volume>, <other>Wien</other> <year>1994</year>
<author><surname>Raab</surname>, <given-names>P</given-names></author>., <author><surname>Spudich</surname>, <given-names>H</given-names></author>.: <title>Sozioökonomischer Nutzen von Gemeinschaftseinrichtungen. Forschungsbericht</title>. <other>Wien</other> <year>1992</year>