<author><surname>BAKS</surname>, <given-names>R</given-names></author>. (<year>1994</year>): <title>The Follow-up to the Earth Summit</title>. - In: <editor>NORTH ATLANTIC ASSEMBLY</editor> (Hg.): <source>Reports of the Scientific and Technical Comitee of the NorthAtlanticAssembly</source>, <other>Brüssel</other>.
<author><surname>BELLE</surname>, <given-names>M</given-names></author>. (<year>1995</year>): <title>Gremien, Gelder und ihre Grenzen - Münsters kommunale Entwicklungspolitik</title>. - In: <editor>GERMANWATCH - REGIONALGRUPPE MÜNSTER</editor> (Hg.): <source>Zukunftsfähiges Münster? Nord-Süd-Beziehungen auf dem Prüfstand. - Umwelt & Entwicklung</source>, <volume>2</volume>, S. <fpage>9</fpage>-<lpage>26</lpage>, <other>Münster</other>.
<editor>BUNDESMINISTERIUM FÜR UMWELT, NATURSCHUTZ UND REAKTORSICHERHEIT</editor> (Hg.) (<other>ohne Jahr</other>): <title>Konferenz der Vereinten Nationen für Umwelt und Entwicklung im Juni 1992 in Rio de Janeiro - Dokumente - Agenda 21</title>. - <other>Bonn</other>.
<editor>BUNDESMINISTERIUM FÜR UMWELT, NATURSCHUTZ UND REAKTORSICHERHEIT</editor> (<year>1996</year>): <title>Umweltbewußtsein in Deutschland - Ergebnisse einer repräsentativen Bevölkerungsumfrage 1996</title>. - <source>Information des Bundesumweltministeriums</source>, <other>Berlin</other>.
<editor>DEUTSCHER STÄDTETAG</editor> (Hg.) (<year>1995</year>): <title>Städte für eine umweltgerechte Entwicklung, Materialien für eine “LokaleAgenda 21”</title>. - <source>DST- Beiträge  zur Stadtentwicklung und zum Umweltschutz</source>, <volume>Reihe E</volume>, H. <issue>24</issue>, <other>Köln</other>.
<editor>GERMANWATCH</editor> (<year>1995</year>): <title>Materialiensammlung zum Thema: Umsetzung der AGENDA 21 auf kommunaler Ebene</title>. - <source>Arbeitspapier</source> Nr. <volume>7</volume>, <other>Bonn</other>.
<editor>GERMANWATCH</editor> (<year>1996</year>): <title>Wege zur Lokalen Agenda 21: Möglichkeiten zum Engagement der Sparkassen</title>. - <source>Arbeitspapier</source> Nr. <volume>10</volume>, <other>Bonn</other>.
<editor>ICLEI</editor> (Hg.) (<year>1994</year>): <title>Towards Sustainable Cities & Towns, Report of the first European Conference on Sustainable Cities & Towns, Aalborg</title>. - <other>Freiburg</other>.
<editor>ICLEI</editor> (Hg.) (<year>1995</year>): <title>European Local Agenda 21 Planning Guide - how to engage in long-term environmental action planning towards sustainability</title>. - <other>Freiburg</other>.
<editor>ICLEI</editor> (<year>1996</year>): <title>Biennial Report May 1993 - July 1995</title>. - <other>Toronto</other>.
<editor>KOORDINIERUNGSSTELLE LOKALE AGENDA 21 IN MÜNSTER</editor> (<year>1996</year>): <title>Übersicht über entwicklungspolitische Aktivitäten in Münster</title>. - <other>Münster</other>.
<editor>LANDESHAUPTSTADT MÜNCHEN</editor> (<year>1996</year>): <title>Zwischenbericht zur Erarbeitung der Lokalen Agenda 21 im Auftrag des Stadtrates vom 29.05.1995 (Beschluß des Umweltschutzausschusses vom 17. Juli 1996)</title>. - <other>München</other>.
<author><surname>MENSING</surname>, <given-names>K</given-names></author>. &  <author><surname>ROHR</surname>, <given-names>G. von</given-names></author> (<year>1994</year>): <title>Revitalisierung der Innenstädte durch Interkommunale Kooperation</title>. - <source>DSSW-Schriften</source> <volume>13</volume>, <other>Bonn</other>.
<author><surname>MOSER</surname>, <given-names>P</given-names></author>. (<year>1995</year>): <title>Kommunale Handlungsfelder für Nachhaltiges Wirtschaften</title>. -  In: <editor>MAYER, J.</editor> (Hg.): <source>Initiativen für eine nachhaltigere Entwicklung in Niedersachsen, die Agenda 21 auf lokaler und regionaler Ebene. - Loccumer Protokolle</source> <volume>55</volume>/<year>1995</year>,  S. <fpage>269</fpage>-<lpage>281</lpage>, <other>Loccum</other>.
<author><surname>NUSCHELER</surname>, <given-names>F</given-names></author>. (<year>1994</year>): <title>Sichtweisen kommunaler Entwicklungspolitik</title>.- In: <editor>DIfU</editor> (Hg.): <source>Sichtwechsel, Kommunen zwischen lokalen Anforderungen und weltweiten Problemen. - Materialien</source> <volume>7</volume>/<year>95</year>, S. <fpage>47</fpage>-<lpage>52</lpage>, <other>Berlin</other>.
<editor>PROJEKTGRUPPE ZUKUNFTSFÄHIGES MÜNSTER</editor> (<year>1996</year>): <title>Thesen: Zukunftsfähiges Münster</title>. - <other>Münster</other>.
<editor>RÖSLER, C.</editor> (Hg.) (<year>1996</year>): <title>Lokale Agenda 21, Dokumentation eines Erfahrungsaustauschs beim Deutschen Städtetag am 29. April 1996 in Köln</title>. - <other>Berlin</other>.
<author><surname>WALCHA</surname>, <given-names>H</given-names></author>. (<year>1996</year>): <title>Nachhaltig in die Zukunft der Stadtregion</title>. - <source>Eichholz Brief - Zeitschrift zur politischen Bildung</source>, <volume>1</volume>/<year>96</year>, S. <fpage>45</fpage>-<lpage>53</lpage>.