<author><surname>ERFURTH</surname>, <given-names>R</given-names></author>. (<year>2002</year>): <title>Brachen - integrierter Teil des Stadtumbaus</title>. In: <editor>MEGACONCEPT MESSE GMBH</editor> (Hrsg.): <source>Immospezial. Fachkongress für Stadtentwicklung und Facility Management</source>, <other>Chemnitz</other>.
<author><surname>ESTERMANN</surname>, <given-names>H</given-names></author>. (<year>1983</year>): <title>Industriebrachen im Ruhrgebiet und der Grundstücksfond Ruhr</title>. <editor>Universität Dortmund, Institut für Raumplanung</editor>, <other>Dortmund</other>.
<author><surname>DIETERICH</surname>, <given-names>H</given-names></author>. (<year>1985</year>): <title>Umwidmung brachliegender Gewerbe- und Verkehrsflächen</title>. In: <editor>BUNDESMINISTERIUM FÜR RAUMORDNUNG UND BAUWESEN UND STÄDTEBAU</editor> (Hrsg.): <source>Städtebauliche Forschung</source>, Schriftenreihe <volume>03</volume>, Heft <issue>03.112</issue>, <other>Bonn</other>.
<editor>DIFU – DEUTSCHES INSTITUT FÜR URBANISTIK</editor> (<year>2001</year>) (Hrsg.): <title>Flächenrecycling als kommunale Aufgabe</title>. <other>Berlin</other>.
<author><surname>KÖTTER</surname>, <given-names>Th</given-names></author>. (<year>1998</year>): <title>Industrie- und Brachflächenaktivierung, Chance für die Stadtentwicklung</title>. In: <editor>BAUGRUND</editor> (Hrsg.): <source>StädtebauAktuell</source>. <other>Mainz</other>.
<author><surname>STAHL</surname>, <given-names>V</given-names></author>. (<year>2000</year>): <title>Revitalisierung von Brachflächen</title>; in <editor>IREGIA e.V.</editor>: <other>unveröff. Heftenreihe</other>, <other>Chemnitz</other>.
<author><surname>STAHL</surname>, <given-names>V</given-names></author>.; <author><surname>OLSCHEWSKI</surname>, <given-names>T</given-names></author>. (<year>2002</year>): <title>Leitfaden zur Revitalisierung und Entwicklung von Industriebrachen</title>. In: <editor>IREGIA e.V.</editor> (Hrsg.): <source>Stadtumbau und Revitalisierung. Tagungsband zur Fachtagung am 28./29. Mai 2002. Wissenschaftliche Schriftenreihe des Institutes für Betriebswissenschaften und Fabriksysteme, Sonderheft</source> <volume>6</volume>.
<author><surname>STAHL</surname>, <given-names>V</given-names></author>.; <author><surname>OLSCHEWSKI</surname>, <given-names>T</given-names></author>, <author><surname>WIRTH</surname>, <given-names>SIEGFRIED</given-names></author> (<year>2003</year>): <title>Leitfaden zur Revitalisierung von Industriebrachen</title>. <other>Chemnitz</other>.
<author><surname>WIRTH</surname>, <given-names>S</given-names></author>. (<year>2002</year>): <title>Die Fabrik von heute – die Brache von morgen?</title> In: <editor>IREGIA e.V.</editor> (Hrsg.): <source>Stadtumbau und Revitalisierung. Tagungsband zur Fachtagung am 28./29. Mai 2002. Wissenschaftliche Schriftenreihe des Institutes für Betriebswissenschaften und Fabriksysteme, Sonderheft</source> <volume>6</volume>, <other>Chemnitz</other>.