<editor>BAUDEZERNAT STADT COTTBUS/DSK DEUTSCHE STADTENTWICKLUNGSGESELLSCHAFT MBH</editor> (HG.) (<year>1995</year>):  <source>Modellstadt Cottbus-Innenstadt</source>: Heft <issue>1</issue>: <title>Vier Jahre Stadterneuerung</title>.
<author><surname>FRICK</surname>, <given-names>D</given-names></author>. (<year>1990</year>): <title>Eine Untersuchung im Quartier ‘Saint Martin’ in Paris unter Aspekten der Stadtplanung</title>. <editor>Technische Universität Berlin</editor>, <source>SR-Diskussionsbeiträge</source> <volume>35</volume>, <other>Berlin</other>.
<author><surname>FRIEDRICHS</surname>, <given-names>J</given-names></author>. (<year>1981</year>): <title>Stadtanalyse: Soziale und räumliche Organisation der Gesellschaft</title>. 2. Auflage, <other>Reinbek</other>.
<author><surname>HABERMAS</surname>, <given-names>J</given-names></author>. (<year>1984</year>): <title>Die neue Unübersichtlichkeit: Die Krise des Wohlfahrtsstaates und die Erschöpfung utopischer Energien</title>. - In: <source>Merkur: Die Zeitschrift für europäisches Denken</source> <volume>39</volume> (<issue>E</issue>), <fpage>431</fpage>-<lpage>442</lpage>, <fpage>1</fpage>-<lpage>14</lpage>.
<author><surname>HERLYN</surname>, <given-names>U</given-names></author>. & <author><surname>HUNGER</surname> , <given-names>B</given-names></author>. (<year>1994</year>): <title>Ostdeutsche Wohnmilieus im Wandel: Eine Untersuchung ausgewählter Stadtgebiete als sozialplanerischer Beitrag zur Stadterneuerung</title>. <source>Stadtforschung aktuell</source> <volume>47</volume>. <other>Basel</other>.
<author><surname>KEIM</surname>, <given-names>K. D.</given-names></author> (<year>1979</year>): <title>Milieu in der Stadt: Ein Konzept zur Analyse älterer Wohnquartiere</title>. <source>Schriften des difu</source> <volume>63</volume>. <other>Stuttgart</other>.
<author><surname>KEIM</surname>, <given-names>K. D.</given-names></author> (<year>1998</year>): <title>Milieu und Moderne: Anmerkungen zum Gebrauch und Gehalt des sozial-räumlichen Milieubegriffs</title>. - In: <editor>MATTHIESEN</editor> <year>1998</year>, S. <fpage>83</fpage>-<lpage>97</lpage>.
<author><surname>KETELAAR</surname>, <given-names>J</given-names></author>. (<year>1994</year>): <title>Het woonmilieu op begrip gebracht</title>. <other>Eindhoven</other>: <publisher>Technische Universität, Fakulteit Bouwkunde</publisher>  (<source>Bouwsteen</source> <volume>27</volume>).
<author><surname>KLOSE</surname>,  <given-names>A</given-names></author>. , <author><surname>PIRCH</surname>, <given-names>M</given-names></author>. & <author><surname>SPAHN</surname>, <given-names>P</given-names></author>.  (<year>1995</year>): <title>Großprojekte des Wohnungsbaus: Städtebaulicher Vertrag oder Entwicklungsmaßnahme</title>. - In: <source>Foyer: Magazin der Senatsverwaltung für Bau- und Wohnungswesen Berlin</source> <volume>5</volume> (<issue>2</issue>), <fpage>46</fpage>-<lpage>48</lpage>.
<author><surname>LÄPPLE</surname>, <given-names>D</given-names></author>. (<year>1994</year>): <title>Zwischen Gestern und Übermorgen: Das Ruhrgebiet - eine Industrieregion im Umbruch</title>. - In: <editor>KREIBICH, R.</editor> <other>ET AL.</other> (HG.): <source>Bauplatz Zukunft: Dispute über die Entwicklung von Industrieregionen</source>. S. <fpage>37</fpage>-<lpage>51</lpage>, <other>Essen</other>.
<author><surname>LUTZ</surname>, <given-names>B</given-names></author>. (<year>1989</year>): <title>Der kurze Traum immerwährender Prosperität: Eine Neuinterpretation der industriell-kapitalistischen Entwicklung im Europa des 20. Jahrhunderts</title>. <other>Frankfurt a. M./New York</other>.
<author><surname>MATTHIESEN</surname>, <given-names>U</given-names></author>. (<year>1995</year>) <title>An den Rändern der Hauptstadt: Verflechtungsmilieus im Fusionsprozeß</title>. - In: <editor>SAHNER, H.</editor> & <editor>S. SCHWENDTNER</editor> (HG.): <source>Gesellschaften im Umbruch</source>.  <fpage>349</fpage><lpage>ff</lpage>., <other>Leverkusen-Opladen</other>.
<editor>MATTHIESEN, U.</editor> (HG.) (<year>1998</year>): <title>Die Räume der Milieus: Neue Tendenzen in der sozial- und raumwissenschaftlichen Milieuforschung, in der Stadt und Raumplanung</title>. <other>Berlin</other>.
<editor>MINISTERIE VAN VOLKSHUISVESTING, RUIMTELIJKE ORDENING EN MILIEUBEHEER</editor> (HG.) (<year>1994</year>):  <title>Woonmilieus in Nederland: Een kwantitatieve analyse</title>: <other>Den Haag</other>.
<author><surname>SIEVERTS</surname>, <given-names>T</given-names></author>. (<year>1999</year>): <title>Zwischenstadt: Zwischen Ort und Welt, Raum und Zeit, Stadt und Land</title>. 3. Auflage, <source>Bauwelt-Fundamente</source> <volume>118</volume>, <other>Braunschweig/Wiesbaden</other>.
<author><surname>STAUFENBIEL</surname>, <given-names>F</given-names></author>. (<year>1989</year>): <title>Leben in Städten</title>. <other>Berlin</other>.