<editor>BUND DEUTSCHER ARCHITEKTEN</editor> <other>ET AL.</other> (<year>1996</year>) (Hg.): <title>Die Renaissance der Bahnhöfe - Die Stadt im 21. Jahrhundert. - Ausstellungskatalog zur Biennale 1996</title>. 
<editor>DEUTSCHES SEMINAR FÜR STÄDTEBAU UND WIRTSCHAFT</editor> (<year>1996</year>) (Hg.): <title>Bahnhöfe - Eintrittstor zur Stadt</title>, <other>bearbeitet von Arnulf Marquardt-Kuron</other>, <source>DSSW-Schriften</source> <volume>23</volume>, <other>Bonn</other>. 
<author><surname>METHLING</surname>, <given-names>H. zur</given-names></author> (<other>o.J.</other>) <title>Entwicklung des Eisenbahnnetzes (1838-1966)</title>. - <source>Historischer Handatlas von Brandenburg und Berlin</source>, Lfg. <volume>22</volume>. 
<editor>INSTITUT FÜR STADTENTWICKLUNG UND WOHNEN DES LANDES BRANDENBURG</editor> (<year>1996</year>): <title>Bahnhofsprogramm Land Brandenburg</title>. - <source>Schriftenreihe</source>, H. <issue>4</issue>, <other>Potsdam</other>. 
<editor>MÄRKISCHE SCHIENE</editor> (<year>1996</year>): <title>Zeitschrift des Deutschen Bahnkundenverbandes</title>, <other>Berlin/Hamburg</other>. 
<editor>MINISTERIUM FÜR STADTENTWICKLUNG, WOHNEN UND VERKEHR DES LANDES BRANDENBURG</editor> (<year>1993</year>) (Hg.): <title>Erreichbarkeit regionaler Entwicklungszentren im dünn besiedelten ländlichen Raum</title>. - <other>Potsdam</other>. 
<editor>MINISTERIUM FÜR STADTENTWICKLUNG, WOHNEN UND VERKEHR DES LANDES BRANDENBURG</editor> (<year>1995</year>) (Hg.): <title>Entwicklung von Bahnhofsumfeldern</title>. - <source>Schriftenreihe</source>, H. <issue>16</issue>, <other>Potsdam</other>. 
<editor>MINISTERIUM FÜR WIRTSCHAFT, VERKEHR, LANDWIRTSCHAFT UND WEINBAU DES LANDES RHEINLAND-PFALZ</editor> (<year>1995</year>) (Hg.): <title>Planungshandbuch Umweltbahnhof Rheinland-Pfalz</title>. - <other>Mainz</other>. 
<editor>RHEIN-MAIN-VERKEHRSVERBUND</editor>,  Heft <issue>5</issue>: <title>Stationsentwicklungsplan</title>, <other>Hofheim</other> <year>1996</year>.