<author><surname>BRENDLE</surname>, <given-names>K</given-names></author>. & <author><surname>CHRISTENSEN</surname>, <given-names>M</given-names></author>. (<year>1995</year>): <title>Haus-Typologie und Stadtbild-Planung in Schwerin - Baugeschichte und Stadterleben als Grundlage städtebaulichen Entwerfens</title>. - <source>Kulturlandschaft - Zeitschrift für angewandte historische Geographie</source>, Jahrgang <volume>5</volume>, Heft <issue>2</issue>: <fpage>65</fpage> <lpage>ff</lpage>.
<author><surname>BRENDLE</surname>, <given-names>K</given-names></author>. (<year>1990</year>): <title>Stadtgestaltung - Einführung - Inhalte-Beispiele</title>. - In: <editor>STÄDTEBAULICHES INSTITUT UNIVERSITÄT STUTTGART</editor> (Hg.): <title>Einführung Städtebau. - Arbeitsmaterialien</title>, 3. Aufl., S. <fpage>165</fpage> <lpage>ff</lpage>., <other>Stuttgart</other>.
<author><surname>CANIGGIA</surname>, <given-names>G</given-names></author>. (<year>1986</year>): <title>Der typologische Prozeß in Forschung und Entwurf</title> - <source>arch+</source>, Nr. <volume>85</volume>: <fpage>43</fpage> <lpage>ff</lpage>.
<author><surname>HOFFMANN-AXTHELM</surname>, <given-names>D</given-names></author>. (<year>1993</year>): <title>Die dritte Stadt - Baustein eines neuen Gründungsvertrages</title>. - <other>Frankfurt am Main</other>.
<author><surname>KRÖBER</surname>, <given-names>G</given-names></author>. (<year>1980</year>): <title>Das städtebauliche Leitbild zur Umgestaltung unserer Städte</title>. - <other>Berlin</other>.
<author><surname>LYNCH</surname>, <given-names>K</given-names></author>. (<year>1968</year>): <title>Das Bild der Stadt</title>. - <other>Gütersloh, Berlin, München</other>.
<author><surname>PANERAI</surname>, <given-names>P</given-names></author>. (<year>1980</year>): <title>Typologien</title>. - <source>arch.+</source>, Nr. <volume>50</volume>: <fpage>7</fpage> <lpage>ff</lpage>.
<author><surname>ROSSI</surname>, <given-names>A</given-names></author>. (<year>1973</year>): <title>Die Architektur der Stadt - Skizze zu einer grundlegenden Theorie des Urbanen</title>. - <other>Düsseldorf</other>.
<author><surname>TRIEB</surname>, <given-names>M</given-names></author>. (<year>1974</year>): <title>Stadtgestaltung - Theorie und Praxis</title>. - <other>Düsseldorf</other>.