<editor>BEAUFTRAGTE DER BUNDESREGIERUNG FÜR AUSLÄNDERFRAGEN</editor> (HG.) (<year>2002</year>): <title>Bericht der Beauftragten der Bundesregierung für Ausländerfragen über die Lage der Ausländer in der Bundesrepublik Deutschland</title>. – <other>Bonn</other>.
<author><surname>DIEHL</surname>, <given-names>C</given-names></author>. (<year>2002</year>): <title>Die Auswirkungen längerer Herkunftslandaufenthalte auf den Schulerfolg</title>. – In: <source>Zeitschrift für Bevölkerungswissenschaft</source>, <volume>27</volume>. Jg., H. <issue>2</issue> (im Druck).
<author><surname>DIEHL</surname>, <given-names>C</given-names></author>. & <author><surname>HAUG</surname>, <given-names>S</given-names></author>. (<year>2003</year>): <title>Assessing migration and integration in a hesitant immigration country: data sources and data problems in Germany</title>. – In: <editor>Studi Emigrazione</editor>: <source>Integration of Migrants in Europe: statistical approach in old and new receiving countries</source>. (in Vorbereitung).
<author><surname>GRANATO</surname>, <given-names>N</given-names></author>. & <author><surname>KALTER</surname>, <given-names>F</given-names></author>. (<year>2001</year>): <title>Die Persistenz ethnischer Ungleichheit auf dem deutschen Arbeitsmarkt: Diskriminierung oder Unterinvestition in Humankapital?</title> – In: <source>Kölner Zeitschrift für Soziologie und Sozialpsychologie</source>, <volume>53</volume>. Jg., H. <issue>3</issue>:<fpage>497</fpage>–<lpage>520</lpage>.
<author><surname>HAUG</surname>, <given-names>S</given-names></author>. (<year>2002</year>): <title>Familienstand, Schulbildung und Erwerbstätigkeit junger Erwachsener. Eine Analyse der ethnischen und geschlechtsspezifischen Ungleichheiten – Erste Ergebnisse des Integrationssurveys des BiB</title>.– In: <source>Zeitschrift für Bevölkerungswissenschaft</source>, <volume>27</volume>. Jg., H. <issue>1</issue>:<fpage>115</fpage>–<lpage>144</lpage>.
<author><surname>HÖHN</surname>, <given-names>A</given-names></author>., <author><surname>OTT</surname>, <given-names>TH</given-names></author>. & <author><surname>SWIACZNY</surname>, <given-names>F</given-names></author>. (<year>2002</year>): <title>Papier oder Online. Zum Einsatz internetbasierter Befragungen in empirischen Forschungs- und Umfrageprojekten</title>.- In: <source>STANDORT</source>, <volume>26</volume>. Jg., H. <issue>2</issue>:<fpage>63</fpage>–<lpage>69</lpage>.
<author><surname>MAMMEY</surname>, <given-names>U</given-names></author>. & <author><surname>SATTIG</surname>, <given-names>J</given-names></author>. (<year>2002</year>): <title>Determinanten und Indikatoren der Integration und Segregation der ausländischen Bevölkerung (Integrationssurvey). Projekt- und Materialdokumentation</title>. – <source>BiB Materialen zur Bevölkerungswissenschaft</source>, H. <issue>105</issue>, <other>Wiesbaden</other>.
<author><surname>ROLOFF</surname>, <given-names>J</given-names></author>. & <author><surname>SCHWARZ</surname>, <given-names>K</given-names></author>. (<year>2002</year>): <title>Bericht 2001 über die demographische Lage in Deutschland mit dem Teil B: Sozio-ökonomische Strukturen der ausländischen Bevölkerung</title>. – In: <source>Zeitschrift für Bevölkerungswissenschaft</source>, <volume>27</volume>. Jg., H. <issue>1</issue>:<fpage>3</fpage>–<lpage>68</lpage>.
<author><surname>SCHNELL</surname>, <given-names>R</given-names></author>., <author><surname>PAUL</surname> <given-names>H</given-names></author>. & <author><surname>ESSER</surname>, <given-names>H</given-names></author>. (<year>1999</year>): <title>Methoden der empirischen Sozialforschung</title>. – 6. Aufl., <other>München</other>.
<editor>STATISTISCHES BUNDESAMT</editor> (<year>2000</year>a): <source>Fachserie 1: Bevölkerung und Erwerbstätigkeit</source>, <title>Reihe 1: Gebiet und Bevölkerung</title>. – <other>Wiesbaden</other>.
<editor>STATISTISCHES BUNDESAMT</editor> (<year>2000</year>b): <source>Fachserie 1: Bevölkerung und Erwerbstätigkeit</source>, <title>Reihe 2: Ausländische Bevölkerung sowie Einbürgerungen</title>. – <other>Wiesbaden</other>.
<editor>STATISTISCHES BUNDESAMT</editor> (<year>2000</year>c): <source>Fachserie 1: Bevölkerung und Erwerbstätigkeit</source>, <title>Reihe 3: Haushalte und Familien</title>. – <other>Wiesbaden</other>. 
<editor>STATISTISCHES BUNDESAMT</editor> (<year>2000</year>d): <title>Fachserie 11: Bildung und Kultur</title>, verschiedene Reihen.
<editor>STATISTISCHES BUNDESAMT</editor> (<year>2001</year>): <title>Im Blickpunkt: Ausländische Bevölkerung in Deutschland</title>. – <other>Wiesbaden</other>.
<editor>STATISTISCHES BUNDESAMT</editor> (<year>2002</year>): <title>Statistisches Jahrbuch für die Bundesrepublik Deutschland</title>. – <other>Wiesbaden</other>.
<author><surname>VENEMA</surname>, <given-names>M</given-names></author>. & <author><surname>GRIMM</surname>, <given-names>C</given-names></author>. (<year>2001</year>): <source>Bundesrepublik Deutschland. Repräsentativuntersuchung 2001</source>. <title>Teil A: Türkische, ehemalige jugoslawische, italienische sowie griechische Arbeitnehmer und ihre Familienangehörigen in den alten Bundesländern und im ehemaligen West-Berlin</title>. – <other>Berlin</other>.
<editor>Bundesinstitut für Bevölkerungsforschung in Wiesbaden</editor>: <url>http://www.bib-demographie.de/</url>
<editor>Beauftragte der Bundesregierung für Ausländerfragen</editor>: <url>http://www.integrationsbeauftragte.de/</url>
<editor>Bundesamt für Migration und Flüchtlinge in Nürnberg (BAMF)</editor>: <url>http://www.bafl.de/bafl/</url>
<editor>Bundesanstalt für Arbeit</editor>: <url>http://www.arbeitsamt.de/hst/services/statistik/detail/index.html</url>
<editor>Deutsches Institut für Wirtschaftsforschung in Berlin (DIW)</editor>: <url>http://www.diw.de/english/sop/</url>
<editor>Marplan Ausländer-Mehrthemenbefragung</editor>: <url>http://www.marplan.de/deutsch/auslaender.asp</url>
<editor>Statistisches Bundesamt in Wiesbaden</editor>: <url>http://www.destatis.de</url>