<author><surname>HARD</surname>, <given-names>G</given-names></author>. & <author><surname>WENZEL</surname>, <given-names>H.J.</given-names></author> (<year>1979</year>): <title>Wer denkt eigentlich schlecht von der Geographie?</title> – In: <source>Geographische Rundschau</source>, H. <issue>6</issue>, <fpage>262</fpage>–<lpage>268</lpage>, <other>Braunschweig</other>. 
<author><surname>HEINRITZ</surname>, <given-names>G</given-names></author>. & <author><surname>WIESSNER</surname>, <given-names>R</given-names></author>. (<year>1997</year>): <title>Studienführer Geographie</title>, <other>Braunschweig</other>. 
<author><surname>KLECKER</surname>, <given-names>P</given-names></author>. (<year>1995</year>): <title>Der Arbeitsmarkt für Geographen 1994, Teil I: Ende des Booms?</title> – In: <source>STANDORT – Zeitschrift für Angewandte Geographie</source>, H. <issue>4</issue>, <fpage>36</fpage>–<lpage>38</lpage>, <other>Berlin u.a. </other>
<author><surname>MONHEIM</surname>, <given-names>H</given-names></author>., <author><surname>SCHWARTE</surname>, <given-names>M</given-names></author>. & <author><surname>WINKELKÖTTER</surname>, <given-names>C</given-names></author>. (<year>1999</year>): <title>Die deutsche Geographie dreißig Jahre nach Kiel</title>. – In: <source>STANDORT – Zeitschrift für Angewandte Geographie</source>, H. <issue>3</issue>, <fpage>46</fpage>–<lpage>49</lpage>, <other>Berlin u.a. </other>
<author><surname>WANNER</surname>, <given-names>H</given-names></author>. & <author><surname>CASPAR</surname>, <given-names>R</given-names></author>. (<year>1984</year>): <title>Der Entscheid zum Geographiestudium. Eine Befragung von erstsemestrigen Geographiestudierenden</title>, <other>Zürich</other>. 
<author><surname>ZIMBARDO</surname>, <given-names>P.G.</given-names></author> (<year>1995</year>): <title>Psychologie</title>, <other> Berlin u.a.</other>