<author><surname>HAAS</surname>, <given-names>H.-D.</given-names></author> & <author><surname>LINDEMANN</surname>, <given-names>S</given-names></author>. (<year>2003</year>): <title>Wissensintensive unternehmensorientierte Dienstleistungen als regionale Innovationssysteme</title>. In: <source>Zeitschrift für Wirtschaftsgeographie</source>, H. <issue>1</issue>, S. <fpage>1</fpage>–<lpage>14</lpage>.
<author><surname>HELD</surname>, <given-names>H</given-names></author>. (<year>2000</year>): <title>Benefit Net Thinking – Nutzendenken und Netzwerkkompetenz</title>. In: <source>ASU/BJU News</source> <volume>9</volume>/<year>2000</year>, S. <fpage>38</fpage>–<lpage>39</lpage>.
<author><surname>HELD</surname>, <given-names>H</given-names></author>. (<year>2003</year>): <title>Strategische Planung und Erfolgskontrolle in der Wirtschaftsförderung</title>. In: <editor>IMAKOMM</editor> (Hg.): <source>Wirtschaftsförderung im Umbruch. Schriften zur Wirtschaftsförderung</source>, Band <volume>2</volume>, <other>Aalen</other>, S. <fpage>25</fpage>–<lpage>74</lpage>.
<author><surname>KANTER</surname>, <given-names>R.M.</given-names></author> (<year>2000</year>): <title>Global denken – lokal handeln – Weltklasse erreichen</title>. <other>Wien</other>.
<editor>LANDESARBEITSAMT BADEN-WÜRTTEMBERG</editor> (<year>2003</year>): <title>Strukturbericht – Regionen im Fokus</title>. <other>Stuttgart</other>.
<author><surname>LEUNINGER</surname>, <given-names>S</given-names></author>. (<year>2003</year>): <title>Branchen- und technologiefokussierte Gründerzentren – zielgerichtete Förderung von Unternehmensnetzwerken</title>. In: <editor>IMAKOMM</editor> (Hg.): <source>Wirtschaftsförderung im Umbruch. Schriften zur Wirtschaftsförderung</source>, Band <volume>2</volume>, <other>Aalen</other>, S. <fpage>115</fpage>–<lpage>128</lpage>.
<author><surname>PURSCHKE</surname>, <given-names>I</given-names></author>. (<year>2003</year>): <title>Regionale Wirtschaftsförderung und eCommerce – Ergebnisse einer Untersuchung aus Baden-Württemberg</title>. In: <source>Standort</source>, H. <issue>2</issue>, S. <fpage>62</fpage>–<lpage>67</lpage>.
<author><surname>SCHAMP</surname>, <given-names>E</given-names></author>. (<year>2001</year>): <title>Reorganisation metropolitaner Wissenssysteme im Spannungsfeld zwischen lokalen und nicht-lokalen Anstrengungen</title>. In: <source>Zeitschrift für Wirtschaftsgeographie</source>, H. <issue>3–4</issue>, S. <fpage>231</fpage>–<lpage>245</lpage>.
<author><surname>SELTSAM</surname>, <given-names>C</given-names></author>. (<year>2001</year>): <title>Kommunale Wirtschaftsförderung: Ziele, Instrumente, Erfolgskontrolle</title>, <other>Bayreuth</other>.
<author><surname>STERNBERG</surname>, <given-names>R</given-names></author>. (<year>2001</year>): <title>New Economic Geography und Neue regionale Wachstumstheorie aus wirtschaftsgeographischer Sicht</title>. In: <source>Zeitschrift für Wirtschaftsgeographie</source>, H. <issue>3–4</issue>, S. <fpage>159</fpage>–<lpage>180</lpage>.
<author><surname>TICHY</surname>, <given-names>G</given-names></author>. (<year>2001</year>): <title>Regionale Kompetenzzyklen – zur Bedeutung von Produktlebenszyklus- und Clusteransätzen im regionalen Kontext</title>. In: <source>Zeitschrift für Wirtschaftsgeographie</source>, H. <issue>3–4</issue>, S. <fpage>181</fpage>–<lpage>201</lpage>.