<author><surname>Appel</surname>, <given-names>J</given-names></author>. (<year>2000</year>). <title>Erfahrungswissen und Fremdsprachendidaktik</title>. <other>München</other>: <publisher>Langenscheidt-Longman</publisher>.
<author><surname>Bach</surname>, <given-names>G</given-names></author>. (<year>2010</year>). <title>Bilingualer Unterricht: Lernen - Lehren - Forschen</title>. In <editor>G. Bach</editor> & <editor>S. Niemeier</editor> (Hg.), <source>Bilingualer Unterricht. Grundlagen, Methoden, Praxis, Perspektiven</source> (S. <fpage>9</fpage>-<lpage>22</lpage>). <other>Frankfurt a.M.</other>: <publisher>Peter Lang</publisher>.
<author><surname>Biederstädt</surname>, <given-names>W</given-names></author>. (<year>2010</year>). <title>Möglichkeiten und Grenzen des Englischen als Arbeitssprache im Geographieunterricht der Klassen 7-10</title>. In <editor>G. Bach</editor> & <editor>S. Niemeier</editor> (Hg.), <source>Bilingualer Unterricht. Grundlagen, Methoden, Praxis, Perspektiven</source> (S. <fpage>121</fpage>-<lpage>130</lpage>). <other>Frankfurt a.M.</other>: <publisher>Peter Lang</publisher>.
<author><surname>Biederstädt</surname>, <given-names>W</given-names></author>. (<year>2013</year>). <title>Ein innovatives Unterrichtskonzept</title>. In <editor>W. Biederstädt</editor> (Hg.), <source>Bilingual unterrichten. Englisch für alle Fächer</source> (S. <fpage>5</fpage>-<lpage>14</lpage>). <other>Berlin</other>: <publisher>Cornelsen Scriptor</publisher>.
<author><surname>Böing</surname>, <given-names>M</given-names></author>. & <author><surname>Palmen</surname>, <given-names>P</given-names></author>. (<year>2013</year>). <title>Zweisprachiges Unterrichten im bilingualen Geographieunterricht</title>. <source>geographie heute</source>, <volume>34</volume>(<issue>315</issue>), <fpage>45</fpage>-<lpage>46</lpage>.
<author><surname>Breidbach</surname>, <given-names>S</given-names></author>. (<year>2007</year>). <title>Bildung, Kultur, Wissenschaft. Peflexive Didaktik für den bilingualen Sachfachunterricht</title>. <other>Münster, New York</other>: <publisher>Waxmann</publisher>.
<author><surname>Breidbach</surname>, <given-names>S</given-names></author>. (<year>2013</year>). <title>Geschichte und Entstehung des Bilingualen Unterrichts in Deutschland: Bilingualer Unterricht und Gesellschaftspolitik</title>. In <editor>W. Hallet</editor> & <editor>F.G. Königs</editor> (Hg.), <source>Handbuch Bilingualer Unterricht. Content and Language Integrated Learning</source> (S. <fpage>11</fpage>-<lpage>17</lpage>). <other>Stuttgart</other>: <publisher>Klett Kallmeyer</publisher>.
<author><surname>Breidbach</surname>, <given-names>S</given-names></author>. & <author><surname>Viebrock</surname>, <given-names>B</given-names></author>. (<year>2006</year>). <title>Bilingualer Sachfachunterricht aus der Sicht wissenschaftlicher und praktischer Theoretiker</title>. In <editor>W. Gehring</editor> (Hg.), <source>Fremdsprachenunterricht heute. Oldenburger Forum Fremdsprachendidaktik</source> (Band <volume>3</volume>) (S. <fpage>234</fpage>-<lpage>356</lpage>). <other>Oldenburg</other>: <publisher>BIS-Verlag der Carl von Ossietzky Universität Oldenburg</publisher>.
<author><surname>Butzkamm</surname>, <given-names>W</given-names></author>. (<year>2010</year>). <title>Über die planvolle Mitbenutzung der Muttersprache im bilingualen Sachfachunterricht</title>. In <editor>G. Bach</editor> & <editor>S. Niemeier</editor> (Hg.), <source>Bilingualer Unterricht. Grundlagen, Methoden, Praxis, Perspektiven</source> (S. <volume>91</volume>-<lpage>108</lpage>). <other>Frankfurt a.M.</other>: <publisher>Peter Lang</publisher>.
<author><surname>Coyle</surname>, <given-names>D</given-names></author>. (<year>2005</year>). <title>CLIL. Planning Tools for Teachers (Unveröff. Manuskript)</title>. <other>Nottingham</other>: <publisher>University of Nottingham</publisher>.
<author><surname>Coyle</surname>, <given-names>D</given-names></author>. (<year>2006</year>). <title>Content and Language Integrated Learning. Motivating Learners and Teachers (Unveröff. Manuskript)</title>. <other>Nottingham</other>: <publisher>University of Nottingham</publisher>.
<author><surname>Coyle</surname>, <given-names>D</given-names></author>. (<year>2011</year>). <title>Teacher Education and CLIL Methods and Tools (Unveröff. Präsentation)</title>. <other>Aberdeen</other>: <publisher>University of Aberdeen</publisher>.
<author><surname>Coyle</surname>, <given-names>D</given-names></author>., <author><surname>Hood</surname>, <given-names>P</given-names></author>. & <author><surname>Marsh</surname>, <given-names>D</given-names></author>. (<year>2010</year>). <title>CLIL. Content and Language Integrated Learning</title>. <other>Cambridge</other>: <publisher>Cambridge University Press</publisher>.
<author><surname>D'Angelo</surname>, <given-names>L</given-names></author>. (<year>2013</year>). <title>The Construction of the CLIL Subject Teacher Identity</title>. In <editor>S. Breidbach</editor> & <editor>B. Viebrock</editor> (Hg.), <source>Content and Language Integrated Learning (CLIL) in Europe - Research Perspectives on Policy and Practice</source> (S. <fpage>105</fpage>-<lpage>116</lpage>). <other>Frankfurt a.M.</other>: <publisher>Peter Lang</publisher>.
<author><surname>Dalton-Puffer</surname>, <given-names>C</given-names></author>. (<year>2007</year>). <title>Discourse in Content and Language Integrated Learning (CLIL) Classrooms</title>. <other>Amsterdam, Philadelphia</other>: <publisher>John Benjamins Publishing Company</publisher>.
<author><surname>Dalton-Puffer</surname>, <given-names>C</given-names></author>. & <author><surname>Hüttner</surname>, <given-names>J</given-names></author>. (<year>2013</year>). <title>Der Einfluss subjektiver Sprachlerntheorien auf den Erfolg der Implementierung von CLIL- Programmen</title>. In <editor>S. Breidbach</editor> & <editor>B. Viebrock</editor> (Hg), <source>Content and Language Integrated Learning (CLIL) in Europe - Research Perspectives on Policy and Practice</source> (S. <fpage>129</fpage>-<lpage>144</lpage>). <other>Frankfurt a.M.</other>: <publisher>Peter Lang</publisher>.
<editor>DESI-Konsortium</editor> (<year>2006</year>). <title>Unterricht und Kompetenzerwerb in Deutsch und Englisch. Zentrale Befunde der Studie Deutsch-Englisch-Schülerleistungen-lnternational (DESI)</title>. Auf gerufen am 28. März 2018 unter: <url>http://www.dipf.de/de/forschung/projekte/pdf/biqua/desi-zentrale-befunde</url>
<editor>DGfG (Deutsche Gesellschaft für Geographie)</editor> (Hg.) (<year>2017</year>). <title>Bildungsstandards im Fach Geographie für den Mittleren Schulabschluss mit Aufgabenbeispielen</title>. <other>Bonn</other>: <publisher>Selbstverlag DGfG</publisher>.
<author><surname>Dirks</surname>, <given-names>U</given-names></author>. (<year>2004</year>). <title>,Kulturhüter' oder,Weltwanderer'? Zwei,ideale' Realtypen bilingualen Sachfachunterrichts</title>. In <editor>A. Bonnet</editor> & <editor>S. Breidbach</editor> (Hg.), <source>Didaktiken im Dialog. Konzepte des Lehrens und Wege des Lernens im bilingualen Sachfachunterricht</source> (S. <fpage>129</fpage>-<lpage>140</lpage>). <other>Frankfurt a.M.</other>: <publisher>Peter Lang</publisher>.
<editor>Eurydice</editor> (<year>2006</year>). <title>Content and Language Integra- ted Learning (CLIL) at School in Europe</title>. <other>Brüssel</other>: <publisher>Eurydice European Unit.</publisher>
<author><surname>Falk</surname>, <given-names>G.C.</given-names></author> & <author><surname>Müller</surname>, <given-names>M</given-names></author>. (<year>2013</year>). <title>Geographie bilingual lehren und lernen. Entwicklung und gegenwärtiger Zustand des bilingualen Unterrichts</title>. <source>geographie heute</source>, <volume>34</volume>(<issue>315</issue>), <fpage>2</fpage>-<lpage>5</lpage>.
<author><surname>Golay</surname>, <given-names>D</given-names></author>. (<year>2004</year>). <title>Warum bilingualer Geographie-Unterricht auf der Sekundarstufe I? Eine entwicklungspsychologische, lern- und spracherwerbstheoretische Begründung</title>. <source>Geographie und ihre Didaktik (GuiD)</source>, <volume>32</volume>(<issue>2</issue>), <fpage>76</fpage>-<lpage>93</lpage>.
<author><surname>Golay</surname>, <given-names>D</given-names></author>. (<year>2005</year>). <title>Das bilinguale Sachfach Geographie. Eine empirische Untersuchung zum sachfachlichen Lernzuwachs im bilingual deutsch-französischen Geographieunterricht in der Sekundarstufe I</title>. <source>Geographiedidaktische Forschungen</source>, Band <volume>39</volume>. <other>Nürnberg</other>: <publisher>Hochschulverband für Geographiedidaktik</publisher>.
<author><surname>Groeben</surname>, <given-names>N</given-names></author>., <author><surname>Wahl</surname>, <given-names>D</given-names></author>., <author><surname>Schlee</surname>, <given-names>J</given-names></author>., & <author><surname>Scheele</surname>, <given-names>B</given-names></author>. (<year>1988</year>). <title>Das Forschungsprogramm Subjektive Theorie: eine Einführung in die Psychologie des reflexiven Subjekts</title>. <other>Tübingen</other>: <publisher>Francke</publisher>. Aufgerufen am 28. März 2018 unter <url>http:// www.ssoar.info/ssoar/handle/document/2765</url>
<author><surname>Hallet</surname>, <given-names>W</given-names></author>. (<year>2005</year>). <title>Bilingualer Unterricht: Fremdsprachig denken, lernen und handeln</title>. <source>Der fremdsprachliche Unterricht Englisch</source>, <volume>39</volume>(<issue>78</issue>), <fpage>2</fpage>-<lpage>8</lpage>.
<author><surname>Heine</surname>, <given-names>L</given-names></author>. (<year>2013</year>). <title>Empirische Erforschung des Bilingualen Unterrichts</title>. In <editor>W. Hallet</editor> & <editor>F.G. Königs</editor> (Hg.): <source>Handbuch bilingualer Unterricht</source>. (S. <fpage>216</fpage>-<lpage>221</lpage>). <other>Seelze</other>: <publisher>Klett-Kallmeyer</publisher>.
<author><surname>Hoffmann</surname>, <given-names>R</given-names></author>. (<year>2004</year>). <title>Geographie als bilinguales Sachfach. Fachdidaktische Grundsatzüberlegungen</title>. In <editor>A. Bonnet</editor> & <editor>S. Breidbach</editor> (Hg.), <source>Didaktiken im Dialog. Konzepte des Lehrens und Wege des Lernens im bilingualen Sachfachunterricht</source> (S. <fpage>207</fpage>-<lpage>219</lpage>). <other>Frankfurt a.M.</other>: <publisher>Peter Lang</publisher>.
<author><surname>Hoffmann</surname>, <given-names>R</given-names></author>. (<year>2015</year>). <title>Bilingualer Geographieunterricht in Deutschland. Eine Bestandsaufnahme</title>. <source>Geographie aktuell & Schule</source>, <volume>37</volume>(<issue>218</issue>), <fpage>4</fpage>-<lpage>17</lpage>.
<author><surname>Hoffmann</surname>, <given-names>R</given-names></author>. & <author><surname>Meyer</surname>, <given-names>C</given-names></author>. (<year>2009</year>). <title>Bilingualer Geographieunterricht in Deutschland</title>. <source>Praxis Geographie</source>, (<volume>39</volume>)<issue>5</issue>, <fpage>4</fpage>-<lpage>7</lpage>.
<author><surname>Hollm</surname>, <given-names>J</given-names></author>., <author><surname>Hüttermann</surname>, <given-names>A</given-names></author>., <author><surname>Kessler</surname>, <given-names>J.-U.</given-names></author>, <author><surname>Schlemminger</surname>, <given-names>G</given-names></author>. (<year>2010</year>). <title>BiliReal 2010: Bilinguale Züge für Englisch und Französisch in der Realschule. Erste Ergebnisse der wissenschaftlichen Begleitforschung im Schulversuch in Baden-Württemberg</title>. <source>Beiträge zur Fremdsprachenvermittlung</source>, <volume>49</volume>(<issue>1</issue>), <fpage>151</fpage>-<lpage>187</lpage>.
<editor>KMK (Kultusministerkonferenz)</editor> (<year>2013</year>). <title>„ Konzepte für den bilingualen Unterricht - Erfahrungsbericht und Vorschläge zur Weiterentwicklung". Beschluss der Kultusministerkonferenz vom 17.10.2013</title>. Aufgerufen am 28. März 2018 unter <url>https://www.kmk.org/fileadmin/veroeffentlichungen_beschluesse/2006/2006_04_10-Konzepte-bilingualer-Unterricht.pdf</url>
<author><surname>Königs</surname>, <given-names>F.G.</given-names></author> (<year>2007</year>). <title>Sachfachunterricht in der Fremdsprache: Einige (un)realistische Anmerkungen aus der Perspektive der (neuen) Lehrerbildung</title>. <source>Fremdsprachen Lehren und Lernen (FLuL)</source>, <volume>36</volume>(<issue>1</issue>, <fpage>48</fpage>-<lpage>62</lpage>.
<author><surname>Lenz</surname>, <given-names>T</given-names></author>. (<year>2002</year>). <title>Bilingualer Geographieunterricht im Spannungsfeld von Sachfach- und Fremdsprachendidaktik - eine kritische Positionsbestimmung aus geographiedidaktischer Sicht</title>. <source>Geographie und Schule</source>, (<volume>24</volume>)<issue>137</issue>, <fpage>2</fpage>-<lpage>11</lpage>.
<author><surname>Lenz</surname>, <given-names>T</given-names></author>. (<year>2004</year>). <title>Schriftliche Leistungsüberprüfung im bilingualen Geographieunterricht</title>. In <editor>A. Bonnet</editor> & <editor>S. Breidbach</editor> (Hg.): <source>Didaktiken im Dialog. Konzepte des Lehrens und Wege des Lernens im bilingualen Sachfachunterricht</source> (S. <fpage>103</fpage>-<lpage>114</lpage>), <other>Frankfurt a.M.</other>: <publisher>Peter Lang</publisher>.
<author><surname>Lenz</surname>, <given-names>T</given-names></author>. (<year>2013</year>). <title>Erfolgreich bilingual unterrichten. Prinzipien und Methoden bilingualen Geographieunterrichts</title>. <source>geographie heute</source>, <volume>634</volume>/<issue>315</issue>, <volume>6</volume>-<lpage>9</lpage>.
<author><surname>Mayring</surname>, <given-names>P</given-names></author>. (<year>2010</year>): <title>Qualitative Inhaltsanalyse. Grundlagen und Techniken</title>. <other>Weinheim, Basel</other>: <publisher>Beltz</publisher>.
<author><surname>Meyer</surname>, <given-names>C</given-names></author>. (<year>2003</year>). <title>Bedeutung, Wahrnehmung und Bewertung des bilingualen Geographieunterrichts. Studien zum zweisprachigen Erdkundeunterricht (Englisch) in Bheinland-Pfalz (Dissertation)</title>. Aufgerufen am 28. März 2018 unter <url>https://www.deutsche-digitale-biblio-thek.de/binary/OZT47SG4KWQBNSHF3S-GWFCJTKTM3DGP7/full/1.pdf</url>
<author><surname>Meyer</surname>, <given-names>C</given-names></author>. (<year>2013</year>). <title>Bilingualer Unterricht</title>. In <editor>M. M. Rolfes</editor> & <editor>A. Uhlenwinkel</editor> (Hg.): <source>Metzler Handbuch 2.0 Geographieunterricht. Ein Leitfaden für Praxis und Ausbildung</source> (S. <fpage>33</fpage>-<lpage>38</lpage>), <other>Braunschweig</other>, <publisher>Westermann</publisher>.
<author><surname>Meyer</surname>, <given-names>H</given-names></author>. (<year>2004</year>). <title>Was ist guter Unterricht?</title> <other>Berlin</other>: <publisher>Cornelsen Scriptor</publisher>.
<author><surname>Meyer</surname>, <given-names>O</given-names></author>. (<year>2009</year>). <title>Content and Language Integrated Learning (CLIL) im Geographieunterricht. Strategien und Prinzipien für ein erfolgreiches Unterrichten</title>. <source>Praxis Geographie</source>, <volume>39</volume>(<issue>5</issue>), <fpage>8</fpage>-<lpage>13</lpage>.
<author><surname>Müller</surname>, <given-names>M</given-names></author>. (<year>2008</year>). <title>Probleme der Leistungsmessung im bilingualen Unterricht</title>. <source>Praxis Fremdsprachenunterricht</source>, <volume>5</volume>(<issue>4</issue>), <fpage>37</fpage>-<lpage>41</lpage>.
<author><surname>Müller</surname>, <given-names>M</given-names></author>. & <author><surname>Falk</surname>, <given-names>G</given-names></author>. (<year>2014</year>). <title>Bilingualer Geographieunterricht - Überlegungen zum sprachlichen, fachlichen und interkulturellkommunikativen Kompetenzerwerb</title>. <source>Zeitschrift für Geographiedidaktik | Journal of Geography Education</source>, <volume>42</volume>(<issue>2</issue>), <fpage>115</fpage>-<lpage>130</lpage>.
<editor>Niedersächsisches Kultusministerium</editor> (<year>2015</year>). <title>Kerncurriculum für das Gymnasium Schuljahrgänge 5-W. Erdkunde</title>. Aufgerufen am 28. März 2018 unter <url>http://db2.nibis.de/1db/cuvo/datei/ek_gym_si_kc_druck.pdf</url>
<author><surname>Niemeier</surname>, <given-names>S</given-names></author>. (<year>2010</year>). <title>Bilingualismus und ,bilinguale' Bildungsgänge aus kognitiv-linguistischer Sicht</title>. In <editor>G. Bach</editor> & <editor>S. Niemeier</editor> (Hg.), <source>Bilingualer Unterricht. Grundlagen, Methoden, Praxis, Perspektiven</source> (S. <fpage>23</fpage>-<lpage>46</lpage>). <other>Frankfurt a.M.</other>: <publisher>Peter Lang</publisher>.
<author><surname>Passon</surname>, <given-names>P</given-names></author>. (<year>2007</year>). <title>Evaluation von Fachlernen und Sprachlichkeit im Kontext bilingualer Bildung (Diplomarbeit)</title>. Universität Osnabrück. Aufgerufen am 28. März 2018 unter <url>http://www.home.uni-osnabrueck.de/hvollmer/Diplomarbeit-Peter-Passon.pdf</url>
<author><surname>Petersohn</surname>, <given-names>R</given-names></author>. (<year>2006</year>). <title>„...in vielen Sprachen lernen." - Überlegungen zu Chancen und Grenzen der Mehrsprachigkeitsdidaktik</title>. In <editor>W. Gehring</editor> (Hg.), <source>Fremdsprachenunterricht heute. Oldenburger Forum Fremdsprachendidaktik</source> (Band <volume>3</volume>) (S. <fpage>7</fpage>-<lpage>18</lpage>). <other>Oldenburg</other>: <publisher>BIS-Verlag der Carl von Ossietzky Universität Oldenburg</publisher>.
<author><surname>Siegmund</surname>, <given-names>A</given-names></author>. & <author><surname>Viehrig</surname>, <given-names>K</given-names></author>. (<year>2013</year>). <title>Internationale Vernetzung</title>. In <editor>M. Rolfes</editor> & <editor>A. Uhlenwinkel</editor> (Hg.), <source>Metzler Handbuch 2.0 Geographieunterricht. Ein Leitfaden für Praxis und Ausbildung</source> (S. <volume>56</volume>-<lpage>62</lpage>). <other>Braunschweig</other>: <publisher>Westermann</publisher>.
<author><surname>Six</surname>, <given-names>B</given-names></author>. (<year>2000</year>): <title>Einstellungen. Lexikon der Psychologie</title>. <other>Heidelberg</other>: <publisher>Spektrum Akademischer Verlag</publisher>. Aufgerufen am 28. März 2018 unter <url>http://www.spektrum.de/lexikon/psychologie/einstellungen/3914</url>
<author><surname>Thürmann</surname>, <given-names>E</given-names></author>. (<year>2000</year>). <title>Eine eigenständige Methodik für den bilingualen Sachfachunterricht?</title> In <editor>G. Bach</editor> & <editor>S. Niemeier</editor> (Hg.), <source>Bilingualer Unterricht - Grundlagen, Methoden, Praxis, Perspektiven</source> (S. <fpage>75</fpage>-<lpage>93</lpage>). <other>Frankfurt a.M.</other>: <publisher>Peter Lang</publisher>.
<author><surname>Viebrock</surname>, <given-names>B</given-names></author>. (<year>2004</year>). <title>Elemente einer subjektiven didaktischen Theorie: Was ein Lehrer über fremdsprachliches Lernen und Konzeptbildung im bilingualen Erdkundeunterricht denkt</title>. In <editor>A. Bonnet</editor> & <editor>S. Breidbach</editor> (Hg.), <source>Didaktiken im Dialog. Konzepte des Lehrens und Wege des Lernens im bilingualen Sachfachunterricht</source> (S. <fpage>167</fpage>-<lpage>178</lpage>). <other>Frankfurt a.M.</other>: <publisher>Peter Lang</publisher>.
<author><surname>Viebrock</surname>, <given-names>B</given-names></author>. (<year>2007</year>). <title>Bilingualer Erdkundeunterricht. Subjektive didaktische Theorien von Lehrerinnen und Lehrern</title>. <other>Frankfurt a.M.</other>: <publisher>Peter Lang</publisher>.
<author><surname>Viebrock</surname>, <given-names>B</given-names></author>. (<year>2014</year>). <title>Zur Professionalisierung von Lehrkräften im bilingualen Unterricht</title>. <source>Zeitschrift für interpretative Schul- und Unterrichtsforschung (ZISU)</source>, <volume>3</volume>(<issue>1</issue>), <fpage>72</fpage>-<lpage>75</lpage>.
<author><surname>Vollmer</surname>,<given-names> H.J.</given-names></author> (<year>2006</year>). <title>Fachlichkeit und Sprachlichkeit: Zwischenbilanz eines DFG-Projekts</title>. <source>Zeitschrift für Fremdsprachforschung</source>, <volume>17</volume>(<issue>2</issue>), <fpage>201</fpage>-<lpage>244</lpage>.
<author><surname>Vollmer</surname>, <given-names>H.J.</given-names></author> (<year>2007</year>). <title>Zur Modellierung um empirischen Erfassung von Fachkompetenzen am Beispiel der Geographie</title>. In <editor>H.J. Vollmer</editor> (Hg.), <source>Synergieeffekte in der Fremdsprachenforschung. Empirische Zugänge, Probleme, Ergebnisse</source> (S. <fpage>279</fpage>-<lpage>298</lpage>). <other>Frankfurt a.M.</other>: <publisher>Peter Lang</publisher>.
<author><surname>Vollmer</surname>, <given-names>H.J.</given-names></author> (<year>2008</year>). <title>Constructing Tasks for Content and Language Integrated Learning and Assessment</title>. In <editor>J. Eckerth</editor> & <editor>S. Siekmann</editor> (Hg.), <source>Task-Based Learning and Teaching. Theoretical, Methodological, and Pedagogical Perspectives</source> (S. <fpage>227</fpage>-<lpage>290</lpage>). <other>Frankfurt a.M.</other>: <publisher>Peter Lang</publisher>.
<author><surname>Vollmer</surname>, <given-names>H.J.</given-names></author> (<year>2010</year>). <title>Bilingualer Sachfachunterricht als Inhalts- und als Sprachlernen</title>. In <editor>G. Bach</editor> & <editor>S. Niemeier</editor> (Hg.), <source>Bilingualer Unterricht. Grundlagen, Methoden, Praxis, Perspektiven</source> (S. <fpage>47</fpage>-<lpage>70</lpage>). <other>Frankfurt a.M.</other>: <publisher>Peter Lang</publisher>.
<author><surname>Vollmer</surname>, <given-names>H.J.</given-names></author> (<year>2012</year>). <title>Fachliche Diskursfähigkeit bei bilingualen und monolingualen Geographielernern</title>. In <editor>H. Bayrhuber</editor>, <editor>H., U. Harms</editor>, <editor>B. Muszynski</editor>, <editor>B. Ralle</editor>, <editor>M. Rothgangel</editor>, <editor>L.H. Schön</editor>, <editor>H. J. Vollmer</editor> & <editor>H.-G. Weigand</editor> (Hg.), <source>Formate Fachdidaktischer Forschung. Empirische Projekte - historische Analysen - theoretische Grundlegungen. Fachdidaktische Forschungen</source> (Band <volume>2</volume>) (S. <fpage>85</fpage>-<lpage>107</lpage>). <other>Münster</other>: <publisher>Waxmann</publisher>.
<author><surname>Wolff</surname>, <given-names>D</given-names></author>. (<year>2007</year>). <title>Bilingualer Sachfachunterricht in Europa: Versuch eines systematischen Überblicks</title>. <source>Fremdsprachen'Lehren und Lernen (FLuL)</source>, <volume>36</volume>(<issue>1</issue>), <fpage>13</fpage>-<lpage>29</lpage>.