<author><surname>BAECKER</surname>, <given-names>D</given-names></author>. (<year>1997</year>): <title>Meditation über die Lücke. Kultur als Symptom des Unvordenklichen und die verschiedenen Versuche seiner Bewältigung</title>. - In: <source>Frankfurter Rundschau</source> <volume>4.3.1997</volume>, S. <fpage>18</fpage>.
<author><surname>BECK</surname>, <given-names>U</given-names></author>. (<year>1986</year>): <title>Risikogesellschaft. Auf dem Weg in eine andere Moderne</title>. - <other>Frankfurt/M.</other>
<author><surname>BECK</surname>, <given-names>U</given-names></author>. (<year>1997</year>): <title>Die neue Macht der multinationalen Unternehmen, oder: Die Subpolitik der Globalisierung erfolgt auf den Samtpfoten des Normalen</title>. - In: <source>Frankfurter Rundschau, Dokumentation</source>, <volume>9.1.1997</volume>, S. <fpage>12</fpage>.
<author><surname>EHLERS</surname>, <given-names>E</given-names></author>. (<year>1996</year>): <title>Kulturkreise - Kulturerdteile - Clash of Civilizations. Plädoyer für eine gegenwartsbezogene Kulturgeographie</title>. - In: <source>Geographische Rundschau</source> <volume>48</volume>, S. <fpage>338</fpage> - <lpage>344</lpage>.
<editor>ENQUÊTE-KOMMISSION DES DEUTSCHEN BUNDESTAGES</editor> (Hrsg.: <year>1990</year>): <title>Zukünftige Bildungspolitik - Bildung 2000</title>. - <other>Bonn</other>, <source>Drucksache</source> <volume>11</volume>/<issue>7820</issue>.
<author><surname>HUBER</surname>, <given-names>L</given-names></author>. (<year>1997</year>): <title>Die Reform der Reform und die Bedeutung fächerübergreifenden Unterrichts in der Diskussion um die gymnasiale Oberstufe</title>. - In. <source>Ansätze zum fächerübergreifenden Unterricht in der gymnasialen Oberstufe. Lernen über Differenzen</source>, hrsg. v. <editor>Landesinstitut für Schule und Weiterbildung</editor>, <other>Soest</other>, S. <fpage>21</fpage> - <lpage>25</lpage>.
<author><surname>LUHMANN</surname>, <given-names>N</given-names></author>. (<year>1990</year>): <title>Identität - was oder wie?</title> - In: <other>ders.</other>, <source>Soziologische Aufklärung</source> Bd. <volume>5</volume>, <other>Opladen</other>, S. <fpage>14</fpage> - <lpage>30</lpage>.
<author><surname>MEYER-DOHM</surname>, <given-names>P</given-names></author>. (<year>1997</year>): <title>Die Reform der Reform und die Bedeutung fächerübergreifenden Unterrichts in der Diskussion um die gymnasiale Oberstufe</title>. - In: <source>Ansätze zum fächerübergreifenden Unterricht in der gymnasialen Oberstufe. Lernen über Differenzen</source>, hrsg. v. <editor>Landesinstitut fur Schule und Weiterbildung</editor>, <other>Soest</other>, S. <fpage>11</fpage> - <lpage>15</lpage>.
<author><surname>MOLLENHAUER</surname>, <given-names>K</given-names></author>. (<year>1972</year>): <title>Theorien zum Erziehungsprozeß</title>. - <other>München</other>.
<author><surname>OPASCHOWSKI</surname>, <given-names>H. W.</given-names></author> (<year>1997</year>): <title>Die Generation der Medienkids will alles sehen, hören und erleben. Vorwort zum „Datenband - Freizeitaktivitäten 1996“ des Hamburger BAT-Freizeitforschungsinstituts</title>. - In: <source>Frankfurter Rundschau, Dokumentation</source>, <volume>11.1.1997</volume>, S. <fpage>14</fpage>.
<author><surname>RICHTER</surname>, <given-names>D</given-names></author>. (<year>1996</year>): <title>Notwendigkeit und Grenzen des Geographieunterrichts in Deutschland. Fünf Thesen zur Identitätskrise der Geographie</title>. - In: <source>Rundbrief Geographie</source>, H. <issue>136</issue>, <other>Leipzig</other>, S. <fpage>4</fpage> - <lpage>9</lpage>.
<editor>SEKRETARIAT DER STÄNDIGEN KONFERENZ DER KULTUSMINISTER DER LÄNDER DER BUNDESREPUBLIK DEUTSCHLAND</editor> (<year>1997</year>): <title>Vereinbarung zur Gestaltung der gymnasialen Oberstufe in der Sekundarstufe II</title>, <other>Bonn</other>. <source>Drucksache</source> <volume>MsO3KI-R97-B-</volume>,
<author><surname>TENORTH</surname>, <given-names>H. E.</given-names></author> (<year>1997</year>). <title>Die Reform der Reform und die Bedeutung fächerübergreifenden Unterrichts in der Diskussion um die gymnasiale Oberstufe</title>. - In: <source>Ansätze zum fächerübergreifenden Unterricht in der gymnasialen Oberstufe. Lernen über Differenzen</source>, hrsg. v. <editor>Landesinstitut für Schule und Weiterbildung</editor>, <other>Soest</other>, S. <fpage>15</fpage>-<lpage>21</lpage>.
<author><surname>VIRILIO</surname>, <given-names>P</given-names></author>. (<year>1997</year>): <title>Die Auflösung der Stadt als Zentrum</title>. - In: <source>Frankfurter Rundschau</source> <volume>1.3.1997: ZB 2</volume>.