<author><surname>Applis</surname>, <given-names>S</given-names></author>. & <author><surname>Fögele</surname>, <given-names>J</given-names></author>. (<year>2014</year>). <title>Professionalisierung als Aufgabe der dritten Ausbildungsphase in der Lehrerbildung zur Umsetzung der Bildungsstandards: Theoretische, methodologische und empirische Herausforderungen für die fachdidaktische Forschung zur Qualifikation von Geographielehrkräften</title>. <source>Zeitschrift für Geographiedidaktik | Journal of Geography Education</source>, <volume>42</volume>(<issue>4</issue>), <fpage>193</fpage>-<lpage>212</lpage>.
<author><surname>Baumert</surname>, <given-names>J</given-names></author>. & <author><surname>Kunter</surname>, <given-names>M</given-names></author>. (<year>2006</year>). <title>Stichwort: Professionelle Kompetenz von Lehrkräften</title>. <source>Zeitschrift für Erziehungswissenschaft</source>, <volume>9</volume>(<issue>4</issue>), <fpage>469</fpage>-<lpage>520</lpage>.
<author><surname>Bette</surname>, <given-names>J</given-names></author>. & <author><surname>Fögele</surname>, <given-names>J</given-names></author>. (<year>2015</year>). <title>Mit Basiskonzepten Aufgaben strukturieren und fachliches Denken diagnostizieren</title>. <source>Praxis Geographie</source>, <volume>45</volume>(<issue>7/8</issue>), <fpage>34</fpage>-<lpage>39</lpage>.
<author><surname>Beyer</surname>, <given-names>I</given-names></author>. (<year>2011</year>). <title>Natura - Biologie für Gymnasien: Basiskonzepte. Sekundarstufe I und II</title>. <other>Stuttgart, Leipzig</other>: <publisher>Klett</publisher>.
<author><surname>Blumer</surname>, <given-names>H</given-names></author>. (<year>1969</year>). <title>Symbiotic Interactionism: Perspectives and Methods</title>. <other>Englewood Cliffs</other>: <publisher>Prentice Hall</publisher>.
<author><surname>Bohnsack</surname>, <given-names>R</given-names></author>. (<year>2011</year>). <title>Praxeologische Wissenssoziologie</title>. In <editor>R. Bohnsack</editor>, <editor>W. Marotzki</editor> & <editor>M. Meuser</editor> (Hg.), <source>Hauptbegriffe qualitativer Sozialforschung</source> (S. <fpage>137</fpage>-<lpage>138</lpage>). <other>Opladen [u.a.]</other>: <publisher>Budrich</publisher>.
<author><surname>Bohnsack</surname>, <given-names>R</given-names></author>. (<year>2007</year>). <title>Rekonstruktive Sozialforschung: Einführung in qualitative Methoden</title>. <other>Opladen [u.a.]</other>: <publisher>Budrich</publisher>.
<author><surname>Borsdorf</surname>, <given-names>A</given-names></author>. (<year>2007</year>). <title>Geographisch denken und wissenschaftlich arbeiten</title>. <other>Berlin [u.a.]</other>: <publisher>Springer, Spektrum</publisher>.
<author><surname>Bromme</surname>, <given-names>R</given-names></author>. (<year>1992</year>). <title>Der Lehrer als Experte: Zur Psychologie des professionellen Wissens</title>. <other>Bern</other>: <publisher>H. Huber</publisher>.
<author><surname>Brooks</surname>, <given-names>C</given-names></author>. (<year>2013</year>). <title>How Do We Understand Conceptual Development in School Geography?</title> In <editor>D. Lambert</editor> & <editor>M. Jones</editor> (Hg.), <source>The Debates in Subject Teaching Series. Debates in Geography Education</source> (S. <fpage>75</fpage>-<lpage>88</lpage>). <other>Milton Park, Abingdon, Oxon, New York</other>: <publisher>Routledge</publisher>.
<author><surname>Brunner</surname>, <given-names>M</given-names></author>., <author><surname>Kunter</surname>, <given-names>M</given-names></author>., <author><surname>Krauss</surname>, <given-names>S</given-names></author>., <author><surname>Klusmann</surname>, <given-names>U</given-names></author>., <author><surname>Baumert</surname>, <given-names>J</given-names></author>., <author><surname>Blum</surname>, <given-names>W</given-names></author>. (<year>2006</year>). <title>Die professionelle Kompetenz von Mathematiklehrkräften: Konzeptionalisierung, Erfassung und Bedeutung für den Unterricht</title>. In <editor>M. Prenzel</editor> & <editor>L. Allolio-Näcke</editor> (Hg.), <source>Untersuchungen zur Bildungsqualität von Schule. Abschlussbericht des DFG-Schwerpunktprogramms</source> (S. <fpage>54</fpage>-<lpage>82</lpage>). <other>Münster, München [u.a.]</other>: <publisher>Waxmann</publisher>.
<author><surname>Demuth</surname>, <given-names>R</given-names></author>., <author><surname>Ralle</surname>, <given-names>B</given-names></author>., & <author><surname>Parchmann</surname>, <given-names>I</given-names></author>. (<year>2005</year>). <title>Basiskonzepte: Eine Herausforderung an den Chemieunterricht</title>. <source>CHEMKON</source>, <volume>12</volume>(<issue>2</issue>), <fpage>55</fpage>-<lpage>60</lpage>.
<editor>DGfG</editor> (Hg.) (<year>2017</year>). <title>Bildungsstandards im Fach Geographie für den Mittleren Schulabschluss: mit Aufgabenbeispielen</title>. <other>Bonn</other>: <publisher>DGFG</publisher>.
<author><surname>Fischer</surname>, <given-names>H</given-names></author>., <author><surname>Glemnitz</surname>, <given-names>I</given-names></author>., <author><surname>Kauertz</surname>, <given-names>A</given-names></author>. & <author><surname>Sumfleth</surname>, <given-names>E</given-names></author>. (<year>2007</year>). <title>Auf Wissen aufbauen: Kumulatives Lernen in Chemie und Physik</title>. In <editor>E. Kircher</editor>, <editor>R. Girwidz</editor>, & <editor>P. Häussler</editor> (Hg.), <source>Springer-Lehrbuch. Physikdidaktik. Theorie und Praxis</source> (S. <fpage>657</fpage>-<lpage>678</lpage>). <other>Berlin, Heidelberg</other>: <publisher>Springer</publisher>.
<author><surname>Fögele</surname>, <given-names>J</given-names></author>. (<year>2015</year>). <title>Mit geographischen Basiskonzepten Komplexität bearbeiten: Hintergrund und Anwendung am Beispiel der Ressource "Sand"</title>. <source>Geographie aktuell & Schule</source>, <volume>37</volume>(<issue>216</issue>), <fpage>11</fpage>-<lpage>21</lpage>.
<author><surname>Fögele</surname>, <given-names>J</given-names></author>. (<year>2016</year>). <title>Entwicklung basiskonzeptionellen Verständnisses in geographischen Lehrerfortbildungen: Rekonstruktive Typenbildung | Relationale Prozessanalyse | Responsive Evaluation</title>. <source>Geographiedidaktische Forschungen</source>, Band <volume>61</volume>. <other>Münster</other>: <publisher>Monsenstein und Vannerdat</publisher>.
<author><surname>Fögele</surname>, <given-names>J</given-names></author>. & <author><surname>Mehren</surname>, <given-names>R</given-names></author>. (<year>2015</year>a). <title>Implementing Geographical Key Concepts: Design of a Symbiotic Teacher Training Course Based on Empirical and Theoretical Evidence</title>. <source>Review of International Geographical Education Online</source>, <volume>5</volume>(<issue>1</issue>), <fpage>56</fpage>-<lpage>76</lpage>.
<author><surname>Fögele</surname>, <given-names>J</given-names></author>. & <author><surname>Mehren</surname>, <given-names>R</given-names></author>. (<year>2015</year>b). <title>Empirische Evidenzen der Lehrerfortbildungsforschung und daraus resultierende Empfehlungen für die Geographiedidaktik</title>. <source>Zeitschrift für Geographiedidaktik | Journal of Geography Education</source>, <volume>43</volume>(<issue>2</issue>), <fpage>81</fpage>-<lpage>106</lpage>.
<author><surname>Fussangel</surname>, <given-names>K</given-names></author>., <author><surname>Schellenbach-Zell</surname>, <given-names>J</given-names></author>. & <author><surname>Gräsel</surname>, <given-names>C</given-names></author>. (<year>2008</year>). <title>Die Verbreitung von Chemie im Kontext: Entwicklung der symbiotischen Implementationsstrategie</title>. In <editor>R. Demuth</editor> (Hg.), <source>Chemie im Kontext. Von der Innovation zur nachhaltigen Verbreitung eines Unterrichtskonzepts</source> (S. <fpage>49</fpage>-<lpage>82</lpage>). <other>Münster, New York, München, Berlin</other>: <publisher>Waxmann</publisher>.
<author><surname>Gebhardt</surname>, <given-names>H</given-names></author>., <author><surname>Glaser</surname>, <given-names>R</given-names></author>., <author><surname>Radtke</surname>, <given-names>U</given-names></author>. & <author><surname>Reuber</surname>, <given-names>P</given-names></author>. (<year>2011</year>). <title>Raum und Zeit</title>. In <editor>H. Gebhardt</editor>, <editor>R. Glaser</editor>, <editor>U. Radtke</editor>, & <editor>P. Reuber</editor> (Hg.), <source>Geographie. Physische Geographie und Humangeographie</source> (S. <fpage>37</fpage>-<lpage>45</lpage>). <other>Heidelberg</other>: <publisher>Spektrum</publisher>.
<author><surname>Hänze</surname>, <given-names>M</given-names></author>. & <author><surname>Jurkowski</surname>, <given-names>S</given-names></author>. (<year>2011</year>). <title>Diagnostizieren in Lern- und Prüfungssituationen: Pädagogische und lernpsychologische Aspekte</title>. <source>Naturwissenschaften im Unterricht Chemie</source>, <issue>124/125</issue>, <fpage>2</fpage>-<lpage>4</lpage>.
<author><surname>Hof</surname>, <given-names>S</given-names></author>. & <author><surname>Hennemann</surname>, <given-names>S</given-names></author>. (<year>2013</year>). <title>Geographielehrerinnen und -lehrer im Spannungsfeld zwischen erworbenen und geforderten Kompetenzen. Eine empirische Studie zur zweiphasigen Lehramtsausbildung</title>. <source>Geographie und ihre Didaktik | Journal of Geography Education</source>, <volume>41</volume>(<issue>2</issue>), <fpage>57</fpage>-<lpage>80</lpage>.
<author><surname>Hoffmann</surname>, <given-names>K.W.</given-names></author> (<year>2009</year>). <title>Schulgeographie - quo vadis?: Zur Gesellschaftsrelevanz eines standardbasierten Geographieunterrichts</title>. In <editor>H. Fassmann</editor> & <editor>T. Glade</editor> (Hg.), <source>Geographie für eine Welt im Wandel. 57. Geographentag 2009 in Wien</source> (S. <fpage>65</fpage>-<lpage>94</lpage>). <other>Göttingen</other>: <publisher>V & R Unipress, Vienna Univ. Press</publisher>.
<author><surname>Höhnle</surname>, <given-names>S</given-names></author>. (<year>2014</year>). <title>Online-gestützte Projekte im Kontext Globalen Lernens im Geographieunterricht: Empirische Rekonstruktion internationaler Schülerperspektiven</title>. <source>Geographiedidaktische Forschungen</source>, Band <volume>53</volume>. <other>Münster</other>: <publisher>Verl.-Haus Monsenstein und Vannerdat</publisher>.
<author><surname>Horn</surname>, <given-names>M</given-names></author>. & <author><surname>Schweizer</surname>, <given-names>K</given-names></author>. (<year>2015</year>). <title>Ansichten von Geographielehrkräften zum kompetenzorientierten Unterricht und ihr Zusammenhang mit Überzeugungen: Ergebnisse einer empirischen Befragung</title>. <source>Zeitschrift für Geographiedidaktik \Journal of Geography Education</source>, <volume>43</volume>(<issue>1</issue>), <fpage>59</fpage>-<lpage>74</lpage>.
<author><surname>Jackson</surname>, <given-names>P</given-names></author>. (<year>2006</year>). <title>Thinking Geographically</title>. <source>Geography</source>, <volume>91</volume>(<issue>3</issue>), <fpage>199</fpage>-<lpage>204</lpage>.
<author><surname>Kattmann</surname>, <given-names>U</given-names></author>. (<year>2003</year>). <title>Vom Blatt zum Planeten- Scientific Literacy und kumulatives Lernen im Biologieunterricht und darüber hinaus</title>. In <editor>B. Moschner</editor>, <editor>H. Kiper</editor> & <editor>U. Kattmann</editor> (Hg.), <source>PISA 2000 als Herausforderung. Perspektiven für Lehren und Lernen</source> (S. <fpage>115</fpage>-<lpage>137</lpage>). <other>Baltmannsweiler</other>: <publisher>Schneider Verlag Hohengehren</publisher>.
<author><surname>Kelle</surname>, <given-names>U</given-names></author>. & <author><surname>Kluge</surname>, <given-names>S</given-names></author>. (<year>2010</year>). <title>Vom Einzelfall zum Typus: Fallvergleich und Fallkontrastierung in der qualitativen Sozialforschung. Vom Einzelfall zum Typus</title>. <other>Wiesbaden</other>: <publisher>VS Verlag für Sozialwissenschaften</publisher>
<editor>Klieme, E.</editor>, <editor>Avenarius, H.</editor>, <editor>Blum, W.</editor>, <editor>Döbrich, P.</editor>, <editor>Gruber, H.</editor> & <editor>Prenzel, M.</editor> <editor>Klieme, E.</editor>, <editor>Avenarius, H.</editor>, <editor>Blum, W.</editor>, <editor>Döbrich, P.</editor>, <editor>Gruber, H.</editor>, <editor>Prenzel, M.</editor>, <editor>Reiss, K.</editor>, <editor>Riquarts, K.</editor>, <editor>Rost, J.</editor>, <editor>Tenorth, H.-E.</editor> & <editor>Vollmer, H.J.</editor> (Hg.) (<year>2003</year>). <title>Zur Entwicklung nationaler Bildungsstandards: Eine Expertise</title>. <publisher>BMBF</publisher>. <other>Bonn</other>.
<author><surname>Košinär</surname>, <given-names>J</given-names></author>. (<year>2014</year>). <title>Professionalisierungsverläufe in der Lehrerausbildung: Prozesse der Anforderungsbearbeitung und Kompetenzentwicklung im Referendariat</title>. <source>Studien zur Bildungsgangforschung</source>, Band <volume>36</volume>. <other>Leverkusen</other>: <publisher>Budrich, Barbara</publisher>.
<author><surname>Lambert</surname>, <given-names>D</given-names></author>. (<year>2013</year>). <title>Geographical Concepts</title>. In <editor>M. Rolfes</editor> & <editor>A. Uhlenwinkel</editor> (Hg.), <source>Didaktische Impulse. Metzler Handbuch 2.0 Geographieunterricht. Ein Leitfaden für Praxis und Ausbildung</source> (S. <fpage>174</fpage>-<lpage>181</lpage>). <other>Braunschweig</other>: <publisher>Westermann</publisher>.
<author><surname>Lamnek</surname>, <given-names>S</given-names></author>. (<year>2005</year>). <title>Gruppendiskussion: Theorie und Praxis</title>. <other>Weinheim, Basel</other>: <publisher>Beltz</publisher>.
<author><surname>Leser</surname>, <given-names>H</given-names></author>. & <author><surname>Schneider-Sliwa</surname>, <given-names>R</given-names></author>. (<year>1999</year>). <title>Geographie: Eine Einführung; Aufbau, Aufgaben und Ziele eines integrativ-empirischen Faches</title>. <other>Braunschweig</other>: <publisher>Westermann</publisher>.
<author><surname>Lichtner</surname>, <given-names>H.-D.</given-names></author> (<year>2012</year>). <title>Basiskonzepte: eine Einführung in das Denken in Konzepten</title>. Aufgerufen am 15.08.2017 unter <url>www.biologieunterricht.org/Basiskonzept2012.pdf</url>
<author><surname>Lipowsky</surname>, <given-names>F</given-names></author>. (<year>2012</year>). <title>Forschungsbefunde zur Wirksamkeit von Lehrerfortbildungen: Wie wirkt Fortbildung? Merkmale und Wirkungen erfolgreicher Lehrerfortbildungen</title>. <source>Hessische Lehrerzeitung</source>, <volume>65</volume>(<issue>11</issue>), <fpage>16</fpage>-<lpage>17</lpage>.
<author><surname>Lücken</surname>, <given-names>M</given-names></author>. (<year>2012</year>). <title>Identifikation von Merkmalen erfolgreicher professioneller Lerngemeinschaften am Beispiel des Projekts „Biologie im Kontext" (bik)</title>. In <editor>M. Kobarg</editor> (Hg.), <source>Lehrerprofessionalisierung wissenschaftlich begleiten. Strategien und Methoden</source> (S. <fpage>145</fpage>-<lpage>162</lpage>). <other>Münster, München [u.a.]</other>: <publisher>Waxmann</publisher>.
<author><surname>Mannheim</surname>, <given-names>K</given-names></author>. (<year>1980</year>). <title>Eine Soziologische Theorie der Kultur und ihrer Erkenntbarkeit: Konjunktives und kommunikatives Denken. Über die Eigenart kultursoziologischer Erkenntnis</title>. <other>Frankfurt am Main</other>: <publisher>Suhrkamp</publisher>.
<author><surname>Mehren</surname>, <given-names>M</given-names></author>. & <author><surname>Mehren</surname>, <given-names>R</given-names></author>. (<year>2015</year>). <title>Kompetenzorientiert Unterrichten: aufgezeigt am Beispiel des Fachs Geographie</title>. In <editor>A. Bresges</editor> (Hg.), <source>Lehrerinnenbildung gestalten: Kompetenzen perspektivisch. Interdisziplinäre Impulse für die Lehrerinnenbildung</source> (S. <fpage>55</fpage>-<lpage>77</lpage>). <other>Münster [u.a.]</other>: <publisher>Waxmann</publisher>.
<author><surname>Mehren</surname>, <given-names>M</given-names></author>., <author><surname>Mehren</surname>, <given-names>R</given-names></author>., <author><surname>Ohl</surname>, <given-names>U</given-names></author>. & <author><surname>Resenberger</surname>, <given-names>C</given-names></author>. (<year>2015</year>). <title>Die doppelte Komplexität geographischer Themen: Eine lohnenswerte Herausforderung für Schüler und Lehrer</title>. <source>Geographie aktuell & Schule</source>, <volume>37</volume>(<issue>216</issue>), <fpage>4</fpage>-<lpage>11</lpage>.
<author><surname>Mehren</surname>, <given-names>M</given-names></author>., & <author><surname>Ohl</surname>, <given-names>U</given-names></author>. (<year>2016</year>). <title>Geographische Kompetenzen diagnostizieren</title>. <source>Geographie aktuell & Schule</source>, <volume>38</volume>(<issue>224</issue>), <fpage>14</fpage>-<lpage>27</lpage>.
<author><surname>Morgan</surname>, <given-names>J</given-names></author>. (<year>2013</year>). <title>What Do We Mean by Thinking Geographically?</title> In <editor>D. Lambert</editor> & <editor>M. Jones</editor> (Hg.), <source>The Debates in Subject Teaching Series. Debates in Geography Education</source> (S. <fpage>273</fpage>-<lpage>281</lpage>). <other>Milton Park, Abingdon, Oxon, New York</other>: <publisher>Routledge</publisher>.
<author><surname>Nentwig</surname>,<given-names>P</given-names></author>. (<year>2009</year>). <title>Damit es nicht Stückwerk bleibt: Horizontale und vertikale Vernetzung am Beispiel</title>. In <editor>A. Feindt</editor> (Hg.), <source>Kompetenzorientierung im Religionsunterricht. Befunde und Perspektiven</source> (S. <fpage>197</fpage>-<lpage>210</lpage>). <other>Münster [u.a.]</other>: <publisher>Waxmann</publisher>.
<author><surname>Nentwig-Gesemann</surname>, <given-names>I</given-names></author>. (<year>2007</year>). <title>Die Typenbildung der dokumentarischen Methode</title>. In <editor>R. Bohnsack</editor>, <editor>I. Nentwig-Gesemann</editor>, & <editor>A.-M. Nohl</editor> (Hg.), <source>Die dokumentarische Methode und ihre Forschungspraxis</source> (S. <fpage>277</fpage>-<lpage>302</lpage>). <other>Wiesbaden</other>: <publisher>VS Verlag für Sozialwissenschaften</publisher>.
<author><surname>Neuweg</surname>, <given-names>G</given-names></author>. (<year>2007</year>). <title>Wie grau ist alle Theorie, wie grün des Lebens goldner Baum?: Lehrerinnenbildung im Spannungsfeld von Theorie und Praxis</title>. <source>bwp@</source>, <volume>12</volume>, <fpage>1</fpage>-<lpage>14</lpage>.
<author><surname>Nohl</surname>, <given-names>A.-M.</given-names></author> (<year>2007</year>). <title>Komparative Analyse: Forschungspraxis und Methodologie dokumentarischer Interpretation</title>. In <editor>R. Bohnsack</editor>, <editor>I. Nentwig-Gesemann</editor>, & <editor>A.-M. NohI</editor> (Hg.), <source>Die dokumentarische Methode und ihre Forschungspraxis</source> (S. <fpage>255</fpage>-<lpage>276</lpage>). <other>Wiesbaden</other>: <publisher>VS Verlag für Sozialwissenschaften</publisher>.
<author><surname>Pajares</surname>, <given-names>M.F.</given-names></author> (<year>1992</year>). <title>Teachers' Beliefs and Educational Research: Cleaning Up a Messy Construct</title>. <source>Review of Educational Research</source>, <volume>62</volume>(<issue>3</issue>), <fpage>307</fpage>-<lpage>332</lpage>. doi <identifier>10.3102/00346543062003307</identifier>
<author><surname>Parchmann</surname>, <given-names>I</given-names></author>. (<year>2007</year>). <title>Basiskonzepte: Ein geeignetes Strukturierungselement für den Chemieunterricht?</title> <source>Unterricht Chemie</source>, <volume>18</volume>(<issue>101/101</issue>), <fpage>6</fpage>-<lpage>10</lpage>.
<author><surname>Przyborski</surname>, <given-names>A</given-names></author>. & <author><surname>Wohlrab-Sahr</surname>, <given-names>M</given-names></author>. (<year>2008</year>). <title>Qualitative Sozialforschung: Ein Arbeitsbuch</title>. <other>München</other>: <publisher>Oldenbourg</publisher>.
<author><surname>Rehm</surname>, <given-names>M</given-names></author>., & <author><surname>Stäudel</surname>, <given-names>L</given-names></author>. (<year>2012</year>). <title>Grundbegriffe und Basiskonzepte der Chemie</title>. <source>Naturwissenschaften im Unterricht Chemie</source>, <volume>128</volume>, <fpage>2</fpage>-<lpage>7</lpage>.
<author><surname>Reinfried</surname>, <given-names>S</given-names></author>. (<year>2016</year>). <title>Kompetenzorientierte Lernaufgaben: mehr als alter Wein in neuen Schläuchen?</title> <source>Geographie aktuell & Schule</source>, <volume>38</volume>(<issue>223</issue>), <fpage>4</fpage>-<lpage>14</lpage>.
<author><surname>Rhode-Jüchtern</surname>, <given-names>T</given-names></author>. (<year>2009</year>). <title>Eckpunkte einer modernen Geographiedidaktik</title>. <other>Seelze</other>: <publisher>Kallmeyer</publisher>.
<author><surname>Rhode-Jüchtern</surname>, <given-names>T</given-names></author>. (<year>2013</year>). <title>Geographieunterricht: Weltverstehen in Komplexität und Unbestimmtheit</title>. In <editor>D. Kanwischer</editor> (Hg.), <source>Studienbücher der Geographie. Geographiedidaktik. Ein Arbeitsbuch zur Gestaltung des Geographieunterrichts</source> (S. <fpage>21</fpage>-<lpage>33</lpage>). <other>Stuttgart</other>: <publisher>Borntraeger</publisher>.
<author><surname>Robertson</surname>, <given-names>R</given-names></author>. (<year>1998</year>). <title>Glokalisierung: Homogenität und Heterogenität in Raum und Zeit</title>. In <editor>U. Beck</editor> (Hg.), <source>Perspektiven der Weltgesellschaft</source> (S. <fpage>192</fpage>-<lpage>220</lpage>). <other>Frankfurt a.M.</other>: <publisher>Suhrkamp</publisher>.
<author><surname>Rosenkränzer</surname>, <given-names>F</given-names></author>., <author><surname>Stahl</surname>, <given-names>E</given-names></author>., <author><surname>Hörsch</surname>, <given-names>C</given-names></author>., <author><surname>Schüler</surname>, <given-names>S</given-names></author>. & <author><surname>Riess</surname>, <given-names>W</given-names></author>. (<year>2016</year>). <title>Das Fachdidaktische Wissen von Lehramtsstudierenden zur Förderung von systemischem Denken: Konzeptualisierung, Operationalisierung und Erhebungsmethode</title>. <source>Zeitschrift für Didaktik der Naturwissenschaften</source>, <volume>22</volume>(<issue>1</issue>), <fpage>109</fpage>-<lpage>121</lpage>.
<author><surname>Sander</surname>, <given-names>W</given-names></author>. (<year>2009</year>). <title>Wissen: Basiskonzepte der Politischen Bildung</title>. <source>Informationen zur Politischen Bildung</source>, <volume>30</volume>, <fpage>57</fpage>-<lpage>60</lpage>.
<author><surname>Schmiemann</surname>, <given-names>P</given-names></author>., <author><surname>Linsner</surname>, <given-names>M</given-names></author>., <author><surname>Wenning</surname>, <given-names>S</given-names></author>., & <author><surname>Sandmann</surname>, <given-names>A</given-names></author>. (<year>2012</year>). <title>Lernen mit biologischen Basiskonzepten</title>. <source>MNU</source>, <volume>65</volume>(<issue>2</issue>), <fpage>105</fpage>-<lpage>109</lpage>.
<author><surname>Schreiber</surname>, <given-names>J.-R.</given-names></author> & <author><surname>Schuler</surname>, <given-names>S</given-names></author>. (<year>2005</year>). <title>Wege Globalen Lernens unter dem Leitbild einer nachhaltigen Entwicklung</title>. <source>Praxis Geographie</source>, <volume>35</volume>(<issue>4</issue>), <fpage>4</fpage>-<lpage>10</lpage>.
<author><surname>Shulman</surname>, <given-names>L</given-names></author>. (<year>1986</year>). <title>Those Who Understand: Knowledge Grwoth in Teaching</title>. <source>Educational Pesearcher</source>, <volume>15</volume>(<issue>2</issue>), <fpage>4</fpage>-<lpage>14</lpage>. doi <identifier>10.3102/0013189X015002004</identifier>
<author><surname>Taylor</surname>, <given-names>L</given-names></author>. (<year>2008</year>). <title>Key Concepts and Medium Term Planning</title>. <source>Teaching Geography</source>, <volume>33</volume>(<issue>2</issue>), <fpage>50</fpage>-<lpage>54</lpage>.
<author><surname>Taylor</surname>, <given-names>L</given-names></author>. (<year>2011</year>). <title>Basiskonzepte im Geographieunterricht. Schlüssel, um die Welt besser zu verstehen und den Unterricht besser zu planen</title>. <source>Praxis Geographie</source>, <volume>41</volume>(<issue>7-8</issue>), <fpage>8</fpage>-<lpage>15</lpage>.
<author><surname>Uhlenwinkel</surname>, <given-names>A</given-names></author>. (<year>2013</year>). <title>Geographical Concepts als Strukturierungshilfe für den Geographieunterricht: Ein International erfolgreicher Weg zur Erlangung fachlicher Identität und gesellschaftlicher Relevanz</title>. <source>Geographie und ihre Didaktik | Journal of Geography Education</source>, <volume>41</volume> (<issue>1</issue>), <fpage>18</fpage>-<lpage>43</lpage>.
<author><surname>Uphues</surname>, <given-names>R</given-names></author>. (<year>2013</year>). <title>Basiskonzepte</title>. In <editor>G. Obermaier</editor> & <editor>D. Böhn</editor> (Hg.), <source>Didaktische Impulse. Wörterbuch Geographiedidaktik. Begriffe von A-Z</source>(S. <fpage>22</fpage>-<lpage>23</lpage>). <other>Braunschweig</other>: <publisher>Westermann</publisher>.
<author><surname>Wardenga</surname>, <given-names>U</given-names></author>. (<year>2002</year>). <title>Alte und neue Raumkonzepte für den Geographieunterricht</title>. <source>geographie heute</source>, <volume>22</volume>(<issue>200</issue>), <fpage>8</fpage>-<lpage>11</lpage>.
<author><surname>Weeden</surname>, <given-names>P</given-names></author>. (<year>2013</year>). <title>How Do We Link Assessment to Making Progress in Geography?</title> In <editor>D. Lambert</editor> & <editor>M. Jones</editor> (Hg.), <source>The Debates in Subject Teaching Series. Debates in Geography Education</source> (S. <fpage>143</fpage>-<lpage>154</lpage>). <other>Milton Park, Abingdon, Oxon, New York</other>: <publisher>Routledge</publisher>.
<author><surname>Weichhart</surname>, <given-names>P</given-names></author>. (<year>2000</year>). <title>Geographie als Multi-Paradigmen-Spiel: Eine post-kuhnsche Perspektive</title>. In <editor>H.-H. Blotevogel</editor>, <editor>J. Ossenbrügge</editor>, & <editor>G. Wood</editor> (Hg.), <source>Lokal verankert - weltweit vernetzt. 52. Deutscher Geographentag Hamburg, Tagungsbericht und wissenschaftliche Abhandlungen</source> (S. <fpage>479</fpage>-<lpage>488</lpage>). <other>Stuttgart</other>: <publisher>Franz Steiner</publisher>.