<author><surname>EARLE</surname>, <given-names>J</given-names></author>., <author><surname>MORAN</surname>, <given-names>C</given-names></author>. & <author><surname>WARD-PERKINS</surname>, <given-names>Z</given-names></author>. (<year>2017</year>). <title>The Econocracy. On the Perils of Leaving Economics to the Experts</title>. <other>London</other>: <publisher>Penguin</publisher>.
<author><surname>PFALLER</surname>, <given-names>R</given-names></author>. (<year>2017</year>). <title>Erwachsenensprache. Über ihr Verschwinden aus Politik und Kultur</title>. <other>Frankfurt am Main</other>: <publisher>Fischer</publisher>.
<author><surname>ROBERTS</surname>, <given-names>M</given-names></author>. (<year>2013</year>). <title>Problemlösendes Lernen im Geographieunterricht</title>. In <editor>M. ROLFES</editor> & <editor>A. UHLENWINKEL</editor> (Hg.), <source>Metzler Handbuch 2.0 Geographieunterricht. Ein Leitfaden für Praxis und Ausbildung</source> (S. <fpage>123</fpage>-<lpage>133</lpage>). <other>Braunschweig</other>: <publisher>Westermann</publisher>.
<author><surname>SCHAMP</surname>, <given-names>E.W.</given-names></author> (<year>1983</year>). <title>Grundansätze der zeitgenössischen Wirtschaftsgeographie</title>. <source>Geographische Rundschau</source>, <volume>35</volume>(<issue>2</issue>), <fpage>74</fpage>-<lpage>80</lpage>.