<author><surname>ADELMANN</surname>, <given-names>J</given-names></author>. (<year>1955</year>): <title>Methodik des Erdkimdeunterrichts</title>.- <other>München</other>. 
<author><surname>BAUER</surname>, <given-names>L</given-names></author>. (<year>1969</year>): <title>Das geographische Interesse der Gymnasiasten</title>.- In: <source>Geographische Rundschau</source> <volume>21</volume>, S. <fpage>106</fpage> - <lpage>108</lpage>. 
<author><surname>BAUER</surname>, <given-names>L</given-names></author>. (<year>1976</year>): <title>Einführung in die Didaktik der Geographie</title>.- <other>Darmstadt</other>. 
<author><surname>BECK</surname>, <given-names>H</given-names></author>. (<year>1981</year>): <title>Zur Geschichte der Geographie, der Pädagogik und des Geographischen Unterrichts</title>.- In: <editor>SPERLING, W.</editor> (Hrsg.): <source>Theorie und Geschichte des Geographischen Unterrichts</source>. - <other>Trier</other>, S. <fpage>61</fpage> - <lpage>83</lpage>. 
<author><surname>BIRKENHAUER</surname>, <given-names>J</given-names></author>. (<year>1970</year>): <title>Die Länderkunde ist tot. Es lebe die Länderkunde</title>.- In: <source>Geographische Rundschau</source> <volume>22</volume>, S. <fpage>194</fpage> - <lpage>204</lpage>. 
<author><surname>BIRKENHAUER</surname>, <given-names>J</given-names></author>. (<year>1974</year>): <title>Aufgaben und Stand fachdidaktischer Forschung</title>. - In: <editor>KREUZER, G.</editor> & <other>al.</other> (Hrsg., <year>1974</year>): <source>Didaktik der Geographie in der Universität</source>. - <other>München</other>, S. <fpage>96</fpage> - <lpage>119</lpage>. 
<author><surname>BIRKENHAUER</surname>, <given-names>J</given-names></author>. (<year>1975</year>): <title>Die Möglichkeit einer „Plattform“ für ein geographisches Schulcurriculum</title>.- In: <source>Beiheft Geographische Rundschau</source> <volume>5</volume>, H. <issue>1</issue>, S. <fpage>50</fpage> - <lpage>60</lpage>. 
<author><surname>BIRKENHAUER</surname>, <given-names>J</given-names></author>. (<year>1981</year>): <title>Unterrichtliche Wege zum Aufbau chorologischer Begriffe</title>.- In: <source>Geographie und Schule</source> <volume>3</volume>, Heft <issue>11</issue>, S. <fpage>24</fpage> - <lpage>37</lpage>. 
<author><surname>BIRKENHAUER</surname>, <given-names>J</given-names></author>. (<year>1986</year>): <title>Geographiedidaktische Forschung in der Bundesrepublik Deutschland 1975-1984</title>.- In: <source>Geographische Rundschau</source> <volume>38</volume>, S. <fpage>218</fpage> -<lpage>227</lpage>. 
<author><surname>BIRKENHAUER</surname>, <given-names>J</given-names></author>. (<year>1992</year>): <title>Akzeptanz von Begriffen im Erdkundeunterricht</title>.- <other>München</other>. 
<author><surname>BIRKENHAUER</surname>, <given-names>J</given-names></author>. & <other>al.</other> (<year>1978</year>): <title>Geographieunterricht in der Sekundarstufe I. Grundzüge curricularer Planung</title>.- In: <source>Geographie im Unterricht</source>, S. <fpage>338</fpage> - <lpage>349</lpage>. 
<author><surname>BIRKENHAUER</surname>, <given-names>J</given-names></author>./<author><surname>HAUBRICH</surname>, <given-names>H</given-names></author>. (<year>1971</year>): <title>Das geographische Curriculum in der Sekundarstufe I</title>.- <other>Düsseldorf</other>. 
<author><surname>ENGELHARD</surname>, <given-names>K</given-names></author>. (<year>1987</year>.1): <title>Allgemeine Geographie und Regionale Geographie</title>.- In: <source>Geographische Rundschau</source> <volume>39</volume>, S. <fpage>358</fpage> - <lpage>361</lpage>. 
<author><surname>ENGELHARD</surname>, <given-names>K</given-names></author>. (<year>1987</year>.2): <title>Allgemeine Geographie und Regionale Geographie. Eine wissenschafts-, handlungs- und systemtheoretische Konsequenz</title>.- In: <editor>KÖCK, H.</editor> (Hrsg. <year>1987</year>): <source>Mensch und Raum</source>. - <other>Hildesheim</other>, S. <fpage>49</fpage> - <lpage>63</lpage>. 
<author><surname>ENGELHARDT</surname>, <given-names>W.-D.</given-names></author> (<year>1973</year>): <title>Zur Entwicklung des kindlichen Raumerfassungsvermögens und der Einführung in das Kartenverständnis</title>.- In: <editor>ENGELHARDT, W.-D.</editor>/<editor>GLÖCKEL, H.</editor> (Hrsg., <year>1973</year>): <source>Einführung in das Kartenverständnis</source>. - <other>Bad Heilbronn</other>, S. <fpage>103</fpage> - <lpage>113</lpage>.
<editor>ENGELHARDT, W.-D.</editor> (Hrsg., <year>1975</year>): <title>Geographie: Aus der Presse für die Praxis</title>.- <other>Regensburg</other>. 
<author><surname>ERNST</surname>, <given-names>E</given-names></author>. (<year>1970</year>): <title>Lernziele in der Erdkunde</title>.- In: <source>Geographische Rundschau</source> <volume>22</volume>, S. <fpage>186</fpage> - <lpage>194</lpage>. 
<author><surname>FICHTINGER</surname>, <given-names>R</given-names></author>. (<year>1974</year>): <title>Das Ammersee/Stamberger See-Naherholungsgebiet im Vorstellungsbild Münchner Schüler</title>.- In: <source>Der Erdkundeunterricht</source>, H. <issue>19</issue>, S. <fpage>11</fpage>-<lpage>63</lpage>. 
<author><surname>GEIPEL</surname>, <given-names>R</given-names></author>. (<year>1969</year>): <title>Industriegeographie als Einführung in die Arbeitswelt</title>.- <other>Braunschweig</other>. 
<author><surname>GEISTBECK</surname>, <given-names>M</given-names></author>. (<year>1877</year>): <title>Geschichte der Methodik des geographischen Unterrichts</title>.- In: <editor>KEHR, C.</editor> (Hrsg., <year>1977</year>): <source>Geschichte der Methodik des deutschen Volksschulunterrichts</source>. - <other>Gotha</other>, S. <fpage>123</fpage> - <lpage>153</lpage>. 
<author><surname>GRUBER</surname>, <given-names>Chr</given-names></author>. (<year>1901</year>): <title>Die Entwicklung der geographischen Lehrmethoden im XVIII. und XIX. Jahrhundert</title>.- <other>München, Leipzig</other>. 
<author><surname>HAGEN</surname>, <given-names>D</given-names></author>. (<year>1982</year>): <title>Affektive Lernziele und Geographieunterricht</title>.- In: <source>Geographische Rundschau</source> <volume>34</volume>, S. <fpage>244</fpage> - <lpage>248</lpage>. 
<author><surname>HARD</surname>, <given-names>G</given-names></author>. (<year>1977</year>): <title>Zur Inhaltsanalyse fachdidaktischer Texte - Vorbericht über eine Lehrplananalyse</title>.- In: <editor>HAUBRICH, H.</editor> (Hrsg., <year>1977</year>): <source>Quantitative Didaktik der Geographie</source>. - <other>Braunschweig</other>, S. <fpage>92</fpage> - <lpage>109</lpage>. 
<author><surname>HARD</surname>, <given-names>G</given-names></author>. (<year>1978</year>): <title>Inhaltsanalyse geographiedidaktischer Texte</title>.- <other>Braunschweig</other>. 
<author><surname>HARD</surname>, <given-names>G</given-names></author>. & <other>al.</other> (<year>1984</year>): <title>Umweltwahrnehmung in der Stadt - Eine Hypothesensammlung und eine empirische Studie</title>.- In: <editor>KÖCK, H.</editor> (Hrsg., <year>1984</year>): <source>Studien zum Erkenntnisprozeß im Geographieunterricht</source>. - <other>Köln</other>, S. <fpage>113</fpage> - <lpage>165</lpage>. 
<author><surname>HARTL</surname>, <given-names>M</given-names></author>. (<year>1988</year>): <title>Anlage einer Untersuchung zum Raumverständnis von Schülern</title>.- In: <editor>SCHRETTENBRUNNER, H.</editor>/<editor>WESTRHENEN, J. v.</editor> (Hrsg., <year>1988</year>): <source>Empirische Forschung und Computer im Geographieunterricht</source>. - <other>Lüneburg</other>, S. <fpage>53</fpage> - <lpage>66</lpage>. 
<author><surname>HASSE</surname>, <given-names>J</given-names></author>. (<year>1983</year>): <title>Der Wahrnehmungsansatz in der Geographiedidaktik: Beispiel Geoökologie</title>.- In: <editor>LESER, H.</editor> (Hrsg., <year>1983</year>): <source>18. Deutscher Schulgeographentag Basel. Tagungsband</source>. - <other>Basel</other>, S. <fpage>318</fpage> - <lpage>332</lpage>. 
<author><surname>HASSE</surname>, <given-names>J</given-names></author>. (<year>1984</year>): <title>Die Fähigkeit des Schülers zu chorologischer Theoriebildung</title>.- In: <editor>KÖCK, H.</editor> (Hrsg., <year>1984</year>): <source>Studien zum Erkenntnisprozeß im Geographieunterricht</source>. - <other>Köln</other>, S. <fpage>238</fpage> - <lpage>284</lpage>. 
<author><surname>HAUBRICH</surname>, <given-names>H</given-names></author>. (<year>1977</year>): <title>Situation und Perspektive geographiedidaktischer Forschung</title>.- In: <editor>HAUBRICH, H.</editor> (Hrsg., <year>1977</year>): <source>Quantitative Didaktik der Geographie</source>. - <other>Braunschweig</other>, S. <fpage>13</fpage>-<lpage>35</lpage>. 
<author><surname>HAUBRICH</surname>, <given-names>H</given-names></author>. & <other>al.</other> (<year>1990</year>): <title>Regionalbewußtsein Jugendlicher am Hoch- und Oberrhein</title>.- <other>Freiburg</other>.
<author><surname>HAUBRICH</surname>, <given-names>H</given-names></author>./<author><surname>NOLZEN</surname>, <given-names>H</given-names></author>. (<year>1975</year>): <title>Spiralcurriculum Wasser</title>.- In: <source>Der Erdkundeunterricht, Sonderheft</source> <volume>3</volume>, S. <fpage>102</fpage> - <lpage>105</lpage>. 
<author><surname>HEILIG</surname>, <given-names>G</given-names></author>. (<year>1984</year>): <title>Schülereinstellungen zum Fach Erdkunde</title>.- <other>Berlin</other>. 
<author><surname>HEINEREN</surname>, <given-names>E</given-names></author>. & <other>al.</other> (<year>1986</year>): <title>Zur kognitiven Repräsentation der geographischen Lage europäischer Städte bei GymnasialSchülern</title>.- In: <source>Geographische Zeitschrift</source> <volume>74</volume>, S. <fpage>31</fpage>-<lpage>42</lpage>. 
<author><surname>HEINEREN</surname>, <given-names>E</given-names></author>. (<year>1991</year>): <title>Der Einfluß nichträumlicher Merkmale auf die kognitive Deutschlandkarte West- und Ostberliner Schüler</title>.- In: <source>Geographische Zeitschrift</source> <volume>79</volume>, S. <fpage>59</fpage> - <lpage>74</lpage>. 
<author><surname>HEMMER</surname>, <given-names>I</given-names></author>. (<year>1992</year>): <title>Untersuchungen zum wissenschaftspropädeutischen Arbeiten im Geographieunterricht der Oberstufe</title>.- <other>Nürnberg</other>. 
<author><surname>HEMMER</surname>, <given-names>M</given-names></author>. (<year>1997</year>): <title>Geographiedidaktische Forschung in der Bundesrepublik Deutschland von 1985 bis 1995</title>.- In: <source>Geographie und ihre Didaktik</source> <volume>25</volume>, S. <fpage>84</fpage>-<lpage>101</lpage>. 
<author><surname>HEMMER</surname>, <given-names>I</given-names></author>./<author><surname>HEMMER</surname>, <given-names>M</given-names></author>. (<year>1996</year>): <title>Schülerinteresse am Erdkundeunterricht - grundsätzliche Überlegungen und erste empirische Ergebnisse</title>.- In: <source>Geographie und ihre Didaktik</source> <volume>24</volume>, S. <fpage>192</fpage> - <lpage>204</lpage>. 
<author><surname>HEMMER</surname>, <given-names>I</given-names></author>./<author><surname>HEMMER</surname>, <given-names>M</given-names></author>. (<year>1996</year>): <title>Welche Themen interessieren Jungen und Mädchen im Geographieunterricht?</title>- In: <source>Praxis Geographie</source> <volume>25</volume>, H. <issue>12</issue>, S. <fpage>41</fpage> -<lpage>43</lpage>. 
<author><surname>HEMMER</surname>, <given-names>I</given-names></author>./<author><surname>HEMMER</surname>, <given-names>M</given-names></author>. (<year>1997</year>): <title>Welche Länder und Regionen interessieren Mädchen und Jungen?</title>- In: <source>Praxis Geographie</source> <volume>26</volume>, H. <issue>1</issue>, S. <fpage>40</fpage> - <lpage>41 </lpage>
<author><surname>HENDINGER</surname>, <given-names>H</given-names></author>. (<year>1970</year>): <title>Ansätze zur Neuorientierung der Geographie im Curriculum aller Schularten</title>.- In: <source>Geographische Rundschau</source> <volume>22</volume>, S. <fpage>10</fpage> - <lpage>18</lpage>. 
<author><surname>HENDINGER</surname>, <given-names>H</given-names></author>. (<year>1980</year>): <title>Das geographische Curriculum - Lernziele, Lehrpläne und Modelle</title>.- In: <editor>KREUZER, G.</editor> (Hrsg., <year>1980</year>): <source>Didaktik des Geographieunterrichtes</source>. - <other>Hannover</other>, S. <fpage>66</fpage> - <lpage>103</lpage>. 
<author><surname>HESKE</surname>, <given-names>H</given-names></author>. (1988): <title>... und morgen die ganze Welt: Erdkundeunterricht im Nationalsozialismus</title>.- <other>Gießen</other>. 
<author><surname>HÜBNER</surname>, <given-names>R</given-names></author>. (<year>1953</year>): <title>Die Schulgeographie</title>.- In: <editor>BANSE, E.</editor> (<year>1953</year>): <source>Entwicklung und Aufgabe der Geographie</source>. - <other>Stuttgart</other>, S. <fpage>208</fpage> - <lpage>233</lpage>. 
<author><surname>KAMINSKE</surname>, <given-names>V</given-names></author>. (<year>1985</year>): <title>Schulbücher und Lehrpläne unter dem Gesichtspunkt der Hierarchisierung</title>.- In: <source>Geographie und ihre Didaktik</source> <volume>13</volume>, S. <fpage>16</fpage> - <lpage>32</lpage>. 
<author><surname>KAMINSKE</surname>, <given-names>V</given-names></author>. (<year>1993</year>.1): <title>Überlegungen und Untersuchungen zur Komplexität von Begriffen und Beziehungen im Erdkundeunterricht</title>.- <other>München</other>. 
<author><surname>KAMINSKE</surname>, <given-names>V</given-names></author>. (<year>1993</year>.2): <title>Die Stufung geographischer Inhalte nach ihrer Komplexität</title>.- In: <source>Geographie und ihre Didaktik</source> <volume>21</volume>, S. <fpage>198</fpage> - <lpage>216</lpage>.
<author><surname>KAMINSKE</surname>, <given-names>V</given-names></author>. (<year>1995</year>): <title>Wahrnehmung und Stufung komplexer Inhalte im Geographieunterricht</title>.- <other>München</other>. 
<author><surname>KÖCK</surname>, <given-names>H</given-names></author>. (<year>1977</year>): <title>Ziele des Geographieunterichts seit 1945</title>.- In: <source>Hefte zur Fachdidaktik der Geographie</source> <volume>1</volume>, H. <issue>1</issue>, S. <fpage>3</fpage> - <lpage>53</lpage>. 
<author><surname>KÖCK</surname>, <given-names>H</given-names></author>. (<year>1978</year>): <title>Geographie in der Zeitung</title>.- In: <source>Hefte zur Fachdidaktik der Geographie</source> <volume>2</volume>, H. <issue>2</issue>, S. <fpage>63</fpage> -<lpage>83</lpage>. 
<author><surname>KÖCK</surname>, <given-names>H</given-names></author>. (<year>1979</year>): <title>Die geographische Fragestellung im zielorientierten Geographieunterricht</title>.- In: <source>Geographie im Unterricht</source> <volume>4</volume>, S. <fpage>253</fpage> - <lpage>268</lpage>. 
<author><surname>KÖCK</surname>, <given-names>H</given-names></author>. (<year>1980</year>): <title>Theorie des zielorientierten Geographieunterrichts</title>.- <other>Köln</other>. 
<author><surname>KÖCK</surname>, <given-names>H</given-names></author>. (<year>1982</year>): <title>Schülerinteresse an chorologischer Geographie</title>.- In: <source>Geographie und ihre Didaktik</source> <volume>10</volume>, S. <fpage>2</fpage> - <lpage>26</lpage>. 
<author><surname>KÖCK</surname>, <given-names>H</given-names></author>. (<year>1984</year>.1): <title>Zum Interesse des Schülers an der geographischen Fragestellung</title>.- In: <editor>KÖCK, H.</editor> (Hrsg., <year>1984</year>): <source>Studien zum Erkenntnisprozeß im Geographieunterricht</source>. - <other>Köln</other>, S. <fpage>37</fpage> - <lpage>112</lpage>. 
<author><surname>KÖCK</surname>, <given-names>H</given-names></author>. (<year>1984</year>.2): <title>Schüler und geographische Begriffe</title>.- In: <editor>KÖCK, H.</editor> (Hrsg., <year>1984</year>): <source>Studien zum Erkenntnisprozeß im Geographieunterricht</source>. - <other>Köln</other>, S. <fpage>166</fpage> - <lpage>237</lpage>. 
<author><surname>KÖCK</surname>, <given-names>H</given-names></author>. (<year>1984</year>.3): <title>Der Komplexitätsgrad als curriculares Stufungsprinzip</title>.- In: <source>Geographie und ihre Didaktik</source> <volume>12</volume>, S. <fpage>114</fpage> - <lpage>133</lpage>. 
<author><surname>KOSMELLA</surname>, <given-names>Chr</given-names></author>. (<year>1979</year>): <title>Die Entwicklung des „länderkundlichen Verständnisses“</title>.- <other>München</other>. 
<author><surname>KREIBICH</surname>, <given-names>B</given-names></author>. (<year>1977</year>): <title>Stadtplanungsprobleme aus Schülersicht</title>.- <other>Stuttgart</other>. 
<author><surname>KRAUSE</surname>, <given-names>A</given-names></author>. (<year>1929</year>): <title>Die Anfänge des geographischen Unterrichts im 16. Jahrhundert</title>.- <other>Gotha</other>. 
<author><surname>KROPATSCHEK</surname>, <given-names>Ph</given-names></author>. (<year>1883</year>): <title>Zur geschichtlichen Entwicklung des geographischen Unterrichts</title>.- In: <source>Verhandlungen des Deutschen Geographentages</source>, S. <fpage>117</fpage>- <lpage>138</lpage>. 
<author><surname>KROSS</surname>, <given-names>E</given-names></author>. (<year>1977</year>): <title>Fremde Länder und Völker im Urteil von Schülern</title>.- In: <editor>HAUBRICH, H.</editor> (Hrsg., <year>1977</year>): <source>Quantitative Didaktik der Geographie</source>. - <other>Braunschweig</other>, S. <fpage>192</fpage> - <lpage>217</lpage>. 
<author><surname>KROSS</surname>, <given-names>E</given-names></author>. (<year>1989</year>): <title>Wissen und Einstellungen deutscher Schüler zu Lateinamerika</title>.- In: <source>geographie heute</source> <volume>10</volume>, H. <issue>70</issue>, S. <fpage>44</fpage> - <lpage>47</lpage>. 
<author><surname>KUTSCHERA</surname>, <given-names>F. v.</given-names></author> (<year>1972</year>): <title>Wissenschaftstheorie</title>. Bd. <volume>1</volume> und <volume>2</volume>.- <other>München</other>.
<author><surname>LEUSMANN</surname>, <given-names>Chr</given-names></author>. (<year>1976</year>): <title>Die Bestimmung geographisch-inhaltsstruktureller Einstellungsdimensionen von Schülern am Gymnasium</title>.- In: <source>Der Erdkundeunterricht</source>, H. <issue>24</issue>, S. <fpage>87</fpage> - <lpage>98</lpage>. 
<author><surname>LEUSMANN</surname>, <given-names>Chr</given-names></author>. (<year>1977</year>): <title>Schülereinstellungen zum Fach Erdkunde, zu Unterrichtsstoffen und fachspezifischen Erarbeitungsformen</title>.- In: <editor>HAUBRICH, H.</editor> (Hrsg., <year>1977</year>): <source>Quantitative Didaktik der Geographie</source>. - <other>Braunschweig</other>, S. <fpage>145</fpage> - <lpage>180</lpage>. 
<author><surname>LEUSMANN</surname>, <given-names>Chr</given-names></author>. (<year>1979</year>): <title>Zur Bedeutung der Einstellungsdimensionen von Schülern zum Schulfach Erdkunde</title>.- In: <source>Geographie und ihre Didaktik</source> <volume>7</volume>, S. <fpage>114</fpage>- <lpage>140</lpage>. 
<editor>NIEMZ, G.</editor> (Hrsg. <year>1989</year>): <title>Das neue Bild des Geographieunterrichts</title>.- <other>Frankfurt</other>. 
<author><surname>OBERLÄNDER</surname>, <given-names>H</given-names></author>. (<year>1875</year>): <title>Geschichte und Methodik des geographischen Unterrichts</title>.- In: <editor>OBERLÄNDER, H.</editor> (<year>1875</year>): <source>Der geographische Unterricht nach den Grundsätzen der Ritter’schen Schule historisch und methodologisch beleuchtet</source>. - <other>Grimma</other>, S. <fpage>3</fpage> - <lpage>124</lpage>. 
<author><surname>OBERMAIER</surname>, <given-names>G</given-names></author>. (<year>1997</year>.1): <title>Strukturen und Entwicklung des geographischen Interesses von GymnasialSchülern in der Unterstufe - eine bayemweite Untersuchung</title>. - <other>München</other>. 
<author><surname>OBERMAIER</surname>, <given-names>G</given-names></author>. (<year>1997</year>.2): <title>Geographieinteresse</title>. - In: <source>geographie heute</source>, H. <issue>157</issue>, S. <fpage>2</fpage>-<lpage>5 </lpage>
<author><surname>OESER</surname>, <given-names>E</given-names></author>. (<year>1979</year>): <title>Wissenschaftstheorie als Rekonstruktion der Wissenschaftsgeschichte</title>.- <other>Wien</other>. 
<author><surname>PIAGET</surname>, <given-names>J</given-names></author>. & <other>al.</other> (<year>1946</year>/<year>1971</year>): <title>Die Entwicklung des räumlichen Denkens beim Kinde</title>.- <other>Stuttgart</other>. 
<author><surname>PREIS</surname>, <given-names>H</given-names></author>. (<year>1984</year>): <title>Kognitiver Entwicklungsstand und Abstraktionsgrad der Methode als Prädikatoren der Schulleistung am Beispiel des Leminhaltes „Höhenlinien“</title>.- In: <editor>KÖCK, H.</editor> (Hrsg. <year>1984</year>): <source>Studien zum Erkenntnisprozeß im Geographieunterricht</source>.- <other>Köln</other>, S. <fpage>11</fpage> - <lpage>36</lpage>. 
<author><surname>RICHTER</surname>, <given-names>E</given-names></author>. (<year>1976</year>): <title>Lernzielorientierter Erdkundeunterricht und Säulenmodell</title>.- In: <source>Geographische Rundschau</source> <volume>28</volume>, S. <fpage>235</fpage> - <lpage>241</lpage>. 
<author><surname>RIEDL</surname>, <given-names>R</given-names></author>. (<year>1980</year>): <title>Biologie der Erkenntnis</title>.- <other>Berlin</other>. 
<author><surname>ROST</surname>,<given-names> D. H.</given-names></author> (<year>1977</year>): <title>Raum Vorstellung</title>.- <other>Weinheim</other>. 
<author><surname>SCHÄFER</surname>, <given-names>G</given-names></author>. (<year>1984</year>): <title>Die Entwicklung des geographischen Raumverständnisses im Grundschulalter</title>.- <other>Berlin</other>. 
<author><surname>SCHNASS</surname>, <given-names>F</given-names></author>. (<year>1919</year>): <title>Zur Geschichte der Erdkunde als Wissenschaft und Unterrichtsfach</title>.- In: <editor>SCHNASS, F.</editor> (<year>1923</year>). <source>Lehren und Lernen, Schaffen und Schauen in der Erdkunde</source>. Teil <volume>1</volume>. <other>Prag u. a.</other>, S. <fpage>1</fpage> - <lpage>122</lpage>. 
<author><surname>SCHRAMKE</surname>, <given-names>W</given-names></author>. (<year>1975</year>): <title>Zur Paradigmengeschichte der Geographie und ihrer Didaktik</title> - <other>Göttingen</other>. 
<author><surname>SCHRAND</surname>, <given-names>H</given-names></author>. (<year>1983</year>): <title>Zur Geschichte der Geographie in Schule und Hochschule</title>- In: <editor>MANNZMANN, A.</editor> (Hrsg., <year>1983</year>): <source>Geschichte der Unterrichtsfächer II</source>. - <other>München</other>, S. <fpage>75</fpage> - <lpage>107</lpage>.
<author><surname>SCHRETTENBRUNNER</surname>, <given-names>H</given-names></author>. (<year>1969</year>): <title>Schülerbefragung zum Erdkundeunterricht</title>.- In: <source>Geographische Rundschau</source> <volume>20</volume>, S. <fpage>100</fpage> - <lpage>106</lpage>. 
<author><surname>SCHRETTENBRUNNER</surname>, <given-names>H</given-names></author>. (<year>1978</year>): <title>Konstruktion und Ergebnisse eines Tests zum Kartenlesen (Kartentest KAT)</title>.- In: <source>Der Erdkundeunterricht</source>, H. <issue>28</issue>, S. <fpage>56</fpage> - <lpage>75</lpage>. 
<author><surname>SCHULTZ</surname>, <given-names>H.-D.</given-names></author> (<year>1989</year>): <title>Die Geographie als Bildungsfach im Kaiserreich</title>.- <other>Osnabrück</other>. 
<author><surname>SCHULTZE</surname>, <given-names>A</given-names></author>. (<year>1970</year>): <title>Allgemeine Geographie statt Länderkunde!</title>- In: <source>Geographische Rundschau</source> <volume>21</volume>, S. <fpage>1</fpage> - <lpage>10</lpage>. 
<author><surname>SPERLING</surname>, <given-names>W</given-names></author>. (<year>1965</year>): <title>Kind und Landschaft</title>.- <other>Stuttgart</other>. 
<author><surname>SPERLING</surname>, <given-names>W</given-names></author>. (<year>1969</year>): <title>Stellung und Aufgaben der Didaktik der Geographie im System der geographischen Wissenschaft und im Verhältnis zur Angewandten Geographie</title>.- In: <source>Geographische Rundschau</source> <volume>20</volume>, S. <fpage>81</fpage> - <lpage>88</lpage>. 
<author><surname>SPERLING</surname>, <given-names>W</given-names></author>. (<year>1977</year>): <title>Weitere Aufgaben fachdidaktischer Forschungen</title>.- In: <source>Geographie und ihre Didaktik</source> <volume>5</volume>, S. <fpage>35</fpage> - <lpage>37</lpage>. 
<author><surname>SPERLING</surname>, <given-names>W</given-names></author>. (<year>1978</year>): <title>Geographiedidaktische Quellenkunde</title>.- <other>Duisburg</other>. 
<author><surname>SPERLING</surname>, <given-names>W</given-names></author>. (<year>1981</year>): <title>Geschichte des Geographieunterrichts und der Geographiedidaktik zwischen Geographiegeschichte und Bildungsgeschichte</title>.- In: <editor>SPERLING, W.</editor> (Hrsg., <year>1981</year>): <source>Theorie und Geschichte des geographischen Unterrichts</source>. - <other>Braunschweig</other>, S. <fpage>96</fpage> - <lpage>117</lpage>. 
<author><surname>SPERLING</surname>, <given-names>W</given-names></author>.: <other>s. im übrigen die vollständige Bibliographie der Veröffentlichungen von Walter Sperling,</other> in: <author><surname>HÄNSGEN</surname>, <given-names>D</given-names></author>./<author><surname>SCHMID</surname>, <given-names>U</given-names></author>. (<year>1992</year>): <title>Die Veröffentlichungen von Walter Sperling</title>.- In: <editor>BROGIATO, H. P.</editor>/ <editor>CLOSS, H.-M.</editor> (Hrsg., <year>1992</year>): <source>Geographie und ihre Didaktik. Festschrift fur Walter Sperling</source>. Teil <volume>1</volume>. - <other>Trier</other>, S. <fpage>7</fpage> - <lpage>39</lpage>. 
<author><surname>STÜCKRATH</surname>, <given-names>F</given-names></author>. (<year>1955</year>): <title>Kind und Raum</title>.- <other>München</other>. 
<author><surname>TRÖGER</surname>, <given-names>S</given-names></author>. (<year>1993</year>): <title>Das Afrikabild bei deutschen Schülerinnen und Schülern</title>.- <other>Saarbrücken</other>. 
<author><surname>VOIGT</surname>, <given-names>H</given-names></author>. (<year>1980</year>): <title>Geoökologische Schüleruntersuchungen</title>.- <other>Paderborn</other>. 
<author><surname>WAGNER</surname>, <given-names>J</given-names></author>. (<year>1955</year>): <title>Der erdkundliche Unterricht</title>.- <other>Berlin</other>. 
<author><surname>WERLE</surname>, <given-names>O</given-names></author>. (<year>1992</year>): <title>Kinder und die weite Welt. Ein Plädoyer für die „Ferne“ im Sachunterricht der Grundschule</title>.- In: <editor>BROGIATO, H. P.</editor>/<editor>CLOSS, H.-M.</editor> (Hrsg., <year>1992</year>): <source>Geographie und ihre Didaktik. Festschrift für Walter Sperling</source>. Teil <volume>2</volume>. - <other>Trier</other>, S. <fpage>419</fpage> - <lpage>440</lpage>.