<author><surname>BARLAGE</surname>, <given-names>H</given-names></author>. (<year>1995</year>): <title>Unterrichtsform Freiarbeit</title>. - In: <editor>REGENBRECHT, A.</editor> / <editor>PÖPPEL, K. G.</editor> (Hrsg.): <source>Erfahrung und schulisches Lernen. Zum Problem der Öffnung von Schule und Unterricht. Münstersche Gespräche zu Themen der wissenschaftlichen Pädagogik</source> <volume>12</volume>, S. <fpage>139</fpage>-<lpage>148</lpage>. - <other>Münster</other>.
<author><surname>BASTIAN</surname>, <given-names>J</given-names></author>. (<year>1993</year>): <title>Freie Arbeit und Projektunterricht. Eine didaktische „Wiedervereinigung“</title>. - In: <source>Pädagogik</source>, <volume>10</volume>/<year>93</year>: S. <fpage>6</fpage> - <lpage>9</lpage>. - <other>Weinheim</other>.
<editor>DER KULTUSMINISTER</editor> (<year>1993</year>): <title>Richtlinien und Lehrpläne für das Gymnasium - Sekundarstufe I - in Nordrhein-Westfalen. Erdkunde</title>. - <other>Frechen</other>.
<author><surname>FRECH-BECKER</surname>, <given-names>C</given-names></author>. (<year>1997</year>): <title>Wenn Freiarbeit zur freien Arbeit wird</title>. - <source>Praxis des neusprachlichen Unterrichts</source>, <volume>1</volume>/<year>97</year>, S. <fpage>86</fpage> - <lpage>92</lpage>. - <other>Bielefeld</other>.
<author><surname>FREY</surname>, <given-names>K</given-names></author>. (<year>1982</year>): <title>Die Projektmethode</title>. - <other>Weinheim/Basel</other>.
<author><surname>GAIDA</surname>, <given-names>R</given-names></author>. (<year>1996</year>): <title>Zur Schwermetallbelastung städtischer Böden im Raum Duisburg. Ein Beitrag zum ergebnisoffenen und handlungsorientierten Erdkundeunterricht in Form eines Planspieles</title>. - In: <source>Der Erdkundeunterricht</source> <volume>48</volume>, S. <fpage>216</fpage>-<lpage>221</lpage>.-<other>Berlin</other>.
<author><surname>GUDJONS</surname>, <given-names>H</given-names></author>. (<year>1993</year>): <title>Die Welt im Wassertropfen. Exemplarisch lernen und entlastet lehren</title>. - In: <source>Pädagogik</source> <volume>10</volume>/<year>93</year>, S. <fpage>10</fpage> - <lpage>12</lpage>. - <other>Weinheim</other>.
<author><surname>GUDJONS</surname>, <given-names>H</given-names></author>. (<year>1994</year>): <title>Handlungsorientiert lehren und lernen. Schüleraktivierung, Selbsttätigkeit, Projektarbeit</title>. - 4. Auflage, <other>Bad Heilbrunn</other>.
<author><surname>GÜNTHER</surname>, <given-names>H</given-names></author>. (<year>1996</year>): <title>Kritik des offenen Unterrichts</title>. - <other>Bielefeld</other>.
<author><surname>HACKER</surname>, <given-names>H</given-names></author>. (<year>1997</year>): <title>Die Übergänge zur Sekundarstufe I. Anmerkungen zum „zweiten Schulbeginn“</title>. - In: <source>Praxis Schule</source> <volume>8</volume>, S. <fpage>58</fpage> - <lpage>60</lpage>. - <other>Braunschweig</other>.
<author><surname>JANK</surname>, <given-names>W</given-names></author>. / <author><surname>MEYER</surname>, <given-names>H</given-names></author>. (<year>1991</year>): <title>Didaktische Modelle</title>. - <other>Frankfurt am Main</other>.
<author><surname>JÜRGENS</surname>, <given-names>E</given-names></author>. (<year>1992</year>): <title>Leistung und Beurteilung in der Schule. Eine Einführung in Leistungs- und Bewertungsfragen aus pädagogischer Sicht</title>. - <other>Sankt Augustin</other>.
<author><surname>KREUZBERGER</surname>, <given-names>N</given-names></author>. (<year>1994</year>): <title>Freiarbeit im Erdkunde- Mathematik- und Englischunterricht</title>. - In: <editor>JÜRGENS, E.</editor> (Hrsg.): <source>Erprobte Wochenplan- und Freiarbeits-Ideen in der Sekundarstufe I. Praxisberichte über effektives Lernen im Offenen Unterricht</source>: S. <fpage>86</fpage> - <lpage>102</lpage>. - <other>Heinsberg</other>.
<editor>LANDESINSTITUT FÜR SCHULE UND WEITERBILDUNG</editor> (Hrsg., <year>1995</year>). <title>Fächerübergreifendes Lernen Gymnasium (Sek. I)</title>. - <other>Soest</other>.
<author><surname>MEYER</surname>, <given-names>H</given-names></author>. (<year>1987</year>): <title>Unterrichtsmethoden II: Praxisband</title>. - <other>Frankfurt am Main</other>. 
<author><surname>MÖLLER</surname>, <given-names>K</given-names></author>. (<year>1987</year>): <title>Lernen durch Tun</title>. - <other>Frankfurt/M.</other>
<author><surname>OBDENBUSCH</surname>, <given-names>H</given-names></author>. (<year>1996</year>): <title>„Der Weinbau in Deutschland“ - ein kritische Auseinandersetzung mit einem Unterrichtsprojekt zur Umsetzung der neuen RL und LP (NRW)</title>. - In: <source>Geographie und ihre Didaktik</source> <volume>24</volume>, S. <fpage>90</fpage> -<lpage>98</lpage>. - <other>Hildesheim</other>.
<author><surname>RUMPF</surname>, <given-names>H</given-names></author>. (<year>1991</year>): <title>Was ist frei an der freien Arbeit?</title> - In: <source>Pädagogik</source>, <volume>6</volume>/<year>91</year>, S. <fpage>6</fpage> - <lpage>9</lpage>. - <other>Weinheim</other>.
<author><surname>SAXLER</surname>, <given-names>J</given-names></author>. (<year>1995</year>): <title>Erfahrung und Lernen im naturwissenschaftlichen Unterricht</title>. - In: <editor>REGENBRECHT, A.</editor> / <editor>PÖPPEL, K. G.</editor> (Hrsg.): <source>Erfahrung und schulisches Lernen. Zum Problem der Öffnung von Schule und Unterricht. Münstersche Gespräche zu Themen der wissenschaftlichen Pädagogik</source> <volume>12</volume>, S. <fpage>115</fpage> - <lpage>124</lpage>. - <other>Münster</other>.
<author><surname>SCHULZ</surname>, <given-names>W</given-names></author>. (<year>1995</year>): <title>Didaktische Einblicke: „das Gesicht der Schule gestalten“</title>. (Hrsg. <editor>G. OTTO</editor> / <editor>G. LUSCHER-SCHULZ</editor>). - <other>Weinheim und Basel</other>.
<author><surname>SOPPA</surname>, <given-names>L</given-names></author>. (<year>1990</year>): <title>Freiarbeit nicht nur in der Grundschule</title>. - In: <source>Praxis Schule</source> <volume>2</volume>, S. <fpage>54</fpage> - <lpage>55</lpage>. - <other>Braunschweig</other>.
<author><surname>VOLKMANN</surname>, <given-names>H</given-names></author>. (<year>1996</year>). <title>Bericht vom 25. Deutschen Schulgeographentag Greifswald 1996</title>. - In: <source>Geographie und ihre Didaktik</source> <volume>24</volume>, S. <fpage>207</fpage> - <lpage>209</lpage>. - <other>Hildesheim</other>.
<author><surname>WALZ</surname>, <given-names>R</given-names></author>. (<year>1993</year>) <title>Keine Angst vor Freiarbeit. Planung, Arbeitsmaterial, Kontrolle. Ein Praxisbuch</title>. - 3. Auflage, <other>Niederzier</other>.