<editor>COMMISSION ON GEOGRAPHICAL EDUCATION</editor> (<year>1992</year>): <title>International Charter on Geographical Education</title>, <other>Freiburg</other>: <publisher>Commission on Geographical Education of the International Geographical Union</publisher>.
<author><surname>CORNEY</surname>, <given-names>G</given-names></author>. (<year>1982</year>): <title>Register of Research in Geographical Education</title>. - <other>Sheffield</other>.
<author><surname>FIEN</surname>, <given-names>J</given-names></author>. / <author><surname>HILLCOAT</surname>, <given-names>J</given-names></author>. (<year>1996</year>): <title>The critical tradition in research in geographical and environmental education research</title>. - In: <editor>M. Williams</editor> (ed.) <source>Understanding Geographical and Environmental Education: the Role of Research</source>. - <other>London</other>.
<author><surname>GERBER</surname>, <given-names>R</given-names></author>. (<year>1996</year>): <title>Interpretive approaches to geographical and environmental education research</title>. - In: <editor>M. Williams</editor> (ed.) <source>Understanding Geographical and Environmental Education: the Role of Research</source>. - <other>London</other>.
<author><surname>HAUBRICH</surname>, <given-names>H</given-names></author>. (<year>1973</year>a): <title>Leben in der Stadt: Schülerarbeitsheft zur Sendereihe des WDR Schulfernsehens</title>. - <other>Bad Honnef</other>.
<author><surname>HAUBRICH</surname>, <given-names>H</given-names></author>. (<year>1973</year>b): <title>Leben in der Stadt: Die Stadt als Wohnplatz/Verkehr in der Stadt? Die Stadtteile/Stadt und Umland (Lehrerheft). - WDR Schulfernsehen</title>.
<author><surname>HAUBRICH</surname>, <given-names>H</given-names></author>. (<year>1975</year>): <title>Fernsehen und Geographieunterricht</title>. - In: <source>Freiburger Geographische Mitteilungen</source> Jg., <volume>2</volume>, S. <fpage>62</fpage>-<lpage>75</lpage>.
<author><surname>HAUBRICH</surname>, <given-names>H</given-names></author>. / <author><surname>KETZER</surname>, <given-names>F</given-names></author>. (<year>1978</year>): <title>Audiovisuelle Medien für den Unterricht</title>. - <other>Stuttgart</other>.
<editor>HAUBRICH, H.</editor> (ed., <year>1982</year>): <title>International Focus on Geographical Education</title>, <source>Studien zur Internationalen Schulbuchforschung</source>, vol. <volume>34</volume>. - <other>Braunschweig</other>.
<editor>HAUBRICH, H.</editor> (ed., <year>1984</year>): <title>Perception of People and Places through Media</title>, <source>Proceedings of the Symposium of the Education Commission of the International Geographical Union</source>, vols. <volume>1</volume> and <volume>2</volume>. - <other>Freiburg</other>.
<editor>HAUBRICH, H.</editor> (ed., <year>1984</year>): <title>Educational television for geography teaching - a pilot study of a content analysis</title>. - In: <editor>H. Haubrich</editor> (ed.): <source>Perception of People and Places through Media, Proceedings of the Symposium of the Education Commission of the International Geographical Union</source>, Vols. <volume>1</volume> and <volume>2</volume>. - <other>Freiburg</other>.
<editor>HAUBRICH, H.</editor> (ed., <year>1987</year>): <title>How I see my Country: Personal Views of 15 year- olds from 28 Countries</title>. - <other>Freiburg</other>.
<editor>HAUBRICH, H.</editor> (ed., <year>1987</year>): <title>Where and How I Live: 10 Year-olds Write for the Children in the World</title>. - <other>Freiburg</other>.
<editor>HAUBRICH, H.</editor> (ed., <year>1994</year>): <title>Europe and the World in Geography Education</title>, <source>Geographiedidaktische Forschungen</source>, Band <volume>25</volume>. - <other>Nürnberg</other>.
<author><surname>HAUBRICH</surname>, <given-names>H. I</given-names></author> <author><surname>ENGELHARD</surname>, <given-names>H. J.</given-names></author> (<year>1996</year>): <title>Simuland, abstract in Abstract Book</title>, <source>28th International Geographical Congress of the International Geographical Union</source>. - <other>Utrecht</other>, S. <fpage>174</fpage> - <lpage>175</lpage>.
<author><surname>LIDSTONE</surname>, <given-names>J</given-names></author>. (<year>1988</year>): <title>Research in geographical education</title>. - In: <editor>Gerber, R.</editor> / <editor>Lidstone, J.</editor> (eds.): <source>Developing Skills in Geographical Education</source>. - <other>Brisbane</other>.
<author><surname>LUKEHURST</surname>, <given-names>C. T.</given-names></author> / <author><surname>GRAVES</surname>, <given-names> N. J.</given-names></author> (<year>1972</year>): <title>Geography in Education. A Bibliography of British Sources</title>. - <other>Sheffield</other>.
<author><surname>NAISH</surname>, <given-names>M</given-names></author>. (<year>1972</year>): <title>Some aspects of the study and teaching of geography in Britain: a review of recent British research</title>. - In: <source>Teaching Geography, Occasional Papers</source> No. <volume>18</volume>. - <other>Sheffield</other>.
<author><surname>STIMPSON</surname>, <given-names>P</given-names></author>. (<year>1996</year>): <title>Cross-cultural approaches in geographical and environmental education</title>. - In: <editor>M. Williams</editor> (ed.): <source>Understanding Geographical and Environmental Education: the Role of Research</source>. - <other>London</other>.
<author><surname>STOLTMAN</surname>. <given-names>J. P.</given-names></author> (<year>1996</year>): <title>An international perspective on research in geographical education</title>. - In: <editor>M. Williams</editor> (ed.): <source>Understanding Geographical and Environmental Education: the Role of Research</source>. - <other>London</other>
<author><surname>STOLTMAN</surname>, <given-names>J. P.</given-names></author> / <author><surname>NIEMZ</surname>, <given-names>W. G.</given-names></author> (<year>1992</year>a): <title>The field trials report on InterGeo II</title>. - In: <editor>A. D. Hill</editor> (ed.): <source>Interdependence in Geographic Education</source>. - <other>Boulder/CO</other>
<author><surname>STOLTMAN</surname>, <given-names>J. P.</given-names></author> / <author><surname>NIEMZ</surname>, <given-names>W. G.</given-names></author> (<year>1992</year>b): <title>InterGeo II: the development and field trials of an international geography test</title>. - In: <editor>A. D. Hill</editor> (ed.): <source>International Perspectives on Geographic Education</source>. - <other>Boulder/CO</other>.
<editor>van der SCHEE, J.</editor> / <editor>SCHOENMAKER, G.</editor> / <editor>TRIMP, H.</editor> / <editor>van WESTRHENEN, H.</editor> (eds., <year>1996</year>): <title>Innovation in Geographical Education</title>, <source>Nederlandse Geografische Studies</source> <volume>208</volume>. - <other>Utrecht</other>.
<author><surname>WILLIAMS</surname>, <given-names>M</given-names></author>. (<year>1996</year>): <title>Positivism and the quantitative tradition in geographical and environmental education research</title>. - In: <editor>M. Williams</editor> (ed.): <source>Understanding Geographical and Environmental Education: the Role of Research</source>. - <other>London</other>.