<author><surname>Adamina</surname>, <given-names>M</given-names></author>., <author><surname>Hertig</surname>, <given-names>P</given-names></author>., <author><surname>Probst</surname>, <given-names>M</given-names></author>., <author><surname>Reinfried</surname>, <given-names>S</given-names></author>. & <author><surname>Stucki</surname>, <given-names>P</given-names></author> (<year>2018</year>). <title>Klimabildung in allen Zyklen der Volksschule und in der Sekundarstufe II. Schlussbericht der CCESO-Projekt- phase 12016/2017 (vollständige Fassung)</title>. <other>Bern</other>:<publisher> Globe Schweiz</publisher>. Aufgerufen am 8. August 2018 unter <url>https://www.globe-swiss.ch/de/Angebote/Atmosphere/Klimabildung/</url>
<author><surname>Boykoff</surname>, <given-names>M</given-names></author>., <author><surname>Daly</surname>, <given-names>M</given-names></author>., <author><surname>Fernández-Reyes</surname>, <given-names>R</given-names></author>., <author><surname>McAllister</surname>, <given-names>L</given-names></author>, <author><surname>McNatt</surname>, <given-names>M</given-names></author>., <author><surname>Nacu-Schmidt</surname>, <given-names>A</given-names></author>., <author><surname>Oonk</surname>, <given-names>D</given-names></author>. & <author><surname>Pearman</surname>, <given-names>0</given-names></author>. (<year>2018</year>). <title>World Newspaper Coverage of Climate Change or Global Warming, 2004-2018</title>. <other>Colorado</other>: <publisher>Center for Science and Technology Policy Research, Cooperative Institute for Research in Environmental Sciences, University of Colorado</publisher>. Aufgerufen am 6. August 2018 unter <url>http://sciencepolicy.colorado.edu/icecaps/research/media_coverage/world/index.html</url>
<author><surname>Brüggemann</surname>, <given-names>M</given-names></author>., <author><surname>Neverla</surname>, <given-names>I</given-names></author>., <author><surname>Hoppe</surname>, <given-names>I</given-names></author>. & <author><surname>Walter</surname>, <given-names>S</given-names></author>. (<year>2016</year>). <title>Klimawandel in den Medien. CliSAP Working Paper</title>. <other>Hamburg</other>: <publisher>Universität</publisher>. Aufgerufen am 6. August 2018 unter <url>http://www.climatematters.hamburg/wp-content/uploads/2016/08/Working-Paper_Klimawandel_in_den_Medien.pdf</url>
<editor>D-EDK</editor> (<year>2016</year>). <title>Lehrplan 21</title>. Aufgerufen am 6. August 2018 unter <url>http://v-ef.lehrplan.ch/</url>
<author><surname>Ehrensperger</surname>, <given-names>A</given-names></author>. (<year>2009</year>). <title>Klimawandel medial</title>. <other>Hamburg</other>: <publisher>Academic Transfer</publisher>.
<editor>ETHZ</editor> (<other>o. J.</other>). <title>Schweizerisches Gletschermessnetz (GLAMOS)</title>. Aufgerufen am 6. August 18 unter <url>http://swiss-glaciers.glaciology.ethz.ch/?locale=de</url>
<editor>EUMETSAT</editor> (<year>2017</year>). <title>Monitoring Climate</title>. Aufgerufen am 6. August 2018 unter <url>www.eumetsat.int/website/home/AboutUs/WhatWeDo/MonitoringClimate/index.html</url>
<editor>Gerber, W.</editor> (Hg.) (<year>2006</year>). <title>Klimawandel</title>. <source>geographie heute</source>, <volume>241/242</volume>. <other>Seelze</other>: <publisher>Friedrich</publisher>.
<author><surname>Hoffmann</surname>, <given-names>T</given-names></author>. (<year>2018</year>a). <title>Gerüstet für die Zukunft. Aufgaben des Geographieunterrichts</title>. <source>Praxis Geographie</source>, <year>2018</year>(<volume>1</volume>), <fpage>4</fpage>-<lpage>9</lpage>.
<author><surname>Hoffmann</surname>, <given-names>T</given-names></author>. (<year>2018</year>b). <title>Globale Herausforderungen 1. Die Zukunft die wir wollen</title>. <other>Stuttgart</other>: <publisher>Klett</publisher>.
<author><surname>Holt</surname>, <given-names>D</given-names></author>. & <author><surname>Barkemeyer</surname>, <given-names>R</given-names></author>. (<year>2012</year>). <title>Media Coverage of Sustainable Development Issues -Attention Cycles or Punctuated Equilibrium?</title> <source>Sustainable Development</source>, <volume>20</volume>(<issue>1</issue>), <fpage>1</fpage>-<lpage>17</lpage>. DOI <identifier>10.1002/sd.460</identifier>
<editor>IPCC</editor> (<year>2007</year>). <title>Climate Change 2007: Synthesis Peport</title>. <source>Contributions of Working Groups I, II, III to the Fouth Assessment Peport of the Intergovernmental Panel on Climate Change</source>. <other>Geneva Switzerland</other>: <publisher>IPCC</publisher>.
<editor>IPCC</editor> (<year>2014</year>). <title>Climate Change 2014: Synthesis Peport</title>. <source>Contribution of Working Groups I, II and III to the Fifth Assessment Peport of the Intergovernmental Panel on Climate Change</source>. <other>Geneva Switzerland</other>: <publisher>IPCC</publisher>.
<author><surname>John</surname>, <given-names>M</given-names></author>., <author><surname>Gingins</surname>, <given-names>F</given-names></author>., <author><surname>Vogel</surname>, <given-names>J</given-names></author>. & <author><surname>Wilhelm</surname>, <given-names>S</given-names></author>. (<year>2016</year>). <title>Klimabildung und Klimawissen in der obligatorischen Schule und auf Sekundarstufe II. IST-Analyse, Bedarfsabklärung und Vorschläge. Schlussbericht im Auftrag des Bundesamtes für Umwelt BAFU</title>. <other>Bern</other>: <publisher>BAFU</publisher>.
<author><surname>Kuckartz</surname>, <given-names>U</given-names></author>. (<year>2014</year>). <title>Qualitative Inhaltsanalyse. Methoden, Praxis, Computerunterstützung</title>. <other>Weinheim</other>: <publisher>Beltz</publisher>.
<author><surname>Müller</surname>, <given-names>D</given-names></author>. & <author><surname>Ligensa</surname>, <given-names>A</given-names></author>. (<year>2009</year>). <title>Aktualität und Einordnung der „Leitmedien"-Diskussion</title>. In <editor>D. Müller</editor>, <editor>A. Ligensa</editor>, P. & <editor>Gendola, P.</editor> (Hg.), <source>Leitmedien: Konzepte - Pelevanz - Geschichte</source> (Band <volume>1</volume>) (S. <fpage>11</fpage>-<lpage>14</lpage>). <other>Bielefeld</other>: <publisher>transcript Verlag</publisher>.
<editor>NASA</editor> (<year>2018</year>). <title>Global Climate Change - Vital Signs of the Planet</title>. Aufgerufen am 6. August 2018 unter <url>https://climate.nasa.gov/vital-signs/global-temperature/</url>
<author><surname>Neverla</surname>, <given-names>I</given-names></author>. & <author><surname>Schäfer</surname>, <given-names>M</given-names></author>. (<year>2012</year>). <title>Einleitung: Der Klimawandel und das „Medien-Klima"</title>. In <editor>I. Neverla</editor> & <editor>M. Schäfer</editor> (Hg.), <source>Das Medien-Klima</source> (S. <fpage>9</fpage>-<lpage>25</lpage>). <other>Wiesbaden</other>: <publisher>Springer</publisher>.
<editor>NOAA</editor> (<year>2017</year>). <title>Climate at a Glance</title>. <source>Global Time Series</source>. Aufgerufen am 6. August 2018 unter <url>https://www.ncdc.noaa.gov/cag/global/time-series/globe/land_ocean/ytd/12/1880-2018</url>
<author><surname>O'Neill</surname>, <given-names>S.J.</given-names></author> & <author><surname>Nicholson-Cole</surname>, <given-names>S</given-names></author>. (<year>2009</year>). <title>"Fear won't do it". Promoting Positive Engagement with Climate Change through Visual and Iconic Representations</title>. <source>Science Communication</source>, <volume>30</volume>(<issue>3</issue>}, <fpage>355</fpage>-<lpage>379</lpage>. DOI <identifier>10.1177/1075547008329201</identifier>
<author><surname>Reinfried</surname>, <given-names>S</given-names></author>. (<year>2017</year>). <title>Die Fachdidaktiken sind Integrationswissenschaften - Das Beispiel der Geographiedidaktik</title>. In <editor>swissuniversities</editor> (Hg.), <source>Die Fachdidaktiken und ihre disziplinären Bezüge. Dokumentation der Tagung Fachdidaktiken vom 19. Januar 2017</source> (S. <fpage>13</fpage>-<lpage>20</lpage>). <other>O.O.</other>: <publisher>swissuniversities</publisher>.
<author><surname>Reinfried</surname>, <given-names>S</given-names></author>., <author><surname>Probst</surname>, <given-names>M</given-names></author>., <author><surname>Adamina</surname>, <given-names>M</given-names></author>., <author><surname>Hertig</surname>, <given-names>P</given-names></author>. & <author><surname>Stucki</surname>, <given-names>P</given-names></author>. (<year>2018</year>). <title>Klimabildung in allen Zyklen der Volksschule und in der Sekundarstufe II. Zusammenfassung der CCESO- Projektphase 12016/2017 (Summary)</title>. <other>Bern</other>: <publisher>Globe Schweiz</publisher>. Aufgerufen am 8. August 2018 unter <url>https://www.globe-swiss.ch/de/Angebote/Atmosphere/Klimabildung/</url>
<author><surname>Reusswig</surname>, <given-names>F</given-names></author>. (<year>2010</year>). <title>Klimawandel und Gesellschaft. Vom Katastrophen- zum Gestaltungsdiskurs im Horizont der postkarbonen Gesellschaft</title>. In <editor>M. Voss</editor> (Hg.), <source>Der Klimawandel. Sozialwissenschaftliche Perspektiven</source> (S. <fpage>75</fpage>-<lpage>97</lpage>). <other>Wiesbaden</other>: <publisher>VS Verlag für Sozialwissenschaften</publisher>.
<author><surname>Schäfer</surname>, <given-names>M</given-names></author>. (<year>2015</year>). <title>Climate Change and the Media</title>. In <editor>N.J. Smelser</editor> & <editor>P.B. Baltes</editor> (Hg.), <source>International Encyclopedia of the Social & Behavioral Sciences</source> (S. <fpage>853</fpage>-<lpage>859</lpage>). <other>Amsterdam</other>: <publisher>Elsevier</publisher>.
<author><surname>Schäfer</surname>, <given-names>M</given-names></author>., <author><surname>Ivanova</surname>, <given-names>A</given-names></author>. & <author><surname>Schmidt</surname>, <given-names>A</given-names></author>. (<year>2011</year>). <title>Globaler Klimawandel, globale Öffentlichkeit? Medienaufmerksamkeit für den Klimawandel in 23 Ländern</title>. <source>Studies in Communication/ Media</source>, <volume>0</volume>(<issue>1</issue>), <fpage>131</fpage>-<lpage>148</lpage>.
<author><surname>Schäfer</surname>, <given-names>M</given-names></author>., <author><surname>Ivanova</surname>, <given-names>A</given-names></author>. & <author><surname>Schmidt</surname>, <given-names>A</given-names></author>. (<year>2012</year>). <title>Issue-Attention: Mediale Aufmerksamkeit für den Klimawandel in 26 Ländern</title>. In <editor>I. Neverla</editor> & <editor>M. Schäfer</editor> (Hg.), <source>Das Medien-Klima</source> (S. <fpage>121</fpage>-<lpage>142</lpage>). <other>Wiesbaden</other>: <publisher>Springer</publisher>.
<author><surname>Schäfer</surname>, <given-names>M</given-names></author>., <author><surname>Ivanova</surname>, <given-names>A</given-names></author>., <author><surname>Schmidt</surname>, <given-names>A</given-names></author>. (<year>2013</year>). <title>What Drives Media Attention for Climate Change? Explaining Issue Attention in Australian, German and Indian Print Media from 1996 to 2010</title>. <source>International Communication Gazette</source>, <volume>76</volume>(<issue>3</issue>), <fpage>152</fpage>-<lpage>176</lpage>. DOI <identifier>10.1177/1748048513504169</identifier>
<author><surname>Schmidt</surname>, <given-names>A</given-names></author>., <author><surname>Ivanova</surname>, <given-names>A</given-names></author>. & <author><surname>Schäfer</surname>, <given-names>M</given-names></author>. (<year>2013</year>). <title>Media Attention for Climate Change Around the World: A Comparative Analysis of Newspaper Coverage in 27 Countries</title>. <source>Global Environmental Change</source>, <volume>23</volume>(<issue>5</issue>), <fpage>1233</fpage>-<lpage>1248</lpage>. DOI <identifier>10.1177/0263774X16680818</identifier>
<author><surname>Schmidt</surname>, <given-names>F</given-names></author>. (<year>2015</year>). <title>Kalifornien zeigt Erfindungsreichtum beim Wassersparen</title>. Aufgerufen am 6. August 2018 unter <url>http://www.dw.com/de/kalifornien-zeigt-erfindungsreichtum-beim-wassersparen/a-18475647</url>
<author><surname>Stern</surname>, <given-names>N</given-names></author>. (Hg.) (<year>2007</year>). <title>The Economics of Climate Change: The Stern Review</title>. <other>Cambridge</other>: <publisher>University Press</publisher>.
<author><surname>Stoknes</surname>, <given-names>P.E.</given-names></author> (<year>2015</year>). <title>What We Think About When We Try Not to Think About Global Warming: Toward a New Psychology of Climate Action</title>. <other>White River Junction</other>: <publisher>Chelsea Green Publishing</publisher>.
<author><surname>Trost</surname>, <given-names>D</given-names></author>. (<year>2016</year>). <title>Die Rolle der Wissenschaft im öffentlichen Diskurs</title>. <source>EURACTIV 17. März 2016</source>. Aufgerufen am 6. August 2018 unter <url>https://www.euractiv.de/section/innovation/linksdossier/die-rolle-der-wissenschaft-im-offentlichen-diskurs/</url>
<author><surname>Wanner</surname>, <given-names>H.</given-names></author> (<year>2016</year>). <title>Klima und Mensch - eine 12'000-jährige Geschichte</title>. <other>Bern</other>: <publisher>Haupt Verlag</publisher>.
<editor>WMO</editor> (<year>2017</year>). <title>WMO Greenhouse Gas Bulletin (published annually)</title>. Aufgerufen am 8. August 2018 unter <url>https://public.wmo.int/en/resources/library/wmo-greenhouse-gas-bulletin</url>
<editor>World Ocean Review (WOR)</editor> (<year>2010</year>). <title>Mit den Meeren leben - ein Bericht über den Zustand der Weltmeere</title>. Aufgerufen am 12.5.2018 unter <url>http://worldoceanreview.com/wor-1/ kuesten/lebensraum-kueste/</url>