<editor>DGfG</editor> (9<year>2017</year>). <title>Bildungsstandards im Fach Geographie für den Mittleren Schulabschluss mit Aufgabenbeispielen</title>. <other>Berlin</other>: <publisher>Selbstverlag</publisher>.
<author><surname>Möllers</surname>, <given-names>C</given-names></author>. (<year>2009</year>). <title>Demokratie - Zumutungen und Versprechen</title>. <other>Berlin</other>: <publisher>Wagenbach</publisher>.
<author><surname>Resenberger</surname>, <given-names>C</given-names></author>. (<year>2017</year>). <title>Was heißt hier nachhaltig konsumieren? Augenmaß gewinnen durch ökologische Bilanzierung</title>. <source>Praxis Geographie</source>, <volume>47</volume> (<issue>1</issue>), <fpage>21</fpage>-<lpage>28</lpage>.