<author><surname>Bathelt</surname>, <given-names>H</given-names></author>., <author><surname>Coe</surname>, <given-names>N.M.</given-names></author>, <author><surname>Kerr</surname>, <given-names>W</given-names></author>., & <author><surname>Robert-Nicoud</surname>, <given-names>F</given-names></author>. (<year>2017</year>). <title>Editorial: Economic Geography IMPULSES</title>. <source>Journal of Economic Geography</source>, <volume>36</volume>(<issue>5</issue>), <fpage>927</fpage>-<lpage>933</lpage>. DOI <identifier>10.1093/jeg/lbx028</identifier>
<author><surname>Bathelt</surname>, <given-names>H</given-names></author>. & <author><surname>Glöckler</surname>, <given-names>J</given-names></author>. (<year>2012</year>). <title>Wirtschaftsgeographie</title>. <other>Stuttgart</other>: <publisher>Ulmer UTB</publisher>.
<author><surname>Barnes</surname>, <given-names>T.J.</given-names></author> (<year>2009</year>). <title>Economic Geography</title>. In <editor>R. Kitchin</editor> & <editor>N. Thrift</editor> (Hg.), <source>International Encyclopedia of Human Geography</source> (S. <fpage>315</fpage>-<lpage>327</lpage>). <other>Oxford</other>: <publisher>Elsevier</publisher>.
<author><surname>Braun</surname>, <given-names>B</given-names></author>. & <author><surname>Schulz</surname>, <given-names>C</given-names></author>. (<year>2012</year>). <title>Wirtschaftsgeographie</title>. <other>Stuttgart</other>: <publisher>Ulmer UTB</publisher>.
<author><surname>Brugger</surname>, <given-names>P</given-names></author>. & <author><surname>Kyburz-Graber</surname>, <given-names>R</given-names></author>. (<year>2016</year>). <title>Unterrichtssituationen meistern - 20 Fallstudien aus der Sekundarstufe II</title>. <other>Bern</other>: <publisher>hep</publisher>.
<author><surname>Darlington</surname>, <given-names>E</given-names></author>. & <author><surname>Dunn</surname>, <given-names>K</given-names></author>. (<year>2015</year>). <title>Motivations for Case Study Selection in GCSE Geography</title>. <source>Teaching Geography</source>, <volume>40</volume>(<issue>1</issue>), <fpage>20</fpage>-<lpage>21</lpage>.
<editor>DBRC (Design-Based Research Collective)</editor> (<year>2003</year>). <title>Design-Based Research: An Emerging Paradigm for Educational Inquiry</title>. <source>Educational Researcher</source>, <volume>32</volume>(<issue>1</issue>), <fpage>5</fpage>-<lpage>8</lpage>. DOI <identifier>10.3102/0013189X032001005</identifier>.
<editor>DGfG (Deutsche Gesellschaft für Geographie)</editor> (Hg.) (<year>92017</year>). <title>Bildungsstandards im Fach Geographie für den Mittleren Schulabschluss mit Aufgabenbeispielen</title>. <other>Bonn</other>: <publisher>Selbstverlag des DGfG</publisher>.
<author><surname>Duda</surname>, <given-names>C</given-names></author>. (<year>2014</year>). <title>Ganztagsbildung und das Konzept des Regionalen Lernens 21+ - Empirische Studie zur Entwicklung fächerübergreifender Bildungsangebote zum Thema Globalisierung</title>. <source>Geographiedidaktische Forschungen</source> (Band <volume>52</volume>). <other>Münster</other>: <publisher>MV-Verlag</publisher>.
<author><surname>Edelson</surname>, <given-names>D.C.</given-names></author> (<year>2002</year>). <title>Design Research: What We Learn When We Engage in Design</title>. <source>The Journal of the Learning Sciences</source>, <volume>77</volume>(<issue>1</issue>), <fpage>105</fpage>- <lpage>121</lpage>. DOI <identifier>10.1207/S15327809JLS1101_4</identifier>.
<author><surname>Einsiedler</surname>, <given-names>W</given-names></author>. (<year>2011</year>): <title>Unterrichtsentwicklung und didaktische Entwicklungsforschung</title>. <other>Bad Heilbrunn</other>: <publisher>Klinkhardt</publisher>.
<author><surname>Essletzbichler</surname>, <given-names>J</given-names></author>. & <author><surname>Rigby</surname>, <given-names>L.G.</given-names></author> (<year>2010</year>). <title>Generalized Darwinism and Evolutionary Economic Geography</title>. In <editor>R. Boschma</editor> & <editor>R. Martin</editor> (Hg.), <source>The Handbook of Evolutionary Economic Geography</source> (S. <fpage>43</fpage>-<lpage>61</lpage>). <other>Cheltenham</other>: <publisher>Edward Elgar</publisher>.
<author><surname>Euler</surname>, <given-names>D</given-names></author>. (<year>2014</year>a). <title>Design-Research - A Paradigm Under Development</title>. In <editor>D. Euler</editor> & <editor>P.F.E. Sloane</editor> (Hg.), <source>Design-Based Research</source> (S. <fpage>15</fpage>-<lpage>44</lpage>), <other>Stuttgart</other>: <publisher>Franz Steiner</publisher>.
<author><surname>Euler</surname>, <given-names>D</given-names></author>. (<year>2014</year>b). <title>Design Principles als Kristallisationspunkt für Praxisgestaltung und wissenschaftliche Erkenntnisgewinnung</title>. In <editor>D. Euler</editor> & <editor>P.F.E. Sloane</editor> (Hg.), <source>Design-Based Research</source> (S. <fpage>97</fpage>-<lpage>112</lpage>). <other>Stuttgart</other>: <publisher>Franz Steiner</publisher>.
<author><surname>Feulner</surname>, <given-names>B</given-names></author>., <author><surname>Ohl</surname>, <given-names>U</given-names></author>. & <author><surname>Hörmann</surname>, <given-names>I</given-names></author>. (<year>2015</year>). <title>Design-Based Research - ein Ansatz empirischer Forschung und seine Potenziale für die Geographiedidaktik</title>. <source>Zeitschrift für Geographiedidaktik | Journal of Geography Education</source>, <volume>43</volume>(<issue>3</issue>), <fpage>205</fpage>-<lpage>231</lpage>.
<author><surname>Flick</surname>, <given-names>U</given-names></author>. (<year>2012</year>). <title>Qualitative Sozialforschung - Eine Einführung</title>. <other>Reinbek bei Hamburg</other>: <publisher>Rowohlt</publisher>.
<author><surname>Frey</surname>, <given-names>K</given-names></author>. & <author><surname>Frey-Eiling</surname>, <given-names>A</given-names></author>. (<year>2010</year>). <title>Ausgewählte Methoden der Didaktik</title>. <other>Zürich</other>: <publisher>VDF/UTB</publisher>.
<author><surname>Glückler</surname>, <given-names>J</given-names></author>., <author><surname>Schmidt</surname>, <given-names>A.M.</given-names></author> & <author><surname>Wuttke</surname>, <given-names>C</given-names></author>. (<year>2015</year>). <title>Zwei Erzählungen regionaler Entwicklung in Süddeutschland - vom Sektorenmodell zum Produktionssystem</title>. <source>Zeitschrift für Wirtschaftsgeographie</source>, <volume>59</volume>(<issue>3</issue>), <fpage>171</fpage>-<lpage>187</lpage>. DOI <identifier>10.1515/zfw-2015-0303</identifier>
<author><surname>Gmelch</surname>, <given-names>A</given-names></author>. (<year>2001</year>). <title>Fallmethode</title>. In <editor>G. Schweizer</editor> & <editor>H.M. Selzer</editor> (Hg.), <source>Methodenkompetenz lehren und lernen - Beiträge zur Methodendidaktik in Arbeitslehre, Wirtschaftslehre und Wirtschaftsgeographie</source> (S. <fpage>113</fpage>-<lpage>119</lpage>). <other>Dettelbach</other>: <publisher>Roll</publisher>.
<author><surname>Goeke</surname>, <given-names>P</given-names></author>. (<year>2013</year>). <title>Wirtschaftsgeographische Probleme im Unterricht: Das Beispiel Markt</title>. In <editor>M. Rolfes</editor> & <editor>A. Uhlenwinkel</editor> (Hg.), <source>Metzler Handbuch 2.0- Geographieunterricht</source> (S. <fpage>544</fpage>-<lpage>551</lpage>). <other>Braunschweig</other>: <publisher>Westermann</publisher>.
<author><surname>Gräsel</surname>, <given-names>C</given-names></author>. (<year>2011</year>a). <title>Die Kooperation von Forschung und Lehrer/innen bei der Realisierung didaktischer Innovationen</title>. In <editor>W. Einsiedler</editor> (Hg.), <source>Unterrichtsentwicklung und Didaktische Entwicklungsforschung</source> (S. <fpage>88</fpage>-<lpage>104</lpage>). <other>Bad Heilbrunn</other>: <publisher>Klinkhardt</publisher>.
<author><surname>Gräsel</surname>, <given-names>C</given-names></author>. (<year>2011</year>b). <title>Die Verbreitung von Innovationen als Aufgabe der Unterrichtsforschung</title>. In <editor>O. Zlatkin-Troitschanskaia</editor> (Hg.), <source>Stationen Empirischer Bildungsforschung - Traditionslinien und Perspektiven</source> (S. <fpage>320</fpage>-<lpage>328</lpage>). <other>Wiesbaden</other>: <publisher>VS Verlag</publisher>.
<author><surname>Gräsel</surname>, <given-names>C</given-names></author>. & <author><given-names>I</given-names>. <surname>Parchmann</surname></author>, (<year>2004</year>). <title>Die Entwicklung und Implementation von Konzeptensituierten, selbstgesteuerten Lernens</title>. <source>Zeitschrift für Erziehungswissenschaft</source>, <volume>7</volume> (<issue>3</issue>, Beiheft), <fpage>171</fpage>-<lpage>184</lpage>.
<author><surname>Gropengiesser</surname>, <given-names>H</given-names></author>. (<year>2008</year>). <title>Qualitative Inhaltsanalyse in der fachdidaktischen Lehr-Lernforschung</title>. In <editor>P. Mayring</editor> & <editor>M. Gläser-Zikuda</editor> (Hg.), <source>Die Praxis der Qualitativen Inhaltsanalyse</source> (S. <fpage>172</fpage>-<lpage>189</lpage>). <other>Weinheim, Basel</other>: <publisher>Beltz</publisher>.
<author><surname>Haversath</surname>, <given-names>J.-B.</given-names></author> (<year>2006</year>): <title>„Ende des Transfers - Alles aussteigen!"</title>. <source>Geographie und ihre Didaktik</source> <volume>34</volume>(<issue>2</issue>), <fpage>49</fpage>-<lpage>62</lpage>.
<author><surname>Hemmer</surname>, <given-names>I</given-names></author>. & <author><surname>Hemmer</surname>, <given-names>M</given-names></author>. (<year>2010</year>). <title>Interesse von Schülerinnen und Schülern an einzelnen Themen, Regionen und Arbeitsweisen des Geographieunterrichts - ein Vergleich zweier Studien aus den Jahren 1995 und 2005</title>. In <editor>I. Hemmer</editor> & <editor>M. Hemmer</editor> (Hg.), <source>Schülerinteresse an Themen, Pegionen und Arbeitsweisen des Geographieunterrichts. Geographiedidaktische Forschungen</source> (Band<volume>46</volume>) (S. <fpage>65</fpage>-<lpage>145</lpage>). <other>Weingarten</other>: <publisher>Selbstverlag des HGD</publisher>.
<author><surname>Herrington</surname>, <given-names>J</given-names></author>., <author><surname>McKenney</surname>, <given-names>S</given-names></author>., <author><surname>Reeves</surname>, <given-names>T</given-names></author>. & <author><surname>Oliver</surname>, <given-names>R</given-names></author>. (<year>2007</year>). <title>Design-Based Research and Doctoral Students: Guidelines for Preparing a Dissertation Proposal</title>. In <editor>C. Montgomerie</editor> & <editor>J. Seale</editor> (Hg.), <source>Proceedings of World Conference on Educational Multimedia, Hypermedia and Telecommunications 2007</source> (S. <fpage>4089</fpage>-<lpage>4097</lpage>). <other>Chesapeake</other>: <publisher>AACE</publisher>.
<author><surname>Hiller</surname>, <given-names>J</given-names></author>. & <author><surname>Kirchner</surname>, <given-names>P</given-names></author>. (<year>2015</year>). <title>Vernetzte und systemische Wirtschaft - Perspektiven für eine ganzheitliche und akteursbezogene Wirtschaftsgeographie</title>, <source>geographie heute</source> <volume>36</volume>(<issue>323</issue>), <fpage>2</fpage>-<lpage>11</lpage>.
<author><surname>Hiller</surname>, <given-names>J</given-names></author>. (<year>2017</year>). <title>Die Unternehmensfallstudie als Unterrichtsmethode für den Geographieunterricht - Eine Design-Based-Research-Studie</title>. <source>Geographiedidaktische Forschungen</source>, Band <volume>67</volume>. <other>Münster</other>: <publisher>readbox unipress</publisher>.
<author><surname>Hüttermann</surname>, <given-names>A</given-names></author>. (<year>2006</year>). <title>Geographie und Wirtschaft - Synergien oder Konkurrenz im Unterricht?</title> In <editor>E. Kulke</editor>, <editor>H. Monheim</editor> & <editor>P. Wittmann</editor> (Hg.), <source>GrenzWerte. Tagungsberichte und wissenschaftliche Abhandlungen. 55. Deutscher Geographentag Trier 2005</source> (S. <fpage>341</fpage>-<lpage>350</lpage>). <other>Berlin</other>: <publisher>DGfG</publisher>.
<author><surname>Kaiser</surname>, <given-names>F-J.</given-names></author> & <author><surname>Kaminski</surname>, <given-names>H</given-names></author>. (<year>2012</year>). <title>Methodik des Ökonomieunterrichts - Grundlagen eines handlungsorientierten Lernkonzepts mit Beispielen</title>. <other>Bad Heilbrunn</other>: <publisher>Klinkhardt</publisher>.
<author><surname>Kirchner</surname>, <given-names>P</given-names></author>. (<year>2007</year>). <title>Die Didaktik gesellschaftswissenschaftlicher Fächerverbünde und die Umsetzung historisch-geographischer Forschung</title>. In <editor>G. Fritz</editor> & <editor>E. Wittneben</editor> (Hg.), <source>Landesgeschichte in Forschung und Unterricht</source> <volume>3</volume> (S. <fpage>85</fpage>-<lpage>96</lpage>). <other>Stuttgart</other>: <publisher>Kohlhammer</publisher>.
<author><surname>Kirchner</surname>, <given-names>P</given-names></author>. (<year>2011</year>). <title>Die Cluster-Region Heilbronn-Franken</title>. <other>Ubstadt-Weiher</other>: <publisher>Regionalkultur</publisher>.
<author><surname>Kirchner</surname>, <given-names>P</given-names></author>. & <author><surname>Hiller</surname>, <given-names>J</given-names></author>. (<year>2016</year>): <title>Lernen mit der Region - Unterrichtsmaterialien Heilbronn- Franken</title>. <other>Ubstadt-Weiher</other>: <publisher>Regionalkultur</publisher>.
<author><surname>Köck</surname>, <given-names>H</given-names></author>. (<year>2008</year>). <title>Exemplarik und Transfer in der Geographie - Erkenntnis- und lerntheoretische Grundlagen</title>. <source>Geographie und Schule</source>, <volume>30</volume>(<issue>176</issue>), <fpage>11</fpage>-<lpage>18</lpage>.
<author><surname>Krüger</surname>, <given-names>M</given-names></author>. (<year>2010</year>). <title>Das Lernszenario VideoLern: Selbstgesteuertes und kooperatives Lernen mit Vorlesungsaufzeichnungen. Eine Design- Based-Fesearch Studie</title>. Aufgerufen am 18.09.2017 unter: <url>http://athene-forschung.unibw.de/doc/88469/88469.pdf</url>
<author><surname>Kuckartz</surname>, <given-names>U</given-names></author>. (<year>2014</year>). <title>Qualitative Inhaltsanalyse. Methoden, Praxis, Computerunterstützung</title>. <other>Weinheim, Basel</other>: <publisher>Beltz Juventa</publisher>.
<author><surname>Lee</surname>, <given-names>J</given-names></author>. & <author><surname>Catling</surname>, <given-names>S</given-names></author>. (<year>2016</year>). <title>What Do Geography Textbook Authors in England Consider When They Design Content and Select Case Studies?</title> <source>International Research in Geographical and Environmental Education</source>, <volume>26</volume>(<issue>4</issue>), <fpage>342</fpage>-<lpage>356</lpage>. DOI <identifier>10.1080/10382046.2016.1220125</identifier>
<author><surname>Liefner</surname>, <given-names>I</given-names></author>. & <author><surname>Schätzl</surname>, <given-names>L</given-names></author>. (<year>2017</year>). <title>Theorien der Wirtschaftsgeographie</title>. <other>Paderborn</other>: <publisher>Ferdinand Schöningh</publisher>.
<author><surname>Mandl</surname>, <given-names>H</given-names></author>., <author><surname>Gruber</surname>, <given-names>H</given-names></author>. & <author><surname>Renkl</surname>, <given-names>A</given-names></author>. (<year>2002</year>). <title>Situiertes Lernen in multimedialen Lernumgebungen</title>. In <editor>L. Issing</editor> & <editor>P. Klimsa</editor> (Hg.), <source>Information und Lernen mit Multimedia und Internet - Lehrbuch für Studium und Praxis</source> (S. <fpage>139</fpage>-<lpage>148</lpage>). <other>Weinheim</other>: <publisher>Beltz</publisher>.
<author><surname>Massing</surname>, <given-names>P</given-names></author>. (<year>2006</year>). <title>Ökonomische Bildung in der Schule. Positionen und Kontroversen</title>. In <editor>G. Weisseno</editor> (Hg.), <source>Politik und Wirtschaft unterrichten</source> (S. <fpage>80</fpage>-<lpage>92</lpage>). <other>Wiesbaden</other>: <publisher>VS Verlag für Sozialwissenschaften</publisher>.
<author><surname>Mathes</surname>, <given-names>K</given-names></author>. (<year>2011</year>). <title>Wirtschaft unterrichten</title>. <other>Haam-Gruiten</other>: <publisher>Europa-Lehrmittel</publisher>.
<author><surname>Mayring</surname>, <given-names>P</given-names></author>. (<year>2010</year>). <title>Qualitative Inhaltsanalyse - Grundlagen und Techniken</title>. <other>Weinheim, Basel</other>: <publisher>Beltz</publisher>.
<author><surname>McKenney</surname>, <given-names>S</given-names></author>. & <author><surname>Reeves</surname>, <given-names>T</given-names></author>. (<year>2012</year>). <title>Conducting Educational Design Fesearch</title>. <other>London, New York</other>: <publisher>Routledge</publisher>.
<author><surname>Meier</surname>, <given-names>B</given-names></author>. (<year>2013</year>). <title>Wirtschaft und Technik unterrichten lernen</title>. <other>München</other>: <publisher>Oldenbourg</publisher>.
<editor>MKJS (Ministerium für Kultus, Jugend und Sport Baden-Württemberg)</editor> (<year>2004</year>a). <title>Bildungsplan Realschule Baden-Württemberg 2004</title>. Aufgerufen am 09.01.2018 unter: <url>http://www.bildungsplaene-bw.de/,Lde/LS/BP2004-2015</url>
<editor>MKJS (Ministerium für Kultus, Jugend und Sport Baden-Württemberg)</editor> (<year>2004</year>b). <title>Bildungsplan allgemein bildende Gymnasien Baden-Württemberg 2004</title>. Aufgerufen am 09.01.2018 unter: <url>http://www.bildungsplaene-bw.de/,Lde/LS/BP2004-2015</url>
<editor>MKJS (Ministerium für Kultus, Jugend und Sport Baden-Württemberg)</editor> (<year>2012</year>). <title>Bildungsplan Werkrealschule Baden-Württemberg 2012</title>. Aufgerufen am 09.01.2018 unter: <url>http://www.bildungsplaene-bw.de/,Lde/LS/BP2004-2015</url>
<editor>MKJS (Ministerium für Kultus, Jugend und Sport Baden-Württemberg)</editor> (<year>2016</year>). <title>Bildungsplan 2016</title>. Aufgerufen am 09.01.2018 unter: <url>http://www.bildungsplaene-bw.de</url>
<author><surname>Petri</surname>, <given-names>J</given-names></author>. (<year>2014</year>). <title>Fallstudien zur Analyse von Lernpfaden</title>. In <editor>D. Krüger</editor>, <editor>I. Parchmann</editor> & <editor>H. Schecker</editor> (Hg.), <source>Methoden in der naturwissenschaftsdidaktischen Forschung</source> (S. <fpage>95</fpage>-<lpage>105</lpage>). <other>Berlin, Heidelberg</other>: <publisher>Springer Spektrum</publisher>.
<author><surname>Plomp</surname>, <given-names>T</given-names></author>. (<year>2013</year>). <title>Educational Design Research: An Introduction</title>. In <editor>T. Plomp</editor> & <editor>N. Nieveen</editor> (Hg.), <source>Educational Design Fesearch - Part</source> <volume>A</volume> (S. <fpage>10</fpage>-<lpage>51</lpage>). <other>Enschede</other>: <publisher>SLO - Netherlands Institute for Curriculum Development</publisher>.
<author><surname>Reinfried</surname>, <given-names>S</given-names></author>. (<year>2015</year>a). <title>Der Einfluss kognitiver und motivationaler Faktoren auf die Konstruktion hydrologischen Wissens - eine Analyse individueller Lernpfade</title>. <source>Zeitschrift für Geographiedidaktik | Journal of Geography Education</source> <volume>43</volume>(<issue>2</issue>), <fpage>107</fpage>-<lpage>138</lpage>.
<author><surname>Reinfried</surname>, <given-names>S</given-names></author>. (<year>2015</year>b). <title>Direkte Instruktion</title>. In <editor>S. Reinfried</editor> & <editor>H. Haubrich</editor> (Hg.), <source>Geographie unterrichten lernen - Die Didaktik der Geographie</source> (S. <fpage>134</fpage>-<lpage>141</lpage>). <other>Berlin</other>: <publisher>Cornelsen</publisher>.
<author><surname>Reinfried</surname>, <given-names>S</given-names></author>. & <author><surname>Tempelmann</surname>, <given-names>S</given-names></author>. (<year>2014</year>). <title>Wie Vorwissen das Lernen beeinflusst - Eine Lernprozessstudie zur Wissenskonstruktion des Treibhauseffekt-Konzepts</title>. <source>Zeitschrift für Geographiedidaktik | Journal of Geography Education</source>, <volume>42</volume>(<issue>1</issue>), <fpage>31</fpage>-<lpage>56</lpage>.
<author><surname>Reinmann</surname>, <given-names>G</given-names></author>. (<year>2005</year>). <title>Innovation ohne Forschung? Ein Plädoyer für den Design-Based Research Ansatz</title>. <source>Unterrichtswissenschaft</source>, <volume>33</volume>(<issue>1</issue>), <fpage>52</fpage>-<lpage>69.</lpage>
<editor>Reinmann, G.</editor> & <editor>Kahlert, J.</editor> (Hg.) (<year>2007</year>). <title>Der Nutzen wird vertagt - Bildungswissenschaften im Spannungsfeld zwischen wissenschaftlicher Profilbildung und praktischem Mehrwert</title>. <other>Lengerich</other>: <publisher>Pabst</publisher>.
<author><surname>Riemeier</surname>, <given-names>T</given-names></author>. (<year>2005</year>). <title>Biologie verstehen: Die Zelltheorie. Beiträge zur Didaktischen Rekonstruktion</title>, Band <volume>7</volume>. <other>Oldenburg</other>: <publisher>Didaktisches Zentrum Carl von Ossietzky Universität</publisher>.
<author><surname>Schneider</surname>, <given-names>A</given-names></author>. (<year>2013</year>). <title>Problemorientierung und Reflexivität</title>. In <editor>D. Kanwischer</editor> (Hg.). <source>Geographiedidaktik</source> (S. <fpage>34</fpage>-<lpage>45</lpage>), <other>Stuttgart</other>: <publisher>Gebr. Borntraeger</publisher>.
<author><surname>Schockemöhle</surname>, <given-names>J</given-names></author>. (<year>2009</year>). <title>Außerschulisches regionales Lernen als Bildungsstrategie für eine nachhaltige Entwicklung des Konzeptes „Regionales Lernen 21+“</title>. <source>Geographiedidaktische Forschungen</source>, Band <volume>44</volume>. <other>Weingarten</other>: <publisher>Selbstverlag des HGD</publisher>.
<author><surname>Steffe</surname>, <given-names>L</given-names></author>. & <author><surname>D'Ambrosio</surname>, <given-names>B</given-names></author>. (<year>1996</year>). <title>Using Teaching Experiments to Enhance Understanding of Students' Mathematics</title>. In <editor>D. Treagust</editor>, <editor>R. Duit</editor> & <editor>B. Fraser</editor> (Hg.), <source>Improving Teaching and Learning in Science and Mathematics</source> (S. <fpage>65</fpage>-<lpage>78</lpage>). <other>Columbia University</other>: <publisher>Teachers College Press</publisher>.
<editor>Tekrob GmbH</editor> (<year>2015</year>). <title>Firmenhomepage</title>. Aufgerufen am 09.01.2018 unter <url>http://www.tekrob.de</url>
<author><surname>Thomi</surname>, <given-names>W</given-names></author>. (<year>2012</year>). <title>Neue Wirtschaftsgeographien? - Zum fachwissenschaftlichen Entwicklungs(zu)stand der Wirtschaftsgeographie</title>. <source>Zeitschrift für Wirtschaftsgeographie</source>, <volume>56</volume>(<issue>4</issue>), <fpage>274</fpage>-<lpage>283</lpage>.
<author><surname>Van den Akker</surname>, <given-names>J</given-names></author>. (<year>1999</year>). <title>Principles and Methods of Development Research</title>. In <editor>J. van den Akker</editor>, <editor>R. Branch</editor>, <editor>K. Gustafson</editor>, <editor>N. Nieveen</editor> & <editor>T. Plomp</editor> (Hg.), <source>Design Approaches and Tools in Education and Training</source> (S. <fpage>1</fpage>-<lpage>14</lpage>), <other>Dordrecht</other>: <publisher>Kluwer Academic Publishers</publisher>.
<author><surname>Weber</surname>, <given-names>A</given-names></author>. (<year>2012</year>): <title>Problemorientiertes Lernen - Was ist das, und wie geht das?</title> <source>Pädagogik</source>, <volume>64</volume>(<issue>7/8</issue>), <fpage>32</fpage>-<lpage>35</lpage>.
<author><surname>Weitz</surname>, <given-names>B. O.</given-names></author> (<year>2007</year>). <title>Fallstudien im Ökonomieunterricht</title>. In <editor>T. Retzmann</editor> (Hg.), <source>Methodentraining für den Ökonomieunterricht</source> (S. <fpage>101</fpage>-<lpage>120</lpage>). <other>Schwalbach</other>: <publisher>Wochenschau</publisher>.
<author><surname>Wilbers</surname>, <given-names>J</given-names></author>. & <author><surname>Duit</surname>, <given-names>R</given-names></author>. (<year>2001</year>). <title>Untersuchungen zur Mikro-Struktur des analogischen Denkens in Teaching Experiments</title>. In <editor>S. von Aufschnaiter</editor> & <editor>M. Welzel</editor> (Hg.), <source>Nutzung von Videodaten zur Untersuchung von Lehr- Lern-Prozessen</source> (S. <fpage>143</fpage>-<lpage>156</lpage>). <other>Münster</other>: <publisher>Waxmann</publisher>.
<author><surname>Wilhelm</surname>, <given-names>T</given-names></author>. & <author><surname>Hopf</surname>, <given-names>M</given-names></author>. (<year>2014</year>). <title>Design-Forschung</title>. In: <editor>D. Krüger</editor>, <editor>I. Parchmann</editor> & <editor>H. Schecket</editor> (Hg.), <source>Methoden in der naturwissenschaftsdidaktischen Forschung</source> (S. <fpage>31</fpage>-<lpage>42</lpage>). <other>Berlin, Heidelberg</other>: <publisher>Springer Spektrum</publisher>.
<author><surname>Witzel</surname>, <given-names>A</given-names></author>. (<year>2000</year>). <title>Das problemzentrierte Interview. Forum Qualitative Sozialforschung</title>. Aufgerufen am 09.01.2018 unter: <url>http://www.qualitative-research.net/index.php/fqs/article/view/%201132/2519</url>