<author><surname>Kürschner</surname>, <given-names>C</given-names></author>., <author><surname>Schnotz</surname>, <given-names>W</given-names></author>. & <author><surname>Eid</surname>, <given-names>M</given-names></author>. (<year>2007</year>). <title>Welchen Einfluss haben die Präsentationsmodalität und Modalitätspräferenzen auf die kognitive Verarbeitung von Text mit Bildern?</title> <source>Zeitschrift für Entwicklungspsychologie und Pädagogische Psychologie</source>, <volume>39</volume>(<issue>2</issue>), <fpage>70</fpage>-<lpage>83</lpage>.
<author><surname>Looss</surname>, <given-names>M</given-names></author>. (<year>2001</year>). <title>Lerntypen? Ein pädagogisches Konstrukt auf dem Prüfstand</title>. <source>Die Deutsche Schule</source>, <volume>93</volume>(<issue>2</issue>), <fpage>185</fpage>-<lpage>198</lpage>.
<author><surname>Pashler</surname>, <given-names>H</given-names></author>., <author><surname>McDaniel</surname>, <given-names>M</given-names></author>., <author><surname>Rohrer</surname>, <given-names>D</given-names></author>. & <author><surname>Bjork</surname>, <given-names>R</given-names></author>. (<year>2009</year>). <title>Learning Styles. Concepts and Evidence</title>. <source>Psychological Science in the Public Interest</source>, <volume>9</volume>(<issue>3</issue>), <fpage>105</fpage>-<lpage>119</lpage>. DOI <identifier>10.1111/j.1539-6053.2009.01038.x</identifier>
<author><surname>Van Merriënboer</surname>, <given-names>J</given-names></author>. (<year>2015</year>). <title>How People Learn</title>. In <editor>N. Rushby</editor> & <editor>D.W. Surry</editor> (Hg.), <source>The Wiley Handbook of Learning Technology</source> (S. <fpage>15</fpage>-<lpage>34</lpage>). <other>Chichester & Malden</other>: <publisher>John Wiley & Sons</publisher>.