<author><surname>Ackermann</surname>, <given-names>H</given-names></author>., <author><surname>Retzar</surname>, <given-names>M</given-names></author>., <author><surname>Mützlitz</surname>, <given-names>S</given-names></author>. & <author><surname>Kammler</surname>, <given-names>C</given-names></author>. (<year>2015</year>). <title>KulturSchule. Kulturelle Bildung und Schulentwicklung</title>. <other>Wiesbaden</other>: <publisher>Springer VS</publisher>.
<author><surname>Bachmann-Medick</surname>, <given-names>D</given-names></author>. (<year>2006</year>). <title>Cultural Turns. Neuorientierungen in den Kulturwissenschaften</title>. <other>Reinbek bei Hamburg</other>: <publisher>Rowohlt-Taschenbuch-Verlag</publisher>.
<editor>Bayerisches Staatsministerium für Bildung und Kultus, Wissenschaft und Kunst</editor> (<year>2015</year>). <title>Kulturelle Bildung an bayerischen Schulen</title>. <other>München</other>: <publisher>KM Bayern</publisher>.
<author><surname>Bässler</surname>, <given-names>K</given-names></author>. (<year>2012</year>). <title>Kulturelle Bildung in Migrantenorganisationen</title>. In <editor>H. Bockhorst</editor>, <editor>V.-l. Reinwand-Weiss</editor> & <editor>W. Zacharias</editor> (Hg.), <source>Handbuch Kulturelle Bildung</source> (S. <fpage>762</fpage>-<lpage>766</lpage>). <other>München</other>: <publisher>kopaed</publisher>.
<author><surname>Bette</surname>, <given-names>J</given-names></author>. & <author><surname>Schubert</surname>, <given-names>J.C.</given-names></author> (<year>2017</year>). <title>Das erweiterte Raumverständnis aus Schülersicht</title>. <source>Praxis Geographie</source>, <volume>47</volume>(<issue>4</issue>}, <fpage>10</fpage>-<lpage>11</lpage>.
<author><surname>Blotevogel</surname>, <given-names>H.H.</given-names></author> (<year>2003</year>). <title>„Neue Kulturgeographie" - Entwicklung, Dimensionen, Potenziale und Risiken einer kulturalistischen Humangeographie</title>. <source>Berichte zur deutschen Landeskunde</source>, <volume>7</volume>/(<issue>1</issue>), <fpage>7</fpage>-<lpage>34</lpage>.
<author><surname>Bockhorst</surname>, <given-names>H</given-names></author>. (<year>2012</year>). <title>„Lernziel Lebenskunst" in der Kulturellen Bildung</title>. In <editor>H. Bockhorst</editor>, <editor>V.-l. Reinwand-Weiss</editor> & <editor>W. Zacharias</editor> (Hg.), <source>Handbuch Kulturelle Bildung</source> (S. <fpage>135</fpage>-<lpage>141</lpage>). <other>München</other>: <publisher>kopaed</publisher>.
<editor>Britische Regierung</editor> (<year>2013</year>). <title>Cultural Education. A Summary of Programmes and Opportunities. Policy Paper</title>. Aufgerufen am 06. Dezember 2018 unter <url>https://www.gov.uk/government/ publications/cultural-education</url>
<editor>BKJ (Bundesakademie für Kulturelle Bildung)</editor> (<year>2011</year>). <title>Und noch mal mit Gefühl...: die Rolle der Emotionen in Kultur und Kulturvermittlung</title>. <other>Wolfenbüttel</other>: <publisher>Bundesakademie für Kulturelle Bildung</publisher>.
<editor>BKJ (Bundesvereinigung Kulturelle Kinder- und Jugendbildung)</editor> (<year>2006</year>). <title>Kulturelle Vielfalt leben lernen. Interkulturelle Kompetenz durch kulturelle Bildung</title>. <other>Remscheid</other>: <publisher>BKJ</publisher>.
<editor>BKJ (Bundesvereinigung Kulturelle Kinder- und Jugendbildung)</editor> (<year>2012</year>). <title>Künste bilden Persönlichkeiten. Qualitätsrahmen der Fachorganisationen Kultureller Bildung</title>. <other>Remscheid</other>: <publisher>BKJ</publisher>.
<author><surname>Burwitz-Melzer</surname>, <given-names>E</given-names></author>. (<year>2008</year>). <title>Emotionen im fremdsprachlichen Literaturunterricht</title>. <source>Fremdsprachen Lehren und Lernen (FLuL)</source>, <volume>37</volume>, <fpage>27</fpage>-<lpage>63</lpage>.
<author><surname>Davidson</surname>, <given-names>J</given-names></author>., <author><surname>Bondi</surname>, <given-names>L</given-names></author>. & <author><surname>Smith</surname>, <given-names>M</given-names></author>. (<year>2007</year>). <title>Emotional Geographies</title>. <other>Aldershot</other>: <publisher>Ashgate</publisher>.
<editor>DGfG (Deutsche Gesellschaft für Geographie)</editor> (<year>2017</year>). <title>Bildungsstandards im Fach Geographie für den Mittleren Schulabschluss mit Aufgabenbeispielen</title>. <other>Bonn</other>: <publisher>Selbstverlag der DGfG</publisher>.
<editor>Deutscher Bundestag</editor> (<year>2007</year>).<title> Kulturelle Bildung</title>. In <editor>Deutscher Bundestag</editor> (Hg.), <source>Schlussbericht der Enquete-Kommission „ Kultur in Deutschland"</source> (S. <fpage>377</fpage>-<lpage>410</lpage>). <other>Berlin</other>: <publisher>Deutscher Bundestag</publisher>.
<editor>Deutscher Kulturrat</editor> (<year>2005</year>). <title>Kulturelle Bildung in der Bildungsreformdiskussion</title>. <other>Berlin</other>: <publisher>Deutscher Kulturrat</publisher>.
<editor>Deutscher Kulturrat</editor> (<year>2006</year>). <title>Kulturelle Bildung - Eine Herausforderung durch den demografischen Wandel. Stellungnahme des Deutschen Kulturrates</title>. Aufgerufen am 06. Dezember 2018 unter <url>https://www.kulturrat.de/positionen/kulturelle-bildung-herausforderung-demografischen-wandel/</url>
<editor>Deutscher Kulturrat</editor> (<year>2007</year>). <title>Interkulturelle Bildung - eine Chance für unsere Gesellschaft</title>. Aufgerufen am 06. Dezember 2018 unter <url>https://www.kulturrat.de/positionen/interkulturelle-bildung/</url>
<editor>Deutscher Kulturrat</editor> (<year>2010</year>). <title>Kulturelle Bildung ist Allgemeinbildung! Stellungnahme des Deutschen Kulturrates zum Bildungsbericht 2012 mit dem Schwerpunktthema Kulturelle Bildung</title>. Aufgerufen am 06. Dezember 2018 unter <url>https://www.kulturrat.de/positionen/kulturelle-bildung-ist-allgemeinbildung/</url>
<author><surname>Dewey</surname>, <given-names>J</given-names></author>. (<year>1949</year>). <title>Demokratie und Erziehung. Eine Einleitung in die philosophische Pädagogik</title>. <other>Braunschweig, Berlin & Hamburg</other>: <publisher>Georg Westermann Verlag</publisher>.
<author><surname>Dickel</surname>, <given-names>M</given-names></author>. (<year>2011</year>). <title>Nach Humboldt. Ästhetische Bildung und Geographie</title>. <source>GW-Unterricht</source>, <volume>122</volume>, <fpage>38</fpage>-<lpage>47</lpage>.
<author><surname>Dickel</surname>, <given-names>M</given-names></author>. & <author><surname>Hoffmann</surname>, <given-names>K.W.</given-names></author> (<year>2012</year>). <title>Mit Bildern umgehen - Zwischen Spielraum und Festlegung</title>. <source>Geographie und Schule</source>, <volume>54</volume>(<issue>199</issue>), <fpage>12</fpage>-<lpage>19</lpage>.
<author><surname>Drewes</surname>, <given-names>J</given-names></author>., <author><surname>Kuntz</surname>, <given-names>J</given-names></author>. & <author><surname>Vedder</surname>, <given-names>A</given-names></author>. (<year>2014</year>). <title>Ästhetische Bildung als Beitrag zur Identitätsentwicklung</title>. In <editor>O. Jahraus</editor>, <editor>E. Liebau</editor>, <editor>E. Poppel</editor> & <editor>E. Wagner</editor> (Hg.), <source>Gestalten und Erkennen. Ästhetische Bildung und Kompetenz</source> (S. <fpage>77</fpage>-<lpage>105</lpage>). <other>Münster & New York</other>: <publisher>Waxmann</publisher>.
<author><surname>Eger</surname>, <given-names>N.A.</given-names></author> (<year>2014</year>). <title>Arts Education. Zur Qualität künstlerischer Angebote an Schulen - ein internationaler Vergleich</title>. <other>Bochum</other>: <publisher>Projekt- Verlag</publisher>.
<author><surname>Ermert</surname>, <given-names>K</given-names></author>. (<year>2009</year>). <title>Was ist Kulturelle Bildung?</title>. Aufgerufen am 02. August 2017 unter <url>http://www.bpb.de/gesellschaft/kultur/kulturelle-bildung/59910/was-ist-kulturelle-bildung?p=all</url>
<author><surname>Feige</surname>, <given-names>D</given-names></author>. (<year>2012</year>). <title>Zum Verhältnis von Wissenschaft und Kunst</title>. Aufgerufen am 06. Dezember 2018 unter <url>www.dgae.de</url>
<author><surname>Fink</surname>, <given-names>T</given-names></author>. (<year>2012</year>). <title>Lernkulturforschung in der Kulturellen Bildung. Videographische Rahmenanalyse der Bildungsmöglichkeiten eines Theater- und Tanzprojektes</title>. <other>München</other>: <publisher>kopaed</publisher>.
<author><surname>Fink</surname>, <given-names>T</given-names></author>., <author><surname>HiLL</surname>, <given-names>B</given-names></author>., <author><surname>Reinwand</surname>, <given-names>V.-l.</given-names></author> & <author><surname>Wenzlik</surname>, <given-names>A</given-names></author>. (<year>2012</year>). <title>Begrifflich, empirisch, künstlerisch: Forschung im Feld der Kulturellen Bildung</title>. In <editor>T. Fink</editor>, <editor>B. Hill</editor>, <editor>V.-l. Reinwand</editor> & <editor>A. Wenzlik</editor> (Hg.), <source>Die Kunst, über Kulturelle Bildung zu forschen. Theorie- und Forschungsansätze</source> (S. <fpage>9</fpage>-<lpage>19</lpage>). <other>München</other>: <publisher>kopaed</publisher>.
<author><surname>Fischer</surname>, <given-names>B</given-names></author>. (<year>2012</year>). <title>Kulturelle Bildung für Nachhaltige Entwicklung</title>. In <editor>H. Bockhorst</editor>, <editor>V.-l. Reinwand-Weiss</editor> & <editor>W. Zacharias</editor> (Hg.), <source>Handbuch Kulturelle Bildung</source> (S. <fpage>241</fpage>-<lpage>244</lpage>). <other>München</other>: <publisher>kopaed</publisher>.
<author><surname>Frederking</surname>, <given-names>V</given-names></author>. & <author><surname>Albrecht</surname>, <given-names>C</given-names></author>. (<year>2016</year>). <title>Ästhetische Kommunikation im Literaturunterricht. Theoretische Modellierung und empirische Erforschung unter besonderer Berücksichtigung ,emotionaler Aktivierung'</title>. In <editor>M. Krelle</editor> & <editor>W. Senn</editor> (Hg.), <source>Qualitäten von Deutschunterricht</source> (S. <fpage>57</fpage>-<lpage>81</lpage>). <other>Stuttgart</other>: <publisher>Fillibach bei Klett</publisher>.
<author><surname>Frederking</surname>, <given-names>V</given-names></author>. & <author><surname>Bayrhuber</surname>, <given-names>H</given-names></author>. (<year>2017</year>). <title>Fachliche Bildung. Auf dem Weg zu einer fachdidaktischen Bildungstheorie</title>. In <editor>H. Bayrhuber</editor>, <editor>U. Abraham</editor>, <editor>V. Frederking</editor>, <editor>W. Jank</editor>, <editor>M. Rothgangel</editor> & <editor>H.J. Vollmer</editor> (Hg.), <source>Auf dem Weg zu einer Allgemeinen Fachdidaktik</source> (S. <fpage>205</fpage>-<lpage>247</lpage>). <other>Münster & New York</other>: <publisher>Waxmann</publisher>.
<author><surname>Frevert</surname>, <given-names>U</given-names></author>. & <author><surname>Wulf</surname>, <given-names>C</given-names></author>. (<year>2012</year>). <title>Die Bildung der Gefühle</title>. <source>Zeitschrift für Erziehungswissenschaft</source>, <issue>15</issue>, Supplement <issue>1</issue>, <fpage>1</fpage>-<lpage>10</lpage>. DOI <identifier>10.1007/sl 1618-012-0288-6</identifier>
<author><surname>Fuchs</surname>, <given-names>M</given-names></author>. (<year>2002</year>). <title>Kulturelle Bildung, PISA und Co.</title> Aufgerufen am 06. Dezember 2018 unter <url>https://www.nmz.de/kiz/nachrichten/kulturelle-bildung-pisa-und-co</url>
<author><surname>Fuchs</surname>, <given-names>M</given-names></author>. (<year>2008</year>). <title>Kulturelle Bildung. Grundlagen - Praxis - Politik</title>. <other>München</other>: <publisher>kopaed</publisher>.
<author><surname>Fuchs</surname>, <given-names>M</given-names></author>. (<year>2013</year>). <title>Kulturelle Bildung in europäischen Städten unter besonderer Berücksichtigung der Macht der Symbole</title>. Aufgerufen am 06. Dezember 2018 unter <url>http://www. maxfuchs.eu/aufsatze-und-vortrage/</url>
<author><surname>Fuchs</surname>, <given-names>M</given-names></author>. (<year>2014</year>). <title>Kulturelle Bildung in der (europäischen) Stadt</title>. Aufgerufen am 06. Dezember 2018 unter <url>https://www.bkj.de/neu/artikel/id/7413.html</url>
<author><surname>Fuchs</surname>, <given-names>M</given-names></author>. (<year>2016</year>a). <title>Flucht, Zuflucht und Kulturelle Bildung - Anmerkungen zu Möglichkeiten und Grenzen einer ästhetischen Praxis</title>. Aufgerufen am 06. Dezember 2018 unter <url>https://www.kubi-online.de/artikel/flucht-zuflucht-kulturelle-bildung-anmerkungen-moeglichkeiten-grenzen-einer-aesthetischen</url>
<author><surname>Fuchs</surname>, <given-names>M</given-names></author>. (<year>2016</year>b). <title>Ästhetische Praxis und die Bildung der Gefühle. Ein Versuch zur Beschreibung des Diskursfeldes</title>. Aufgerufen am 06. Dezember 2018 unter <url>http://www.max-fuchs.eu/aufsatze-und-vortrage/</url>
<author><surname>Gans</surname>, <given-names>P</given-names></author>. & <author><surname>Hemmer</surname>, <given-names>I</given-names></author>. (<year>2015</year>). <title>Zum Image der Geographie in Deutschland: Ergebnisse einer empirischen Studie</title>. <other>Leipzig</other>: <publisher>IfL</publisher>.
<author><surname>Gebhard</surname>, <given-names>U</given-names></author>., <author><surname>Rehm</surname>, <given-names>M</given-names></author>. & <author><surname>Wellensiek</surname>, <given-names>A</given-names></author>. (<year>2012</year>). <title>Lernen als das Konstituieren von Sinn</title>. In <editor>H. Bayrhuber</editor>, <editor>U. Harms</editor>, <editor>B. Muszynski</editor>, <editor>B. Ralle</editor>, <editor>M. Rothgangel</editor>, <editor>L.-H. Schön</editor>, <editor>H.J. Vollmer</editor> & <editor>H.-G. Weigand</editor> (Hg.), <source>Formate fachdidaktischer Forschung. Empirische Projekte - historische Analysen - theoretische Grundlegungen</source> (S. <fpage>277</fpage>-<lpage>296</lpage>). <other>Münster</other>: <publisher>Waxmann</publisher>.
<author><surname>Gebhardt</surname>, <given-names>H</given-names></author>., <author><surname>Glaser</surname>, <given-names>R</given-names></author>., <author><surname>Radtke</surname>, <given-names>U</given-names></author>. & <author><surname>Reuber</surname>, <given-names>P</given-names></author>. (<year>2007</year>). <title>Verschiedene Antworten auf die Frage nach der Geographie</title>. In <editor>H. Gebhardt</editor>, <editor>R. Glaser</editor>, <editor>U. Radtke</editor> & <editor>P. Reuber</editor> (Hg.), <source>Geographie. Physische Geographie und Humangeographie</source> (S. <fpage>42</fpage>-<lpage>63</lpage>). <other>Heidelberg</other>: <publisher>Spektrum Akad. Verlag</publisher>.
<editor>GDSU (Gesellschaft für Didaktik des Sachunterrichts)</editor> (<year>2013</year>). <title>Perspektivrahmen Sachunterricht</title>. <other>Bad Heilbrunn</other>: <publisher>Julius Klinkhardt</publisher>.
<author><surname>Göbel</surname>, <given-names>H.K.</given-names></author> & <author><surname>Prinz</surname>, <given-names>S</given-names></author>. (<year>2015</year>). <title>Die Sinnlichkeit des Sozialen</title>. <other>Bielefeld</other>: <publisher>transcript</publisher>.
<author><surname>Hard</surname>, <given-names>G</given-names></author>. (<year>1995</year>). <title>Spuren und Spurenleser. Zur Theorie und Ästhetik des Spurenlesens in der Vegetation und anderswo</title>. <other>Osnabrück</other>: <publisher>Rasch</publisher>.
<author><surname>Hard</surname>, <given-names>G</given-names></author>. (<year>2000</year>). <title>Von melancholischer Geographie</title>. <source>geographische revue</source>, <volume>2</volume>(<issue>2</issue>), <fpage>39</fpage>-<lpage>66</lpage>.
<author><surname>Hasse</surname>, <given-names>J</given-names></author>. (<year>1995</year>). <title>Gefühle als Erkenntnisquelle</title>. <source>Frankfurter Beiträge zur Didaktik der Geographie</source>, <volume>15</volume>, <fpage>9</fpage>-<lpage>58</lpage>.
<author><surname>Hasse</surname>, <given-names>J</given-names></author>. (<year>1998</year>). <title>Ästhetische Bildung in der Grundschule</title>. In <editor>H.R. Becher</editor>, <editor>J. Bennack</editor> & <editor>E. Jürgens</editor> (Hg.), <source>Taschenbuch Grundschule</source> (S.<fpage>158</fpage>-<lpage>165</lpage>). <other>Hohengehren</other>: <publisher>Schneider Verlag</publisher>.
<author><surname>Hasse</surname>, <given-names>J</given-names></author>. (<year>2007</year>). <title>Ästhetische Bildung - Eine doppelte Perspektive ganzheitlichen Lernens</title>. Aufgerufen am 06. Dezember 2018 unter <url>www.widerstreit-sachunterricht.de</url>
<author><surname>Hillmanns</surname>, <given-names>R</given-names></author>. (<year>2016</year>). <title>Kulturarbeit mit Geflüchteten - kein flüchtiger Gegenstand</title>. Aufgerufen am 06. Dezember 2018 unter <url>https://www. kubi-online.de/artikel/kulturarbeit-gefluechteten-kein-fluechtiger-gegenstand</url>
<author><surname>Hofmann</surname>, <given-names>H</given-names></author>. (<year>1997</year>). <title>Emotionen in Lern- und Leistungssituationen - eine idiographisch-nomothetische Tagebuchstudie an Lehramtsstudenten im Examen</title>. <other>Universität Regensburg</other>: <publisher>Selbstverlag</publisher>.
<author><surname>Hofmann</surname>, <given-names>R</given-names></author>. & <author><surname>Mehren</surname>, <given-names>M</given-names></author>. (<year>2012</year>). <title>Mapping im Unterricht. Exklusion im öffentlichen Raum als fächerübergreifendes Projekt</title>. <source>Praxis Geographie</source>, <volume>1</volume>, <fpage>8</fpage>-<lpage>11</lpage>.
<author><surname>Höttecke</surname>, <given-names>D</given-names></author>. (<year>2013</year>). <title>Rollen- und Planspiele in der Bildung für nachhaltige Entwicklung</title>. In <editor>D. Höttecke</editor>, <editor>J. Menthe</editor>, <editor>I. Eilks</editor> & <editor>C. Hössle</editor> (Hg.), <source>Handeln in Zeiten des Klimawandels - Bewerten Lernen als Bildungsaufgabe</source> (S. <fpage>95</fpage>-<lpage>112</lpage>). <other>Münster</other>: <publisher>Waxmann</publisher>.
<author><surname>Humboldt</surname>, <given-names>A.v.</given-names></author> (<year>2014</year>). <title>Das Graphische Gesamtwerk</title>. <other>Darmstadt</other>: <publisher>Schneider</publisher>.
<author><surname>Immordino-Yang</surname>, <given-names>M.H.</given-names></author> & <author><surname>Damasio</surname>, <given-names>A.R.</given-names></author> (<year>2016</year>). <title>We Feel, Therefore We Learn: The Relevance of Affective and Social Neuroscience to Education</title>. In <editor>M.H. Immordino-Yang</editor> (Hg.), <source>Emotions, Learning, and the Brain. Exploring the Educational Implications of Affective Neuroscience</source> (S. <fpage>27</fpage>-<lpage>42</lpage>). <other>New York & London</other>: <publisher>W.W. Norton & Company</publisher>.
<author><surname>Jung</surname>, <given-names>I</given-names></author>. (<year>2007</year>). <title>Kulturelle Bildung für Nachhaltige Entwicklung. Persönliches Wachstum für gesellschaftliche Verantwortung</title>. In <editor>A. Leicht</editor> & <editor>J. Plum</editor> (Hg.), <source>Kulturelle Bildung und Bildung für Nachhaltige Entwicklung</source> (S. <fpage>33</fpage>-<lpage>42</lpage>). <other>St. Augustin & Berlin</other>: <publisher>Konrad-Adenauer-Stiftung e.V.</publisher>
<author><surname>Jüdt</surname>, <given-names>N</given-names></author>. (<year>2014</year>). <title>Bildung ist ästhetisch</title>. <other>Baltmannsweiler</other>: <publisher>Schneider Verlag Hohengehren</publisher>.
<author><surname>Kahlert</surname>, <given-names>J</given-names></author>. (<year>2007</year>). <title>Ganzheitlich Lernen mit allen Sinnen? Plädoyer für einen Abschied von unergiebigen Begriffen</title>. Auf gerufen am 06. Dezember 2018 unter <url>www.widerstreit-sachunterricht.de</url>
<author><surname>Kestler</surname>, <given-names>F</given-names></author>. (<year>2015</year>). <title>Einführung in die Didaktik des Geographieunterrichts</title>. <other>Bad Heilbrunn</other>: <publisher>Julius Klinkhardt</publisher>.
<author><surname>Klepacki</surname>, <given-names>L</given-names></author>. & <author><surname>Zirfas</surname>, <given-names>J</given-names></author>. (<year>2012</year>). <title>Die Geschichte der Ästhetischen Bildung</title>. In <editor>H. Bockhorst</editor>, <editor>V.-l. Reinwand-Weiss</editor> & <editor>W. Zacharias</editor> (Hg.), <source>Handbuch Kulturelle Bildung</source> (S. <fpage>68</fpage>-<lpage>77</lpage>). <other>München</other>: <publisher>kopaed</publisher>.
<editor>IGU CGE (International Geographical Union Commission on Geographical Education)</editor> (<year>2016</year>). <title>International Charter on Geographical Education</title>. <other>Beijing</other>: <publisher>IGU</publisher>.
<author><surname>Kruckemeyer</surname>, <given-names>F</given-names></author>. (<year>1993</year>). <title>Wechselbilder eines Schulhofes: Gebrauchswerte - Geldwerte - ästhetische Werte</title>. In <editor>J. Hasse</editor> & <editor>W. Isenberg</editor> (Hg.), <source>Vielperspektivischer Geographieunterricht</source> (S. <fpage>27</fpage>-<lpage>37</lpage>). <other>Osnabrück</other>: <publisher>Selbstverlag</publisher>.
<editor>KMK (Kultusministerkonferenz)</editor> (<year>2013</year>). <title>Empfehlung der Kultusministerkonferenz zur kulturellen Kinder- und Jugendbildung</title>. <other>Berlin</other>: <publisher>KMK</publisher>.
<author><surname>Lethmate</surname>, <given-names>J</given-names></author>. (<year>2014</year>). <title>Unbelehrbare Geographiedidaktik?</title>. Aufgerufen am 06. Dezember 2018 unter <url>https://www.raumnachrichten.de/diskussionen/1829-juergen-lethmate-unbelehr-bare-geographiedidaktik</url>
<author><surname>Lichau</surname>, <given-names>K</given-names></author>. & <author><surname>Wulf</surname>, <given-names>C</given-names></author>. (<year>2012</year>). <title>Arbeit am Sinn. Anthropologie der Sinne und Kulturelle Bildung</title>. In <editor>H. Bockhorst</editor>, <editor>V.-l. Reinwand-Weiss</editor> & <editor>W. Zacharias</editor> (Hg.), <source>Handbuch Kulturelle Bildung</source> (S. <fpage>41</fpage>-<lpage>46</lpage>). <other>München</other>: <publisher>kopaed</publisher>.
<author><surname>Liebau</surname>, <given-names>E</given-names></author>. (<year>2012</year>). <title>Anthropologische Grundlagen</title>. In <editor>H. Bockhorst</editor>, <editor>V.-l. Reinwand-Weiss</editor> & <editor>W. Zacharias</editor> (Hg.), <source>Handbuch Kulturelle Bildung</source> (S. <fpage>29</fpage>-<lpage>35</lpage>). <other>München</other>: <publisher>kopaed</publisher>.
<author><surname>Liebau</surname>, <given-names>E</given-names></author>. (<year>2013</year>). <title>Ästhetische Bildung: Eine systematische Annäherung</title>. <source>Zeitschrift für Erziehungswissenschaft</source>, <volume>16</volume>{<issue>3</issue>), <fpage>27</fpage>-<lpage>41</lpage>. DOI <identifier>10.1007/s11618-013-0433-x</identifier>
<author><surname>Liebau</surname>, <given-names>E</given-names></author>. (<year>2015</year>a). <title>Arenen kultureller Bildung</title>. In <editor>J. Zirfas</editor> (Hg.), <source>Arenen der Ästhetischen Bildung. Zeiten und Bäume kultureller Kämpfe</source> (S. <fpage>117</fpage>-<lpage>130</lpage>). <other>Bielefeld</other>: <publisher>transcript</publisher>.
<author><surname>Liebau</surname>, <given-names>E</given-names></author>. (<year>2015</year>b). <title>Kulturelle Bildung in Zeiten der Globalisierung</title>. In <editor>T. Braun</editor>, <editor>M. Fuchs</editor> & <editor>W. Zacharias</editor> (Hg.), <source>Theorien der Kulturpädagogik</source> (S. <fpage>102</fpage>-<lpage>113</lpage>). <other>Weinheim</other>: <publisher>Beltz Juventa</publisher>.
<author><surname>Liebau</surname>, <given-names>E</given-names></author>. & <author><surname>Wagner</surname>, <given-names>E</given-names></author>. (<year>2011</year>). <title>UNESCO und die kulturelle Bildung</title>. Auf gerufen am 06. Dezember 2018 unter <url>https://www.bpb.de/gesellschaft/kultur/kulturelle-bildung/60187/unesco?p=all</url>
<author><surname>Mecheril</surname>, <given-names>P</given-names></author>. (<year>2012</year>). <title>Ästhetische Bildung und Kunstpädagogik. Migrationspädagogische Anmerkungen</title>. <source>Art Education Research</source>, <volume>3</volume>(<issue>6</issue>), <fpage>1</fpage>-<lpage>10</lpage>.
<author><surname>Meyer</surname>, <given-names>C</given-names></author>. (<year>2011</year>). <title>Geographische Bildung — Reflexionen zu ihren Grundlagen</title>. In <editor>C. Meyer</editor>, <editor>R. Henry</editor> & <editor>G. Stöber</editor> (Hg.), <source>Geographische Bildung. Kompetenzen in didaktischer Forschung und Schulpraxis</source> (S. <fpage>11</fpage>-<lpage>35</lpage>). <other>Braunschweig</other>: <publisher>Westermann</publisher>.
<author><surname>Nöthen</surname>, <given-names>E</given-names></author>. (<year>2015</year>). <title>Aesthetic Mapping Kartographische Reflexion von ästhetischen Erfahrungen während des Reisens</title>. In <editor>I. Gryl</editor> (Hg.), <source>Diercke Methoden. Reflexive Kartenarbeit</source> (S. <fpage>201</fpage>-<lpage>207</lpage>). <other>Braunschweig</other>: <publisher>Westermann</publisher>.
<author><surname>Peez</surname>, <given-names>G</given-names></author>. (<year>2008</year>). <title>Zur Bedeutung ästhetischer Erfahrung für Produktion und Rezeption in gegenwärtigen Konzepten der Kunstpädagogik</title>. In <editor>T. Greuel</editor> & <editor>F. Hess</editor> (Hg.), <source>Musik erfinden. Beiträge zur Unterrichtsforschung</source> (S. <fpage>7</fpage>-<lpage>26</lpage>). <other>Aachen</other>: <publisher>Shaker Verlag</publisher>.
<author><surname>Pile</surname>, <given-names>S</given-names></author>. (<year>2010</year>). <title>Emotions and Affect in Recent Human Geography</title>. <source>Transactions of the Institute of British Geographers</source>, <volume>35</volume>(<issue>1</issue>), <fpage>5</fpage>-<lpage>20</lpage>. DOI <identifier>10.1111/j.1475-5661.2009.00368.x</identifier>
<author><surname>Pöppel</surname>, <given-names>E</given-names></author>. (<year>2014</year>). <title>Das ästhetische und das mimetische Prinzip als Rahmen der verschiedenen Formen des Wissens</title>. In <editor>O. Jahraus</editor>, <editor>E. Liebau</editor>, <editor>E. Pöppel</editor> & <editor>E. Wagner</editor> (Hg.), <source>Gestalten und Erkennen. Ästhetische Bildung und Kompetenz</source> (S. <fpage>20</fpage>-<lpage>35</lpage>). <other>Münster & New York</other>: <publisher>Waxmann</publisher>.
<author><surname>Preuss</surname>, <given-names>R</given-names></author>. (<year>2008</year>). <title>Mapping Brackel</title>. <other>Norderstedt</other>: <publisher>Books on Demand</publisher>.
<editor>RKB (Rat für Kulturelle Bildung)</editor> (<year>2013</year>). <title>Alles immer gut. Mythen Kultureller Bildung</title>. <other>Essen</other>: <publisher>RKB</publisher>.
<editor>RKB (Rat für Kulturelle Bildung)</editor> (<year>2014</year>). <title>Schön, dass ihr da seid. Kulturelle Bildung: Teilhabe und Zugänge</title>. <other>Essen</other>: <publisher>RKB</publisher>.
<editor>RKB (Rat für Kulturelle Bildung)</editor> (<year>2015</year>). <title>Zur Sache. Kulturelle Bildung: Gegenstände, Praktiken und Felder</title>. <other>Essen</other>: <publisher>RKB</publisher>.
<editor>RKB (Rat für Kulturelle Bildung)</editor> (<year>2017</year>). <title>Wenn dann. Befunde zu den Wirkungen Kultureller Bildung</title>. <other>Essen</other>: <publisher>RKB</publisher>.
<author><surname>Reinwand</surname>, <given-names>V.-l.</given-names></author> (<year>2012</year>). <title>Künstlerische Bildung - Ästhetische Bildung - Kulturelle Bildung</title>. In <editor>H. Bockhorst</editor>, <editor>V.-l. Reinwand-Weiss</editor> & <editor>W. Zacharias</editor> (Hg.), <source>Handbuch Kulturelle Bildung</source> (S. <fpage>108</fpage>-<lpage>114</lpage>). <other>München</other>: <publisher>kopaed</publisher>.
<author><surname>Rheinberg</surname>, <given-names>F</given-names></author>. (<year>1999</year>). <title>Motivation und Emotionen im Lernprozeß: Aktuelle Befunde und Forschungsperspektiven</title>. In <editor>M. Jerusalem</editor> & <editor>R. Pekrun</editor> (Hg.), <source>Emotion, Motivation und Leistung</source> (S. <fpage>189</fpage>-<lpage>204</lpage>). <other>Göttingen</other>: <publisher>Hogrefe</publisher>.
<author><surname>Rhode-Jüchtern</surname>, <given-names>T</given-names></author>. (<year>2013</year>). <title>Perspektivenwechsel</title>. In <editor>D. Böhn</editor> & <editor>G. Obermaier</editor> (Hg.), <source>Wörterbuch der Geographiedidaktik</source> (S. <fpage>214</fpage>-<lpage>215</lpage>). <other>Braunschweig</other>: <publisher>Westermann</publisher>.
<author><surname>Richter</surname>, <given-names>D</given-names></author>. (<year>2011</year>). <title>Politische Bildung durch ästhetische Bildung?</title> Aufgerufen am 06. Dezember 2018 unter <url>http://www.bpb.de/gesellschaft/bildung/kulturelle-bildung/60329/aesthetische-und-politische-bildung?p=all</url>
<author><surname>Rogh</surname>, <given-names>W</given-names></author>.; <author><surname>Berner</surname>, <given-names>N</given-names></author>. & <author><surname>Theurer</surname>, <given-names>C</given-names></author>. (<year>2017</year>). <title>Kreativität - Was kann Kulturelle Bildung hierzu beitragen?</title> In <editor>S. Konietzko</editor>, <editor>S. Kuschel</editor> & <editor>V.-l. Reinwand-Weiss</editor> (Hg.), <source>Von Mythen zu Erkenntnissen. Empirische Forschung in der Kulturellen Bildung</source> (S. <fpage>139</fpage>-<lpage>151</lpage>). <other>München</other>: <publisher>kopaed</publisher>.
<author><surname>Röpcke</surname>, <given-names>J</given-names></author>. (<year>2013</year>). <title>Kulturbegriffe der aktuellen geographischen Debatte</title>. In <editor>M. Rolfes</editor> & <editor>A. UhlenwinkeI</editor> (Hg.), <source>Metzler Handbuch 2.0 Geographieunterricht. Ein Leitfaden für Praxis und Ausbildung</source> (S. <fpage>374</fpage>-<lpage>380</lpage>). <other>Braunschweig</other>: <publisher>Westermann</publisher>.
<author><surname>Ruf</surname>, <given-names>B</given-names></author>. & <author><surname>Schmitt</surname>, <given-names>M</given-names></author>. (<year>2014</year>). <title>Bildung, Standards, Kompetenz. Umstellung auf Bildungsstandards in den ästhetischen Fächern? Ansätze zur Positionierung</title>. In <editor>0. Jahraus</editor>, <editor>E. Liebau</editor>, <editor>E. Pöppel</editor> & <editor>E. Wagner</editor> (Hg.), <source>Gestalten und Erkennen. Ästhetische Bildung und Kompetenz</source> (S. <fpage>62</fpage>-<lpage>76</lpage>). <other>Münster & New York</other>: <publisher>Waxmann</publisher>.
<author><surname>Schallhorn</surname>, <given-names>E</given-names></author>. (<year>2018</year>). <title>Geographische Bildung tut Not - Über Erfordernisse und Defizite geographischen Unterrichts in den Schulen</title>. Aufgerufen am 06. Dezember 2018 unter <url>http://www.geographischebildung.de/wordpress/?p=6</url>
<author><surname>Schier</surname>, <given-names>C</given-names></author>. (<year>2014</year>). <title>Raum für kulturelle Bildung in kompetenzorientierten Zeiten oder vom veränderten Umgang mit Wissen und Werten</title>. In <editor>C. Schier</editor> & <editor>E. Schwinger</editor> (Hg.), <source>Interdisziplinarität und Transdisziplinarität als Herausforderung akademischer Bildung. Innovative Konzepte für die Lehre an Hochschulen und Universitäten</source> (S. <fpage>29</fpage>-<lpage>44</lpage>). <other>Bielefeld</other>: <publisher>transcript</publisher>.
<author><surname>Schneider</surname>, <given-names>A</given-names></author>. (<year>2013</year>). <title>Geographiedidaktische Reflexivität Ostdeutsche Mobilitätsfragen im zweiten Blick</title>. <other>Berlin</other>: <publisher>LIT-Verlag</publisher>.
<author><surname>Schomaker</surname>, <given-names>C</given-names></author>. (<year>2005</year>). <title>Sinn-volle Bildung im Sachunterricht. Über die didaktische Relevanz ästhetischer Zugangsweisen</title>. Aufgerufen am 06. Dezember 2018 unter <url>www.widerstreit-sachunterricht.de/ebenel/didaktiker/schomaker/sinnvoll.pdf</url>
<author><surname>Schorn</surname>, <given-names>B</given-names></author>. (<year>2009</year>). <title>Prinzipien Kultureller Bildung integrieren. Praxisorientierte Anregungen für Kooperationsprojekte und kulturelle Schulentwicklung. Kulturelle Bildung. Reflexionen. Argumente. Impulse</title>. <source>Kulturelle Schulentwicklung</source>, <volume>3</volume>, <fpage>7</fpage>-<lpage>9</lpage>.
<author><surname>Schurr</surname>, <given-names>C</given-names></author>. & <author><surname>Strüver</surname>, <given-names>A</given-names></author>. (<year>2016</year>). <title>„The Rest": Geographien des Alltäglichen zwischen Affekt, Emotion und Repräsentation</title>. <source>Geographica Helvetiva</source>, <volume>71</volume> (<issue>2</issue>), <volume>87</volume>-<lpage>97</lpage>. DOI <identifier>10.5194/gh-71-87-2016</identifier>
<author><surname>Spinner</surname>, <given-names>K. H.</given-names></author> (<year>2008</year>). <title>Perspektiven ästhetischer Bildung. Zwölf Thesen</title>. In <editor>C. Vorst</editor>, <editor>S. Grosser</editor>, <editor>J. Eckhardt</editor> & <editor>R. Burrichter</editor> (Hg.), <source>Ästhetisches Lernen. Fachdidaktische Grundfragen und praxisorientierte Konzepte im interdisziplinären Kontext von Lehrerbildung und Schule</source> (S. <fpage>9</fpage>-<lpage>23</lpage>). <other>Frankfurt am Main u.a.</other>: <publisher>Peter Lang</publisher>.
<author><surname>Streibel</surname>, <given-names>V</given-names></author>. (<year>2010</year>). <title>Wie viel Geographie braucht der Mensch?</title> <source>Klett-Themendienst</source>, <volume>48</volume>, <fpage>21</fpage>-<lpage>23</lpage>.
<author><surname>Thien</surname>, <given-names>D</given-names></author>. (<year>2005</year>). <title>After or Beyond Feeling? A Consideration of Affect and Emotion in Geography</title>. <source>Area</source> <volume>37</volume>(<issue>4</issue>), <fpage>450</fpage>-<lpage>454</lpage>. DOI <identifier>10.1111/j.1475-4762.2005.00643a.x</identifier>
<editor>UNESCO</editor> (<year>2006</year>). <title>Road Map for Arts Education</title>. <other>Lissabon</other>: <publisher>UNESCO</publisher>.
<author><surname>Walter</surname>, <given-names>H</given-names></author>. (<year>1974</year>). <title>Die Abhängigkeit schulischen und sozialen Lernens von emotionalen Faktoren</title>. In <editor>H.-J. Ipfling</editor> (Hg.), <source>Die emotionale Dimension in Unterricht und Erziehung</source> (S. <fpage>9</fpage>-<lpage>23</lpage>). <other>München</other>: <publisher>Ehrenwirth Verlag</publisher>.
<author><surname>Wardenga</surname>, <given-names>U</given-names></author>. (<year>2002</year>). <title>Räume der Geographie - zu Raumbegriffen im Geographieunterricht</title>. <source>geographie heute, Themenheft „ Geographiedidaktik aktuell"</source>, <volume>23</volume>(<issue>200</issue>), <fpage>8</fpage>-<lpage>11</lpage>.
<author><surname>Weishaupt</surname>, <given-names>H</given-names></author>. & <author><surname>Zimmer</surname>, <given-names>K</given-names></author>. (<year>2013</year>). <title>Indikatoren kultureller Bildung</title>. <source>Zeitschrift für Erziehungswissenschaft, Sonderheft</source> <volume>21</volume>, <fpage>83</fpage>-<lpage>98</lpage>. DOI <identifier>10.1007/S11618-013-0438-5</identifier>
<author><surname>Wimmer</surname>, <given-names>M</given-names></author>. (<year>2007</year>). <title>Kulturelle Bildung im Spiegel Nachhaltiger Entwicklung</title>. In <editor>A. Leicht</editor> & <editor>J. Plum</editor> (Hg.), <source>Kulturelle Bildung und Bildung für Nachhaltige Entwicklung</source> (S. <volume>21</volume>-<lpage>2</lpage>). <other>St. Augustin & Berlin</other>: <publisher>Konrad-Adenauer-Stiftung e.V.</publisher>
<author><surname>Zacharias</surname>, <given-names>W</given-names></author>. (<year>2001</year>). <title>Kulturpädagogik. Kulturelle Jugendbildung. Eine Einführung</title>. <other>Opladen</other>: <publisher>Leske & Budrich</publisher>.
<author><surname>Zahnen</surname>, <given-names>B</given-names></author>. (<year>2015</year>). <title>Tragweiten geographischen Denkens</title>. <other>Wien</other>: <publisher>Passagen Verlag</publisher>.
<editor>Zukunftsministerium</editor> (<year>2014</year>). <title>Gemeinsam Verantwortung tragen. Bayerische Leitlinien für die Bildung und Erziehung von Kindern bis zum Ende der Grundschulzeit</title>. <other>München</other>: <publisher>Zukunftsministerium</publisher>.
<author><surname>Zürner</surname>, <given-names>C</given-names></author>. (<year>2015</year>). <title>Von der „Ästhetischen" zur „Kulturellen Bildung" - (heimlicher) Verlust eines kritischen Selbstverständnisses</title>. <source>Pädagogische Bundschau</source>, <volume>69</volume>(<issue>1</issue>), <fpage>75</fpage>-<lpage>90</lpage>.