<author><surname>BACCINI</surname>, <given-names>P</given-names></author>. / <author><surname>BRUNNER</surname>, <given-names>P</given-names></author>. (<year>1991</year>): <title>Metabolism of the Anthroposphere</title>. - <other>Berlin / Heidelberg / New York</other>.
<author><surname>BACCINI</surname>, <given-names>P</given-names></author>. & <other>al.</other> (<year>1985</year>): <title>Von der Entsorgung zum Stoffhaushalt. Die Steuerung anthropogener Stoffflüsse als interdisziplinäre Aufgabe</title>. - In: <source>Müll und Abfall</source> <volume>18</volume>, Heft <issue>4</issue>, S. <fpage>99</fpage> - <lpage>108</lpage>.
<author><surname>BILITEWSKI</surname>, <given-names>B</given-names></author>. / <author><surname>HÄRDLE</surname>, <given-names>G</given-names></author>. / <author><surname>MAREK</surname>, <given-names>K</given-names></author>. (<year>1994</year>): <title>Abfallwirtschaft. Eine Einführung</title>. - 2. Aufl., <other>Berlin / Heidelberg</other>.
<editor>BUNDESMINISTERIUM FÜR UMWELT, NATURSCHUTZ UND REAKTORSICHERHEIT</editor> (Hrsg., <year>1988</year>): <title>Was Sie schon immer über Abfall und Umwelt wissen wollten</title>. - <other>Stuttgart / Berlin / Köln / Mainz</other>.
<author><surname>CORD-LANDWEHR</surname>, <given-names>K</given-names></author>. (<year>1994</year>): <title>Einführung in die Abfallwirtschaft</title>. - <other>Stuttgart</other>.
<editor>DER RAT DER SACHVERSTÄNDIGEN FÜR UMWELTFRAGEN</editor> (<year>1991</year>): <title>Abfallwirtschaft-Sondergutachten 1990</title>. - <other>Stuttgart</other>.
<author><surname>DOEDENS</surname>, <given-names>H</given-names></author>. (<year>1993</year>): <title>Abfallwirtschaft</title>. - In: <source>Praxis Geographie</source> <volume>23</volume>, Heft <issue>5</issue>, S. <fpage>4</fpage> - <lpage>9</lpage>.
<editor>ENQUETE-KOMMISSION „SCHUTZ DES MENSCHEN UND DER UMWELT“</editor> (<year>1994</year>): <title>Die Industriegesellschaft gestalten - Perspektiven für einen nachhaltigen Umgang mit Stoff- und Materialströmen</title>. - <other>Bonn</other>.
<author><surname>FABER</surname>, <given-names>M</given-names></author>. / <author><surname>STEPHAN</surname>, <given-names>G</given-names></author>. / <author><surname>MICHAELIS</surname>, <given-names>P</given-names></author>. (<year>1989</year>): <title>Umdenken in der Abfallwirtschaft: Verwerten, Vermeiden, Beseitigen</title>. - 2. Aufl., <other>Heidelberg</other>.
<editor>GALLENKEMPER, B.</editor> / <editor>DOEDENS, H.</editor> / <editor>STEGMANN, R.</editor> (Hrsg., <year>1993</year>): <title>Vermeidung und Verwertung in Betrieb und Kommune</title>. - <other>Münster</other>.
<author><surname>GEBERS</surname>, <given-names>B</given-names></author>. / <author><surname>FÜHR</surname>, <given-names>M</given-names></author>. / <author><surname>WOLLNY</surname>, <given-names>V</given-names></author>. (<year>1993</year>): <title>Ökologische Stoffwirtschaft. Grundanforderungen an eine Stoffflußregulierung</title>. - <other>Darmstadt</other>.
<title>Gesetz zur Förderung der Kreislaufwirtschaft und Sicherung der umweltverträglichen Beseitigung von Abfällen (Kreislaufwirtschafts- und Abfallgesetz KrW-/AbfG)</title> - <year>1994</year>. - In: <source>Bundesgesetzblatt</source>, Jahrgang <year>1994</year>, Teil <volume>I</volume>, S. <fpage>2705</fpage> - <lpage>2728</lpage>.
<author><surname>HAAS</surname>, <given-names>H. D.</given-names></author> (<year>1989</year>): <title>Abfallentsorgung eines Großstadtraumes. Das Beispiel München</title>. - In: <source>Berichte zur deutschen Landeskunde</source>, Bd. <volume>61</volume>/<issue>2</issue>, S. <fpage>513</fpage> - <lpage>542</lpage>.
<author><surname>HAAS</surname>, <given-names>H. D.</given-names></author> / <author><surname>SIEBERT</surname>, <given-names>S</given-names></author>. (<year>1993</year>): <title>Aktuelle Probleme der Abfallwirtschaft aus geographischer Sicht - dargestellt an Beispielen aus Bayern</title>. - In: <source>Geographie und Schule</source> <volume>15</volume>, Heft <issue>83</issue>, S. <fpage>2</fpage> - <lpage>8</lpage>.
<author><surname>HENSELDER-LUDWIG</surname>, <given-names>R</given-names></author>. (Bearb. <year>1993</year>): <title>TA Siedlungsabfall. Technische Anleitung zur Verwertung, Behandlung und sonstigen Entsorgung von Siedlungsabfallen</title>. - <other>Köln</other>.
<author><surname>KETELSEN</surname>, <given-names>K</given-names></author>. (<year>1993</year>): <title>Grundlagen für integrierte Abfallwirtschaftskonzepte und abfallwirtschaftliche Planungen</title>. - <other>Hannover</other>.
<author><surname>KOCH</surname>, <given-names>T</given-names></author>. / <author><surname>SEEBERG</surname>, <given-names>J</given-names></author>. / <author><surname>PETRIK</surname>, <given-names>H</given-names></author>. (<year>1992</year>): <title> Ökologische Müllverwertung. Handbuch für optimale Abfallkonzepte</title>. - 4. Aufl., <other>Karlsruhe</other>.
<author><surname>MEADOWS</surname>, <given-names>D</given-names></author>. / <author><surname>RANDERS</surname>, <given-names>J</given-names></author>. (<year>1992</year>): <title>Die neuen Grenzen des Wachstums</title>. - <other>Stuttgart</other>.
<author><surname>REIMANN</surname>, <given-names>D. O.</given-names></author> (<year>1991</year>): <title>Einfluß der stofflichen Verwertung auf das integrierte Abfallwirtschaftskonzept</title>. - In: <source>Müll und Abfall</source> <volume>23</volume>, Heft <issue>2</issue>, S. <fpage>76</fpage> - <lpage>82</lpage>.
<author><surname>RUNGE</surname>, <given-names>M</given-names></author>. (<year>1994</year>): <title>Milliardengeschäft Müll. Vom Grünen Punkt bis zur Müllschieberei. Argumente und Strategien für eine andere Abfallpolitik</title>. - <other>München</other>.
<editor>UMWELTBUNDESAMT</editor> (Hrsg.): <title>Daten zur Umwelt 199/9</title>. <other>Berlin</other>.
<author><surname>VOLKMANN</surname>, <given-names>H</given-names></author>. (<year>1993</year>): <title>Die Abfallwirtschaft im polyzentrischen Verdichtungsraum Ruhrgebiet</title>. - In: <source>Berichte zur deutschen Landeskunde</source>, Bd. <volume>67</volume>/<issue>2</issue>, S. <fpage>411</fpage>-<lpage>430</lpage>.
<editor>WOLLNY, V.</editor> (Hrsg., <year>1992</year>): <title>Abschied vom Müll</title>. - <other>Göttingen</other>.