<author><surname>Applis</surname>, <given-names>S</given-names></author>. (<year>2017</year>). <title>Ethische Überlegungen zum Einsatz von Visualisierungen und der besonderen Bedeutung der Einbildungskraft für Erkenntnisprozesse zu Fragen des Fremden. Empirische Ergebnisse dokumentarischer Rekonstruktionen von Vorstellungen von Geographielehrkräften</title>. In <editor>H. Jahnke</editor>, <editor>A. Schlottmann</editor> & <editor>M. Dickel</editor> (Hg.). <source>Räume visualisieren. Geographiedidaktische Forschungen. Tagungsband zum HGD-Symposium 2014</source>. (S. <fpage>163</fpage>-<lpage>184</lpage>). <other>Münster</other>: <publisher>Münsterscher Verlag für Wissenschaft</publisher>.
<author><surname>Applis</surname>, <given-names>S</given-names></author>. (<year>2016</year>). <title>Geography Teachers' Concepts of Working with Thinking Through Geography Strategies</title>. <source>International Research in Geographical and Environmental Education</source>, <volume>25</volume>(<issue>3</issue>), <fpage>195</fpage>-<lpage>210</lpage>. DOI <identifier>10.1080/10382046. 2016.1155326#. VuF7pOZ57WE</identifier>
<author><surname>Applis</surname>, <given-names>S</given-names></author>. & <author><surname>Fögele</surname>, <given-names>J</given-names></author>. (<year>2016</year>). <title>Development of Geography Teachers' Capacity to Evaluate: Analysis on Coping with Complexity and Controversiality</title>. <source>Research in Geographic Education</source>, <volume>18</volume>(<issue>1</issue>), <fpage>10</fpage>-<lpage>24</lpage>.
<author><surname>Applis</surname>, <given-names>S</given-names></author>., <author><surname>Höhnle</surname>, <given-names>S</given-names></author>. & <author><surname>Hofmann</surname>, <given-names>R</given-names></author>. (<year>2015</year>). <title>Zur dokumentarischen Methode in der geographiedidaktischen Forschung</title>. In <editor>A. Budke</editor>, & <editor>M. Kuckuck</editor> (Hg.). <source>Geographiedidaktische Forschungsmethoden 10, Praxis Neue Kulturgeographie</source> (S. <fpage>243</fpage>-<lpage>268</lpage>) <other>Münster</other>: <publisher>Lit</publisher>.
<author><surname>Applis</surname>, <given-names>S</given-names></author>. & <author><surname>Fögele</surname></author> (<year>2014</year>). <title>Professionalisierung als Aufgabe der dritten Ausbildungsphase in der Lehrerbildung zur Umsetzung der Bildungsstandards</title>. <source>Zeitschrift für Geographiedidaktik</source> | <source>Journal of Geography Education</source>, <volume>42</volume>(<issue>4</issue>), <fpage>193</fpage>-<lpage>212</lpage>.
<author><surname>Applis</surname>, <given-names>S</given-names></author>. & <author><surname>Mehren</surname>, <given-names>R</given-names></author>. (<year>2014</year>). <title>Global Learning in a Geography Course Using the Mystery Method as an Approach to Complex Issues</title>. <source>Review of International Geography Education online (RIGEO)</source>, <volume>4</volume>(<issue>1</issue>>, <fpage>58</fpage>-<lpage>70</lpage>.
<author><surname>Applis</surname>, <given-names>S</given-names></author>. (<year>2012</year>): <title>Wertorientierter Geographieunterricht im Kontext Globales Lernen. Theoretische Fundierung und empirische Untersuchung mit Hilfe der dokumentarischen Methode</title>. <other>Weingarten</other>: <publisher>Hochschulverband für Geographie und ihre Didaktik</publisher>.
<author><surname>Applis</surname>, <given-names>S</given-names></author>. (<year>2013</year>). <title>Möglichkeiten der dokumentarischen Methode als qualitativer Ansatz der Evaluationsforschung für die Geographiedidaktik im Bereich des wertorientierten Lernens</title>. <source>Geographie und ihre Didaktik</source> | <source>Journal of Geography Education</source>, <volume>41</volume>(<issue>3</issue>), <fpage>105</fpage>-<lpage>122</lpage>.
<author><surname>Applis</surname>, <given-names>S</given-names></author>. & <author><surname>Hofmann</surname>, <given-names>J</given-names></author>. (<year>2016</year>). <title>Geographie, Biographie und Migration Biographische Methode</title>. <source>Praxis Geographie</source>, <volume>46</volume>(<issue>2</issue>), <fpage>9</fpage>-<lpage>11</lpage>.
<author><surname>Applis</surname>, <given-names>S</given-names></author>. & <author><surname>Ulrich-Riedhammer</surname>, <given-names>M</given-names></author>. (<year>2013</year>). <title>Ethisches Argumentieren als Herausforderung</title>. <source>Praxis Geographie</source>, <volume>43</volume>(<issue>3</issue>), <fpage>24</fpage>-<lpage>29</lpage>.
<author><surname>Baumert</surname>, <given-names>J</given-names></author>. & <author><surname>Kunter</surname>, <given-names>M</given-names></author>. (<year>2006</year>). <title>Stichwort: Professionelle Kompetenz von Lehrkräften</title>. <source>Zeitschrift für Erziehungswissenschaft</source>, (<volume>9</volume>)<issue>4</issue>, <fpage>469</fpage>-<lpage>520</lpage>.
<author><surname>Beetz</surname>, <given-names>M</given-names></author>., <author><surname>Corsten</surname>, <given-names>M</given-names></author>., <author><surname>Rosa</surname>, <given-names>H</given-names></author>. & <author><surname>Winkler</surname>, <given-names>T</given-names></author>. (<year>2014</year>). <title>Was bewegt Deutschland? Sozialmoralische Landkarten engagierter und distanzierter Bürger in Ost- und Westdeutschland</title>. <other>Weinheim Basel</other>: <publisher>Beltz</publisher>.
<author><surname>Bohnsack</surname>, <given-names>R</given-names></author>. (<year>2014</year>). <title>Habitus, Norm und Identität</title>. In <editor>W. Helsper</editor>, <editor>R.-T. Kramer</editor> & <editor>S. Thiersch</editor>, (Hg.), <source>Schülerhabitus. Theoretische und empirische Analysen zum Bourdieuschen Theorem der kulturellen Passung</source> (S. <fpage>33</fpage>-<lpage>55</lpage>). <other>Wiesbaden</other>: <publisher>Springer VS</publisher>.
<author><surname>Bohnsack</surname>, <given-names>R</given-names></author>., <author><surname>Nentwig-Gesemann</surname>, <given-names>I</given-names></author>. & <author><surname>Nohl</surname>, <given-names>A.-M.</given-names></author> (<year>2001</year>). <title>Die dokumentarische Methode und ihre Forschungspraxis - Grundlagen qualitativer Sozialforschung</title>. <other>Opladen</other>: <publisher>Leske + Budrich</publisher>.
<author><surname>Breithaupt</surname>, <given-names>F</given-names></author>. (<year>2017</year>). <title>Die dunklen Seiten der Empathie</title>. <other>Frankfurt</other>: <publisher>Suhrkamp</publisher>.
<editor>DGfG (Deutsche Gesellschaft für Geographie)</editor> (Hg.) (<year>92017</year>): <title>Bildungsstandards im Fach Geographie für den Mittleren Schulabschluss mit Aufgabenbeispielen</title>. <other>Berlin</other>: <publisher>Selbstverlag der DGfG</publisher>.
<author><surname>Döhla</surname>, <given-names>B</given-names></author>. (<year>2016</year>). <title>Vorintegrative Sprachförderung an den Goethe-Instituten in der Türkei. Zur Wirksamkeit vorintegrativer Sprachförderung im Rahmen des Sprachnachweises beim Ehegattennachzug - eine empirische Untersuchung</title>. <other>Bern</other>: <publisher>Peter Lang</publisher>.
<author><surname>Edelstein</surname>, <given-names>W</given-names></author>. (<year>1986</year>). <title>Moralische Intervention in der Schule. Skeptische Überlegungen</title>. In <editor>F. Oser</editor>, <editor>R. Fatke</editor>, & <editor>O. Höffe</editor> (Hg.), <source>Transformation und Entwicklung. Grundlagen der Moralerziehung</source>, (S. <fpage>327</fpage>-<lpage>349</lpage>). <other>Frankfurt a.M.</other>: <publisher>Suhrkamp</publisher>.
<author><surname>Fögele</surname>, <given-names>J</given-names></author>. (<year>2016</year>): <title>Entwicklung basiskonzeptionellen Verständnisses in geographischen Lehrerfortbildungen. Rekonstruktive Typenbildung | Relationale Prozessanalyse | Responsive Evaluation</title>. <source>Geographiedidaktische Forschungen</source>, Band <volume>61</volume>. <other>Münster</other>: <publisher>Monsenstein und Vannerdat</publisher>.
<author><surname>Fritsch</surname>, <given-names>C</given-names></author>. (<year>2015</year>). <title>Vorstellungen von angehenden Geographielehrkräften zur Herausforderung der Demokratiebildung angesichts gesellschaftlicher Wandlungsprozesse und sozialer Ungleichheit. Eine Empirische Untersuchung mit der dokumentarischen Methode</title>. (Unveröffentlichte Masterarbeit).
<author><surname>Greene</surname>, <given-names>J</given-names></author>. (<year>2013</year>). <title>Moral Tribes. Emotion, Reason and the Gap between Us and Them</title>. <publisher>Penguin</publisher>: <other>New York</other>.
<author><surname>Haidt</surname>, <given-names>J</given-names></author>. (<year>2012</year>). <title>The Righteous Mind. Why Good People are Divided by Politics and Religion</title>. <publisher>Penguin</publisher>: <other>New York</other>.
<author><surname>Haidt</surname>, <given-names>J</given-names></author>. (<year>2001</year>). <title>The Emotional Dog and Its Rational Tail: A Social Intuitionist Approach to Moral Judgment</title>. <source>Psychological Review</source>, <volume>108</volume>(<issue>4</issue>), <fpage>814</fpage>-<lpage>834</lpage>. DOI: <identifier>10.1037//0033-295X. 108.4.814</identifier>
<author><surname>Haidt</surname>, <given-names>J</given-names></author>. & <author><surname>Björklund</surname>, <given-names>F</given-names></author>. (<year>2008</year>). <title>Social Intuitionists Answer Six Questions About Morality</title>. In <editor>W. Sinnot-Armtrong</editor> (Hg.), <source>The Cognitive Science of Morality. Moral Psychology</source> (S. <fpage>181</fpage>-<lpage>217</lpage>). <other>Cambridge</other>: <publisher>MIT Press</publisher>.
<author><surname>Harris</surname>, <given-names>S</given-names></author>. (<year>2010</year>). <title>The Moral Landscape. How Science can Determine Human Values</title>. <other>London, Toronto</other>: <publisher>Free Press</publisher>.
<author><surname>Hasse</surname>, <given-names>J</given-names></author>. (<year>1995</year>). <title>Emotionalität im Geographieunterricht</title>. <source>Geographie und Schule</source> <volume>17</volume>(<issue>96</issue>), <fpage>13</fpage>-<lpage>17</lpage>.
<author><surname>Helsper</surname>, <given-names>W</given-names></author>. (<year>2011</year>): <title>Lehrerprofessionalität. Der strukturtheoretische Professionsansatz zum Lehrerberuf. Mitschrieb Kapitel Lehrerfortbildung</title>. In <editor>E. Terhart</editor>, <editor>H. Bennewitz</editor> & <editor>M. Rothland</editor> (Hg.); <source>Handbuch der Forschung zum Lehrerberuf</source> (S. <fpage>149</fpage>-<lpage>170</lpage>). <other>Münster, München [u.a.]</other>: <publisher>Waxmann</publisher>.
<author><surname>Houben</surname>, <given-names>G</given-names></author>. (<year>2003</year>). <title>Kulturpolitik und Ethnizität in Russland. Föderale Kunstförderung im Vielvölkerstaat in der Ära Jelzin</title>. (Dissertationsschrift)
<author><surname>Köck</surname>, <given-names>H</given-names></author>. (<year>1999</year>). <title>Geographieunterricht und Gesellschaft</title>. <source>Geographiedidaktische Forschungen</source>, Band <volume>32</volume>. <other>Nürnberg</other>: <publisher>Hochschulverband für Geographie und ihre Didaktik</publisher>.
<author><surname>Köck</surname>, <given-names>H</given-names></author>. (<year>2005</year>a). <title>Dispositionen lernbezogenen Lernens und Verhaltens im Lichte neuronalevolutionärer Determinanten</title>. <source>Geographie und ihre Didaktik</source>, <volume>33</volume>(<issue>3</issue>), <fpage>94</fpage>-<lpage>104</lpage>.
<author><surname>Köck</surname>, <given-names>H</given-names></author>. (<year>2005</year>b). <title>Dispositionen lernbezogenen Lernens und Verhaltens im Lichte neuronalevolutionärer Determinanten</title>. <source>Geographie und ihre Didaktik (GuiD)</source>, <volume>33</volume>(<issue>3</issue>), <fpage>113</fpage>-<lpage>133</lpage>.
<author><surname>Köck</surname>, <given-names>H</given-names></author>. (<year>2006</year>). <title>Willensfreiheit und Raumverhalten</title>. <source>Geographie und Schule</source>, <volume>25</volume>(<issue>126</issue>), <fpage>24</fpage>-<lpage>31</lpage>
<author><surname>Kohlberg</surname>, <given-names>L</given-names></author>. (<year>1995</year>): <title>Die Psychologie der Moralentwicklung. Aufsatzsammlung</title>. <other>Frankfurt a.M.</other>: <publisher>Suhrkamp</publisher>.
<author><surname>Leat</surname>, <given-names>D</given-names></author>. (<year>1998</year>). <title>Thinking Through Geography</title>. <other>Cambridge</other>: <publisher>Chris Kingston Publishing</publisher>.
<author><surname>Lohmann</surname>, <given-names>G</given-names></author>. (<year>2001</year>). <title>Moralische Gefühle und moralische Verpflichtungen</title>. <source>Ethik & Unterricht</source>, <volume>7</volume>(<issue>1</issue>), <fpage>2</fpage>-<lpage>6</lpage>.
<author><surname>Loos</surname>, <given-names>P</given-names></author>. & <author><surname>Schäffer</surname>, <given-names>B</given-names></author>. (<year>2001</year>). <title>Das Gruppendiskussionsverfahren. Theoretische Grundlagen und empirische Anwendung</title>. <other>Opladen</other>: <publisher>Barbara Budrich</publisher>.
<author><surname>Mannheim</surname>, <given-names>K</given-names></author>. (<year>1980</year>). <title>Strukturen des Denkens</title>. <other>Frankfurt a.M.</other>: <publisher>Suhrkamp</publisher>.
<author><surname>Margolis</surname>, <given-names>H</given-names></author>. (<year>1987</year>). <title>Patterns, Thinking, and Cognition</title>. <other>Chicago</other>: <publisher>University of Chicago Press</publisher>.
<author><surname>Neuweg</surname>, <given-names>G</given-names></author>. (<year>2011</year>). <title>Das Wissen der Wissensvermittler</title>. In <editor>E. Terhart</editor>, <editor>H. Bennewitz</editor> & <editor>M. Rothland</editor> (Hg.), <source>Handbuch der Forschung zum Lehrerberuf</source> (S. <fpage>451</fpage>-<lpage>477</lpage>). <other>Münster, München u.a.</other>: <publisher>Waxmann</publisher>.
<author><surname>Rhode-Jüchtern</surname>, <given-names>T</given-names></author>. (<year>1995</year>). <title>Der Dilemmadiskurs. Ein Konzept zum Erkennen, Ertragen und Entwickeln von Werten im Geographieunterricht</title>. <source>Geographie und Schule</source>, <volume>77</volume>(<issue>96</issue>), <fpage>17</fpage>-<lpage>27</lpage>.
<author><surname>Rosa</surname>, <given-names>H</given-names></author>. (<year>2016</year>). <title>Resonanz - Eine Soziologie der Weltbeziehung</title>. <other>Frankfurt a.M.</other>: <publisher>Suhrkamp</publisher>.
<author><surname>Roth</surname>, <given-names>G</given-names></author>. (<year>2003</year>). <title>Fühlen, Denken, Handeln. Wie das Gehirn unser Verhalten steuert</title>. <other>Frankfurt a.M.</other>: <publisher>Suhrkamp</publisher>.
<author><surname>Taylor</surname>, <given-names>C</given-names></author>. (<year>2009</year>). <title>Quellen des Selbst. Die Entstehung der neuzeitlichen Identität</title>. <other>Frankfurt a.M.</other>: <publisher>Suhrkamp</publisher>.
<author><surname>Zajonc</surname>, <given-names>R. B.</given-names></author> (<year>1980</year>). <title>Feeling and Thinking: Preferences Need no Inferences</title>. <source>American Psychologist</source>, <volume>35</volume>(<issue>2</issue>), <fpage>151</fpage>-<lpage>157</lpage>. DOI <identifier>10.1037%2F0003-066X.35.2.151</identifier>
<author><surname>Zurawski</surname>, <given-names>N</given-names></author>. (<year>2014</year>). <title>Paum - Weltbild - Kontrolle. Raumvorstellungen als Grundlage gesellschaftlicher Ordnung und ihrer Überwachung</title>. <other>Opladen, Berlin, Toronto</other>: <publisher>Budrich UniPress LtD</publisher>.