<author><surname>FISCHER</surname>, <given-names>I</given-names></author>. & <other>al.</other> (<year>1992</year>): <title>Planquadrat Erde (global-regional)</title>.4. - <other>Linz</other>.
<author><surname>KRAMER</surname>, <given-names>G</given-names></author>. & <other>al.</other> (<year>1992</year>): <title>Raum - Gesellschaft - Wirtschaft im Wandel der Zeit</title>. 4. -<other>Wien</other>.
<author><surname>RAAB</surname>, <given-names>R</given-names></author>. & <other>al.</other> (<year>1992</year>): <title>Erde, Mensch, Wirtschaft. Geographie und Wirtschaftskunde</title>. <volume>8</volume>. - <other>Wien</other>.
<author><surname>BAMBERGER</surname>, <given-names>R</given-names></author>. & <other>al.</other> (<year>1991</year>): <title>Das Europabild im Schulbuch. Zum Europabegriff in den österreichischen Geschichts- und Geographiebüchem der 8. Schulstufe</title>. - <other>Wien</other>.
<author><surname>BÖTTCHER</surname>, <given-names>W</given-names></author>.(<year>1978</year>): <title>Die west-europäische Integration in Schulbüchern der Bundesrepublik</title>. - In: <editor>G. NEUMANN</editor>/<editor>E.H. SCHALLENBERGER</editor> (Hrsg.): <source>Europa im Schulbuch</source>. - <other>Duisburg</other>, S. <fpage>38</fpage> - <lpage>51</lpage>.
<author><surname>BRUNNER</surname>, <given-names>U</given-names></author>. (<year>1992</year>): <title>Wie verständlich sind Schulbuchtexte ? Eine Untersuchung von Schulbüchern der 6. Klasse AHS</title>, <other>Salzburg</other> [Diplomarbeit].
<author><surname>DIJK</surname>, <given-names>H</given-names></author>./<author><given-names>A</given-names>. <surname>RIEZEBOS</surname></author> (<year>1992</year>): <title>Europa im Blick niederländischer Schüler</title>. - In: <editor>E. KROSS</editor>/<editor>J. v. WESTRHENEN</editor> (Hrsg.): <source>Internationale Erziehung im Geographieunterricht. Zweites deutsch-niederländisches Symposium - Bochum 1991</source>. - <other>Nürnberg</other>. (<source>Geographiedidaktische Forschungen</source>, Bd. <volume>22</volume>), S. <fpage>67</fpage> - <lpage>76</lpage>.
<author><surname>FRIDRICH</surname> <given-names>C</given-names></author>./<author><surname>WEIXLBAUMER</surname>, <given-names>N</given-names></author>. (<year>1994</year>): <title>Wahrnehmungsgeographie und ihre Operationalisierung im GW-Unterricht Der Themenkreis „Umweltwahrnehmung“ an österreichischen allgemeinbildenden höheren Schulen in der Sekundarstufe II. - Überlegungen und Evaluation zur Effizienz des im Lehrplan neu manifestierten perzeptionsgeographischen Ansatzes (Teil I)</title>. - In: <source>Geographie und ihre Didaktik</source> <volume>22</volume>, S. <fpage>173</fpage> - <lpage>192</lpage>.
<author><surname>FRIDRICH</surname> <given-names>C</given-names></author>./<author><surname>WEIXLBAUMER</surname>, <given-names>N</given-names></author>. (<year>1995</year> a): <title>Wahrnehmungsgeographie und ihre Operationalisierung im GW-Unterricht (Teil II)</title>. - In: <source>Geographie und ihre Didaktik</source> <volume>23</volume>, S. <fpage>9</fpage> - <lpage>22</lpage>.
<author><surname>FRIDRICH</surname> <given-names>C</given-names></author>./<author><surname>WEIXLBAUMER</surname>, <given-names>N</given-names></author>. (<year>1995</year> b): <title>Wahrnehmungsgeographie konkret. Anwendung, Evaluation und Perspektive eines neuen Themenkreises im Geographie- und Wirtschaftskundeunterricht Österreichs: „Wahrnehmung von Völkern und Staaten“</title>. - In: <source>Praxis Geographie</source> <volume>25</volume>, H. <issue>7 - 8</issue>, S. <fpage>65</fpage> - <lpage>67</lpage>.
<author><surname>FUCHS</surname>, <given-names>G</given-names></author>. (<year>1991</year> a): <title>Europa - neue fachdidaktische Perspektiven für ein „altes“ Thema ?</title> - In: <editor>F. BECKS</editor>/<editor>W. FEIGE</editor>, W. (Hrsg.): <source>Geographie im Dienste von Schule und Erziehung</source>. - <other>Nürnberg</other> (<source>Geographiedidaktische Forschungen</source>, Bd. <volume>20</volume>), S. <fpage>143</fpage> - <lpage>156</lpage>.
<author><surname>FUCHS</surname>, <given-names>G</given-names></author>. (<year>1991</year> b): <title>Wie europäisch ist das Europa des Geographieunterrichts ?</title> - In: <source>geographie heute</source>, H. <issue>89</issue>, S. <fpage>4</fpage> - <lpage>7</lpage>.
<author><surname>GÖLTER</surname>, <given-names>G</given-names></author>. (<year>1989</year>): <title>Der Kultusminister zur dritten Direktwahl des Europäischen Parlaments</title>. - In: <source>Amtsblatt des Kultusministeriums Rheinland- Pfalz</source>, H.<issue>7</issue>, S. <fpage>269</fpage> - <lpage>270</lpage>.
<editor>GÖRLITZ, A.</editor> (Hrsg., <year>1973</year>): <title>Handlexikon zur Politikwissenschaft</title>, 2 Bde. - <other>Reinbek</other>.
<author><surname>HASSE</surname>, <given-names>J</given-names></author>. (<year>1991</year>): <title>Europa im Auf- und Umbruch. Didaktische Anmerkungen zum Geographieunterricht</title>. - In: <source>Praxis Geographie</source> <volume>21</volume>, H. <issue>9</issue>, S. <fpage>12</fpage>-<lpage>14</lpage>.
<editor>HOLTMANN, E.</editor> (Hrsg., <year>1991</year>): <title>Politiklexikon</title>. - <other>München, Wien</other>.
<author><surname>HUCKLE</surname>, <given-names>J</given-names></author>. (<year>1994</year>): <title>Education for Sustainability: A new Role for Geographical Education in an Era of Transition</title>. - In: <editor>H. HAUBRICH</editor> (ed.): <source>Europe and the World in Geography Education</source>. - <other>Nürnberg</other>. (<source>Geographie- didaktische Forschungen</source>, Bd. <volume>22</volume>), p. <fpage>103</fpage> - <lpage>120</lpage>.
<author><surname>KARMASIN</surname>, <given-names>F</given-names></author>./<author><surname>KARMASIN</surname>, <given-names>H</given-names></author>. (<year>1977</year>): <title>Einführung in die Methoden und Probleme der Umfrageforschung</title>. - <other>Wien, Köln, Graz</other> (<source>Böhlaus Wissenschaftliche Bibliothek</source>).
<author><surname>KIRCHBERG</surname>, <given-names>G</given-names></author>. (<year>1990</year>): <title>Didaktische Überlegungen vor einer neuen Etappe der europäischen Integration</title>. - In: <source>Deutscher Geographentag Saarbrücken 1989. Tagungsbericht und wissenschaftliche Abhandlungen</source>. <other>Stuttgart</other> (<source>Verhandlungen des Deutschen Geographentages</source>, Bd. <volume>47</volume>), S. <fpage>230</fpage> - <lpage>235</lpage>.
<author><surname>KIRCHBERG</surname>, <given-names>G</given-names></author>. (<year>1992</year>): <title>Thesen zur didaktischen Struktur der Lehrpläne für den Geographieunterricht in der Bundesrepublik Deutschland</title>. - In: <source>Erdkundeunterricht</source>, H. <issue>1</issue>, S. <fpage>2</fpage> - <lpage>5</lpage>.
<author><surname>KOCH</surname>, <given-names>H</given-names></author>. (<year>1978</year>): <title>„Europa im Schulbuch“; Impressionen und Anmerkungen zum Thema aus der Sicht eines Mitgliedes der Landesschulbuchkommission Politische Bildung des Landes Nordrhein-Westfalen</title>. - In: <editor>G. NEUMANN</editor>/<editor>E.H. SCHALLENBERGER</editor> (Hrsg.): <source>Europa im Schulbuch</source>. - <other>Duisburg</other>, S. <fpage>76</fpage> - <lpage>90</lpage>.
<author><surname>KÖCK</surname>, <given-names>H</given-names></author>. (<year>1983</year>): <title>Die Europaidee im Geographieunterricht - Entwurf eines Konzeptes zu ihrer curricularen Strukturierung</title>. - In: <editor>H. LESER</editor> (Hrsg.): <source>Vorträge und Sitzungen des 18. Deutschen Schulgeographentages in Basel-Lörrach 1982, Tagungsband</source>. - <other>Basel</other>, S. <fpage>348</fpage> - <lpage>359</lpage>.
<author><surname>KÖCK</surname>, <given-names>H</given-names></author>. (<year>1992</year>): <title>Geographiedidaktische Aspekte des Europäischen Einigungsprozesses</title>. - In: <source>Materialien zur Didaktik der Geographie</source>, H. <issue>16</issue>, S. <fpage>451</fpage> - <lpage>481</lpage>.
<author><surname>KWIATKOWSKA</surname>, <given-names>H</given-names></author>. (<year>1993</year>): <title>Die Integrationsprozesse in Europa und ihre Bedeutung für die Lehrerbildung</title>. - In: <source>Bildung und Erziehung</source>, H. <issue>1</issue>, S. <fpage>91</fpage> - <lpage>98</lpage>.
<author><surname>LOB</surname>, <given-names>R. E.</given-names></author> (<year>1995</year>): <title>Schulgeographie und Umwelterziehung vor neuen Aufgaben</title>. - In: <source>Praxis Geographie</source> <volume>25</volume>, H. <issue>7 - 8</issue>, S. <fpage>74</fpage> - <lpage>76</lpage>.
<author><surname>MICKEL</surname>, <given-names>W</given-names></author>. (<year>1978</year>): <title>Grundfragen einer Erziehung zu Europa</title>. - In: <editor>G. NEUMANN</editor>/<editor>E. H. SCHALLENBERGER</editor> (Hrsg.): <source>Europa im Schulbuch</source>. - <other>Duisburg</other>, S. <fpage>25</fpage> - <lpage>30</lpage>.
<author><surname>MICKEL</surname>, <given-names>W</given-names></author>: (<year>1990</year>): <title>Die Herausforderung des Erziehungs- und Bildungssystems durch den Europäischen Binnenmarkt. Multinationale Erziehung als Voraussetzung für Mobilität</title>. - In: <source>Bildung und Erziehung</source>, H. <issue>3</issue>, S. <fpage>249</fpage> - <lpage>265</lpage>.
<author><surname>MULTHOFF</surname>, <given-names>R</given-names></author>. (<year>1978</year>): <title>Der Stellenwert des Europa-Gedanken in Richtlinien und Schulbüchern</title>. - In: <editor>G. NEUMANN</editor>/<editor>E.H. SCHALLENBERGER</editor> (Hrsg.): <source>Europa im Schulbuch</source>. - <other>Duisburg</other>, S. <fpage>18</fpage> - <lpage>24</lpage>.
<author><surname>MÜNCH</surname>, <given-names>R</given-names></author>. (<year>1993</year>): <title>Das Projekt Europa. Zwischen Nationalstaat, regionaler Autonomie und Weltgesellschaft</title>. - <other>Frankfürt/Main</other> (<source>Suhrkamp-Taschenbuch Wissenschaft</source>, <volume>1103</volume>).
<author><surname>MÜNKLER</surname>, <given-names>H</given-names></author>. (<year>1991</year>): <title>Europa als politische Idee. Ideengeschichtliche Facetten des Europabegriffs und deren aktuelle Bedeutung</title>. - In: <source>Leviathan, Zeitschrift für Sozialwissenschaft</source>, S. <fpage>521</fpage> - <lpage>541</lpage>.
<author><surname>NEBEL</surname>, <given-names>J</given-names></author>. (<year>1993</year>): <title>Europa im Unterricht der Grundschule</title>. - In: <source>Grundschule</source>, H. <issue>l</issue>, S. <fpage>34</fpage>-<lpage>39</lpage>.
<author><surname>NEUMANN</surname> <given-names>G</given-names></author>. (<year>1978</year>): <title>„Europa“ in Geschichts- und Politikbüchern</title>. - In: <editor>G. NEUMANN</editor>/<editor>E. H. SCHALLENBERGER</editor> (Hrsg.): <source>Europa im Schulbuch</source>. - <other>Duisburg</other>, S. <fpage>68</fpage>-<lpage>75</lpage>.
<editor>NOHLEN, D.</editor> (Hrsg., <year>1991</year>): <title>Wörterbuch Staat und Politik</title>. - <other>München</other>
<author><surname>RENNER</surname>, <given-names>G</given-names></author>. (<year>1996</year>): <title>Das Thema im Unterricht</title>. - In: <source>Informationen zur politischen Bildung</source>, H.<issue>213</issue>, S. <fpage>63</fpage> - <lpage>66</lpage>.
<author><surname>RIEMENSCHNEIDER</surname>, <given-names>R</given-names></author>. (<year>1978</year>): <title>Internationale Schulbuchforschung und die deutsch-polnischen Bemühungen um eine Revision der Schulbücher</title>. - In: <editor>G. NEUMANN</editor>/<editor>E. H. SCHALLENBERGER</editor> (Hrsg.): <source>Europa im Schulbuch</source>. - <other>Duisburg</other>, S. <fpage>91</fpage> - <lpage>103</lpage>.
<author><surname>RÖMHELD</surname>, <given-names>L</given-names></author>. (<year>1978</year>): <title>Vom Gesandtenkongreß zum Europäischen Parlament - politische Repräsentation in Geschichte und Gegenwart der europäischen Einigungsidee</title>. - In: <editor>G. NEUMANN</editor> / <editor>E. H. SCHALLENBERGER</editor> (Hrsg.): <source>Europa im Schulbuch</source>.- <other>Duisburg</other>, S. <fpage>9</fpage> - <lpage>16</lpage>.
<author><surname>SPERLING</surname>, <given-names>W</given-names></author>. (<year>1980</year>): <title>Der Europa-Gedanke im Geographieunterricht</title>. - In. <source>Geographie und Schule</source> <volume>2</volume>, S. <fpage>33</fpage> - <lpage>40</lpage>.
<author><surname>SCHALLENBERGER</surname>, <given-names>E. H.</given-names></author> (<year>1978</year>): <title>Europa im Schulbuch - eine Nachlese zum Duisburger Symposion und zu diesem Band</title>. - In: <editor>G. NEUMANN</editor>/<editor>E. H. SCHALLENBERGER</editor> (Hrsg.): <source>Europa im Schulbuch</source>. - <other>Duisburg</other>, S. <fpage>104</fpage> - <lpage>110</lpage>.
<author><surname>SCHLIMME</surname>, <given-names>H</given-names></author>. (<year>1991</year>): <title>Auf dem Weg nach Europa. Gedanken zur Behandlung der Geographie Europas</title>. - In: <source>Zeitschrift für den Erdkundeunterricht</source> <volume>43</volume>, H. <issue>7 - 8</issue>, S. <fpage>226</fpage> - <lpage>232</lpage>.
<author><surname>STEIN</surname>, <given-names>G</given-names></author>. (<year>1978</year>): <title>Das Schulbuch in der (Europa-) Politik und die Aufgabenstellung Politikwissenschaftlicher Schulbucharbeit</title>. - In: <editor>G. NEUMANN</editor>/ <editor>E. H. SCHALLENBERGER</editor> (Hrsg.): <source>Europa im Schulbuch</source>. - <other>Duisburg</other>, S. <fpage>31</fpage>-<lpage>37</lpage>.
<author><surname>STEINHÄUSER</surname>, <given-names>K</given-names></author>. (<year>1991</year>): <title>Die Behandlung Großbritanniens in ausgewählten deutschen Geographieschulbüchern der Klassen 5 bis 10 von 1962 bis 1985 als Spiegel des Wandels des Erdkundeunterrichts</title>. - In: <source>Internationale Schulbuchforschung</source>, S. <fpage>267</fpage> - <lpage>283</lpage>.
<author><surname>VOLKMANN</surname>, <given-names>H</given-names></author>. (<year>1994</year>): <title>Disparities and Solidarity - A Major Theme for Geographical Education</title>. - In: <editor>H. HAUBRICH</editor> (ed.): <source>Europe and the World in Geography Education</source>. - <other>Nürnberg</other> <source>(Geographiedidaktische Forschungen</source>, Bd. <volume>22</volume>), p. <fpage>19</fpage> - <lpage>24</lpage>.
<author><surname>WILK</surname>, <given-names>L</given-names></author>. (<year>1982</year>): <title>Die postalische Befragung</title>. - In: <editor>K. HOLM</editor> (Hrsg.): <source>Die Befragung</source> <volume>1</volume>, S. <fpage>187</fpage> - <lpage>200</lpage>.