<author><surname>AVIS</surname>, J<given-names>.</given-names></author> (<year>1994</year>): <title>Teacher professionalism: one more time</title>. - In: <source>Educational review</source> <volume>46</volume>, no. <issue>1</issue>, pp. <fpage>63</fpage> - <lpage>72</lpage>.
<author><surname>BÖLLING</surname>, <given-names>R</given-names></author>. (<year>1983</year>): <title>Sozialgeschichte der deutschen Lehrer. Ein Überblick von 1800 bis zur Gegenwart</title>. - <other>Göttingen</other> (<source>Kleine Vandenhoeck-Reihe</source>, Bd. <volume>1495</volume>).
<author><surname>BROGIATO</surname>, <given-names>H.-P.</given-names></author> (<year>1995</year> a): <title>„In schwerem Kampfe um die Geltung der Geographie." Die Schulgeographie im Spiegel der Deutschen Geographentage 1881-1948</title>. - In: <editor>U. Wardenga</editor> / <editor>I. Hönsch</editor> (Hg.): <source>Kontinuität und Diskontinuität der deutschen Geographie in Umbruchphasen. Studien zur Geschichte der Geographie</source>. - <other>Münster</other>, S. <fpage>51</fpage> - <lpage>81</lpage> (<source>Münstersche geographische Arbeiten</source>, H. <issue>39</issue>).
<author><surname>BROGIATO</surname>, <given-names>H.-P.</given-names></author> (<year>1995</year> b): <title>Die Schulgeographie im Spiegel der Deutschen Geographentage</title>. - In: <source>Geographische Rundschau</source> <volume>47</volume>, H. <issue>9</issue>, S. <fpage>484</fpage> - <lpage>490</lpage>.
<author><surname>BROGIATO</surname>, <given-names>H.-P.</given-names></author> (<year>1997</year>): <title>„Wissen ist Macht - Geographisches Wissen ist Weltmacht!" Die schulgeographischen Zeitschriften im deutschsprachigen Raum (1880-1945) unter besonderer Berücksichtigung des Geographischen Anzeigers</title>. - <other>Trier</other> (<source>Materialien zur Didaktik der Geographie</source>, H. <issue>18</issue>) [<other>im Druck</other>]. 
<other>G. B.</other> (= <author><surname>BÜSCHGES</surname>, <given-names>Günter</given-names></author>): <title>Stichwort „Professionalisierung"</title>. - In: <editor>W. Fuchs-Heinritz</editor> <other>u. a.</other> (Hrsg.), <source>Lexikon zur Soziologie</source>. - Aufl. <other>Opladen</other> <year>1994</year>, S. <fpage>521</fpage>.
<source>Geographischer Anzeiger</source>, Jahrg. <volume>1</volume>. - <other>Gotha</other> <year>1900</year> <other>ff</other>. 
<editor>HEINEMANN, M.</editor> (Hrsg., <year>1977</year>): <title>Der Lehrer und seine Organisation</title>. - <other>Stuttgart</other> (<source>Veröffentlichungen der Historischen Kommission der Deutschen Gesellschaft für Erziehungswissenschaft</source>; Bd. <volume>2</volume>).
<author><surname>KREMER</surname>, <given-names>A</given-names></author>. (<year>1985</year>): <title>Naturwissenschaftlicher Unterricht und Standesinteresse. Zur Professionalisierungsgeschichte der Naturwissenschaftslehrer an höheren Schulen</title>. - <other>Marburg</other> (<source>Reihe Soznat: Mythos Wissenschaft</source>; Bd. <volume>9</volume>).
<author><surname>LINDER-GROTHEER</surname>, <given-names>C</given-names></author>. (<year>1986</year>): <title>Die Professionalisierung des Sportlehrerberufs</title>. - <other>Ahrensburg</other> (<source>Sportwissenschaftliche Dissertationen</source>; Bd. <volume>26</volume>).
<author><surname>MÜLLER-ROLLI</surname>, <given-names>S</given-names></author>. (<year>1992</year>): <title>Der höhere Lehrerstand im 19. Jahrhundert. Der Gründungsprozeß des Philologenverbandes</title>. - <other>Köln (u.a.)</other> (<source>Studien und Dokumentationen zur deutschen Bildungsgeschichte</source>, Bd. <volume>47</volume>).
<author><surname>ROOS</surname>, <given-names>A</given-names></author>. (<year>1992</year>): <title>Stichwort „Professions"</title>. - In: <source>Encyclopedia of sociology</source>, ed. <editor>Edgar F. Borgatta</editor>. vol. <volume>3</volume>. - <other>New York (et al.)</other>, pp. <fpage>1552</fpage> - <lpage>1557</lpage>.
<author><surname>RÜSCHEMEYER</surname>, <given-names>D</given-names></author>. (<year>1980</year>): <title>Professionalisierung. Theoretische Probleme für die vergleichende Geschichtsforschung</title>. - In: <source>Geschichte und Gesellschaft</source> <volume>6</volume>, S. <fpage>311</fpage> -<lpage>325</lpage>.
<author><surname>SANDFUCHS</surname>, <given-names>U</given-names></author>. (<year>1994</year>): <title>Stichwort „Professionalisierung"</title>. - In: <editor>R. W. Keck</editor> (Hrsg.) <source>Wörterbuch Schulpädagogik. Ein Nachschlagewerk für Studium und Schulpraxis</source>. - <other>Bad Heilbrunn</other>, S. <fpage>247</fpage> - <lpage>248</lpage>.
<author><surname>SCHUBRING</surname>, <given-names>G</given-names></author>. (<year>1983</year>): <title>Die Entstehung des Mathematiklehrerberufs im 19. Jahrhundert. Studien und Materialien zum Prozeß der Professionalisierung in Preußen (1810-1870)</title>. - <other>Weinheim, Basel</other> (<source>Bielefelder Beiträge zur Ausbildungsforschung und Studienreform</source>; Bd. <volume>2</volume>).
<author><surname>SCHULTE-ALTHOFF</surname>, <given-names>F. J.</given-names></author> (<year>1971</year>): <title>Studien zur politischen Wissenschaftsgeschichte der deutschen Geographie im Zeitalter des Imperialismus</title>. - <other>Paderborn</other> (<source>Bochumer geographische Arbeiten</source>, H. <issue>9</issue>).
<author><surname>SCHULTZ</surname>, <given-names>H.-D.</given-names></author> (<year>1989</year>): <title>Die Geographie als Bildungsfach im Kaiserreich. Zugleich ein Beitrag zu ihrem Kampf um die preußische höhere Schule von 1870-1914 nebst dessen Vorgeschichte und teilweiser Berücksichtigung anderer deutscher Staaten</title>. - <other>Osnabrück</other> (<source>Osnabrücker Studien zur Geographie</source>; Bd. <volume>10</volume>).
<author><surname>SCHULTZ</surname>, <given-names>H.-D.</given-names></author> (<year>1993</year>a): <title>„Mehr Geographie in die deutsche Schule!" Anpassungsstrategie eines Schulfaches in historischer Rekonstruktion</title>. - In: <source>Geographie und Schule</source> <volume>15</volume>, H. <issue>84</issue>, S. <fpage>4</fpage> - <lpage>14</lpage>.
<author><surname>SCHULTZ</surname>, <given-names>H.-D.</given-names></author> (<year>1993</year>b): <title>„Wachstumswille ist Naturgebot!" Der Beitrag der Schulgeographie zum Versagen der Staatsbürgerkunde in der Weimarer Republik</title>. - In: <editor>R. Dithmar</editor> (Hrsg.) <source>Schule und Unterricht in der Endphase der Weimarer Republik</source>. - <other>Neuwied</other>, S. <fpage>21</fpage> - <lpage>42</lpage>.
<author><surname>SCHULTZ</surname>, <given-names>H.-D.</given-names></author> (<year>1995</year>): <title>Mit oder gegen die Geschichte? Die Tücken des geographischen Paradigmas beim Kampf des Faches um die Oberstufe der höheren Schule Preußens vor dem Ersten Weltkrieg</title>. - In: <editor>U. Wardenga</editor>/ <editor>I. Hönsch</editor> (Hrsg.) <source>Kontinuität und Diskontinuität der deutschen Geographie in Umbruchphasen. Studien zur Geschichte der Geographie</source>. - <other>Münster</other>, S. <fpage>29</fpage>-<lpage>50</lpage> (<source>Münstersche geographische Arbeiten</source>, H. <issue>39</issue>) [Kurzfassung in: <source>Geographie und ihre Didaktik</source> <volume>23</volume>, <year>1995</year>, H. <issue>2</issue>, S. <fpage>61</fpage> - <lpage>91</lpage>].
<author><surname>SCHWÄNKE</surname>, <given-names>U</given-names></author>. (<year>1988</year>): <title>Der Beruf des Lehrers. Professionalisierung und Autonomie im historischen Prozeß</title>. - <other>Weinheim/ München</other> (Veröffentlichungen der <editor>Max-Traeger-Stiftung</editor>, Bd. <volume>9</volume>).
<author><surname>WARDENGA</surname>, <given-names>U</given-names></author>. (<year>1995</year>): <title>„Nun ist Alles, Alles anders!" Erster Weltkrieg und Hochschulgeographie</title>. - In: <editor>U. Wardenga</editor>/ <editor>I. Hönsch</editor> (Hrsg.)<source> Kontinuität und Diskontinuität der deutschen Geographie in Umbruchphasen. Studien zur Geschichte der Geographie</source>. - <other>Münster</other>, S. <fpage>83</fpage> - <lpage>97</lpage> (<source>Münstersche geographischen Arbeiten</source>, H. <issue>39</issue>). 