<author><surname>Fyall</surname>, <given-names>A</given-names></author>. & <author><surname>Leask</surname> <given-names>A</given-names></author>. (<year>2006</year>). <title>Destination Marketing. Future Issues – Strategic Challenges</title>. In: <source>Tourism and Hospitality Research</source> (<volume>7</volume>) <issue>1</issue>, S. <fpage>50</fpage>-<lpage>63</lpage>.
<author><surname>Jamal</surname>, <given-names>T. B.</given-names></author> & <author><surname>Stronza</surname>, <given-names>A</given-names></author>. (<year>2009</year>). <title>Collaboration Theory and Tourism Practice in Protected Areas. Stakeholders, Structuring and Sustainability</title>. In: <source>Journal of Sustainable Tourism</source> (<volume>17</volume>) <issue>2</issue>, S. <fpage>169</fpage>-<lpage>189</lpage>.
<author><surname>Mayer</surname>, <given-names>H. O.</given-names></author> (<year>2008</year>). <title>Interview und schriftliche Befragung. Entwicklung, Durchführung und Auswertung</title>, <other>4. Aufl.</other> <other>München</other>: <publisher>Oldenbourg</publisher>
<author><surname>Scott</surname>, <given-names>N</given-names></author>., <author><surname>Cooper</surname>, <given-names>C</given-names></author>. & <author><surname>Baggio</surname>, <given-names>R</given-names></author>. (<year>2008</year>). <title>Destination Networks. Four Australian Cases</title>. In: <source>Annals of Tourism Research</source> (<volume>35</volume>) <issue>1</issue>, S. <fpage>169</fpage>-<lpage>188</lpage>.
<author><surname>Wüst</surname>, <given-names>B</given-names></author>. (<year>2009</year>). <title>Überkapazitäten. Deutschland baut zu viele Luxushotels</title>. <source>Welt-online, 07. Oktober 2009</source> (<url>http://www.welt.de/reise/article4766707/Deutschland-baut-zu-viele-Luxushotels.html</url>).