<editor>ADB [Asian Development Bank]</editor> (<year>2009</year>): <title>Poverty in the Philippines: Causes, Constraints, and Opportunities</title>. <other>Manila</other>: <publisher>ADB</publisher>.
<author><surname>Ashley</surname>, <given-names>Caroline</given-names></author> (<year>2002</year>): <title>Methodology for Pro-Poor Tourism Case Studies. PPT Working Paper No. 10</title>. <other>London</other>: <publisher>ODI, IIED & CRT</publisher>.
<author><surname>Ashley</surname>, <given-names>Caroline</given-names></author>, <author><surname>Boyd</surname>, <given-names>Charlotte</given-names></author> & <author><surname>Goodwin</surname>, <given-names>Harold</given-names></author> (<year>2000</year>): <title>Pro-poor Tourism: Putting Poverty at the Heart of the Tourism Agenda</title>. In: <source>Natural Resource perspectives</source>, No. <volume>51</volume>, <fpage>1</fpage>-<lpage>6</lpage>.
<author><surname>Ashley</surname>, <given-names>Caroline</given-names></author>, <author><surname>Roe</surname>, <given-names>Dilys</given-names></author> & <author><surname>Goodwin</surname>, <given-names>Harold</given-names></author> (<year>2001</year>): <title>Pro-Poor Tourism Strategies: Making Tourism Work for the Poor, a Review of Experience. Pro-Poor Tourism Report No. 1</title>. <other>London</other>: <publisher>ODI, IIED & CRT</publisher>.
<editor>City Planning</editor> (<year>2009</year>): <title>CBMS Survey 2009: CBMS Core Indicators in Puerto Princesa City</title>. <other>Puerto Princesa City</other>: <publisher>City Planning and Development Coordinator</publisher>.
<author><surname>Chok</surname>, <given-names>Stephanie</given-names></author>, <author><surname>Macbeth</surname>, <given-names>Jim</given-names></author> & <author><surname>Warren</surname>, <given-names>Carol</given-names></author> (<year>2007</year>): <title>Tourism as a Tool for Poverty Alleviation: A Critical Analysis of ‘Pro-Poor Tourism’ and Implications for Sustainability</title>. In: <source>Current Issues in Tourism</source>, Vol. <volume>10</volume>, No. <issue>2&3</issue>, <fpage>144</fpage>-<lpage>165</lpage>.
<editor>CTD [City Tourism Department]</editor> (<year>2013</year>): <title>Puerto Princesa City Tourism Growth: 20 Year Tourist Arrivals</title>. <other>Puerto Princesa City</other>: <publisher>City Tourism Department</publisher>.
<editor>DOT</editor> (<year>2011</year>): <title>Formulation of the Philippine National Tourism Development Plan 2011-2016: Discussion Paper for the Formulation of a Vision, strategic Directions, and outline action Programs for the accelerated Development of Philippine Tourism</title>. <url>http://www.visitmyphilippines.com/images/ads/38a34b7fe73c3ee97d853252b804c7ba.pdf</url> (Zugriff 18.04.2014).
<editor>DOT [Department of Tourism]</editor> (<year>2009</year>): <title>Republic Act No. 9593 otherwise known as Tourism Act of 2009 and its implementing Rules and Regulations</title>. <url>http://www.tourism.gov.ph/Downloadable%20Files/RA%209593.pdf</url> (Zugriff 18.04.2014).
<author><surname>Goodwin</surname>, <given-names>Harold</given-names></author> (<year>2002</year>): <title>Local Community Involvement in Tourism around National Parks: Opportunities and Constraints</title>. In: <source>Current Issues in Tourism</source>, Vol. <volume>5</volume>, No. <issue>3&4</issue>, <fpage>338</fpage>-<lpage>360</lpage>.
<author><surname>Harrison</surname>, <given-names>David</given-names></author> (<year>2008</year>): <title>Pro-poor Tourism: a critique</title>. In: <source>Third World Quarterly</source>, Vol. <volume>29</volume>, No. <issue>5</issue>, <fpage>851</fpage>-<lpage>868</lpage>.
<author><surname>Maguidad</surname>, <given-names>Virgilio M.</given-names></author> (<year>2013</year>): <title>Tourism planning in archipelagic Philippines: A case review</title>. In: <source>Tourism Management Perspectives</source>, Vol. <volume>7</volume>, <fpage>25</fpage>-<lpage>33</lpage>.
<author><surname>Mayring</surname>, <given-names>Philipp</given-names></author> (<year>2010</year>): <title>Qualitative Inhaltsanalyse: Grundlagen und Techniken</title>. 11. Auflage. <other>Weinheim und Basel</other>: <publisher>Beltz Verlag</publisher>.
<editor>NSCB</editor> (<year>2014</year>): <title>Visitor Arrivals by Subcontinent of Residence</title>. <url>http://www.nscb.gov.ph/secstat/d_tour.asp</url> (Zugriff 30.04.2014).
<editor>OPHI [Oxford Poverty and Human Development Initiative]</editor> (<year>2013</year>):<title> “Philippines Country Briefing”, Multidimensional Poverty Index Data Bank. OPHI, University of Oxford</title>. <url>http://www.ophi.org.uk/multidimensional-poverty-index/mpi-data-bank/mpi-country-briefings</url> (Zugriff 18.04.2014).
<author><surname>Patton</surname>, <given-names>Michael</given-names></author> (<year>1990</year>): <title>Qualitative evaluation and research methods</title>. <other>Beverly Hills, CA</other>: <publisher>Sage</publisher>, <fpage>169</fpage>-<lpage>186</lpage>.
<editor>Puerto Princesa City Government</editor> (<year>2011</year>): <title>Comprehensive Development Plan 2011-2013. 2012 Annual Investment Program</title>. <other>Puerto Princesa City</other>: <publisher>City Planning and Development Coordinator</publisher>.
<author><surname>Scheyvens</surname>, <given-names>Regina</given-names></author> (<year>2011</year>): <title>Tourism and Poverty</title>. <other>New York</other>: <publisher>Routledge</publisher>.
<editor>UNWTO [United Nations World Tourism Organization]</editor> (<year>2012</year>): <title>Tourism Highlights: 2012 Edition</title>. <other>Madrid</other>: <publisher>World Tourism Organization</publisher>.
<editor>World Bank</editor> (<year>2009</year>): <title>Country Assistance Strategy for the Republic of the Philippines for the Period FY 2010-2012</title>. <url>http://www-wds.worldbank.org</url> (Zugriff 18.04.2014).