<author><surname>Astley</surname>, <given-names>W.G.</given-names></author> & <author><surname>Fombrun</surname> <given-names>C.J.</given-names></author> (<year>1983</year>). <title>Collective strategy – Social ecology of organizational environments</title>. <source>Academy of Management Review</source>, <volume>8</volume>, <fpage>576</fpage>-<lpage>587</lpage>.
<author><surname>Bieger</surname>, <given-names>T</given-names></author>. (<year>2008</year>). <title>Management von Destinationen</title>, <other>München</other>: <publisher>Oldenbourg</publisher>.
<author><surname>Bieger</surname>, <given-names>T</given-names></author>. & <author><surname>Laesser</surname>, <given-names>C</given-names></author>. (<year>2008</year>). <title>Neue Organisationsformen und Geschäftsmodelle im Tourismus</title>. In: <editor>Weiermair, K.</editor> <other>et al.</other> (Hrsg.) (<year>2008</year>). <source>Unternehmertum im Tourismus – Führen mit Erneuerungen</source> (S. <fpage>75</fpage>-<lpage>95</lpage>). <other>Berlin</other>: <publisher>Erich Schmidt Verlag</publisher>.
<author><surname>Bateman</surname>, <given-names>M</given-names></author>. (<year>2010</year>). <title>Why doesn’t microfinance work? – The destructive rise of local neoliberalism</title>. <other>New York</other>: <publisher>Zed Books</publisher>.
<author><surname>Boes</surname>, <given-names>N</given-names></author>. (<year>2006</year>). <title>Yunus ist ein bißchen marktschreierisch</title>. In: <source>Frankfurter Allgemeine Zeitung</source> vom <volume>09.12.2006</volume>.
<author><surname>Borrmann</surname>, <given-names>J</given-names></author>. (<year>2005</year>). <title>Existenzgründungen in Ecuador – Eine empirische Untersuchung der Rahmenbedingungen, Motive und Wirkungen</title>, <other>Münster</other>: <publisher>LIT</publisher>.
<author><surname>Brandenburger</surname>, <given-names>A.M.</given-names></author> & <author><surname>Nalebuff</surname>, <given-names>B.J.</given-names></author> (<year>1996</year>). <title>Co-opetition</title>, <other>London</other>: <publisher>Crown Business</publisher>.
<editor>Bundesministerium für wirtschaftliche Entwicklung und Zusammenarbeit (BMZ)</editor> (<year>2006</year>). <title>Geschäfte für Entwicklung – Bewertung des BoP-Ansatzes aus entwicklungspolitischer Sicht</title>, <source>BMZ Diskurs</source> <volume>016</volume>. <other>Bonn</other>.
<author><surname>Burns</surname>, <given-names>T</given-names></author>. & <author><surname>Stalker</surname>, <given-names>G.M.</given-names></author> (<year>1961</year>). <title>The management of innovation</title>. <other>London</other>: <publisher>Tavistock</publisher>.
<author><surname>Conrady</surname>, <given-names>R</given-names></author>., <author><surname>Fichert</surname>, <given-names>F</given-names></author>. & <author><surname>Sterzenbach</surname>, <given-names>R</given-names></author>. (<year>2013</year>). <title>Luftverkehr – Betriebswirtschaftliches Lehr- und Handbuch</title>. <other>München</other>: <publisher>Oldenbourg</publisher>.
<author><surname>Damayanti</surname>, <given-names>M</given-names></author>., <author><surname>Scott</surname>, <given-names>N</given-names></author>. & <author><surname>Ruhanen</surname>, <given-names>L</given-names></author>. (<year>2012</year>). <title>A review of the concept of coopetition – Application in tourism</title>.
<author><surname>De Soto</surname>, <given-names>H</given-names></author>. (<year>1992</year>). <title>Marktwirtschaft von unten – Die unsichtbare Revolution in Entwicklungsländern</title>, <other>Zürich</other>: <publisher>Orell Füssli</publisher>.
<author><surname>Dörry</surname>, <given-names>S</given-names></author>.&nbsp;(<year>2008</year>). <title>Globale Wertschöpfungsketten im Tourismus – Ohnmächtige Unternehmen in mächtiger Position? – Relationale Governance bei der Organisation deutscher Pauschalreisen nach Jordanien</title>. <other>Münster</other>: <publisher>LIT</publisher>.
<author><surname>Dülfer</surname>, <given-names>E</given-names></author>. & <author><surname>Jöstingmeier</surname>, <given-names>B</given-names></author>. (<year>2008</year>). <title>Internationales Management in unterschiedlichen Kulturbereichen</title>. <other>München</other>: <publisher>Oldenbourg</publisher>.
<author><surname>Fischer</surname>, <given-names>E</given-names></author>. (<year>2009</year>). <title>Das kompetenzorientierte Management der touristischen Destination – Identifikation und Entwicklung kooperativer Kernkompetenzen</title>. <other>Wiesbaden</other>: <publisher>Gabler</publisher>.
<author><surname>Flagestad</surname>, <given-names>A</given-names></author>. & <author><surname>Hope</surname>, <given-names>C.A.</given-names></author> (<year>2001</year>). <title>Strategic success in winter sports destinations – a sustainable value creation perspective</title>. <source>Tourism Management</source>, <volume>22</volume>, <fpage>445</fpage>-<lpage>461</lpage>.
<author><surname>Freyer</surname>, <given-names>W</given-names></author>. (<year>2004</year>). <title>Tourismus-Marketing – Marktorientiertes Management im Mikro- und Makrobereich der Tourismuswirtschaft</title>. <other>München</other>: <publisher>Oldenbourg</publisher>.
<author><surname>Gereffi</surname>, <given-names>G</given-names></author>., <author><surname>Humphrey</surname>, <given-names>J</given-names></author>. & <author><surname>Sturgeon</surname>, <given-names>T</given-names></author>. (<year>2005</year>). <title>The Governance of Global Value Chains</title>. <source>Review of International Political Economy</source>, <volume>12</volume> (<issue>1</issue>), <fpage>78</fpage>-<lpage>104</lpage>.
<author><surname>Granovetter</surname>, <given-names>M</given-names></author>. (<year>1973</year>). <title>The strength of weak ties</title>. <source>American Journal of Sociology</source>, <volume>78</volume>, <fpage>1360</fpage> – <lpage>1380</lpage>.
<author><surname>Jansen</surname>, <given-names>D</given-names></author>. & <author><surname>Diaz-Bone</surname>, <given-names>R</given-names></author>. (<year>2011</year>). <title>Netzwerkstrukturen als soziales Kapital</title>. In: <editor>Weyer, J.</editor> (Hrsg.) (<year>2011</year>). <source>Soziale Netzwerke – Konzepte und Methoden der sozialwissenschaftlichen Netzwerkforschung</source>. <other>München</other>: <publisher>Oldenbourg</publisher>.
<author><surname>Kaspar</surname>, <given-names>C</given-names></author>. (<year>1996</year>). <title>Tourismuslehre im Grundriss</title>. <other>Bern</other>: <publisher>Haupt</publisher>.
<author><surname>Keller</surname>, <given-names>P</given-names></author>. (<year>2005</year>). <title>Entstehung von Innovationen im Bereich des Tourismus – Sind fördernde tourismuspolitische Impulse notwendig?</title> In: <editor>Pechlaner, H.</editor> <other>et al.</other> (Hrsg.) (<year>2005</year>). <source>Erfolg durch Innovation – Perspektiven für den Tourismus- und Dienstleistungssektor</source> (<fpage>39</fpage>-<lpage>59</lpage>). <other>Wiesbaden</other>: <publisher>Gabler</publisher>.
<author><surname>Keller</surname>, <given-names>P</given-names></author>. (<year>2006</year>). <title>Wettbewerb zwischen Destinationen – Werden natürliche und kulturelle Attraktionen auch in Zukunft eine Rolle spielen?</title> In: <editor>Pechlaner, H.</editor>, <editor>Bieger, T.</editor> & <editor>Weiermair, K.</editor> (Hrsg.) (<year>2006</year>). <source>Attraktions-Management – Führung und Steuerung von Attraktionspunkten</source> (<fpage>57</fpage>-<lpage>73</lpage>). <other>Wien</other>: <publisher>Linde</publisher>.
<author><surname>König</surname>, <given-names>W</given-names></author>. & <author><surname>Peters</surname>, <given-names>J</given-names></author>. (<year>1985</year>). <title>Situation und Förderungspotential des Handwerks im informellen Sektor Lateinamerikas</title>. <source>Internationales Gewerbearchiv</source>, <volume>33</volume>. <other>St. Gallen</other>.
<author><surname>Kylänen</surname>, <given-names>M</given-names></author>. & <author><surname>Mariani</surname>, <given-names>M</given-names></author>. (<year>2013</year>). <title>Public and Private Dynamics and Coopetition – Evidence from the Tourism Sector</title>. In: <editor>Rimini Centre for Economic Analysis</editor>, <volume>14</volume>, <other>o.S.</other>
<author><surname>Letzner</surname>, <given-names>V</given-names></author>. (<year>2010</year>). <title>Tourismusökonomie – Volkswirtschaftliche Aspekte rund ums Reisen</title>. <other>München</other>: <publisher>Oldenbourg</publisher>.
<author><surname>McCormick</surname>, <given-names>D</given-names></author>. & <author><surname>Schmitz</surname>, <given-names>H</given-names></author>. (<year>2001</year>).<title> Manual for value chain research on homeworkers in the garment industry</title>. <other>Brighton</other>: <publisher>Institute of Development Studies </publisher>
<author><surname>Pechlaner</surname>, <given-names>H</given-names></author>., <author><surname>Hammann</surname>, <given-names>E.-M.</given-names></author> & <author><surname>Fischer</surname>, <given-names>E</given-names></author>. (<year>2005</year>). <title>Leadership und Innovationsprozesse – von der Kernkompetenz zur Dienstleistung</title>. In: <editor>Pechlaner, H.</editor> <other>et al.</other> (Hrsg.) (<year>2005</year>). <source>Erfolg durch Innovation – Perspektiven für den Tourismus- und Dienstleistungssektor</source> (<fpage>63</fpage>-<lpage>83</lpage>). <other>Wiesbaden</other>: <publisher>Gabler</publisher>.
<author><surname>Pesämaa</surname>, <given-names>O</given-names></author>. & <author><surname>Eriksson</surname>, <given-names>P.-E.</given-names></author> (<year>2010</year>). <title>Coopetition among nature-based tourism firms – competition at local level and cooperation at destination level</title>. In: <editor>Yami, S.</editor> <other>et al.</other> (Hrsg.) (<year>2010</year>). <source>Co-opetition – Winning Strategies for the XXIst Century</source> (<fpage>166</fpage>-<lpage>182</lpage>). <other>Cheltenham/Northampton</other>: <publisher>Edward Elgar Publishing</publisher>.
<author><surname>Porter</surname>, <given-names>M.E.</given-names></author> (<year>2008</year>). <title>On Competition</title>. <other>Boston</other>: <publisher>Harvard Business Press</publisher>. 
<author><surname>Ritter</surname>, <given-names>W</given-names></author>. (<year>2007</year>). <title>Globaler Tourismus und die Grenzen der Welt</title>. In: <editor>Steinecke, A.</editor>, <editor>Hopfinger, H.</editor> & <editor>Becker, C.</editor> (Hrsg.). <source>Geographie der Freizeit und des Tourismus – Bilanz und Ausblick</source> (<fpage>86</fpage>-<lpage>96</lpage>). <other>München</other>: <publisher>Oldenbourg</publisher>. 
<author><surname>Ritchie</surname>, <given-names>J.R.</given-names></author> & <author><surname>Crouch</surname>, <given-names>G.I.</given-names></author> (<year>2003</year>). <title>The competitive destination – A sustainable tourism perspective</title>. <other>Wallingford/ Cambridge</other>: <publisher>CABI Publishing</publisher>. 
<author><surname>Rossbacher</surname>, <given-names>M</given-names></author>. (<year>2001</year>). <title>Probleme und Möglichkeiten der Kleinstunternehmensförderung durch internationale Entwicklungsprogramme – eine Analyse zweier UNO-Projekte in Ecuador</title>. <other>Linz</other>: <publisher>Trauner</publisher>.
<author><surname>Schmidt</surname>, <given-names>S.J.</given-names></author> (<year>2005</year>). <title>Unternehmenskultur – die Grundlage für den wirtschaftlichen Erfolg von Unternehmen</title>. <other>Weilerswist</other>: <publisher>Velbrück</publisher>.
<author><surname>Schreyögg</surname>, <given-names>G</given-names></author>. (<year>1996</year>). <title>Organisation – Grundlagen moderner Organisationsgestaltung</title>. <other>Wiesbaden</other>: <publisher>Gabler</publisher>.
<author><surname>Schuhbert</surname>, <given-names>A</given-names></author>. (<year>2013</year>). <title>Touristische Destinationen als Cluster – Eine Untersuchung zur wissensbasierten Wettbewerbsfähigkeit tourismusökonomischer Raumsysteme in Entwicklungsländern am Beispiel der Napo Provinz Ecuadors</title>. <other>Trier</other>: <publisher>Selbstverlag</publisher>.
<author><surname>Schuhbert</surname>, <given-names>A</given-names></author>. (<year>2014</year>). <title>‚Coopetition‘ und Innovation in touristischen Destinationen – Das Beispiel der Provinz Napo (Ecuador)</title>. <source>Zeitschrift für Tourismuswissenschaft</source>, <volume>6</volume>(<issue>1</issue>), <fpage>75</fpage>-<lpage>81</lpage>.
<author><surname>Tschurtschenthaler</surname>, <given-names>P</given-names></author>. (<year>2005</year>). <title>Die gesamtwirtschaftliche Perspektive von touristischen Innovationen</title>. In: <editor>Pechlaner, H.</editor> <other>et al.</other> (Hrsg.) (<year>2005</year>). <source>Erfolg durch Innovation – Perspektiven für den Tourismus- und Dienstleistungssektor</source> (<fpage>3</fpage>-<lpage>21</lpage>). <other>Wiesbaden</other>: <publisher>Gabler</publisher>.
<author><surname>Vorlaufer</surname>, <given-names>K</given-names></author>. (<year>1996</year>). <title>Tourismus in Entwicklungsländern – Möglichkeiten und Grenzen einer nachhaltigen Entwicklung durch Fremdenverkehr</title>. <other>Darmstadt</other>: <publisher>Wissenschaftliche Buchgesellschaft</publisher>.
<author><surname>Weyer</surname>, <given-names>J</given-names></author>. (<year>2011</year>). <title>Zum Stand der Netzwerkforschung in den Sozialwissenschaften</title>. In: <editor>Weyer, J.</editor> (Hrsg.) (<year>2011</year>). <source>Soziale Netzwerke – Konzepte und Methoden der sozialwissen-schaftlichen Netzwerkforschung</source>. <other>München</other>: <publisher>Oldenbourg</publisher>.
<author><surname>Yunus</surname>, <given-names>M</given-names></author>. (<year>2008</year>). <title>Die Armut besiegen</title>. <other>München</other>: <publisher>Hanser</publisher>.