<author><surname>Alekseyeva</surname>, <given-names>A</given-names></author>. (<year>2014</year>). <title>Sochi 2014 and the rhetoric of a new Russia: Image construction through mega-events</title>, <source>East European Politics</source>, <volume>30</volume>(<issue>2</issue>), <fpage>158</fpage>–<lpage>174</lpage>. 
<other>Anonymous</other> (<year>1934</year>). <title>Pervoklassnomu kurortu – dostoinnuiu gazetu</title>, <source>Pravda</source> No. <volume>284</volume>, 14 October 1934, p. <fpage>4</fpage>. 
<author><surname>Bagdasarjan</surname>,<given-names> S. D.</given-names></author> (<year>2007</year>). <title>Ekonomicheskie razvitie bol’shogo sochi na zakate ‘perestroiki’ (1989–1991 gg.): istoriko-sotsiologicheskoe issledovanie</title>. <source>Bylye gody</source>, <volume>30</volume>(<issue>1</issue>), <fpage>19</fpage>–<lpage>26</lpage>. 
<author><surname>Bagdasarjan</surname>, <given-names>S. D.</given-names></author> (<year>2008</year>). <title>Sotsiologicheskie issledovaniia v Sochi na zakate ‘perestroiki’ (1990–1991 gg.</title> <source>Bylye gody</source>, <volume>31</volume>(<issue>4</issue>), <fpage>35</fpage>–<lpage>41</lpage>. 
<author><surname>Bakharev</surname>, <given-names>I</given-names></author>. (<year>2009</year>, July 14). <title>Genplan s prirodnymi iz”ianami. Gazeta.ru</title>. Retrieved from <url>http://www.gazeta.ru/business/2009/07/14/3222554.html</url> (accessed 2015/08/19). 
<author><surname>Borisov</surname>, <given-names>A. D.</given-names></author>, & <author><surname>Nevraev</surname>, <given-names>G. A.</given-names></author> (<year>1959</year>). <title>Nekotorye voprosy razvitiia kurortov v period semiletnogo plana</title>. <source>Voprosy kurortologii, fizioterapii i lechebnoi fizicheskoi kul’tury</source>, <volume>1</volume>, <fpage>3</fpage>–<lpage>11</lpage>.  
<author><surname>Chernogaeva</surname>, <given-names>G. M.</given-names></author>, & <author><surname>Federov</surname>, <given-names>E. K.</given-names></author> (<year>1992</year>). <title>The impact of recreation in the Black Sea region on surface and sea water quality – Sochi case study</title>. <source>GeoJournal</source>, <volume>27</volume>, <fpage>179</fpage>–<lpage>184</lpage>. 
<author><surname>Conterio</surname>, <given-names>J</given-names></author>. (<year>2014</year>). <title>The Soviet Sanatorium: Medicine, Nature and Mass Culture in Sochi, 1917– 1991</title>. Doctoral dissertation, Harvard University. 
<author><surname>Conterio</surname>, <given-names>J</given-names></author>. (<year>2015</year>). <title>Inventing the subtropics: An environmental history of Sochi, 1929–36</title>. <source>Kritika</source>, <volume>16</volume>(<issue>1</issue>), <fpage>91</fpage>–<lpage>210</lpage>. 
<author><surname>Dmitrieva</surname>, <given-names>O</given-names></author>. (<year>1996</year>). <title>Regional Development. The USSR and After</title>. <other>London</other>: <publisher>UCL Press</publisher>. 
<author><surname>Ermachkov</surname>,<given-names> I. A</given-names></author>., & <author><surname>Cherkasov</surname>, <given-names>A. A.</given-names></author> (<year>2007</year>). <title>Ekologicheskaia obstanovka v g. sochi v period perestroika (1985–1991 gg.)</title>. <source>Bylye gody</source>, <volume>30</volume>(<issue>1</issue>), <fpage>27</fpage>–<lpage>29</lpage>.  
<author><surname>Ermachkov</surname>, <given-names>I. A.</given-names></author> (<year>2010</year>a). <title>Sochi v period perestroika (1985–1991 gg.): Sanatorno-kurortnaia otrasl</title>. <source>Bylye gody</source>, <fpage>33</fpage>(<issue>1</issue>), <fpage>74</fpage>–<lpage>82</lpage>. 
<author><surname>Ermachkov</surname>, <given-names>I. A.</given-names></author> (<year>2010</year>b). <title>K voprosu o chrezvychainykh situatsiiakh na territorii bol’shogo sochi v period perestroiki</title>. <source>Bylye gody</source>, <volume>33</volume>(<issue>3</issue>), <fpage>57</fpage>–<lpage>60</lpage>. 
<author><surname>Foucault</surname>, <given-names>M</given-names></author>. (<year>1986</year>). <title>Of other spaces</title>. <source>Diacritics</source>, <volume>16</volume>(<issue>1</issue>), <fpage>22</fpage>–<lpage>27</lpage>. 
<author><surname>Henningsen</surname>, <given-names>M</given-names></author>. (<year>1993</year>). <title>Der Freizeit- und Fremdenverkehr in der (ehemaligen) Sowjetunion unter besonderer Berücksichtigung des Baltischen Raumes</title>. <other>Frankfurt am Main</other>: <publisher>Peter Lang</publisher>.  
<author><surname>Koenker</surname>,<given-names> D. P.</given-names></author> (<year>2013</year>). <title>Club Red. Vacation, Travel, and the Soviet Dream</title>. <other>Ithaca</other>: <publisher>Cornell University Press</publisher>. 
<author><surname>Kulikov</surname>, <given-names>N. A.</given-names></author> (<year>2009</year>). <title>Regional’naia istoriia: problem podgotovitel’nogo etapa k zimnei olimpiade-2014 v g. sochi (po materialam periodiki 2008–2009 gg.)</title>. <source>Nauchnye problem gumanitarnykh issledovanii</source>, <volume>122</volume>. Retrieved from <url>http://cyberleninka.ru/article/n/regionalnayaistoriya-problemy-podgotovitelnogo-etapa-k-zimney-olimpiade-2014-v-g-sochi-pomaterialam-periodiki-2008–2009-gg</url> (accessed 2015/08/19). 
<editor>Kurorty</editor> (<year>1983</year>). <title>Entsiklopedicheskii Slovar</title>. <other>Moskva</other>: <publisher>Sovetskaia Entsiklopediia</publisher>. 
<editor>Kurorty SSSR</editor> (<year>1936</year>). <title>Spravochnik</title>.<other> Moskva-Leningrad</other>: <publisher>Gosudarstvennoe izdatel’stvo biologicheskoi i meditsinskoi literatury</publisher>. 
<author><surname>Kuznetsova</surname>, <given-names>L</given-names></author>. (<year>2012</year>). <title>Sovetskii kurort kak mesto pamiati</title>. <source>Bulletin des DHI Moscow</source>, <volume>6</volume>, <fpage>184</fpage>– <lpage>205</lpage>.  
<author><surname>Kuznetsova</surname>, <given-names>L</given-names></author>. (<year>2014</year>). <title>Postranstvo sovetskogo kurorta: svoboda ili kontrol?</title> <source>Novoe literaturnoe obozrenie</source>, <volume>126</volume>. Retrieved from <url>http://magazines.russ.ru/nlo/2014/126/15k.html</url>  (accessed 2015/09/02). 
<author><surname>Lipodaev</surname>, <given-names>Y. I.</given-names></author> (<year>1987</year>). <title>Sochi, Sochi, Sotschi. Kurorty SSSR, Soviet Health Resorts, Kurorte in der UdSSR</title>. <other>Moscow</other>: <publisher>Planeta</publisher>. 
<author><surname>Martel</surname>,<given-names> E.-A.</given-names></author> (<year>1908</year>). <title>La Côte d’Azur Russe (Riviera du Caucase): voyage en Russie méridionale, au Caucase occidental et en Transcaucasie (mission du gouvernement russe, 1903)</title>. <other>Paris</other>: <publisher>Delagrave</publisher>. 
<author><surname>Müller</surname>, <given-names>M</given-names></author>. (<year>2015</year>). <title>(Im-) Mobile policies: Why sustainability went wrong in the 2014 Olympics in Sochi</title>. <source>European Urban and Regional Studies</source>, <volume>22</volume>(<issue>2</issue>), <fpage>191</fpage>–<lpage>209</lpage>.  
<author><surname>Müller</surname>, <given-names>M</given-names></author>. (<year>2014</year>). <title>Introduction : Winter Olympics sochi 2014 : What Is at Stake ?</title> <source>East European Politics</source>, <volume>30</volume>(<issue>2</issue>), <fpage>153</fpage>–<lpage>157</lpage>.  
<author><surname>Natolochnaia</surname>,<given-names> O. V.</given-names></author> (<year>2008</year>a). <title>Osobennosti rezhimnogo goroda-kurorta Sochi</title>. <source>Bylye gody</source>, <volume>31</volume>(<issue>1</issue>), <fpage>21</fpage>–<lpage>25</lpage>. 
<author><surname>Natolochnaia</surname>, <given-names>O. V.</given-names></author> (<year>2008</year>b). <title>Ratsionalizatorstvo i trudovoi poryv sochintsev po vosstanovleniiu i razvitiiu goroda sochi v 1945–1950-e gg</title>. <source>Bylye gody</source>, <volume>31</volume>(<issue>3</issue>), <fpage>14</fpage>–<lpage>23</lpage>. 
<author><surname>Natolochnaia</surname>, <given-names>O. V.</given-names></author> (<year>2009</year>). <title>Sochi poslevoennyi: gorodskoi poriadok kak osobennost’ rezhimnogo goroda</title>. <source>Bylye gody</source>, <volume>32</volume>(<issue>1</issue>), <fpage>20</fpage>–<lpage>24</lpage>. 
<author><surname>Natolochnaia</surname>, <given-names>O. V.</given-names></author> (<year>2010</year>). <title>Zhilishchnyi fond goroda sochi v poslevoennyi period (1945–1953 gg.): Problemy i perspektivy</title>. <source>Bylye gody</source>, <volume>33</volume>(<issue>3</issue>), <fpage>51</fpage>–<lpage>56</lpage>. 
<author><surname>Noack</surname>, <given-names>C</given-names></author>. (<year>2006</year>). <title>Coping with the Tourist: Planned and ‘Wild’ Mass Tourism on the Soviet Black Sea Coast</title>. In <editor>A. E. Gorsuch</editor> & <editor>D. P. Koenker</editor> (Eds.), <source>Turizm: The Russian and East European Tourist under Socialism</source> (pp. <fpage>281</fpage>–<lpage>304</lpage>). <other>Ithaca and London</other>: <publisher>Cornell University Press</publisher>. 
<author><surname>Noack</surname>, <given-names>C</given-names></author>. (<year>2011</year>). <title>Building Tourism in One Country? The Sovietization of Vacationing, 1917– 1941</title>. In <editor>E.G.E. Zuelow</editor> (Ed.), <source>Touring Beyond the Nation: A Transnational Approach to European Tourism History</source> (pp. <fpage>171</fpage>–<lpage>194</lpage>). <other>Farnham</other>: <publisher>Ashgate</publisher>. 
<author><surname>Noack</surname>, <given-names>C</given-names></author>. (<year>2012</year>). <title>‘Andere Räume’: sowjetische Kurorte als Heterotopien. Das Beispiel Sotschi</title>. In <editor>K. Schlögel</editor> (Ed.), <source>Mastering Russian Spaces: Raum und Raumbewältigung als Probleme der russischen Geschichte</source> (pp. <fpage>187</fpage>–<lpage>197</lpage>). <other>München</other>: <publisher>Oldenbourg</publisher>.  
<author><surname>Noack</surname>, <given-names>C</given-names></author>. (<year>2016</year>). <title>Brezhnev’s ‘Little Freedoms’: Tourism, Individuality, and Mobility in the Late Soviet Period</title>. In <editor>D. Fainberg</editor> & <editor>A. Kalinovsky</editor> (Eds.), <source>Reconsidering Stagnation in the Brezhnev Era. Ideology and Exchange</source> (pp. <fpage>59</fpage>–<lpage>76</lpage>). <other>Lanham</other>: <publisher>Lexington Books</publisher>.  
<author><surname>Oppengeim</surname>, <given-names>D. G.</given-names></author> (<year>1966</year>). <title>Nekotorye organizatsionnye voprosy kurortnogo stroitel’stvo</title>. <source>Voprosy kurortologii, fizioterapii i lechebnoi fizicheskoi kul’tury</source>, <volume>5</volume>, <fpage>452</fpage>–<lpage>455</lpage>. 
<author><surname>Richmond</surname>, <given-names>W</given-names></author>. (<year>2013</year>). <title>Preparations for the Sochi Olympics</title>. In <editor>R. B. Ware</editor> (Ed.), <source>The Fire Below. How the Caucasus Shaped Russia</source> (pp. <fpage>203</fpage>–<lpage>223</lpage>). <other>New York</other>: <publisher>Bloomsbury</publisher>.  
<author><surname>Samsonenko</surname>, <given-names>T. A.</given-names></author> (<year>2007</year>). <title>Sochi – vsesojuznyi: nachalo sotsialisticheskoi stroiki</title>. <source>Bylye gody</source>, <volume>30</volume>(<issue>3</issue>), <fpage>8</fpage>–<lpage>15</lpage>. 
<author><surname>Samsonenko</surname>, <given-names>T. A.</given-names></author> (<year>2008</year>). <title>Sovetskaia imperiia: Sochi – udarnaia stroika (1930 gg.)</title> <source>Bylye gody</source>, <volume>31</volume>(<issue>4</issue>), <fpage>4</fpage>–<lpage>12</lpage>.  
<author><surname>Stadelbauer</surname>, <given-names>J</given-names></author>. (<year>1986</year>). <title>Der Fremdenverkehr in Sowjet-Kaukasien. Gesamtstaatliche Bedeutung, räumliche Strukturen und Entwicklungsprobleme</title>. <source>Zeitschrift für Wirtschaftsgeographie</source>, <volume>30</volume>, <fpage>1</fpage>–<lpage>21</lpage>. 
<author><surname>Suchkov</surname>, <given-names>V</given-names></author>. (<year>2009</year>, January 27). <title>Zimniaia Olimpiada pod ugrozy sryva. Kavkaskii uzel</title>. Retrieved from <url>http//www.kavkaz-uzel.ru/articles/148012</url> (accessed 2015/08/19). 
<author><surname>Tveritinov</surname>, <given-names>I. A.</given-names></author> (<year>2008</year>). <title>Bol’shoi sochi v nachale 1990-x gg. Demograficheskaia situatsia</title>. <source>Bylye gody</source>, <volume>31</volume>(<issue>1</issue>), <fpage>26</fpage>–<lpage>29</lpage>.  
<author><surname>Vershadskaia</surname>, <given-names>O. V.</given-names></author> (<year>2006</year>). <title>Vsesoiuznaia perepis’ 1926g.: Chislennost’ i sostav naseleniia Sochi</title>. <source>Bylye gody</source>, <volume>29</volume>(<issue>2</issue>), <fpage>20</fpage>–<lpage>25</lpage>. 
<author><surname>Vershadskaia</surname>, <given-names>O. V.</given-names></author> (<year>2009</year>). <title>Chernomorskaia derevnia v pervoi treti xx v. Sotsial’noekonomicheskii aspekt</title>. <source>Bylye gody</source>, <volume>32</volume>(<issue>3</issue>), <fpage>37</fpage>–<lpage>45</lpage>. 
<author><surname>Zaitsev</surname>, <given-names>I</given-names></author>., <author><surname>Komarov</surname>, <given-names>A</given-names></author>., & <author><surname>Maksimov</surname>, <given-names>I</given-names></author>. (<year>1963</year>). <title>Sochi: Putevoditel’ po gorodu</title>. <other>Krasnodar</other>: <publisher>Krasnodarskoe knizhnoe izdate’stvo</publisher>.  
<author><surname>Zaitsev</surname>, <given-names>A. M.</given-names></author> (<year>2008</year>). <title>Bol’shoi Sochi v 1960-e-1970-e gg.: K istorii vsesoiuznoi zdravnitsy – otraslevoi podkhod</title>. <source>Bylye gody</source>, <volume>31</volume>(<issue>2</issue>), <fpage>29</fpage>–<lpage>31</lpage>. 
<author><surname>Zaitsev</surname>, <given-names>A. M.</given-names></author> (<year>2009</year>). <title>Kurortnoe stroitel’stvo na territorii bol’shogo sochi v 1960 – seredine 1970-x gg</title>. <source>Bylye gody</source>, <volume>32</volume>(<issue>2</issue>), <other>38, 46</other>.  
<author><surname>Zakharova</surname>, <given-names>N</given-names></author>. (<year>2009</year>). <title>Udarnaia stroika 1930-x: chto sdelano? Arkhitektura Sochi. Internet Zhurnal ob arkhitekture, nedvizhimosti i storitelstve v gorode Sochi</title>. Retrieved from <url>http://arch-sochi.ru/2009/11/stroyka1930-e/</url> (accessed 2015/09/20). 