<author><surname>Aderhold</surname>, <given-names>P</given-names></author>. (<year>2000</year>). <title>Tourismus in Entwicklungsländer- Eine Untersuchung über Dimensionen, Strukturen, Wirkungen und Qualifizierungsansätze im Entwicklungsländer-Tourismus - unter besonderer Berücksichtigung des deutschen Urlaubsreisemarktes</title>. <other>Ammerland</other>: <publisher>Studienkreis für Tourismus und Entwicklung</publisher>.
<editor>Allie, Ali</editor> & <editor>Reyes, Ruben</editor> (Produzenten) (<year>2012</year>). <title>Garifuna en Peril</title> [Film]. <other>USA/Honduras</other>.
<author><surname>Álvarez</surname>, <given-names>A</given-names></author>. (<year>2014</year>). <title>Reality show Supervivientes arranca el lunes desde Cayos Cochinos- Entre el equipo de personalidades que llegan al país se encuentra Kátia Aveiro, hermana de Cristiano Ronaldo y Anabel Pantoja</title>, <other>La Ceiba</other>: <source>La Prensa</source>. Abgerufen von: <url>http://www.laprensa.hn/inicio/579998-96/katia-aveiro-hermana-de-cristiano-ronaldo-la-est-rella-en-cayos-cochinos</url> [18.03.2014]
<author><surname>Álvarez</surname>, <given-names>C</given-names></author>. <other>et al.</other> (<year>2013</year>). <title>Tierras y Territorios de las Comunidades Garífunas y Afrodescendientes de Honduras</title>.<source> Revista Medio Ambiente</source>, <year>2013</year> (<volume>1</volume>).
<author><surname>Bahar</surname>, <given-names>Ozan</given-names></author> & <author><surname>Kozak</surname>, <given-names>Metin</given-names></author> (<year>2008</year>). <title>Tourism economics- Concepts and practices</title>. <other>New York</other>: <publisher>Nova Science Publishers</publisher>.
<author><surname>Bancel</surname>, <given-names>N</given-names></author>. <other>et al.</other> (<year>2004</year>). <title>Zoos humains: Au temps des exhibitions humaines</title>. <other>Paris</other>: <publisher>La Découverte</publisher>.
<author><surname>Batiz Buelto</surname>, <given-names>José</given-names></author> (<year>2007</year>). <title>Alerta Comunidades Garífunas de Cayos Cochinos, Honduras, en Peligro</title>. Abgerufen von: <url>http://www.fian.hn/c_cayoscochinos_d.html</url> [30.08.2014]
<author><surname>Blanchard</surname>, <given-names>P</given-names></author>. (<year>2004</year>). <title>Les zoos humains aujourd’hui?</title> In: <editor>Bancel, N.</editor> <other>et al.</other> (<year>2004</year>). <source>Zoos humains: Au temps des exhibitions humaines</source>. <other>Paris</other>: <publisher>La Découverte</publisher>, <fpage>417</fpage>-<lpage>429</lpage>.
<author><surname>Blaser</surname>, <given-names>T. M.</given-names></author> (<year>2013</year>). <title>Was soll das? RTL schickt in einer Realityshow weibliche C-Promis in die namibische Wüste. Dort müssen sich die weißen Frauen vor Angehörigen der Himba blamieren. Historische Ungerechtigkeiten gleicht man so allerdings nicht aus</title>. <source>Süddeutsche Zeitung</source>, <volume>175</volume>(<issue>31</issue>).
<author><surname>Bown</surname>, <given-names>N</given-names></author>. (<year>2010</year>). <title>Contested models of marine protected area (MPA) governance: A Case Study of the Cayos Cochinos, Honduras</title>. <other>Tesis doctoral, Universidad de Newcastle</other>.
<author><surname>Brondo</surname>,<given-names> K. V.</given-names></author> & <author><surname>Woods</surname>, <given-names>L</given-names></author>. (<year>2007</year>). <title>Garifuna Land Rights and Ecotourism as Economic Development in Honduras’ Cayos Cochinos Marine Protected Area</title>. <source>Ecological and Environmental Anthropology</source> <volume>3</volume>(<issue>1</issue>), <fpage>2</fpage>-<lpage>18</lpage>.
<author><surname>Brondo</surname>, <given-names>K. V.</given-names></author> & <author><surname>Bown</surname>, <given-names>N</given-names></author>. (<year>2011</year>). <title>Neoliberal Conservation, Garifuna Territorial Rights and Resource Management in the Cayos Cochinos Marine Protected Area</title>. <source>Conservation and Society</source>, <volume>9</volume>(<issue>2</issue>), <fpage>91</fpage>-<lpage>105</lpage>.
<author><surname>Brondo</surname>, <given-names>K. V.</given-names></author> (<year>2013</year>). <title>Land Grab. Green Neoliberalism, Gender, and Garifuna Resistance in Honduras</title>. <other>Tucson</other>: <publisher>University of Arizona Press</publisher>.
<author><surname>Centeno Garcia</surname>, <given-names>S</given-names></author>.(<year>2001</year>). <title>Historia del Pueblo Negro Caribe y su Llegada a las Hibueras el 12 de Abril de 1797</title>. <other>Tegucigalpa</other>: <publisher>Editorial Universitaria</publisher>.
<author><surname>Cohen</surname>, <given-names>E</given-names></author>. (<year>1993</year>). <title>The study of touristic images of native people. Mitigating the stereotype of a stereotype</title>. In: <editor>Pearce, D. G.</editor>, <editor>Butler, R.</editor> (<year>1993</year>). <source>Tourism Research – Critiques and challenges</source>. <other>London; New York</other>: <publisher>Routledge</publisher>.
<author><surname>Courrau</surname>, <given-names>J</given-names></author>. & <author><surname>Andraka</surname>, <given-names>S</given-names></author>. (<year>2004</year>). <title>Manejo del turismo en el Monumento Natural Marino Archipiélago Cayos Cochinos, Honduras. Límites de cambio aceptable en la protección de los recursos naturales y las experiencias de los visitantes en zonas de uso turístico</title>. <other>San José, Costa Rica</other>: <publisher>WWF Centroamérica</publisher>.
<source>El Heraldo</source> (<year>2008</year>). <title>Las maravillas de Cayos Cochinos viajan por el mundo- La productora Magnolia grabará nuevamente en Cayos Cochinos “La isla de los famosos”</title>. <other>Tegucigalpa</other>. Abgerufen von: <url>http://archivo.elheraldo.hn/Vida/Ediciones/2008/08/24/Noticias/Las-maravillas-de-Cayos-Cochinos-via-jan-por-el-mundo</url> [20.02.2014]
<author><surname>Holmes</surname>, <given-names>S</given-names></author>. & <author><surname>Jermyn</surname>, <given-names>D</given-names></author>. (<year>2004</year>). <title>Understanding reality television</title>. <other>London, New York</other>: <publisher>Routledge</publisher>.
<author><surname>England</surname>, <given-names>S</given-names></author>. & <author><surname>Anderson</surname> <given-names>M</given-names></author>. (<year>1998</year>). <title>Authentic African Culture in Honduras? Afro-Central Americans Challenge Honduran Indo-Hispanic Mestizaje</title>. <other>Chicago</other>: <source>XXI. Latin American Studies Association International Congress</source>.
<author><surname>Friedl</surname>, <given-names>H</given-names></author>. (<year>2002</year>). <title>Tourismusethik- Theorie und Praxis des umwelt- und sozialverträglichen Fernreisens</title>. <other>München</other>: <publisher>Profil Verlag</publisher>.
<editor>Fundación Hondureña para la protección y conservación de los Cayos Cochinos</editor> (<year>2008</year>). <title>Plan de manejo del Monumento Natural Marino Archipiélago Cayos Cochinos, Honduras 2008-2012</title>. <other>La Ceiba</other>: <publisher>Serviprensa S.A.</publisher>
<author><surname>González</surname>, <given-names>N. L.</given-names></author> (<year>2008</year>). <title>Peregrinos del Caribe- etnogénesis y etnohistoria de los garífunas</title>. <other>Tegucigalpa</other>: <publisher>Editorial Guaymuras</publisher>. 
<editor>Instituto Hondureño de Turismo</editor> (<year>2005</year>). <title>Estrategia Nacional de Turismo Sostenible- Informe Final</title>. S.<fpage>l</fpage>.
<editor>Instituto Hondureño de Turismo</editor> (<year>2012</year>). <title>Honduras en Positivo- Boletín Electrónico 26, 1 de Octubre de 2012</title>. Abgerufen von: <url>http://wwwcamaradeturismodelaceiba.com/wp-content/up-loads/2012/10/boletin-26.pdf</url> [18.03.2014]
<author><surname>Izard</surname>, <given-names>G</given-names></author>. (<year>2010</year>). <title>Garifuna y seminoles negros: mestizajes afroindigenas en Centro y Norteamerica</title>. In: <editor>Cunin, E.</editor> (<year>2010</year>). <source>Mestizaje, diferencia y nación Lo „negro“ en América Central y el Caribe</source>. <other>México</other>: <publisher>Instituto Nacional de Antropología e Historia</publisher>.
<author><surname>Lino Ruiz</surname>, <given-names>Julio E.</given-names></author> (<year>2007</year>). <title>Forestería en las Comunidades Garífunas</title>. <other>Tegucigalpa</other>.
<author><surname>Locandro</surname>, <given-names>Y</given-names></author>. (<year>2011</year>). <title>Vuelve la magia de los reality show a Honduras- “La Isla de los Famosos” se transmitirá para Italia a partir del 14 de febrero</title>. <other>La Ceiba</other>: <publisher>La Prensa</publisher>. Abgerufen von: <url>http://archivo.laprensa.hn/Ediciones/2011/02/04/Noticias/Vuelve-la-ma-gia-de-los-reality-show-a-Honduras</url> [18.02.2014)
<author><surname>Martínez</surname>,<given-names> M. A.</given-names></author> & <author><surname>Guillén</surname>, <given-names>R. I.</given-names></author> (<year>2011</year>). <title>Experiencia de Servicios Ambientales en la Comunidad de El Cacao, Jutiapa, At lántida</title>. <other>Jutiapa, Honduras</other>: <publisher>Secretaría de Recursos Naturales y Ambiente (SERNA)/ Proyecto de Gestión Sostenible de Recursos Naturales y Cuencas del Corredor Biológico Mesoamericano en el Atlántico Hondureño (PROCORREDOR)</publisher>. Abgerufen von: <url>http://procorredor.org/uploaded/content/category/434086266.pdf</url> [18.03.2014]
<author><surname>Meethan</surname>, <given-names>Kevin</given-names></author> (<year>2002</year>). <title>Tourism in global society- Place, culture, consumption</title>. <other>Basingstoke</other>: <publisher>Palgrave</publisher>.
<author><surname>Melendez</surname>, <given-names>A. C.</given-names></author> (<year>2010</year>). <title>Adeija Sisira Gererum Aguburigu Garinagu- „El enojo de las sonajas; palabras del ancestro“</title>. <other>Tegucigalpa</other>: <publisher>Ediciones Guardabarranco</publisher>.
<author><surname>Morales</surname>, <given-names>F</given-names></author>. (<year>2014</year>). <title>‘Supervivientes’ regresa tres años después- El espacio de aventura y telerrealidad, que se despidió en 2011 con una media de audiencia de 3.689.000 espectadores, vuelve a Honduras para internarse en los Cayos Cochinos</title>. <other>Madrid</other>: <publisher>El País</publisher>. Abgerufen von: <url>http://cultura.elpais.com/cultura/2014/03/16/television/1395001120_525502.html</url> [18.03.2014]
<author><surname>Moreno</surname>, <given-names>Peter S.</given-names></author> (<year>2005</year>). <title>Ecotourism Along the Meso-American Caribbean Reef: The Impacts of Foreign Investment</title>. <source>Human Ecology</source> <volume>33</volume>(<issue>2</issue>), <fpage>217</fpage>-<lpage>244</lpage>.
<author><surname>Pérez Vanegas</surname>, <given-names>Marisol</given-names></author> <other>et. al.</other> (<year>2002</year>). <title>Incidencia del uso de servicios integrados en el consumo de productos turísticos extrahoteleros</title>. <other>Cancún</other>: <publisher>Instituto de Investigaciones Turísticas Universidad La Salle</publisher>.
<author><surname>Rivas</surname>, <given-names>L. C.</given-names></author> (<year>2007</year>). <title>El Reality Show de las Áreas Protegidas Mesoamericanas</title>. <other>La Ceiba</other>: <publisher>Organización Fraternal Negra de Honduras (OFRANEH)</publisher>. Abgerufen von: <url>http://alainet.org/active/16618&lang=es</url> [17.03.2014)
<author><surname>Rösch</surname>, <given-names>Stefan</given-names></author> (<year>2011</year>). <title>Filme als Tourismusfaktor</title>. Abgerufen von: <url>http://www.publicmarketing.eu/_data/PublicMarketing_03_2011_Leseprobe_Filme_als_Tourismusfaktor.pdf</url> [30.08.2014]
<author><surname>Sánchez Arteaga</surname>, <given-names>J</given-names></author>. (<year>2010</year>). <title>La Antropología Física y los «Zoológicos Humanos»: Exhibiciones de Indígenas como Práctica de Popularización Científica en el Umbral del Siglo XX</title>. <other>Madrid</other>: <source>Asclepio</source>. <source>Revista de Historia de la Medicina y de la Ciencia</source> <volume>62</volume>(<issue>1</issue>), <fpage>269</fpage>-<lpage>292</lpage>.
<url>http://www.telecinco.es/supervivientes/</url> (03.03.2014)
<url>http://www.discoverymax.es/programs/334</url> (06.03.2014)
<url>http://www.realityworld.com</url> (06.03.2014)
<url>http://www.filmtourismus.de/</url> (30.08.2014)
<url>http://www.new-z.net/Mietwagentour-Herr-der-Ringe</url> (30.08.2014)