<author><surname>Amersdorffer</surname>, <given-names>D</given-names></author>., <author><surname>Bauhuber</surname>, <given-names>F</given-names></author>., <author><surname>Egger</surname>, <given-names>R</given-names></author>., & <author><surname>Binz</surname>, <given-names>K</given-names></author>. (<year>2008</year>). <title>50plus Gütesiegel als Entscheidungskriterium für die Attraktivität eines Hotels</title>. Diplomarbeit. <other>Management Center Innsbruck</other>.
<author><surname>Bruhn</surname>, <given-names>M</given-names></author>. & <author><surname>Hadwich</surname>, <given-names>K</given-names></author>. (<year>2004</year>). <title>Bedeutung der Qualität bei touristischen Dienstleistungen</title>. In: <editor>Weiermair, K.</editor>/ <editor>Pikkemaat, B.</editor> (Hg.), <source>Qualitätszeichen im Tourismus. Vermarktung und Wahrnehmung von Leistungen. Schriften zu Tourismus und Freizeit</source> <volume>3</volume>. <other>Berlin</other>: <publisher>Erich Schmidt Verlag</publisher>, S. <fpage>5</fpage>-<lpage>20</lpage>.
<author><surname>Frehse</surname>, <given-names>J</given-names></author>. (<year>2004</year>). <title>Markenpolitik in der internationalen Hotelindustrie</title>. In: <editor>Weiermair, K.</editor>/ <editor>Pikkemaat, B.</editor> (Hg.), <source>Qualitätszeichen im Tourismus. Vermarktung und Wahrnehmung von Leistungen. Schriften zu Tourismus und Freizeit</source> <volume>3</volume>. <other>Berlin</other>: <publisher>Erich Schmidt Verlag</publisher>, S. <fpage>229</fpage>-<lpage>246</lpage>
<author><surname>Görs</surname>, <given-names>H</given-names></author>. & <author><surname>Gramann</surname>, <given-names>H</given-names></author>. (<year>2006</year>). <title>Senioren-spezifischer Tourismus. Eine Untersuchung zu den Ansprüchen älterer Reisender an den Tourismus und zu den Möglichkeiten der Urlaubsdestinationen dieser Anspruchshaltung gerecht zu werden</title>. <other>Marburg</other>: <publisher>Tectum Verlag</publisher>.
<author><surname>Heeren</surname>, <given-names>A</given-names></author>. (<year>2004</year>). <title>Seniorentourismus. Status – Trends – Entwicklungen</title>. <other>Düsseldorf</other>: <publisher>VDM-Verlag Müller</publisher>.
<author><surname>Kroeber-Riel</surname>, <given-names>W</given-names></author>. & <author><surname>Weinberg</surname>, <given-names>P</given-names></author>. (<year>2003</year>). <title>Konsumentenverhalten</title>. 8. Aufl., <other>München</other>: <publisher>Vahlen Verlag</publisher>.
<author><surname>Paschinger</surname>, <given-names>H</given-names></author>. (<year>2008</year>). <title>Mündliche Mitteilung vom 10.10.2008 (Geschäftsführer der 50plus Hotels Österreich)</title>.
<author><surname>Pechlaner</surname>, <given-names>H</given-names></author>. & <author><surname>Bachinger</surname>, <given-names>M</given-names></author>. (<year>2008</year>). <title>Professionelles Kundenwertmanagement im Tourismus</title>. In: <source>TourHP</source> <volume>2/2008</volume>, S. <fpage>11</fpage>-<lpage>14</lpage>.
<author><surname>Peters</surname>, <given-names>M</given-names></author>. & <author><surname>Pechlaner</surname>, <given-names>H</given-names></author>. (<year>2004</year>). <title>Die Entwicklung von Qualitätszeichen als unternehmerische Aufgabe</title>. In: <editor>Weiermair, K.</editor> & <editor>Pikkemaat, B.</editor> (Hg.), <source>Qualitätszeichen im Tourismus. Vermarktung und Wahrnehmung von Leistungen. Schriften zu Tourismus und Freizeit</source> <volume>3</volume>. <other>Berlin</other>: <publisher>Erich Schmidt Verlag</publisher>, S. <fpage>183</fpage>-<lpage>198</lpage>.
<author><surname>Remus</surname>, <given-names>K</given-names></author>. (<year>2008</year>). <title>Mündliche Mitteilung vom 27.10.2008 (Marketingleiterin der 50plus Hotels Deutschland)</title>.
<author><surname>Schröder</surname>, <given-names>A</given-names></author>., <author><surname>Widmann</surname>, <given-names>T</given-names></author>. & <author><surname>Brittner-Widmann</surname>, <given-names>A</given-names></author>. (<year>2007</year>). <title>Wer soll in Zukunft eigentlich noch reisen? Tourismus in Deutschland zwischen Geburtenrückgang und Überalterung</title>. In: <editor>Haehling von Lanzenauer, C.</editor> & <editor>Klemm, K.</editor> (Hg.), <source>Demographischer Wandel und Tourismus. Zukünftige Grundlagen und Chancen für touristische Märkte. Schriften zu Tourismus und Freizeit</source> <volume>7</volume>. <other>Berlin</other>: <publisher>Erich Schmidt Verlag</publisher>, S. <fpage>57</fpage>-<lpage>90</lpage>.
<author><surname>Trobisch</surname>, <given-names>J</given-names></author>. (<year>2007</year>). <title>Seniorenmarketing im Tourismus. Handlungsempfehlungen für ein integratives Marketingkonzept für den Städtetourismus im Freistaat Sachsen</title>. <other>Hamburg</other>: <publisher>Diplomica</publisher>.