<editor>Amersdorffer, D.</editor>, <editor>Bauhuber, F.</editor>, <editor>Egger, R.</editor>, & <editor>Oellrich, J.</editor> (Hrsg.) (<year>2009</year>). <title>Social Web im Tourismus</title>. <other>Wien/New York</other>: <publisher>Springer</publisher> (in Vorbereitung).
<author><surname>Bauhuber</surname>, <given-names>F</given-names></author>., & <author><surname>Oellrich</surname>, <given-names>J</given-names></author>. (<year>2007</year>). <title>B2B-Blogs in tourism – inside of the blog tourismus-zukunft.de</title>. In <editor>Waldhör, K.</editor> (Hrsg): <source>Proceedings Blogs Conference, Schriftenreihe Krems Research</source>, Band <volume>3</volume>, <other>Krems</other>, S.<fpage>3</fpage>-<lpage>13</lpage>.
<author><surname>Gibs</surname>, <given-names>J</given-names></author>. (<year>2009</year>). <title>Social Media: The Next Great Gateway for Content Discovery?</title> In <editor>Nielsen</editor> (Hrsg.), <source>Nielsenwire</source>. Aufgerufen am 06.10.2009, <url>http://blog.nielsen.com/nielsenwire/online_mobile/social-media-the-next-great-gateway-for-content-discovery/</url>
<author><surname>Günther</surname>, <given-names>A</given-names></author>., & <author><surname>Hopfinger</surname>, <given-names>H</given-names></author>. (<year>2009</year>). <title>Neue Medien – neues Reisen? Wirtschafts- und kulturwissenschaftliche Perspektiven der eTourismus Forschung</title>. <source>Zeitschrift für Tourismuswissenschaft</source>, H. <issue>2</issue>, <fpage>9</fpage>-<lpage>38</lpage>.
<author><surname>Hausschildt</surname>, <given-names>J</given-names></author>., & <author><surname>Salomo</surname>, <given-names>S</given-names></author>. (<year>2007</year>). <title>Innovationsmanagement</title>. <other>Wiesbaden</other>.
<author><surname>Kauffmann</surname>, <given-names>S. A</given-names></author>. (<year>1993</year>). <title>The origins of order. Self-organization and selection in evolution</title>. <other>Oxford</other>.
<author><surname>Longhi</surname>, <given-names>C</given-names></author>. (<year>2008</year>). <title>Usages of the internet and e-tourism. Towards a new economy of tourism</title>. Aufgerufen am 17.7.2008, <url>http://hal.inria.fr/docs/00/27/77/67/PDF/New_Eco-nomy_of_Tourism.pdf</url>
<author><surname>Meier</surname>, <given-names>M</given-names></author>. (<year>2009</year>). <title>Hotels bei Twitter. Estrel Berlin. Interview</title>. In <editor>Consale GmbH</editor> (Hrsg.), <source>Hotel Newsroom Blog</source>. Aufgerufen am 02.10.2009, <url>http://www.hotel-newsroom.de/social_media_marketing/hotels-bei-twitter-estrel-berlin/</url>
<author><surname>Molz</surname>, <given-names>J</given-names></author>. (<year>2006</year>). <title>Travels in blended geographies: Technologies, mobilities and ‘new’ tourist destinations</title>, Paper presented to <source>‚Mobilities, Technologies, and Travel’workshop, Roskilde University, Roskilde, Denmark 20 April 2006</source>.
<author><surname>Pfeiffer</surname>, <given-names>Th</given-names></author>. (<year>2009</year>). <title>Twitter-Nutzende im September</title>. In <editor>Webevangelisten</editor> (Hrsg.), <source>Webevangelisten Internetmagazin</source>. Aufgerufen am 03.10.2009, <url>http://webevangelisten.de/twittterzensus7/</url>
<author><surname>Shannon</surname>, <given-names>C. E.</given-names></author> (<year>1948</year>). <title>A Mathematical Theory of Communication</title>. <source>Bell System Technical Journal</source>, Volume <volume>27</volume>, <fpage>379</fpage>–<lpage>423</lpage>, <fpage>623</fpage>–<lpage>656</lpage>.
<editor>Talkabout</editor> (<year>2009</year>). <title>Top 100 Liste deutschsprachiger Gastronomie und Reise Twitterer</title>. Aufgerufen am 14.10.2009, <url>http://www.talkabout.de/twitter-rankings/reisen-gastro-auf-twitter/</url>
<editor>UNWTO</editor> (<year>2009</year>). <title>UNWTO World Tourism Barometer</title>, Volume <volume>6</volume>, Nr. <issue>3</issue>, Oktober 2008. Aufgerufen am 30.12.2008, <url>http://unwto.org/facts/eng/pdf/barometer/UNWTO_Barom08_3_en_LR.pdf </url>
<author><surname>Vanhove</surname>, <given-names>N</given-names></author>. (<year>2001</year>). <title>Globalization of tourism demand, global distribution systems and marketing</title>. In <editor>Cooper, C.</editor> & <editor>Wahab, S.</editor> (Hrsg.), <source>Tourism in the Age of Globalisation</source>. <other>London</other>.