<author><surname>Bailom</surname>, <given-names>F</given-names></author>., <author><surname>Matzler</surname>, <given-names>K</given-names></author>., <author><surname>Anschober</surname>, <given-names>M</given-names></author>. & <author><surname>Tschemernjak</surname>, <given-names>D</given-names></author>. (<year>2006</year>, März). <title>Einsatz für Innovationen</title>. <source>Harvard Businessmanager</source>, S. <fpage>10</fpage> – <lpage>12</lpage>.
<author><surname>Barney</surname>, <given-names>J</given-names></author>. (<year>1991</year>). <title>Firm Resources and Sustained Competitive Advantage</title>. <source>Journal of Management</source>, <volume>17</volume>. Jg., H. <issue>1</issue>, <fpage>99</fpage>-<lpage>120</lpage>.
<author><surname>Bieger</surname>, <given-names>T</given-names></author>. (<year>2007</year>). <title>Management von Destinationen</title>, 7. unveränd. Auflage. <other>München</other>: <publisher>Oldenbourg</publisher>.
<editor>Bieger, T.</editor>, & <editor>Lässer, C.</editor> (Hrsg.) (<year>2001/2002</year>). <title>Jahrbuch der Schweizer Tourismuswirtschaft</title>. <other>St. Gallen</other>.
<author><surname>Buchholz</surname>, <given-names>W</given-names></author>. & <author><surname>Olemotz</surname>, <given-names>T</given-names></author>. (<year>1995</year>).<title> Markt- vs. Ressourcenbasierter Ansatz – Konkurrierende oder komplementäre Konzepte im Strategischen Management?</title>. <source>Arbeitspapiere</source> <publisher>Justus-Liebig-Universität Gießen</publisher>.
<author><surname>Chakravorti</surname>, <given-names>B</given-names></author>. (<year>2004</year>, Juni). <title>Neue Regeln für Innovationen</title>. <source>Harvard Businessmanager</source>, S. <fpage>2</fpage> – <lpage>13</lpage>.
<author><surname>Dierickx</surname>, <given-names>I</given-names></author>., & <author><surname>Cool</surname>, <given-names>K</given-names></author>. (<year>1989</year>). <title>Asset Stock Accumulation and Sustainability of Competitive Advantage</title>. <source>Management Science</source>, <volume>35</volume>. Jg., H. <issue>12</issue>, <fpage>1504</fpage>-<lpage>1511</lpage>.
<editor>Eurostat</editor> (<year>2004</year>). <title>Innovation in Europe – Results for the EU, Iceland and Norway</title>. <other>Luxembourg</other>: <publisher>Eurostat</publisher>.
<author><surname>Freyer</surname>, <given-names>W</given-names></author>. (<year>1996</year>). <title>Grundlagen der Zukunftsforschung und -vorhersagen im Tourismus</title>. In <editor>Freyer, W.</editor>, & <editor>Scherhag, K.</editor> (Hrsg.), <source>Zukunft des Tourismus, Tagungsband zum 2. Dresdner Tourismus-Symposiums</source> (S. <fpage>17</fpage> – <lpage>42</lpage>). <other>Dresden</other>: <publisher>FIT</publisher>.
<author><surname>Freyer</surname>, <given-names>W</given-names></author>. (<year>2002</year>). <title>Globalisierung und Tourismus</title>, 2. Auflage. <other>Dresden</other>: <publisher>FIT</publisher>.
<author><surname>Freyer</surname>, <given-names>W</given-names></author>. (<year>2009</year>). <title>Tourismus. Einführung in die Fremdenverkehrsökonomie</title>, 9. überarb. und aktual. Auflage. <other>München</other>: <publisher>Oldenbourg</publisher>.
<author><surname>Fuchs</surname>, <given-names>M</given-names></author>., & <author><surname>Pikkemaat</surname>, <given-names>B</given-names></author>. (<year>2004</year>). <title>Tourismus ohne Industrie – Industrie ohne Tourismus? Überlegungen zum Wirtschaftsstandort Tirol</title>. In <editor>Schwark, J.</editor> (Hrsg.) <source>Tourismus und Industriekultur</source> (S. <fpage>87</fpage> – <lpage>118</lpage>). <other>Berlin</other>: <publisher>Erich Schmidt Verlag</publisher>.
<editor>F.U.R.</editor> (Hrsg.) (<year>2008</year>). <title>Klimaschutz und Reiseverhalten, Reiseanalyse</title> (Bearb. Günther, W. & Lohmann, M.).
<author><surname>Hamel</surname>, <given-names>G</given-names></author>., & <author><surname>Prahalad</surname>, <given-names>C.K.</given-names></author> (<year>1990</year>). <title>The Core Competence of the Corporation</title>. <source>Harvard Business Review</source>, <volume>68</volume>. Jg., H. <issue>3</issue>, <fpage>79</fpage>-<lpage>91</lpage>.
<author><surname>Hasse</surname>, <given-names>J</given-names></author>., & <author><surname>Schumacher</surname>, <given-names>F</given-names></author>. (<year>1990</year>). <title>Sanfter Tourismus</title>. <other>Bunderhee</other>.
<author><surname>Hauschildt</surname>, <given-names>J</given-names></author>., & <author><surname>Salomo</surname>, <given-names>S</given-names></author>. (<year>2007</year>). <title>Innovationsmanagement</title>, 4., überarb., erg. und aktualisierte Auflage. <other>München</other>: <publisher>Vahlen</publisher>.
<author><surname>Hopfenbeck</surname>, <given-names>W</given-names></author>., & <author><surname>Zimmer</surname>, <given-names>P</given-names></author>. (<year>1993</year>). <title>Umweltorientiertes Tourismusmanagement: Strategien, Checklisten, Fallstudien</title>. <other>Landsberg / Lech</other>: <publisher>Verlag Moderne Industrie</publisher>.
<author><surname>Jungk</surname>, <given-names>R</given-names></author>. (<year>1980</year>). <title>Wieviel Touristen pro Hektar Strand? Plädoyer für „sanftes Reisen“</title>. <source>Geo</source>, Heft <issue>10</issue>, <fpage>154</fpage> – <lpage>156</lpage>.
<author><surname>Kagermeier</surname>, <given-names>A</given-names></author>, & <author><surname>Steinecke</surname>, <given-names>A</given-names></author>. (<year>2003</year>). <title>Tourismus- und Freizeitmärkte im Wandel: Fallstudien - Analysen – Prognosen</title>. <other>Paderborn</other>.
<author><surname>Kaspar</surname>, <given-names>C</given-names></author>. (<year>1996</year>). <title>Die Tourismuslehre im Grundriss</title>, 5., überarb. und erg. Auflage. <other>Bern/ Stuttgart</other>: <publisher>Haupt</publisher>.
<author><surname>Keller</surname>, <given-names>P</given-names></author>. (<year>2001/2002</year>). <title>Innovation und Tourismus</title>. In <editor>Bieger, T.</editor>, & <editor>Lässer, C.</editor> (Hrsg.) <source>Jahrbuch der Schweizer Tourismuswirtschaft</source> (S. <fpage>179</fpage> – <lpage>194</lpage>). <other>St. Gallen</other>.
<author><surname>Keller</surname>, <given-names>P</given-names></author>. (<year>2005</year>). <title>Entstehung von Innovationen im Bereich des Tourismus: Sind fördernde tourismuspolitische Impulse notwendig?</title>. In <editor>Pechlaner, H.</editor>, <editor>Tschurtschenthaler, P.</editor>, <editor>Peters, M.</editor>, <editor>Pikkemaat, B.</editor>, & <editor>Fuchs, M.</editor> (Hrsg.) <source>Erfolg durch Innovation – Perspektiven für den Tourismus- und Dienstleistungssektor</source>. <other>Wiesbaden</other>: <publisher>Deutscher Universitäts-Verlag</publisher>.
<author><surname>Kirstges</surname>, <given-names>T</given-names></author>. (<year>2003</year>). <title>Sanfter Tourismus: Chancen und Probleme der Realisierung eines ökologieorientierten und sozialverträglichen Tourismus durch deutsche Reiseveranstalter</title>, 3. vollst. Überarb. und erw. Auflage. <other>München/Wien</other>: <publisher>Oldenbourg</publisher>.
<author><surname>Koenen</surname>, <given-names>J</given-names></author>., & <author><surname>Nonnast</surname>, <given-names>T</given-names></author>. (<volume>2005, März</volume>). <title>Man kann Kreativität und Innovation nicht verordnen</title>. <source>Handelsblatt</source>, <other>Düsseldorf</other>, S. <fpage>2</fpage>.
<author><surname>Krippendorf</surname>, <given-names>J</given-names></author>. (<year>1984</year>). <title>Für ein neues Verständnis von Freizeit und Reisen</title>. <other>Zürich/ Schwäbisch Hall</other>: <publisher>Orell Füssli</publisher>.
<author><surname>Luft</surname>, <given-names>H</given-names></author>. (<year>2001</year>). <title>Organisation und Vermarktung von Tourismusorten und Tourismusregionen</title>. <other>Meßkirch</other>: <publisher>Gmeiner</publisher>.
<author><surname>Mahoney</surname>, <given-names>J.T.</given-names></author>, & <author><surname>Pandian</surname>, <given-names>J.R.</given-names></author> (<year>1992</year>). <title>The Resource-Based View Within the Conversation of Strategic Management</title>. <source>Strategic Management Journal</source>, <volume>13</volume>. Jg., <fpage>363</fpage>-<lpage>380</lpage>.
<author><surname>Meyer</surname>, <given-names>J</given-names></author>., & <author><surname>Westermann</surname>, <given-names>V</given-names></author>. (<year>2005</year>). <title>Mit Nichtkunden echte Innovationen entdecken</title>. <source>Frankfurter Allgemeine Zeitung</source>, <other>Frankfurt</other>, Februar, Nr. <volume>43</volume>, S. <fpage>22</fpage>.
<author><surname>Minsch</surname>, <given-names>J</given-names></author>., <author><surname>Eberle</surname>, <given-names>A</given-names></author>., <author><surname>Meier</surname> <given-names>B</given-names></author>., & <author><surname>Schneidewind</surname>, <given-names>U</given-names></author>. (<year>1996</year>). <title>Mut zum ökologischen Umbau</title>. <other>Basel/Boston/Berlin</other>: <publisher>Birkhäuser</publisher>.
<author><surname>Müller</surname>, <given-names>H</given-names></author>. (<year>2007</year>). <title>Tourismus und Ökologie: Wechselwirkungen und Handlungsfelder</title>, 3. überarbeitete Auflage. <other>München</other>: <publisher>Oldenbourg</publisher>.
<author><surname>Pechlaner</surname>, <given-names>H</given-names></author>., <author><surname>Hammann</surname>, <given-names>E.-M.</given-names></author>, & <author><surname>Fischer</surname>, <given-names>E</given-names></author>. (<year>2005</year>). <title>Leadership und Innovationsprozesse: Von der Kernkompetenz zur Dienstleistung</title>. In <editor>Pechlaner, H.</editor>, <editor>Tschurtschenthaler, P.</editor>, <editor>Peters, M.</editor>, <editor>Pikkemaat, B.</editor>, & <editor>Fuchs, M.</editor> (Hrsg.). <source>Erfolg durch Innovation – Perspektiven für den Tourismus- und Dienstleistungssektor</source> (S. <fpage>65</fpage> - <lpage>84</lpage>). <other>Wiesbaden</other>: <publisher>Deutscher Universitäts-Verlag</publisher>.
<editor>Pechlaner, H.</editor>, <editor>Tschurtschenthaler, P.</editor>, <editor>Peters, M.</editor>, <editor>Pikkemaat, B.</editor>, & <editor>Fuchs, M.</editor> (Hrsg.) (<year>2005</year>). <title>Erfolg durch Innovation – Perspektiven für den Tourismus- und Dienstleistungssektor</title>, <other>Wiesbaden</other>: <publisher>Deutscher UniversitätsVerlag</publisher>.
<author><surname>Peteraf</surname>, <given-names>M. A.</given-names></author> (<year>1993</year>). <title>The Cornerstones of Competitive Advantage: A Resource-Based View</title>. <source>Strategic Management Journal</source>, <volume>14</volume>. Jg., <fpage>179</fpage>-<lpage>191</lpage>.
<author><surname>Peters</surname>, <given-names>M</given-names></author>., & <author><surname>Weiermair</surname>, <given-names>K</given-names></author>. (<year>2001 / 2002</year>). <title>Innovationen und Innovationsverhalten im Tourismus</title>. In <editor>Bieger, T.</editor>, & <editor>Lässer, C.</editor> (Hrsg.), <source>Jahrbuch der Schweizer Tourismuswirtschaft</source> (S. <fpage>157</fpage> – <lpage>178</lpage>). <other>St. Gallen</other>.
<author><surname>Pikkemaat</surname>, <given-names>B</given-names></author>. (<year>2005</year>). <title>Zur empirischen Erforschung von Innovationen im Tourismus</title>. In <editor>Pechlaner, H.</editor>, <editor>Tschurtschenthaler, P.</editor>, <editor>Peters, M.</editor>, <editor>Pikkemaat, B.</editor>, <editor>Fuchs, M.</editor> (Hrsg.), <source>Erfolg durch Innovation – Perspektiven für den Tourismus- und Dienstleistungssektor</source> (S. <fpage>89</fpage> – <lpage>100</lpage>). <other>Wiesbaden</other>: <publisher>Deutscher Universitäts-Verlag</publisher>.
<author><surname>Porter</surname>, <given-names>M</given-names></author>. (<year>2008</year>). <title>Wettbewerbsstrategie: Methoden zur Analyse von Branchen und Konkurrenten</title>. <other>Frankfurt</other>.
<author><surname>Quandt</surname>, <given-names>B</given-names></author>. (<year>2009</year>). <title>Grüner Motor</title>. <source>fvw</source> <volume>21</volume>, S. <fpage>30</fpage>.
<author><surname>Rasche</surname>, <given-names>C</given-names></author>. (<year>1994</year>). <title>Wettbewerbsvorteile durch Kernkompetenzen: ein ressourcenorientierter Ansatz</title>. <other>Wiesbaden</other>: <publisher>Gabler</publisher>.
<author><surname>Schaller</surname>, <given-names>C</given-names></author>. (<year>2002</year>). <title>Innovationsmanagement für Dienstleistungen</title>. In <editor>Meiren, T.</editor>, & <editor>Liestmann, V.</editor> (Hrsg.) <source>Service Engineering in der Praxis</source> (S. <fpage>10</fpage> – <lpage>20</lpage>). <other>Stuttgart</other>: <publisher>Fraunhofer IRB</publisher>.
<author><surname>Schneider</surname>, <given-names>K</given-names></author>. (<year>2005</year>, Juli). <title>Studenten testen das Phänomen Innovation</title>. <source>Handelsblatt</source>, <other>Düsseldorf</other>, Nr. <volume>135</volume>/<issue>28</issue>, S. <fpage>12</fpage>.
<author><surname>Schneider</surname>, <given-names>M</given-names></author>. (<year>1998</year>). <title>Innovationen von Dienstleistungen. Organisation von Innovationsprozessen in Universalbanken</title>. <other>Wiesbaden</other>: <publisher>Gabler</publisher>
<author><surname>Schumpeter</surname>, <given-names>J.A.</given-names></author> (<year>1961</year>). <title>The Theory of Economic Development</title>. <other>New York/Oxford</other>: <publisher>Univ. Press</publisher>.
<author><surname>Tschurtschenthaler</surname>, <given-names>P</given-names></author>. (<year>2005</year>). <title>Die gesamtwirtschaftliche Perspektive von touristischen Innovationen</title>. In <editor>Pechlaner, H.</editor>, <editor>Tschurtschenthaler, P.</editor>, <editor>Peters, M.</editor>, <editor>Pikkemaat, B.</editor>, & <editor>Fuchs, M.</editor> (Hrsg.) <source>Erfolg durch Innovation – Perspektiven für den Tourismus- und Dienstleistungssektor</source> (S. <fpage>6</fpage> – <lpage>21</lpage>). <other>Wiesbaden</other>: <publisher>Deutscher Universitäts-Verlag</publisher>.
<editor>UBA – Umweltbundesamt</editor> (Hrsg) (<year>2000</year>). <title>Umwelt und Tourismus. Daten, Fakten, Perspektiven</title>. <other>Berlin</other>: <publisher>ESV</publisher>.
<editor>UBA – Umweltbundesamt</editor> (Hrsg) (<year>2002</year>). <title>Kommunikation und Umwelt im Tourismus. Empirische Grundlagen und Konzeptbausteine für ein nachhaltiges Verbraucherverhalten im Urlaub</title>. <other>Berlin</other>: <publisher>ESV</publisher>.
<author><surname>Walder</surname>, <given-names>B</given-names></author>. (<year>2007</year>). <title>Tourismus – Management von Innovationen</title>. <other>Marburg</other>: <publisher>Tectum</publisher>
<author><surname>Weiermair</surname>, <given-names>K</given-names></author>. & <author><surname>Pechlaner</surname>, <given-names>H</given-names></author>. (<year>2001</year>). <title>Management von Kulturtourismus im Spannungsfeld von Markt- und Ressourcenorientierung</title>. In <editor>Bieger, Th.</editor>, <editor>Pechlaner, H.</editor>, & <editor>Steinecke, A.</editor> (Hrsg.) <source>Erfolgskonzepte im Tourismus: Marken – Kultur – Neue Geschäftsmodelle</source> (S. <fpage>91</fpage> – <lpage>123</lpage>). <other>Wien</other>: <publisher>Linde</publisher>.
<author><surname>Welp</surname>, <given-names>C</given-names></author>. (<year>2005</year>, Dezember). <title>Wahrer Vorsprung</title>. <source>Wirtschaftswoche</source>, <other>Düsseldorf</other>, Nr. <volume>52</volume>, S. <fpage>116</fpage>.
<author><surname>Wernerfelt</surname>, <given-names>B</given-names></author>. (<year>1984</year>). <title>A Ressource-based View of the Firm</title>. <source>Strategic Management Journal</source>, <volume>5</volume>. Jg., <fpage>171</fpage>-<lpage>180</lpage>.
<author><surname>Wildemann</surname>, <given-names>H</given-names></author>. (<volume>1996, Januar</volume>). <title>Die Produktklinik – eine Keimzelle für Lernprozesse</title>. <source>Harvard Businessmanager</source>, S. <fpage>2</fpage> – <lpage>11</lpage>.