<author><surname>Abram</surname>, <given-names>R</given-names></author>. (<year>1999</year>). <title>Das Kurhaus Meran. Ein Blick in die Geschichte der Kurstadt</title>. <other>Lana</other>: <publisher>Tappeiner</publisher>.  
<author><surname>Amstädter</surname>, <given-names>R</given-names></author>. (<year>1996</year>). <title>Der Alpinismus: Kultur, Organisation, Politik</title>. <other>Wien</other>: <publisher>WUV</publisher>. 
<author><surname>Anderson</surname>, <given-names>B. M.</given-names></author> (<year>2012</year>). <title>The construction of an alpine landscape: building, representing and affecting the Eastern Alps, c. 1885–1914</title>. <source>Journal of Cultural Geography</source>, <volume>29</volume>(<issue>2</issue>), <fpage>155</fpage>–<lpage>183</lpage>.  
<author><surname>Anderson</surname>, <given-names>B. M.</given-names></author> (<year>2016</year>). <title>Alpine Agency: Locals, Mountaineers and Tourism in the Eastern Alps, c. 1860–1914</title>. <source>Rural History</source>, <volume>27</volume>(<issue>1</issue>), <fpage>61</fpage>–<lpage>78</lpage>. 
<editor>Bachleitner, R.</editor> (Ed.). (<year>1998</year>). <title>Der durchschaute Tourist: Arbeiten zur Tourismusforschung</title>. <other>Wien</other>: <publisher>Profil</publisher>. 
<author><surname>Battilani</surname>, <given-names>P</given-names></author>. (<year>2009</year>). <title>Vacanze di pochi, vacanze di tutti: L'evoluzione del turismo europeo (Nuova ed. aggiornata)</title>. <other>Bologna</other>: <publisher>Il Mulino</publisher>. 
<author><surname>Bedin</surname>, <given-names>V</given-names></author>. (<year>2016</year>). <title>Von Hüttenwanzen, Proviantkörben und Rosshaarmatratzen : Alltag auf alpinen Schutzhütten</title>. In <editor>Deutscher Alpenverein</editor>, <editor>Österreichischer Alpenverein</editor> & <editor>Alpenverein Südtirol</editor> (Eds.), <source>Hoch hinaus! Wege und Hütten in den Alpen</source> (pp.<fpage>211</fpage>–<lpage>243</lpage>). <other>Köln</other>: <publisher>Böhlau</publisher>.  
<author><surname>Benischek</surname>, <given-names>E</given-names></author>. (<year>2002</year>). <title>Alle Wege führen nach Meran: Eine kulturhistorische Untersuchung der Meran-Reiseführer von 1850 bis zum Ende des Ersten Weltkrieges</title>. Unpublished diploma thesis, University of Innsbruck.  
<author><surname>Böning</surname>, <given-names>H</given-names></author>. (<year>2005</year>). <title>«Arme Teufel an Klippen und Felsen» oder «Felsenburg der Freiheit»? Der deutsche Blick auf die Schweiz und die Alpen im 18. und frühen 19. Jahrhundert</title>.  In <editor>J. Mathieu</editor> & <editor>S. Boscani Leoni</editor> (Eds.), <source>Die Alpen!: Zur europäischen Wahrnehmungsgeschichte seit der Renaissance = Les Alpes! pour une histoire de la perception européenne depuis la Renaissance</source> (pp. <fpage>175</fpage>–<lpage>190</lpage>). <other>Bern</other>: <publisher>P. Lang</publisher>. 
<author><surname>Bonoldi</surname>, <given-names>A</given-names></author>. (<year>2003</year>). <title>Organizzazioni e sviluppo turistico: l´esperienza tirolese (1870–1914)</title>.  In <editor>A. Leonardi</editor> & <editor>H. Heiss</editor> (Eds.), <source>Tourism & Museum</source> (Vol. <volume>1</volume>). <source>Tourismus und Entwicklung im Alpenraum, 18.-20. Jh. Beiträge des ständigen Seminars zur Wirtschafts- und Unternehmensgeschichte in den Alpen in Neuzeit und Gegenwart</source> (pp. <fpage>385</fpage>–<lpage>411</lpage>). <other>Innsbruck</other>: <publisher>StudienVerlag</publisher>. 
<author><surname>Busk</surname>, <given-names>R. H.</given-names></author> (<year>1874</year>). <title>The Valleys of Tirol: Their Traditions and Customs, and how to Visit Them</title>. <other>London</other>: <publisher>Longmans, Green and Company</publisher>. 
<author><surname>Cavalcanti</surname>, <given-names>M. L.</given-names></author> (<year>2003</year>). <title>Traguardi consolidati e problemi irrisolti della storia economica del turismo</title>. In <editor>A. Leonardi</editor> & <editor>H. Heiss</editor> (Eds.), <source>Tourism & Museum (Vol. 1). Tourismus und Entwicklung im Alpenraum, 18.-20. Jh. Beiträge des ständigen Seminars zur Wirtschafts- und Unternehmensgeschichte in den Alpen in Neuzeit und Gegenwart</source> (pp. <fpage>43</fpage>–<lpage>81</lpage>). <other>Innsbruck</other>: <publisher>StudienVerlag</publisher>. 
<author><surname>Cole</surname>, <given-names>L</given-names></author>. (<year>2000</year>). <title>„Für Gott, Kaiser und Vaterland“: Nationale Identität der deutschsprachigen Bevölkerung Tirols 1860–1914</title>. <other>Frankfurt am Main</other>: <publisher>Campus</publisher>. 
<author><surname>Cole</surname>, <given-names>L</given-names></author>. (<year>2002</year>). <title>The Emergence and Impact of Modern Tourism in an Alpine Region c. 1880– 1914</title>. <source>Annali di San Michele</source>, <volume>15</volume>, <fpage>31</fpage>–<lpage>40</lpage>. 
<author><surname>Cole</surname>, <given-names>L</given-names></author>. (<year>2003</year>). <title>The Counter-Reformation’s last stand: Austria</title>. In <editor>C. M. Clark</editor> & <editor>W. Kaiser</editor> (Eds.), <source>Culture Wars. Secular-Catholic Conflict in nineteenth-century Europe</source> (pp. <fpage>285</fpage>–<lpage>312</lpage>). <other>Cambridge</other>: <publisher>Cambridge University Press</publisher>. 
<author><surname>Cole</surname>, <given-names>L</given-names></author>. (<year>2009</year>). <title>Echos von 1809: der Tiroler Aufstand in der britischen Erinnerungskultur des 19. Jahrhunderts</title>. In <editor>B. Mazohl</editor> & <editor>B. Mertelseder</editor> (Eds.), <source>Abschied vom Freiheitskampf? Tirol und ‚1809‘ zwischen politischer Realität und Verklärung</source> (pp. <fpage>295</fpage>–<lpage>323</lpage>). <other>Innsbruck</other>: <publisher>Wagner</publisher>. 
<author><surname>Cuaz</surname>, <given-names>M</given-names></author>. (<year>2005</year>). <title>Le Alpi</title>. <other>Bologna</other>: <publisher>Il Mulino</publisher>.  
<editor>Deutscher Alpenverein</editor>, <editor>Österreichischer Alpenverein</editor>, & <editor>Alpenverein Südtirol</editor>. (Eds.). (<year>2016</year>). <title>Hoch hinaus! Wege und Hütten in den Alpen</title> (Vols. <volume>1–2</volume>). <other>Köln</other>: <publisher>Böhlau</publisher>.  
<author><surname>Dirninger</surname>, <given-names>C</given-names></author>., <author><surname>Hellmuth</surname>, <given-names>T</given-names></author>., & <author><surname>Thuswaldner</surname>, <given-names>A</given-names></author>. (<year>2015</year>). <title>Salzkammergut schauen: Ein Blick ins Ungewisse</title>. <other>Wien</other>: <publisher>Böhlau</publisher>. 
<author><surname>Dopsch</surname>, <given-names>H</given-names></author>. (<year>2011</year>). <title>Landes- und Regionalgeschichte in Österreich: Entwicklung – Organisation – Perspektiven</title>. <source>Blätter für deutsche Landesgeschichte</source>, <volume>147</volume>, <fpage>7</fpage>–<lpage>30</lpage>. 
<author><surname>Gidl</surname>, <given-names>A</given-names></author>. (<year>2007</year>). <title>Alpenverein: Die Städter entdecken die Alpen</title>. <other>Wien</other>: <publisher>Böhlau</publisher>.  
<author><surname>Gilbert</surname>, <given-names>J</given-names></author>., & <author><surname>Churchill</surname>, <given-names>G.C.</given-names></author> (<year>1864</year>). <title>The Dolomite Mountains: Excursions through Tyrol, Carinthia, Carniola, & Friuli in 1861, 1862, & 1863</title>. <other>London</other>: <publisher>Spottiswoode & Co</publisher>.  
<author><surname>Giovannoni</surname>, <given-names>M</given-names></author>. (<year>2001</year>). <title>„Im Schatten des Weltkurortes Meran“: Die Entwicklung des Tourismus in Lana</title>. Unpublished diploma thesis, University of Innsbruck.  
<author><surname>Grazioli</surname>, <given-names>M</given-names></author>. (<year>1993</year>). <title>Arco felix. Da borgo rurale a città di cura mitteleuropea</title>. <other>Arco</other>: <publisher>Il Sommolago</publisher>. 
<author><surname>Günther</surname>, <given-names>D</given-names></author>. (<year>1998</year>). <title>Alpine Quergänge: Kulturgeschichte des bürgerlichen Alpinismus (1870– 1930)</title>. <other>Frankfurt am Main</other>: <publisher>Campus</publisher>. 
<editor>Haas, H.</editor>, <editor>Hoffmann, R.</editor>, & <editor>Luger, K.</editor> (Eds.). (<year>1994</year>). <title>Weltbühne und Naturkulisse: Zwei Jahrhunderte Salzburg-Tourismus</title>. <other>Salzburg</other>: <publisher>Anton Pustet</publisher>. 
<author><surname>Hanisch</surname>, <given-names>E</given-names></author>. (<year>1985</year>). <title>Wirtschaftswachstum ohne Industrialisierung: Fremdenverkehr und sozialer Wandel in Salzburg 1918–1938</title>. <source>Mitteilungen der Gesellschaft für Salzburger Landeskunde</source>, <volume>125</volume>, <fpage>817</fpage>–<lpage>835</lpage>. 
<author><surname>Heiss</surname>, <given-names>H</given-names></author>. (<year>2001</year>). <title>Tourismus und Urbanisierung: Fremdenverkehr und Stadtentwicklung in den österreichischen Alpenländern bis 1914</title>. In <editor>A. Niederstätter</editor> (Ed.), <source>Stadt, Strom, Strasse, Schiene. Die Bedeutung des Verkehrs für die Genese der mitteleuropäischen Städtelandschaft</source> (pp. <fpage>217</fpage>–<lpage>246</lpage>). <other>Linz</other>: <publisher>Österreichischer Arbeitskreis für Stadtgeschichtsforschung</publisher>. 
<author><surname>Heiss</surname>, <given-names>H</given-names></author>. (<year>2002</year>).<title> Der Weg des ‚Elephanten‘: Geschichte eines grossen Gasthofs seit 1551</title>. <other>Wien</other>: <publisher>Folio</publisher>.  
<author><surname>Heiss</surname>, <given-names>H</given-names></author>. (<year>2003</year>). <title>Touristische Unternehmerschaft: Das Beispiel des ‚Elephanten‘ in Brixen 1773–2001</title>. In <editor>A. Leonardi</editor> & <editor>H. Heiss</editor> (Eds.), <source>Tourism & Museum</source> (Vol. <volume>1</volume>). <source>Tourismus und Entwicklung im Alpenraum, 18.-20. Jh. Beiträge des ständigen Seminars zur Wirtschafts- und Unternehmensgeschichte in den Alpen in Neuzeit und Gegenwart</source> (pp. <fpage>413</fpage>–<lpage>435</lpage>). <other>Innsbruck</other>: <publisher>StudienVerlag</publisher>. 
<author><surname>Hellmuth</surname>, <given-names>T</given-names></author>. (<year>1994</year>). <title>Wirtshäuser und Palasthotels: Die Entwicklung des Salzburger Gastgewerbes im 19. und beginnenden 20. Jahrhundert</title>. In <editor>H. Haas</editor>, <editor>R. Hoffmann</editor> & <editor>K. Luger</editor> (Eds.), <source>Weltbühne und Naturkulisse. Zwei Jahrhunderte Salzburg-Tourismus</source> (pp. <fpage>60</fpage>–<lpage>66</lpage>). <other>Salzburg</other>: <publisher>Anton Pustet</publisher>. 
<author><surname>Hoffmann</surname>, <given-names>R</given-names></author>., & <author><surname>Luger</surname>, <given-names>K</given-names></author>. (<year>1997</year>). <title>Tourismus und sozialer Wandel</title>. In <editor>E. Hanisch</editor> & <editor>R. Kriechbaumer</editor> (Eds.), <source>Geschichte der österreichischen Bundesländer seit 1945</source> (Vol. <volume>1</volume>). <other>Salzburg</other>. <source>Zwischen Globalisierung und Goldhaube</source> (pp. <fpage>168</fpage>–<lpage>209</lpage>). <other>Wien</other>: <publisher>Böhlau</publisher>. 
<author><surname>Hoffmann</surname>, <given-names>R</given-names></author>. (<year>2002</year>). <title>Die touristische Erschließung des Salzburger Gebirgslandes im 19. und frühen 20. Jahrhundert</title>. In <editor>K. Luger</editor> (Ed.), <source>Der Alpentourismus. Entwicklungspotenziale im Spannungsfeld von Kultur, Ökonomie und Ökologie</source> (pp. <fpage>67</fpage>–<lpage>86</lpage>). <other>Innsbruck</other>: <publisher>StudienVerlag</publisher>. 
<author><surname>Hoffmann</surname>, <given-names>R</given-names></author>. (<year>2005</year>). <title>„Salzburg – das ist mehr als der bloße Name einer Stadt“: Salzburg Mythen in historischer Perspektive</title>. In <editor>E. Brix</editor>, <editor>E. Bruckmüller</editor> & <editor>H. Stekl</editor> (Eds.), <source>Memoria Austriae</source> (pp. <fpage>265</fpage>–<lpage>303</lpage>). <other>Wien</other>: <publisher>Verlag für Geschichte und Politik</publisher>. 
<author><surname>Hübner</surname>, <given-names>L</given-names></author>. (<year>1794</year>). <title>Beschreibung der hochfürstlich-erzbischöflichen Haupt- und Residenzstadt Salzburg und ihrer Gegenden: Vorzüglich für Ausländer und Reisende nebst dem Grundrisse der Stadt, und ihres Bezirks (Aus dessen größerer Beschreibung von ihm selbst zusammengezogen)</title>. <other>Salzburg</other>: <publisher>Im Verlage der Mayrischen Buchhandlung</publisher>. 
<author><surname>Inglis</surname>, <given-names>H.D.</given-names></author> (<year>1833</year>). <title>The Tyrol, with a Glance at Bavaria, in Two Volumes</title>. Vol. <volume>I</volume>. <other>London</other>: <publisher>Whittaker, Treacher & Co</publisher>. 
<author><surname>Judson</surname>, <given-names>P. M.</given-names></author> (<year>2006</year>). <title>Guardians of the Nation: Activists on the Language Frontiers of imperial Austria</title>. <other>Cambridge, Mass.</other>: <publisher>Harvard Univ. Press</publisher>. 
<author><surname>Keller</surname>, <given-names>T</given-names></author>. (<year>2016</year>). <title>Apostles of the Alps: Mountaineering and Nation Building in Germany and Austria, 1860–1939</title>. <other>Chapel Hill</other>: <publisher>The University of North Carolina Press</publisher>. 
<author><surname>Kofler</surname>, <given-names>A</given-names></author>. (<year>1951</year>). <title>Aus der Geschichte der Tiroler Fremdenverkehrsförderung</title>. In <editor>H. Gerhardinger</editor> (Ed.), <source>Beiträge zur Wirtschafts- und Sozialgeschichte Tirols. Tiroler Wirtschaft in Vergangenheit und Gegenwart / Festgabe zur 100-Jahrfeier der Tiroler Handelskammer</source> (pp. <fpage>305</fpage>–<lpage>331</lpage>). <other>Innsbruck</other>: <publisher>Wagner</publisher>. 
<author><surname>Lässer</surname>, <given-names>A</given-names></author>. (<year>1989</year>). <title>100 Jahre Fremdenverkehr in Tirol</title>. <other>Innsbruck</other>: <publisher>Wagner</publisher>. 
<author><surname>Lauterbach</surname>, <given-names>B</given-names></author>. <title>Der Berg ruft – Alpentourismus und Kulturtransfer seit dem 18. Jahrhundert</title>. In <source>EGO – Europäische Geschichte Online</source> (pp. <fpage>1</fpage>–<lpage>12</lpage>). Retrieved from <url>http://iegego.eu/de/threads/europa-unterwegs/tourismus/burkhart-lauterbach-der-berg-ruftalpentourismus-und-kulturtransfer-seit-dem-18-jahrhundert#InsertNoteID_0_marker1</url> (accessed 2016/07/10).  
<author><surname>Leonardi</surname>, <given-names>A</given-names></author>. (<year>1999</year>). <title>Der Aufstieg der österreichischen Kurorte im 19. Jahrhundert: Ein Interpretationsmodell</title>. In <editor>H. Pechlaner</editor> & <editor>K. Weiermair</editor> (Eds.), <source>Destinations-Management. Führung und Vermarktung von touristischen Zielgebieten</source> (p. <fpage>261</fpage>–<lpage>285</lpage>). <other>Wien</other>: <publisher>Linde</publisher>.  
<author><surname>Leonardi</surname>, <given-names>A</given-names></author>. (<year>2006</year>). <title>Die Kultur der Gastlichkeit in den südlichen Alpen: 19.-20. Jahrhundert</title>.  In <editor>H. Alexander</editor> & <editor>F. Mathis</editor> (Eds.), <source>Science live. Menschen – Regionen – Unternehmen. Festschrift für Franz Mathis zum 60. Geburtstag</source> (pp. <fpage>125</fpage>–<lpage>140</lpage>). <other>Innsbruck</other>: <publisher>Innsbruck Univ. Press</publisher>. 
<author><surname>Leonardi</surname>, <given-names>A</given-names></author>. (<year>2010</year>). <title>Entrepreneurial mobility in the development of the Austrian Kurorte in the nineteenth century</title>. <source>Journal of Tourism History</source>, <volume>2</volume>(<issue>2</issue>), <fpage>99</fpage>–<lpage>116</lpage>. 
<editor>Leonardi, A.</editor>, & <editor>Heiss, H.</editor> (Eds.). (<year>2003</year>). <title>Tourismus und Entwicklung im Alpenraum, 18.-20. Jh: Beiträge des ständigen Seminars zur Wirtschafts- und Unternehmensgeschichte in den Alpen in Neuzeit und Gegenwart</title>. <source>Tourism & Museum</source> (Vol. <volume>1</volume>). <other>Innsbruck</other>: <publisher>StudienVerlag</publisher>. 
<author><surname>Leonardi</surname>, <given-names>A</given-names></author>. (<year>2003</year>). <title>Turismo e modernizzazione economica nell´area alpina austriaca: analisi di alcuni indicatori quali-quantitativi</title>. In <editor>A. Leonardi</editor> & <editor>H. Heiss</editor> (Eds.), <source>Tourismus und Entwicklung im Alpenraum, 18.-20. Jh. Beiträge des ständigen Seminars zur Wirtschafts- und Unternehmensgeschichte in den Alpen in Neuzeit und Gegenwart. Tourism & Museum</source> (Vol. <volume>1</volume>) (pp. <fpage>227</fpage>–<lpage>280</lpage>). <other>Innsbruck</other>: <publisher>StudienVerlag</publisher>. 
<author><surname>Lipp</surname>, <given-names>W</given-names></author>. (<year>1993</year>). <title>Alpenregion und Fremdenverkehr: Zur Geschichte und Soziologie kultureller Begegnung in Europa, besonders am Beispiel des Salzkammerguts</title>. <source>Zeitschrift für Volkskunde</source>, <volume>89</volume>(<issue>1</issue>), <fpage>49</fpage>–<lpage>62</lpage>. 
<editor>Luger, K.</editor> (Ed.). (<year>2002</year>). <title>Der Alpentourismus: Entwicklungspotenziale im Spannungsfeld von Kultur, Ökonomie und Ökologie</title>. <other>Innsbruck</other>: <publisher>StudienVerlag</publisher>. 
<author><surname>Mathieu</surname>, <given-names>J</given-names></author>. (<year>2006</year>). <title>Geschichte der Berge: Die Alpen und die Anden in langfristiger Perspektive</title>. In <editor>H. Alexander</editor> & <editor>F. Mathis</editor> (Eds.), <source>Science live. Menschen – Regionen – Unternehmen. Festschrift für Franz Mathis zum 60. Geburtstag</source> (pp. <fpage>141</fpage>–<lpage>155</lpage>). <other>Innsbruck</other>: <publisher>Innsbruck Univ. Press</publisher>. 
<author><surname>Mathis</surname>, <given-names>F</given-names></author>. (<year>1996</year>). <title>Die Erforschung des Alpenraumes in der österreichischen Historiographie</title>. In <editor>T. Busset</editor> & <editor>J. Mathieu</editor> (Eds.), <source>Histoire des Alpes = Storia delle Alpi = Geschichte der Alpen. Des Alpes traversées aux Alpes vécues. Vom Alpenübergang zum Alpenraum</source> (pp. <fpage>61</fpage>–<lpage>67</lpage>). <other>Zürich</other>: <publisher>Chronos</publisher>. 
<author><surname>Meixner</surname>, <given-names>W</given-names></author>. (<year>1992</year>) <title>„Tirols langer Marsch in die Gastronomie“. Gastgewerbe als historischer Lernprozeß</title>, <source>Tiroler Heimat</source>, <volume>56</volume>, <fpage>143</fpage>–<lpage>53</lpage>. 
<editor>Niederstätter, A.</editor> (Ed.). (<year>2001</year>). <title>Stadt, Strom, Strasse, Schiene: Die Bedeutung des Verkehrs für die Genese der mitteleuropäischen Städtelandschaft</title>. <other>Linz</other>: <publisher>Österreichischer Arbeitskreis für Stadtgeschichtsforschung</publisher>. 
<author><surname>Oberwalder</surname>, <given-names>L</given-names></author>. (<year>2004</year>). <title>Franz Senn: Alpinismuspionier und Gründer des Alpenvereins</title>. <other>Innsbruck</other>: <publisher>Tyrolia</publisher>. 
<author><surname>Paasi</surname>, <given-names>A</given-names></author>. (<year>2010</year>). <title>Regions are social constructs, but who or what ‘constructs’ them? Agency in question</title>. <source>Environment and Planning</source>, <volume>42</volume>, <fpage>2296</fpage>–<lpage>2301</lpage>. 
<author><surname>Paasi</surname>, <given-names>A</given-names></author>. (<year>2011</year>). <title>The region, identity, and power</title>. <source>Procedia – Social and Behavioral Sciences</source>, <volume>14</volume>, <fpage>9</fpage>–<lpage>16</lpage>. 
<author><surname>Penz</surname>, <given-names>A</given-names></author>. (<year>2005</year>). <title>Inseln der Seligen. Fremdenverkehr in Österreich und Irland von 1900 bis 1938</title>. <other>Wien</other>: <publisher>Böhlau</publisher>. 
<author><surname>Ring</surname>, <given-names>J</given-names></author>. (<year>2001</year>). <title>How the English made the Alps (Repr)</title>. <other>London</other>: <publisher>Murray</publisher>. 
<author><surname>Rogy</surname>, <given-names>H</given-names></author>. (<year>2002</year>). <title>Tourismus in Kärnten: Von der Bildungsreise zum Massentourismus (18.– 20. Jahrhundert)</title>. <other>Klagenfurt</other>: <publisher>Geschichtsverein für Kärnten</publisher>. 
<author><surname>Rohrer</surname>, <given-names>J</given-names></author>. (<year>1796</year>). <title>Uiber die Tiroler nebst den Vorarlbergern</title>. <other>Wien</other>. 
<author><surname>Runggaldier</surname>, <given-names>I</given-names></author>. (<year>2011</year>). <title>Frauen im Aufstieg: Auf Spurensuche in der Alpingeschichte</title>. <other>Bozen</other>: <publisher>Edition Raetia</publisher>.  
<author><surname>Saarinen</surname>, <given-names>J</given-names></author>. (<year>2005</year>). <title>‘Destinations in change’: The transformation process of tourist destinations</title>. <source>Tourist Studies</source>, <volume>4</volume>(<issue>2</issue>), <fpage>161</fpage>–<lpage>179</lpage>. 
<author><surname>Sandgruber</surname>, <given-names>R</given-names></author>. (<year>2003</year>). <title>Die Entstehung der österreichischen Tourismusregionen</title>. In <editor>A. Leonardi</editor> & <editor>H. Heiss</editor> (Eds.), <source>Tourismus und Entwicklung im Alpenraum, 18.-20. Jh. Beiträge des ständigen Seminars zur Wirtschafts- und Unternehmensgeschichte in den Alpen in Neuzeit und Gegenwart. Tourism & Museum</source> (Vol. <volume>1</volume>) (pp. <fpage>201</fpage>–<lpage>223</lpage>). <other>Innsbruck</other>: <publisher>StudienVerlag</publisher>. 
<author><surname>Scharfe</surname>, <given-names>M</given-names></author>. (<year>2007</year>). <title>Berg-Sucht. Eine Kulturgeschichte des frühen Alpinismus 1750–1850</title>. <other>Wien</other>: <publisher>Böhlau</publisher>. 
<author><surname>Schmidt</surname>, <given-names>A</given-names></author>. (<year>1990</year>). <title>Die Entwicklung des Fremdenverkehrs und der Fremdenverkehrspolitik im Bundesland Salzburg</title>. Unpublished doctoral dissertation, University of Salzburg.  
<author><surname>Spode</surname>, <given-names>H</given-names></author>. (<year>2003</year>). <title>Tourismusgeschichte als Forschungsgegenstand.: Bilanz und Ausblick</title>. In <editor>A. Leonardi</editor> & <editor>H. Heiss</editor> (Eds.), <source>Tourismus und Entwicklung im Alpenraum, 18.-20. Jh. Beiträge des ständigen Seminars zur Wirtschafts- und Unternehmensgeschichte in den Alpen in Neuzeit und Gegenwart. Tourism & Museum</source> (Vol. <volume>1</volume>) (pp. <fpage>83</fpage>–<lpage>97</lpage>). <other>Innsbruck</other>: <publisher>StudienVerlag</publisher>. 
<author><surname>Stachel</surname>, <given-names>P</given-names></author>. (<year>2014</year>). <title>Zwischen Exotik und Vertrautem: Zum Tourismus in der Habsburgermonarchie und ihren Nachfolgestaaten</title>. <other>Bielefeld</other>: <publisher>Transcript</publisher>. 
<author><surname>Stadler</surname>, <given-names>G</given-names></author>. (<year>1975</year>). <title>Von der Kavalierstour zum Sozialtourismus: Kulturgeschichte des Salzburger Fremdenverkehrs</title>. <other>Salzburg</other>: <publisher>A. Pustet</publisher>. 
<title>Statistischer Bericht der Handels- und Gewerbe-Kammern in Bozen und Innsbruck über die gesammten wirtschaftlichen Verhältnisse ihrer Bezirke für das Jahr 1890 beziehungsweise für das Quinquennium 1886–1890 erstattet an das Hohe K.K. Handelsministerium</title> (<year>1894</year>). <other>Innsbruck</other>: <publisher>Verlag der Handels- und Gewerbe-Kammern in Bozen und Innsbruck</publisher>.  
<author><surname>Stauber</surname>, <given-names>R. A.</given-names></author> (<year>1994</year>). <title>Regionalgeschichte versus Landesgeschichte?: Entwicklung und Bewertung von Konzepten der Erforschung von ‚Geschichte in kleinen Räumen‘</title>. <source>Geschichte und Region / Storia e regione</source>, <volume>3</volume>, <fpage>227</fpage>–<lpage>260</lpage>.
<author><surname>Steinegger</surname>, <given-names>F</given-names></author>. (<year>1976</year>). <title>Die geschichtliche Entwicklung des Wintersports in Tirol</title>. <other>Innsbruck</other>: <publisher>Tiroler Landesarchiv</publisher>.  
<author><surname>Strauß</surname>, <given-names>B</given-names></author>. (<year>2015</year>). <title>„Ich weiß nicht mehr was anfangen“: Das Ehepaar Maria und Alois R. aus Trens</title>. In <editor>B. Strauß</editor> (Ed.), <source>Beiträge zur Volkskunde</source>: Vol. <volume>2</volume>. <source>Höfe ohne Männer. Frauenalltag im Ersten Weltkrieg. Begleitband zur Ausstellung im Südtiroler Landesmuseum für Volkskunde vom 23.05.2015 bis 31.10.2015</source> (pp. <fpage>78</fpage>–<lpage>94</lpage>). <other>Dietenheim</other>. 
<author><surname>Tissot</surname>, <given-names>L</given-names></author>. (<year>2011</year>). <title>From Alpine Tourism to the ‘Alpinization’ of Tourism</title>. In <editor>E. G. E. Zuelow</editor> (Ed.), <source>Touring beyond the Nation. A Transnational Approach to European Tourism History</source> (pp. <fpage>59</fpage>–<lpage>78</lpage>). <other>Farnham, VT</other>: <publisher>Ashgate</publisher>. 
<author><surname>Tissot</surname>, <given-names>L</given-names></author>. (<year>2003</year>). <title>Storia del Turismo e Storia Economica: Considerazioni Metologiche ed Epistemologiche</title>. In <editor>A. Leonardi</editor> & <editor>H. Heiss</editor> (Eds.), <source>Tourismus und Entwicklung im Alpenraum, 18.-20. Jh. Beiträge des ständigen Seminars zur Wirtschafts- und Unternehmensgeschichte in den Alpen in Neuzeit und Gegenwart. Tourism & Museum</source> (Vol. <volume>1</volume>) (pp. <fpage>23</fpage>–<lpage>41</lpage>). <other>Innsbruck</other>: <publisher>StudienVerlag</publisher>. 
<author><surname>Türkis</surname>, <given-names>B</given-names></author>. (<year>2010</year>). <title>Innsbrucker Tourismusgeschichte</title>. <other>Innsbruck</other>: <publisher>StudienVerlag</publisher>.  
<title>Tyrol. Guide and Hotel Book</title> <year>1906</year>. Edited by the <editor>Landesverband für Fremdenverkehr in Tyrol</editor>, <other>Innsbruck</other>.  
<author><surname>Urry</surname>, <given-names>J</given-names></author>. (<year>2002</year>). <title>The Tourist Gaze (second edition)</title>. <other>London</other>: <publisher>SAGE Publications Ltd</publisher>.  
<author><surname>Urry</surname>, <given-names>J</given-names></author>. (<year>2010</year>). <title>Mobilities (reprint)</title>. <other>Cambridge</other>: <publisher>Polity Press</publisher>.  
<author><surname>Viazzo</surname>,<given-names> P. P.</given-names></author> (<year>1990</year>). <title>Comunità alpine. Ambiente, popolazione, struttura sociale nelle Alpi dal XVI secolo a oggi</title>. <other>Bologna</other>: <publisher>Il Mulino</publisher>. 
<author><surname>Vierthaler</surname>, <given-names>F. M.</given-names></author> (<year>1799</year>). <title>Reisen durch Salzburg</title>. <other>Salzburg</other>: <publisher>Mayrsche Buchhandlung</publisher>. 
<author><surname>Voithofer</surname>, <given-names>R</given-names></author>. (<year>2011</year>). <title>„… dem Kaiser Treue und Gehorsam …“: Ein biografisches Handbuch der politischen Eliten in Salzburg 1861 bis 1918</title>. <other>Wien</other>: <publisher>Böhlau</publisher>. 
<author><surname>White</surname>, <given-names>W</given-names></author>. (<year>1856</year>). <title>On Foot through Tyrol in the Summer of 1855</title>. <other>London</other>: <publisher>Chapman & Hall </publisher>
<author><surname>Wirz</surname>, <given-names>T</given-names></author>. (<year>2007</year>). <title>Gipfelstürmerinnen: Eine Geschlechtergeschichte des Alpinismus in der Schweiz 1840–1940</title>. <other>Baden</other>: <publisher>Hier + Jetzt</publisher>.
<editor>Bundesministerium für Wissenschaft, Forschung und Wirtschaft</editor>: <url>www.bmwfw.gv.at</url>
<editor>Österreich Werbung</editor>: <url>www.austriatourism.com</url>
<editor>Statistik Austria</editor>: <url>www.statistik.at</url> 
<source>Dillinger‘s Reise- und Fremden-Zeitung</source>  
<source>Feldkircher Zeitung</source> 
<source>Illustrierte Österreichische Gebirgs- und Volks-Trachten Zeitung</source> 
<source>Salzburger Chronik</source> 
<source>Salzburger Volksblatt</source> 
<source>Tiroler Bauernzeitung</source> 
<source>Tiroler Stimmen</source>