<author><surname>Ahmed</surname>, <given-names>S</given-names></author>. & <author><surname>Potter</surname>, <given-names>D. M.</given-names></author> (<year>2006</year>). <title>NGOs in international politics</title>. <other>Bloomfield</other>: <publisher>Kumarian</publisher>.
<author><surname>Barnett</surname>, <given-names>T</given-names></author>. (<year>2008</year>). <title>Influencing tourism at the grassroots level: The role of NGO Tourism Concern</title>. <source>Third World Quarterly</source>, <volume>29</volume>(<issue>5</issue>), pp. <fpage>995</fpage>-<lpage>1002</lpage>.
<author><surname>Bascomb</surname>, <given-names>B</given-names></author>. & <author><surname>Taylor</surname>, <given-names>M</given-names></author>. (<year>2008</year>). <title>Ecotourism and sustainability in a Q”eqchi” Maya community, Guatemala</title>. <source>FOCUS on Geography</source>, <volume>51</volume>(<issue>3</issue>), pp. <fpage>11</fpage>-<lpage>16</lpage>.
<author><surname>Butcher</surname>, <given-names>J</given-names></author>. (<year>2003</year>). <title>The moralisation of tourism: Sun, sand ... and saving the world?</title> <other>London/New York</other>: <publisher>Routledge</publisher>.
<author><surname>Butcher</surname>, <given-names>J</given-names></author>. (<year>2007</year>). <title>Ecotourism, NGOs and development</title>. <other>London/New York</other>: <publisher>Routledge</publisher>.
<author><surname>Butcher</surname>, <given-names>J</given-names></author>. & <author><surname>Smith</surname>, <given-names>P</given-names></author>. (<year>2010</year>). <title>‚Making a difference”: Volunteer tourism and development</title>. <source>Tourism Recreation Research</source> <volume>35</volume>(<issue>1</issue>): pp. <fpage>27</fpage>-<lpage>36</lpage>.
<author><surname>Cameron</surname>, <given-names>J</given-names></author>. & <author><surname>Haanstra</surname>, <given-names>A</given-names></author>. (<year>2008</year>).<title> Development made sexy: How it happened and what it means</title>. <source>Third World Quarterly</source>, <volume>29</volume>(<issue>8</issue>), pp. <fpage>1475</fpage>-<lpage>1489</lpage>.
<author><surname>Conran</surname>, <given-names>M</given-names></author>. (<year>2011</year>). <title>They really love me! Intimacy in volunteer tourism</title>. <source>Annals of Tourism Research</source>, <volume>38</volume>(<issue>4</issue>), pp. <fpage>1454</fpage>-<lpage>1473</lpage>.
<author><surname>Diekmann</surname>, <given-names>A</given-names></author>. & <author><surname>Hannam</surname>, <given-names>K</given-names></author>. (<year>2012</year>). <title>Touristic mobilities in India’s slum spaces</title>. <source>Annals of Tourism Research</source>, <volume>39</volume>(<issue>3</issue>), pp. <fpage>1315</fpage>-<lpage>1336</lpage>.
<author><surname>Dogra</surname>, <given-names>N</given-names></author>. (<year>2011</year>). <title>The mixed metaphor of ‚third world woman”: Gendered representations by international development NGOs</title>. <source>Third World Quarterly</source>, <volume>32</volume>(<issue>2</issue>), pp. <fpage>333</fpage>-<lpage>348</lpage>.
<author><surname>Duffy</surname>, <given-names>R</given-names></author>. (<year>2008</year>). <title>Neoliberalising nature: Global networks and ecotourism development in Madagasgar</title>. <source>Journal of Sustainable Tourism</source>, <volume>16</volume>(<issue>3</issue>), pp. <fpage>327</fpage>-<lpage>344</lpage>.
<author><surname>Dyson</surname>, <given-names>P</given-names></author>. (<year>2012</year>). <title>Slum tourism: Representing and interpreting ‚reality” in Dharavi, Mumbai</title>. <source>Tourism Geographies: An International Journal of Tourism Space, Place and Environment</source>, <volume>14</volume>(<issue>2</issue>), pp. <fpage>254</fpage>-<lpage>274</lpage>.
<author><surname>Echtner</surname>, <given-names>C. M.</given-names></author> & <author><surname>Prasad</surname>, <given-names>P</given-names></author>. (<year>2003</year>). <title>The context of third world tourism marketing</title>. <source>Annals of Tourism Research</source>, <volume>30</volume>(<issue>3</issue>), pp. <fpage>660</fpage>-<lpage>682</lpage>.
<author><surname>Escobar</surname>, <given-names>A</given-names></author>. (<year>1995</year>). <title>Encountering development: The making and unmaking of the third world</title>. <other>Princeton</other>:<publisher> Princeton University Press</publisher>.
<author><surname>Freire-Medeiros</surname>, <given-names>B</given-names></author>. (<year>2013</year>). <title>Touring poverty</title>. <other>London/New York</other>: <publisher>Routledge</publisher>.
<author><surname>Giddens</surname>, <given-names>A</given-names></author>. (<year>1991</year>). <title>Modernity and self-identity: Self and society in the late modern Age</title>. <other>Oxford</other>: <publisher>Polity</publisher>.
<editor>Government of Guatemala</editor>. (<year>2012</year>). <title>Política nacional para el desarrollo turístico sostenible de Guatemala 2012-2022</title>. Retrieved from: <url>http://www.segeplan.gob.gt/down-loads/clearinghouse/politicas_publicas/Turismo/Politica_Nacional_DTS_Guatemala_2012_2022.pdf</url> [Accessed 23/04/2014].
<author><surname>Hearne</surname>, <given-names>R. R.</given-names></author> & <author><surname>Santos</surname>, <given-names>A. C.</given-names></author> (<year>2005</year>). <title>Tourists’ and locals’ preferences toward ecotourism development in the Maya biosphere reserve, Guatemala</title>. <source>Environment, Development and Sustainability</source>, <volume>7</volume>, pp. <fpage>303</fpage>-<lpage>318</lpage>.
<author><surname>Heath</surname>, <given-names>S</given-names></author>. (<year>2007</year>). <title>Widening the gap: Pre-university gap years and the ‚economy of experience”</title>. <source>British Journal of Sociology of Education</source>, <volume>28</volume>(<issue>1</issue>), pp. <fpage>89</fpage>-<lpage>103</lpage>.
<author><surname>Keese</surname>, <given-names>J. R.</given-names></author> (<year>2011</year>). <title>The geography of volunteer tourism: Place matters</title>. <source>Tourism Geographies: An International Journal of Tourism Space, Place and Environment</source>, <volume>13</volume>(<issue>2</issue>), pp. <fpage>257</fpage>-<lpage>297</lpage>.
<author><surname>Kennedy</surname>, <given-names>K</given-names></author>. & <author><surname>Dornan</surname>, <given-names>D</given-names></author>. (<year>2009</year>). <title>An overview: Tourism non-governmental organizations and poverty reduction in developing countries</title>. <source>Asia Pacific Journal of Tourism Research</source>, <volume>14</volume>(<issue>2</issue>), pp. <fpage>183</fpage>-<lpage>200</lpage>.
<author><surname>Lewis</surname>, <given-names>D</given-names></author>. (<year>2007</year>). <title>The management of non-governmental development organizations</title>. <other>London/New York</other>: <publisher>Routledge</publisher>.
<author><surname>Linke</surname>, <given-names>U</given-names></author>. (<year>2012</year>). <title>Mobile imaginaries, portable signs: Global consumption and representations of slum life</title>. <source>Tourism Geographies: An International Journal of Tourism Space, Place and Environment</source>, <volume>14</volume>(<issue>2</issue>), pp. <fpage>294</fpage>-<lpage>319</lpage>.
<author><surname>Little</surname>, <given-names>W. E.</given-names></author> (<year>2004</year>). <title>Mayas in the marketplace: Tourism, globalization, and cultural identity</title>. <other>Austin</other>: <publisher>University of Texas Press</publisher>.
<author><surname>Lyons</surname>, <given-names>K</given-names></author>. <other>et al.</other> (<year>2012</year>). <title>Gap year volunteer tourism: Myths of global citizenship?</title> <source>Annals of Tourism Research</source>, <volume>39</volume>(<issue>1</issue>), pp. <fpage>361</fpage>-<lpage>378</lpage>.
<author><surname>MacCannell</surname>, <given-names>D</given-names></author>. (<year>1999</year>). <title>The tourist: A new theory of the leisure class</title>. <other>Berkeley/Los Angeles/London</other>: <publisher>University of California Press</publisher>.
<author><surname>Manzo</surname>, <given-names>K</given-names></author>. (<year>2008</year>). <title>Imaging humanitarianism: NGO identity and the iconography of childhood</title>. <source>Antipode</source>, <volume>40</volume>(<issue>4</issue>), pp. <fpage>632</fpage>-<lpage>657</lpage>.
<author><surname>McMichael</surname>, <given-names>P</given-names></author>. (<year>2004</year>). <title>Development and social change: A global perspective</title>. <other>Thousand Oaks</other>: <publisher>Pine Forge Press</publisher>.
<author><surname>Mostafanezhad</surname>, <given-names>M</given-names></author>. (<year>2013</year>a). <title>The geography of compassion in volunteer tourism</title>. <source>Tourism Geographies: An International Journal of Tourism Space, Place and Environment</source>, <volume>15</volume>(<issue>2</issue>), pp. <fpage>318</fpage>-<lpage>337</lpage>.
<author><surname>Mostafanezhad</surname>, <given-names>M</given-names></author>. (<year>2013</year>b). <title>‚Getting in touch with your inner Angelina”: Celebrity humanitarianism and the cultural politics of gendered generosity in volunteer tourism</title>. <source>Third World Quarterly</source>, <volume>34</volume>(<issue>3</issue>), pp. <fpage>485</fpage>-<lpage>499</lpage>.
<editor>O”Neill, K. L.</editor> & <editor>Thomas, K.</editor> (Eds.). (<year>2011</year>). <title>Securing the city: Neoliberalism, space, and insecurity in postwar Guatemala</title>. <other>Durham/London</other>:<publisher> Duke University Press</publisher>.
<title>Revue</title>. (<year>2013</year>). Year <volume>21</volume>., No. <issue>12</issue>. <other>La Antigua Guatemala</other>.
<title>Revue</title>. (<year>2013</year>). Year <volume>22</volume>., No. <issue>1</issue>. <other>La Antigua Guatemala</other>.
<title>Revue</title>. (<year>2013</year>). Year <volume>22</volume>., No.<issue>2</issue>. <other>La Antigua Guatemala</other>.
<author><surname>Rolfes</surname>, <given-names>M</given-names></author>. (<year>2010</year>). <title>Poverty tourism: Theoretical relfections and empirical findings regarding an extraordinary form of tourism</title>. <source>GeoJournal</source>, <volume>75</volume>, pp. <fpage>421</fpage>-<lpage>442</lpage>.
<author><surname>Salamon</surname>, <given-names>L. M.</given-names></author> (<year>1994</year>). <title>The rise of the nonprofit sector</title>. <source>Foreign Affairs</source>, <volume>73</volume>(<issue>4</issue>), pp. <fpage>109</fpage>-<lpage>122</lpage>.
<author><surname>Salazar</surname>,<given-names> N. B.</given-names></author> (<year>2004</year>). <title>„Developmental tourists vs. development tourism: A case study.“</title> pp. <fpage>85</fpage>-<lpage>107</lpage> in <source>Tourist behaviour: A psychological perspective</source>, edited by <editor>Aparna Raj</editor>. <other>New Delhi</other>: <publisher>Kanishka</publisher>.
<author><surname>Sheller</surname>, <given-names>M</given-names></author>. & <author><surname>Urry</surname>, <given-names>J</given-names></author>. (<year>2004</year>). <title>Places to play, places in play</title>. In: <editor>Sheller, M.</editor> & <editor>Urry, J.</editor> (Eds.), <source>Tourism mobilities: Places to play, places in play</source> (pp. <fpage>1</fpage>-<lpage>10</lpage>). <other>London</other>: <publisher>Routledge</publisher>.
<author><surname>Simpson</surname>, <given-names>K</given-names></author>. (<year>2004</year>). <title>‚Doing development”: The gap year, volunteer-tourists and a popular practice of development</title>. <source>Journal of International Development</source>, <volume>16</volume>, pp. <fpage>681</fpage>-<lpage>692</lpage>.
<author><surname>Spencer</surname>, <given-names>R</given-names></author>. (<year>2010</year>). <title>Development tourism: Lessons from Cuba</title>. <other>Farnham</other>: <publisher>Ashgate</publisher>.
<author><surname>Steinbrink</surname>, <given-names>M</given-names></author>. (<year>2012</year>). <title>‚We did the slum!” - Urban poverty tourism in historical perspective</title>. <source>Tourism Geographies: An International Journal of Tourism Space, Place and Environment</source>, <volume>14</volume>(<issue>2</issue>), pp. <fpage>213</fpage>-<lpage>234</lpage>.
<author><surname>Tegelberg</surname>, <given-names>M</given-names></author>. (<year>2013</year>). <title>Framing Maya culture: Tourism, representation and the case of Quetzaltenango</title>. <source>Tourist Studies</source>, <volume>13</volume>(<issue>1</issue>), pp. <fpage>81</fpage>-<lpage>98</lpage>. 
<author><surname>Telfer</surname>, <given-names>D. J.</given-names></author> & <author><surname>Sharpley</surname>, <given-names>R</given-names></author>. (<year>2008</year>). <title>Tourism and development in the developing world</title>. <other>Abingdon/ New York</other>: <publisher>Routledge</publisher>.
<author><surname>Thomas</surname>, <given-names>K</given-names></author>., <author><surname>O”Neill</surname>, <given-names>K. L.</given-names></author> & <author><surname>Offit</surname>, <given-names>T</given-names></author>. (<year>2011</year>). <title>Securing the city: An introduction</title>. In <editor>O”Neill, K.L.</editor> & <editor>Thomas, K.</editor> (Eds.), <source>Securing the city: Neoliberalism, space, and insecurity in postwar Guatemala</source> (pp. <fpage>1</fpage>-<lpage>21</lpage>). <other>Durham and London</other>: <publisher>Duke University Press</publisher>.
<author><surname>Urry</surname>, <given-names>J</given-names></author>. <year>2002</year>. <title>The tourist gaze</title> (2 ed.). <other>London</other>: <publisher>Sage</publisher>.
<author><surname>Wearing</surname>, <given-names>S</given-names></author>., <author><surname>McDonald</surname>, <given-names>M</given-names></author>. & <author><surname>Ponting</surname>, <given-names>J</given-names></author>. (<year>2005</year>). <title>Building a decommodified research paradigm in tourism: The contribution of NGOs</title>. <source>Journal of Sustainable Tourism</source>, <volume>13</volume>(<issue>5</issue>), pp. <fpage>424</fpage>-<lpage>439</lpage>.
<author><surname>Whyte</surname>,<given-names> K. P.</given-names></author>, <author><surname>Selinger</surname>, <given-names>E</given-names></author>. & <author><surname>Outterson</surname>, <given-names>K</given-names></author>. (<year>2011</year>). <title>Poverty tourism and the problem of consent</title>. <source>Journal of Global Ethics</source>, <volume>7</volume>(<issue>3</issue>), pp. <fpage>337</fpage>-<lpage>348</lpage>.
<author><surname>Vodopivec</surname>, <given-names>B</given-names></author>. & <author><surname>Jaffe</surname>, <given-names>R</given-names></author>. (<year>2011</year>). <title>Save the world in a week: Volunteer tourism, development and difference</title>. <source>European Journal of Development Research</source>, <volume>23</volume>(<issue>1</issue>), pp. <fpage>111</fpage>-<lpage>128</lpage>.
<author><surname>Vrasti</surname>, <given-names>W</given-names></author>. (<year>2013</year>). <title>Volunteer tourism in the global south</title>. <other>London/New York</other>: <publisher>Routledge</publisher>.