<editor>BPB (Bundeszentrale für politische Bildung)</editor> (<year>2013</year>). <title>Einkommen privater Haushalte</title>. Abgerufen am 6. März 2017 von <url>https://www.bpb.de/nachschlagen/zahlen-und-fakten/sozialesituation-in-deutschland/61754/einkommen-privater-haushalte  </url>
<author><surname>Gailing</surname>, <given-names>L</given-names></author>., & <author><surname>Röhring</surname>, <given-names>A</given-names></author>. (<year>2008</year>). <title>Kulturlandschaften als Handlungsräume der Regionalentwicklung. Implikationen des neuen Leitbildes zur Kulturlandschaftsgestaltung</title>. <source>RaumPlanung</source>, <volume>136</volume>, <fpage>5</fpage>–<lpage>10</lpage>.  
<author><surname>Fritz-Vietta</surname>, <given-names>N. V.</given-names></author>, <author><surname>Vega-Leinert</surname>, <given-names>A. C. De la.</given-names></author>, & <author><surname>Stoll-Kleemann</surname>, <given-names>S</given-names></author>. (<year>2015</year>). <title>Local Perceptions and Preferences for Landscape and Land Use in the Fischland-Darß-Zingst Region, German Baltic Sea</title>. <source>Greifswalder Geographische Arbeiten</source>, <volume>51</volume>, <fpage>1</fpage>–<lpage>40</lpage>. 
<editor>Hansestadt Lübeck</editor> (<year>2014</year>). <title>Fremdenverkehr 2000 - 2014, Lübeck insg. Statistisches Jahrbuch der Hansestadt  Lübeck 2014</title>. Abgerufen am 20. Jänner 2016 von <url>http://www.luebeck.de/stadt_politik/statistiken/files/PDF/500.pdf  </url>
<author><surname>Job</surname>, <given-names>H</given-names></author>. (<year>2003</year>). <title>Der ökonomische Wert der der Kulturlandschaft. Die Anwendung der Zahlungsbereitschaftsanalyse auf szenariohafte Landschaftsbild-Simulationen</title>. Abgerufen am 15. Juli 2015 von <url>http://www.geomultimedia.org/archive/CORP2003_Job. pdf  </url>
<author><surname>Kaltenborn</surname>, <given-names>B. P.</given-names></author> & <author><surname>Bjerke</surname>, <given-names>T</given-names></author>. (<year>2002</year>). <title>Associations between environmental value orientations and landscape preferences</title>. <source>Landscape and Urban Planning</source>, <volume>59</volume> (<issue>1</issue>), <fpage>1</fpage>–<lpage>11</lpage>. 
<author><surname>Kämmerer</surname>, <given-names>S</given-names></author>., <author><surname>Schmitz</surname>, <given-names>P</given-names></author>. & <author><surname>Wiegand</surname>, <given-names>S</given-names></author>. (<year>1996</year>). <title>Monetäre Bewertung der Kulturlandschaft in Baden-Württemberg – Bürger bewerten ihre Umwelt</title>. In <editor>G. Linckh</editor>, <editor>H. Sprich</editor>, <editor>H. Flaig</editor> & <editor>H. Mohr</editor> (Hrsg.), <source>Nachhaltige Land- und Forstwirtschaft</source> (S. <fpage>503</fpage>–<lpage>523</lpage>). <other>Berlin/Heidelberg</other>: <publisher>Springer</publisher>. 
<editor>Lübeck Fenster</editor> (<year>2017</year>). <title>Umwelt- Natur- und Verbraucherschutz. Regiobranding</title>. Abgerufen am 14. Dezember 2016 von <url>http://www.unv.luebeck.de/naturschutz/erholung_naturerleben/regiobranding.html  </url>
<author><surname>Matloch</surname>, <given-names>J</given-names></author>., <author><surname>Blaumann</surname>, <given-names>C</given-names></author>., <author><surname>Böhm</surname>, <given-names>B</given-names></author>., <author><surname>Ferretti</surname>, <given-names>M</given-names></author>., <author><surname>Herrmann</surname>, <given-names>S</given-names></author>., <author><surname>Kempa</surname>, <given-names>D</given-names></author>, & <author><surname>Wenger</surname>, <given-names>F</given-names></author>. (<year>2016</year>). <title>Bevölkerungsbefragung zur Kulturlandschaft im Projekt Regiobranding - Beschreibende Ergebnisse aus den Fokusregionen Lübeck-Nordwestmecklenburg, Steinburger Elbmarschen und Griese Gegend-Elbe-Wendland</title>. <source>Arbeitspapier</source> Nr.<volume>01a</volume>. <url>www.regiobranding.de</url> (Abruf: 23.03.2017) 
<author><surname>Morrison</surname>, <given-names>M</given-names></author>., & <author><surname>Dowell</surname>, <given-names>D. J.</given-names></author> (<year>2013</year>). <title>Sense of Place and Willingness to Pay: Complementary Concepts When  Evaluating Contributions of Cultural Resources to Regional Communities</title>. <source>Regional Studies</source>, <volume>49</volume> (<issue>8</issue>), <fpage>1</fpage>–<lpage>12</lpage>. 
<author><surname>Spash</surname>, <given-names>C. L.</given-names></author> (<year>1998</year>). <title>Investigating Individual Motives for Environmental Action: Lexicographic Preferences, Beliefs and Attitudes</title>. In <editor>J. Lemons</editor>, <editor>L. Westra</editor> &<editor> R. Goodland</editor> (Hrsg.), <source>Ecological Sustainability and Integrity: Concepts and Approaches</source> (S. <fpage>46</fpage>–<lpage>62</lpage>). <other>Dordrecht</other>: <publisher>Springer</publisher>. 
<author><surname>Spash</surname>, <given-names>C. L.</given-names></author> (<year>1998</year>). <title>Investigating Individual Motives for Environmental Action: B.V</title>. 
<author><surname>Spash</surname>, <given-names>C. L.</given-names></author> (<year>2008</year>). <title>Contingent valuation design and data treatment: if you can´t shoot the message, change the  message</title>. <source>Environment and Planning C: Government and Policy</source>, <volume>26</volume> (<issue>1</issue>), <fpage>34</fpage>–<lpage>53</lpage>. 
<author><surname>Stephan</surname>, <given-names>H. J.</given-names></author> (<year>1995</year>). <title>Schleswig-Holstein</title>. In <editor>L. Benda</editor> (Hrsg.), <source>Das Quartär Deutschlands</source>  (S. <fpage>1</fpage>–<lpage>13</lpage>). <other>Berlin. Stuttgart</other>: <publisher>Gebrüder Borntraeger</publisher>. 
<editor>UNESCO</editor> (<year>2017</year>). <title>Hanseatic City of Lübeck</title>. Aufgerufen am 24. Februar 2017 von <url>http://whc.unesco.org/en/list/272</url>. 
<author><surname>Urry</surname>, <given-names>J</given-names></author>. (<year>1992</year>). <title>The Tourist Gaze and the ‘Environment’</title>. <source>Theory, Culture & Society</source>, <volume>9</volume> (<issue>3</issue>), <fpage>1</fpage>–<lpage>26</lpage>.
<author><surname>Vanderheyden</surname>, <given-names>V</given-names></author>., <author><surname>van der Horst</surname>, <given-names>D</given-names></author>., <author><surname>van Rompaey</surname>, <given-names>A</given-names></author>., & <author><surname>Schmitz</surname>, <given-names>S</given-names></author>. (<year>2013</year>). <title>Perceiving the ordinary: A study of  everyday Landscapes in Belgium</title>. <source>Tijdschrift voor Econmische en Sociale Geografie</source>, <volume>105</volume> (<issue>5</issue>), <fpage>591</fpage>–<lpage>604</lpage>.  
<author><surname>Venkatachalam</surname>, <given-names>L</given-names></author>. (<year>2004</year>). <title>The contigent valuation method: a Lexicographic Preferences, Beliefs and Attitudes</title>. In <editor>J. Lemons</editor>, <editor>L. Westra</editor> & <editor>R. Goodland</editor> (Hrsg.), <source>Ecological Sustainability and Integrity: Concepts and Approaches</source> (S. <fpage>46</fpage>-<lpage>62</lpage>). <other>Houten</other>: <publisher>Springer Media review</publisher>. <source>Environmental Impact Assessment Review</source>, <volume>24</volume>, <fpage>89</fpage>–<lpage>124</lpage>. 
<author><surname>Verbiĉ</surname>, <given-names>M</given-names></author>., & <author><surname>Slabe-Erker</surname>, <given-names>R</given-names></author>. (<year>2009</year>). <title>An economic analysis of willingness-to-pay for sustainable development: A case study of the Volĉji Potok landscape area</title>. <source>Ecological Economics</source>, <volume>68</volume> (<issue>5</issue>), <fpage>1316</fpage>–<lpage>1328</lpage>.  
<author><surname>Völckner</surname>, <given-names>F</given-names></author>. (<year>2006</year>). <title>Methoden zur Messung individueller Zahlungsbereitschaften: Ein Überblick zum State of the Art</title>. <source>Journal für Betriebswirtschaft</source>, <volume>56</volume>, <fpage>33</fpage>–<lpage>60</lpage>.  