<author><surname>Ajzen</surname>, <given-names>I</given-names></author>. (<year>1991</year>). <title>Theory of Planned Behavior</title>. <source>Organizational behavior and Human Decision Processes</source>, <volume>50</volume> (<issue>2</issue>), <fpage>179</fpage>–<lpage>211</lpage>. 
<author><surname>Andreu</surname>, <given-names>R</given-names></author>., <author><surname>Claver</surname>, <given-names>E</given-names></author>., & <author><surname>Quer</surname>, <given-names>D</given-names></author>. (<year>2013</year>). <title>Chinese outbound tourism: new challenges for European tourism</title>. <source>Enlightening Tourism</source>, <volume>3</volume> (<issue>1</issue>), <fpage>44</fpage>–<lpage>58</lpage>. 
<author><surname>Arlt</surname>, <given-names>W</given-names></author>., & <author><surname>Deng-Westphal</surname>, <given-names>M</given-names></author>. (<year>2017</year>) <title>COTRI Market Report</title>. <other>Hamburg</other>: <publisher>Eigenverlag</publisher>. 
<author><surname>Benkenstein</surname>, <given-names>M</given-names></author>., <author><surname>Steiner</surname>, <given-names>S</given-names></author>., & <author><surname>Spiegel</surname>, <given-names>T</given-names></author>. (<year>2007</year>). <title>Die Wertkette in Dienstleistungsunternehmen</title>. In <editor>M. Bruhn</editor> & <editor>B. Strauss</editor> (Hrsg.): <source>Wertschöpfungsprozesse bei Dienstleistungen</source> (S. <fpage>51</fpage>–<lpage>70</lpage>). <other>Wiesbaden</other> : <publisher>Betriebswirtschaftlicher Verlag Dr. Th. Gabler</publisher>. 
<author><surname>Bieger</surname>, <given-names>T</given-names></author>., & <author><surname>Beritelli</surname>, <given-names>P</given-names></author>. (<year>2013</year>). <title>Management von Destinationen</title>. <other>München</other>: <publisher>Oldenbourg Verlag</publisher>. 
<editor>Bundesamt für Statistik (BfS)</editor> (<year>2016</year>). <title>Beherbergungsstatistik HESTA</title>. Abgerufen am 1. April 2017 von <url>https://www.bfs.admin.ch/bfs/de/home/statistiken/tourismus/erhebungen/hesta.html </url>
<author><surname>Chang</surname>, <given-names>R. C.</given-names></author>, <author><surname>Kivela</surname>, <given-names>J</given-names></author>., & <author><surname>Mak</surname>, <given-names>A. H.</given-names></author> (<year>2010</year>). <title>Food preferences of Chinese Tourists</title>. <source>Annals of tourism research</source>, <volume>37</volume> (<issue>4</issue>), <fpage>989</fpage>–<lpage>1011</lpage>. 
<editor>Edinburgh Tourism AG</editor> (<year>2016</year>). <title>Edinburgh China-Ready Business Opportunities Guide</title>. Abgerufen am 1. April 2017 von <url>https://www.etag.org.uk/resource/etag-china-ready-business-opportunity-guide/ </url>
<editor>ETC (European Travel Commission)</editor> und <editor>WTO</editor> (<year>2012</year>). <title>Understanding Chinese Outbound Tourism – What the Chinese Blogosphere is Saying about Europe</title>. <other>Madrid</other>: <publisher>UNWTO</publisher>. 
<editor>ETOA (European Tourism Association)</editor> (<year>2017</year>). <title>Report on the latest and future developments in tourism flows from China to Europe</title>. 
<author><surname>Hu</surname>, <given-names>T</given-names></author>., <author><surname>Marchiori</surname>, <given-names>E</given-names></author>., <author><surname>Kalbaska</surname>, <given-names>N</given-names></author>., & <author><surname>Cantoni</surname>, <given-names>L</given-names></author>. (<year>2014</year>). <title>Online representation of Switzerland as a tourism destination: An exploratory research on a Chinese microblogging platform</title>. <source>Studies in Communication Sciences</source>, <volume>14</volume> (<issue>2</issue>), <fpage>136</fpage>–<lpage>143</lpage>. 
<author><surname>Imwinkelried</surname>, <given-names>D</given-names></author>. (3. Jänner <year>2017</year>). <title>Chinesische Reisende umgehen die Schweiz</title>. <source>Neue Zürcher Zeitung</source>. Abgerufen von <url>https://www.nzz.ch/wirtschaft/trendwende-in-china-touristen-auf-neuen-trampelpfaden-ld.137674 </url>
<editor>ITB-Berlin</editor> (<year>2015</year>). <title>ITB World Travel Trends Report 2015/16</title>. Abgerufen am 2. August 2017 von <url>http://www.itb-berlin.de/de/Presse/Pressemitteilungen/News_20673.html </url>
<author><surname>Keating</surname>, <given-names>B</given-names></author>., & <author><surname>Kriz</surname>, <given-names>A</given-names></author>. (<year>2008</year>). <title>Outbound tourism from China: Literature review and research agenda</title>. <source>Journal of Hospitality and Tourism Managemen</source>t, <volume>15</volume>, <fpage>32</fpage>–<lpage>41</lpage>. 
<author><surname>Koch</surname>, <given-names>W</given-names></author>. (<year>2006</year>). <title>Zur Wertschöpfungstiefe von Unternehmen: Die strategische Logik der Integration</title>. <other>Wiesbaden</other>: <publisher>Deutscher Universitäts-Verlag</publisher>. 
<author><surname>Laesser</surname>, <given-names>C</given-names></author>., <author><surname>Bazzi</surname>, <given-names>D</given-names></author>., & <author><surname>Riegler</surname>, <given-names>B</given-names></author>. (<year>2013</year>). <title>Tourismus 2020 – Nutzbarmachung von internationalen Tourismuspotentialen durch den Bündner Tourismus: Entwicklungen – Potentiale – Handlungsempfehlungen</title>. 
<author><surname>Li</surname>, <given-names>X</given-names></author>., <author><surname>Lai</surname>, <given-names>C</given-names></author>., <author><surname>Harrill</surname>, <given-names>R</given-names></author>, <author><surname>Kline</surname>, <given-names>S</given-names></author>., & <author><surname>Wang</surname>, <given-names>L</given-names></author>. (<year>2011</year>). <title>When east meets west: An exploratory study on Chinese outbound tourists‘ travel expectation</title>. <source>Tourism Management</source>, <volume>32</volume> (<issue>4</issue>), <fpage>741</fpage>–<lpage>749</lpage>. 
<editor>McKinsey</editor> (<year>2016</year>). <title>Whats driving the Chinese consumer</title>. Abgerufen am 5. Januar 2017 von <url>https://www.mckinsey.com/global-themes/china/whats-driving-the-chinese-consumer </url>
<author><surname>Osterwalder</surname>, <given-names>A</given-names></author>., & <author><surname>Pigneur</surname>, <given-names>Y</given-names></author>. (<year>2011</year>). <title>Business Model Generation: Ein Handbuch für Visionäre, Spielveränderer und Herausforderer</title>. <other>Frankfurt am Main</other>: <publisher>Campus Verlag</publisher>. 
<author><surname>Plaz</surname>, <given-names>P</given-names></author>. (<year>2015</year>). <title>Sommergeschäft durch Touringgäste aus Asien beleben. Strategien für den Bündner Tourismus. Vertiefungsbericht V2</title>. <other>Chur</other>: <publisher>Wirtschaftsforum Graubünden</publisher>. 
<author><surname>Porter</surname>, <given-names>M. E.</given-names></author> (<year>1985</year>). <title>Competitive advantage: creating and sustaining superior performance</title>. <other>New York/London/Toronto/Sydney/Tokyo/Singapore</other>: <publisher>FreePress</publisher>. 
<editor>Schweiz Tourismus</editor> (<year>2012</year>). <title>Tourismusmonitor Switzerland 2013</title>. Abgerufen am 1. Aprifl 2017 von <url>http://www.stnet.ch/de/dienstleistungen/tourismus-monitor-schweiz/tms-2013-fuer-st mitglieder.html</url> 
<source>Tagesanzeiger</source> (<volume>5. August 2016</volume>). <title>Weniger Gäste übernachten in Schweizer Hotels. Tagesanzeiger</title>. Abgerufen von <url>https://www.tagesanzeiger.ch/wirtschaft/unternehmen-und-konjunktur/weniger-uebernachtungen-in-schweizer-hotels/story/27273757 </url> 
<editor>Tourism and Events Queensland, AUS</editor> (<year>2013</year>). <title>Meeting the expectations of your Chinese visitors and making them feel welcome</title>. Abgerufen am 1. April 2017 von <url>https://cdn-teq.queensland.com/~/media/15c4dcb13eb643f0b1eb0931a9cb3eae.ashx?la=en-au&vs=1&d=20140515T115458 </url>
<editor>Tourism New Zealand</editor> (<year>2013</year>). <title>China Toolkit</title>. Abgerufen am 1. April 2017 von <url>http://www.chinatoolkit.co.nz/ </url>
<author><surname>Tsang</surname>, <given-names>N</given-names></author>., & <author><surname>Hsu</surname>, <given-names>C</given-names></author>. (<year>2011</year>). <title>Thirty years of research on tourism and hospitality management in China: A review and analysis of journal publications</title>. <source>International Journal of Hospitality Management</source>, <volume>30</volume>(<issue>4</issue>), <fpage>886</fpage>–<lpage>896</lpage>. 
<editor>Wonderful Copenhagen</editor> (<year>2013</year>). <title>Survey of Chinese Visitors to Scandinavia</title>. Abgerufen am 15. März 2015 von <url>http://www.visitcopenhagen.com/sites/default/files/asp/visitcopenhagen/Corporate/PDF-filer/Analyser/Chinavia/chinavia_-_survey_of_chinese_visitors_to_scandinavia_-_final.pdf </url>
<editor>World Tourism Organisation</editor> (<year>2017</year>). <title>Penetrating the Chinese Outvound Tourism Market – Successful Practices and Solutions</title>. <other>Madrid</other>: <publisher>UNWTO</publisher>. 
<author><surname>Wu</surname>, <given-names>B</given-names></author>., & <author><surname>Wei</surname>, <given-names>Q</given-names></author>. (<year>2015</year>). <title>中国滑雪产业白皮书</title> In <editor>L. Vanat</editor> (Hrsg.), <source>China Ski Industry White Book</source>. Abgerufen am 5. Januar 2017 von <url>http://www.vanat.ch/2015-China%20Ski%20Industry%20White%20Book-Benny%20Wu%20(20160503).pdf</url> 